AXFH000
HFDTE310726
HFPLTPILOT:KaranS
HFGTYGLIDERTYPE:Niviuk Hiko P
HFDTM100GPSDATUM:WGS84
HFRFWFIRMWAREVERSION:9.7
HFRHWHARDWAREVERSION:iPhone 17 Pro
HFFTYFRTYPE:Flyskyhy,9.7
HFGPS:Internal
HFPRSVARIO:XC Tracer
HFCCLCOMPETITIONCLASS:Paraglider
HFTZNTIMEZONE:-7
HFSITSITE:Mission Ridge (Fremont- San Jose),US
I053638FXA3941VXA4244GSP4547CCO4850HDT
C310726223223310726000104TASK
C0000000N00000000ETAKEOFF
C3700930N11922401W00004009999999000000360000STARTAREA TOLLLN
C3701998N11923196W00000000000400000000360000TURNAREA ROCK
C3702346N11924055W00000000000400000000360000TURNAREA Waypoint
C3701330N11924626W00000000000400000000360000TURNAREA KNOB
C3700122N11924745W00000000000400000000360000TURNAREA LODGE
C3700840N11924023W00000000000400000000360000FINISHAREA TOLLLZ
C0000000N00000000ELANDING
E223251PEVBackground
B2232513731049N12153514WA0058500585002003000173011
B2232523731049N12153514WA0058500585002003000173011
B2232533731049N12153514WA0058500585002003000173010
B2232543731048N12153514WA0058500585002003000173012
B2232553731048N12153515WA0058500585002003000235032
B2232563731048N12153514WA0058500585002003001235023
B2232573731048N12153514WA0058500585002003001171008
B2232583731048N12153514WA0058500585001003000171336
B2232593731048N12153514WA0058400585001003001356008
B2233003731048N12153514WA0058500585002003001288343
B2233013731048N12153515WA0058500585002003001204345
B2233023731048N12153515WA0058500585001003000204341
B2233033731048N12153515WA0058500585001003000204349
B2233043731048N12153515WA0058500585001003000215350
B2233053731048N12153515WA0058500585001003001215006
B2233063731048N12153514WA0058500585002003004053044
B2233073731049N12153513WA0058500585002003004068090
B2233083731049N12153513WA0058600585003003004068056
B2233093731049N12153514WA0058500585003003003068297
B2233103731049N12153514WA0058500585002003001068235
B2233113731049N12153514WA0058500585002003001068191
B2233123731049N12153514WA0058400585003003000068173
B2233133731049N12153515WA0058400585002003001250104
B2233143731048N12153516WA0058300584002003003249079
B2233153731048N12153517WA0058300584002003007240100
B2233163731047N12153519WA0058300584002003009246121
B2233173731046N12153522WA0058200583002003009249093
B2233183731046N12153525WA0058100583002003010252141
B2233193731045N12153528WA0058000583002003014261190
B2233203731045N12153532WA0058200583002003015264244
B2233213731045N12153535WA0058300582002003015258232
B2233223731044N12153539WA0058200580002003016255249
B2233233731043N12153544WA0058000580002003020253263
B2233243731041N12153550WA0057900580002003022255327
B2233253731040N12153556WA0057900580002003022258329
B2233263731040N12153561WA0058000580002003024264331
B2233273731039N12153566WA0058100581004003023267345
B2233283731039N12153570WA0058300583004003023270345
B2233293731040N12153573WA0058400584004003019276349
B2233303731040N12153577WA0058400585004003019282353
B2233313731041N12153581WA0058500585004003027284353
B2233323731042N12153587WA0058600586004003028289353
B2233333731044N12153591WA0058700588004003027302356
B2233343731047N12153594WA0058800590004003025318355
B2233353731049N12153596WA0058900589004003017327334
B2233363731051N12153598WA0058800588004003017314336
B2233373731053N12153601WA0058700586004003017300345
B2233383731055N12153605WA0058500584004003021301345
B2233393731057N12153610WA0058300584004003030308348
B2233403731060N12153614WA0058300584004003030314350
B2233413731063N12153618WA0058400585004003029313351
B2233423731066N12153621WA0058600587004003028313357
B2233433731069N12153624WA0058800589004003022318358
B2233443731071N12153626WA0058900590004003022323002
B2233453731073N12153628WA0058900590004003020330009
B2233463731076N12153630WA0058900589004003020336352
B2233473731080N12153631WA0058800588005003025338339
B2233483731083N12153634WA0058700586004003027331337
B2233493731086N12153637WA0058500585004003026320357
B2233503731089N12153639WA0058500585004003026329338
B2233513731093N12153641WA0058400585004003027335345
B2233523731097N12153644WA0058400585004003028335341
B2233533731100N12153646WA0058500586005003027330340
B2233543731103N12153648WA0058600585004003024327345
B2233553731105N12153650WA0058500584004003023327338
B2233563731109N12153653WA0058200581004003028329340
B2233573731113N12153656WA0058000579005003028327344
B2233583731116N12153659WA0057900580004003030324348
B2233593731120N12153662WA0058000581004003030324357
B2234003731123N12153664WA0058100581004003020324351
B2234013731125N12153666WA0058200582004003020326349
B2234023731127N12153668WA0058300582004003020328351
B2234033731130N12153671WA0058300582004003021331356
B2234043731133N12153672WA0058300582004003022338000
B2234053731137N12153674WA0058200582004003027339356
B2234063731141N12153676WA0058100581004003029340005
B2234073731146N12153677WA0058100582004003029349343
B2234083731150N12153678WA0058200582004003029357334
B2234093731154N12153678WA0058200581004003028350337
B2234103731157N12153680WA0058200580004003022327334
B2234113731160N12153683WA0058100580004003026319349
B2234123731163N12153686WA0058100581004003026333003
B2234133731167N12153688WA0058200583005003030350350
B2234143731172N12153688WA0058300582004003030004352
B2234153731176N12153687WA0058200581004003023000348
B2234163731179N12153687WA0058000580004003023344332
B2234173731182N12153689WA0057700577005003023334339
B2234183731186N12153692WA0057500575004003026328001
B2234193731190N12153695WA0057400575004003028327344
B2234203731193N12153698WA0057300574004003028333345
B2234213731197N12153700WA0057200574004003028336341
B2234223731201N12153702WA0057200572004003028336342
B2234233731205N12153704WA0057100572004003030337335
B2234243731209N12153706WA0057000571004003030341343
B2234253731213N12153707WA0057000570005003025346345
B2234263731217N12153708WA0056900570004003028343351
B2234273731221N12153710WA0056900569004003028341353
B2234283731226N12153712WA0057000570004003030339003
B2234293731231N12153714WA0057100571004003033342354
B2234303731236N12153716WA0057300574004003033348017
B2234313731240N12153716WA0057600576004003033001010
B2234323731245N12153715WA0057700576004003030013353
B2234333731249N12153714WA0057800576004003030016355
B2234343731254N12153712WA0057900577004003031011350
B2234353731259N12153712WA0058100579004003035003010
B2234363731264N12153711WA0058300580004003035355343
B2234373731269N12153712WA0058600581004003034001331
B2234383731273N12153711WA0058900584004003031012354
B2234393731277N12153710WA0059000585004003028021331
B2234403731280N12153708WA0059100586004003025017328
B2234413731284N12153707WA0059100586004003025358314
B2234423731287N12153709WA0059000585004003025333304
B2234433731289N12153711WA0058900585004003022280300
B2234443731288N12153714WA0058800585004003018219301
B2234453731284N12153715WA0058800585004003023188319
B2234463731280N12153715WA0059000588004003023166329
B2234473731276N12153713WA0059200589004003022155334
B2234483731273N12153711WA0059400590004003022148331
B2234493731269N12153708WA0059500592004003023146334
B2234503731265N12153704WA0059600592004003035143340
B2234513731261N12153699WA0059700594004003036139345
B2234523731257N12153695WA0059800596004003035137348
B2234533731254N12153692WA0059900596004003031139351
B2234543731251N12153688WA0059900596004003028138352
B2234553731248N12153685WA0059900596004003030137354
B2234563731244N12153681WA0059900597004003032140353
B2234573731240N12153677WA0059900597004003032143355
B2234583731237N12153673WA0060000598004003032138356
B2234593731234N12153669WA0060100598004003031133357
B2235003731231N12153666WA0059900597004003023136357
B2235013731229N12153664WA0059700595004003023150358
B2235023731226N12153663WA0059500592004003022164358
B2235033731222N12153662WA0059200589004003022166358
B2235043731218N12153661WA0059100587004003025163359
B2235053731215N12153659WA0059000586005003022168359
B2235063731213N12153660WA0058700584004003022201359
B2235073731211N12153661WA0058600585005003017262359
B2235083731212N12153666WA0058500584004003017281358
B2235093731213N12153670WA0058500585005003020282356
B2235103731213N12153673WA0058700587004003020284354
B2235113731214N12153675WA0058800589004003016292356
B2235123731215N12153677WA0058900590004003012303353
B2235133731216N12153679WA0059000589004003014323358
B2235143731218N12153681WA0058900589004003019330356
B2235153731222N12153683WA0058800587004003019334350
B2235163731226N12153685WA0058700588004003027328347
B2235173731230N12153689WA0058800589004003029323358
B2235183731233N12153691WA0059000591004003029332355
B2235193731236N12153692WA0059200594004003025349007
B2235203731239N12153692WA0059300595004003021358001
B2235213731243N12153692WA0059400595004003023359000
B2235223731247N12153692WA0059500595004003026359340
B2235233731251N12153693WA0059500596004003026351325
B2235243731254N12153695WA0059600596004003026331318
B2235253731257N12153698WA0059600596004003023302311
B2235263731258N12153702WA0059700596004003023296313
B2235273731258N12153705WA0059900596004003022246322
B2235283731256N12153706WA0060000598004003012186322
B2235293731255N12153705WA0060000598004003010143326
B2235303731252N12153704WA0059900597004003018150332
B2235313731249N12153702WA0059700595004003018159338
B2235323731245N12153700WA0059600596004003025161344
B2235333731240N12153698WA0059700597004003025159348
B2235343731237N12153697WA0059800598004003025155351
B2235353731235N12153695WA0059900599004003020150351
B2235363731234N12153694WA0059900599004003015158354
B2235373731231N12153694WA0059900599004003015177355
B2235383731229N12153695WA0059900598004003019207356
B2235393731226N12153698WA0060000598004003019225358
B2235403731224N12153701WA0060000599005003024242358
B2235413731223N12153706WA0060100600005003021272355
B2235423731224N12153709WA0060200600005003021289354
B2235433731226N12153713WA0060400601005003020303351
B2235443731228N12153715WA0060300601005003019319005
B2235453731230N12153717WA0060200599004003026342018
B2235463731235N12153718WA0060000596004003033003016
B2235473731241N12153717WA0059800597004003033015016
B2235483731247N12153714WA0059800598004003039011010
B2235493731253N12153713WA0060000599004003035002017
B2235503731258N12153713WA0060200601004003035001015
B2235513731263N12153713WA0060400603004003034005014
B2235523731268N12153712WA0060400603004003034009005
B2235533731273N12153711WA0060500603004003035006011
B2235543731279N12153710WA0060400602004003036003013
B2235553731284N12153710WA0060400602004003036002003
B2235563731290N12153710WA0060300601004003038001350
B2235573731295N12153710WA0060200600004003035356338
B2235583731300N12153711WA0060100599004003035347349
B2235593731304N12153713WA0059900597005003030339351
B2236003731308N12153715WA0059700595004003030334348
B2236013731312N12153718WA0059500593004003032332353
B2236023731317N12153721WA0059400593004003034329356
B2236033731321N12153724WA0059400593004003034328359
B2236043731326N12153728WA0059400592004003034329343
B2236053731330N12153731WA0059400592004003032329330
B2236063731334N12153734WA0059300592004003032328355
B2236073731338N12153737WA0059300591004003031327337
B2236083731341N12153740WA0059200590004003030327339
B2236093731345N12153743WA0059100589004003029326342
B2236103731348N12153746WA0059000588004003030325332
B2236113731352N12153749WA0058900587004003030321344
B2236123731355N12153753WA0059000588004003029313343
B2236133731358N12153756WA0059000587004003026313336
B2236143731360N12153759WA0058800587004003023313337
B2236153731362N12153762WA0058700586004003018295325
B2236163731361N12153765WA0058600584004003018238324
B2236173731359N12153766WA0058400582004003018188327
B2236183731356N12153766WA0058300583005003018172329
B2236193731354N12153765WA0058300583005003018163333
B2236203731351N12153764WA0058300583004003016150339
B2236213731349N12153762WA0058200581004003020141342
B2236223731346N12153759WA0058000579005003020141346
B2236233731343N12153756WA0057900576004003024146348
B2236243731340N12153754WA0057700575005003024148351
B2236253731337N12153751WA0057700574004003023146353
B2236263731334N12153749WA0057700574004003024146354
B2236273731331N12153747WA0057600574004003024152355
B2236283731328N12153745WA0057600574004003024158356
B2236293731325N12153743WA0057700575004003023157357
B2236303731321N12153741WA0057800576004003024151357
B2236313731318N12153739WA0057900578004003024153358
B2236323731315N12153737WA0058000579005003024159358
B2236333731313N12153737WA0058100580004003020161358
B2236343731311N12153736WA0058200581004003013159358
B2236353731309N12153735WA0058200581005003016164358
B2236363731307N12153734WA0058200580005003022166000
B2236373731303N12153733WA0058300581005003022160359
B2236383731300N12153731WA0058400583005003024151359
B2236393731297N12153728WA0058600585004003024142359
B2236403731294N12153725WA0058700586004003022140358
B2236413731292N12153723WA0058700586004003022144354
B2236423731290N12153721WA0058700586004003019155354
B2236433731287N12153720WA0058700585004003019160340
B2236443731284N12153719WA0058600585004003021161322
B2236453731281N12153717WA0058700585004003022153327
B2236463731278N12153715WA0058700586004003024145335
B2236473731275N12153712WA0058700586004003024144340
B2236483731272N12153710WA0058700586004003024151343
B2236493731269N12153708WA0058700586004003023153347
B2236503731266N12153706WA0058800586004003023154347
B2236513731263N12153704WA0058700586004003024155349
B2236523731259N12153702WA0058700585004003024157350
B2236533731256N12153701WA0058700586004003024157352
B2236543731253N12153699WA0058700586004003023152353
B2236553731250N12153697WA0058700586004003022144353
B2236563731247N12153694WA0058700586005003026139354
B2236573731244N12153690WA0058700585005003026139356
B2236583731241N12153687WA0058600584004003029142357
B2236593731237N12153684WA0058500584004003029152357
B2237003731234N12153683WA0058400582004003023161358
B2237013731231N12153681WA0058400582004003023158358
B2237023731228N12153680WA0058200581005003023158358
B2237033731224N12153679WA0058100580004003023170359
B2237043731221N12153679WA0058000579004003023182359
B2237053731217N12153679WA0058100580004003024186359
B2237063731213N12153680WA0058200581004003024185359
B2237073731210N12153680WA0058200582004003022189359
B2237083731208N12153681WA0058200582005003020202359
B2237093731206N12153683WA0058200581004003014226359
B2237103731205N12153685WA0058200581004003015266359
B2237113731206N12153688WA0058100580004003015296359
B2237123731208N12153691WA0058100581004003017313358
B2237133731211N12153694WA0058100581004003022327354
B2237143731214N12153696WA0058200581004003025333001
B2237153731218N12153697WA0058200581004003025339356
B2237163731221N12153699WA0058200581005003025340341
B2237173731224N12153701WA0058200582004003022327344
B2237183731227N12153704WA0058300582004003024318356
B2237193731230N12153707WA0058400584004003026324357
B2237203731234N12153709WA0058500585004003026343006
B2237213731238N12153709WA0058600586004003029001011
B2237223731243N12153708WA0058700586005003030004021
B2237233731247N12153708WA0058700586004003031002017
B2237243731252N12153708WA0058600585004003031003020
B2237253731258N12153707WA0058600585004003035005355
B2237263731264N12153706WA0058700587004003039009333
B2237273731269N12153704WA0058900589004003039013330
B2237283731274N12153703WA0058900588005003034011332
B2237293731278N12153703WA0058900587004003031359335
B2237303731282N12153704WA0058800586004003028339333
B2237313731285N12153708WA0058800585004003028318339
B2237323731288N12153711WA0058800585004003027309342
B2237333731290N12153714WA0058900587004003025316346
B2237343731292N12153716WA0059000588004003016324342
B2237353731294N12153718WA0059000587004003016311343
B2237363731293N12153720WA0058900586004003012248345
B2237373731292N12153722WA0058700586004003012230349
B2237383731289N12153725WA0058700587004003021222351
B2237393731287N12153728WA0058800588004003021212352
B2237403731284N12153729WA0058900590004003019197353
B2237413731282N12153729WA0059000590004003016181354
B2237423731279N12153729WA0059000590004003018175355
B2237433731276N12153729WA0059000590004003019180356
B2237443731273N12153729WA0059000589004003019190357
B2237453731271N12153730WA0058900589005003019208358
B2237463731269N12153732WA0058900588004003016231358
B2237473731268N12153735WA0058800587004003016253359
B2237483731268N12153738WA0058700586004003016263359
B2237493731268N12153742WA0058600584004003017262359
B2237503731267N12153746WA0058500583004003020260359
B2237513731266N12153750WA0058400584004003021259359
B2237523731265N12153754WA0058300583004003021247359
B2237533731264N12153756WA0058200582004003020215359
B2237543731261N12153758WA0058100581004003020186359
B2237553731256N12153757WA0058000580004003026165000
B2237563731251N12153754WA0058000580005003033151000
B2237573731247N12153750WA0058000581004003033145000
B2237583731244N12153747WA0058100582004003031141000
B2237593731241N12153743WA0058300583005003030130359
B2238003731238N12153738WA0058300583004003030120359
B2238013731236N12153732WA0058300582004003031121359
B2238023731233N12153727WA0058100581004003034127000
B2238033731230N12153722WA0058100581004003034136359
B2238043731225N12153718WA0058200582004003034151359
B2238053731221N12153716WA0058300583004003034168359
B2238063731217N12153716WA0058600583004003021179359
B2238073731214N12153716WA0058800585004003021185359
B2238083731211N12153717WA0059000587004003021197359
B2238093731208N12153719WA0059100587004003021228359
B2238103731207N12153724WA0059200588004003022254359
B2238113731207N12153730WA0059400590004003029277359
B2238123731209N12153735WA0059500593004003029300356
B2238133731212N12153738WA0059700593004003027330357
B2238143731216N12153740WA0059800592004003027344005
B2238153731220N12153741WA0059800592005003028356001
B2238163731225N12153740WA0059600591004003033011009
B2238173731230N12153737WA0059400589004003039023022
B2238183731236N12153734WA0059200587004003039027012
B2238193731242N12153730WA0059000586004003043026020
B2238203731248N12153727WA0059000585004003043020010
B2238213731254N12153724WA0058900585004003042018009
B2238223731260N12153721WA0058900585004003042019002
B2238233731266N12153719WA0058800585004003041017347
B2238243731271N12153717WA0058700583004003038010330
B2238253731276N12153717WA0058600581004003036356334
B2238263731281N12153719WA0058500580004003036343325
B2238273731286N12153721WA0058400581004003036328324
B2238283731289N12153725WA0058400581004003032311324
B2238293731290N12153728WA0058500581004003024288322
B2238303731291N12153732WA0058500581004003020269326
B2238313731290N12153735WA0058400581004003016250330
B2238323731288N12153738WA0058300579004003018227333
B2238333731286N12153740WA0058200579004003018196340
B2238343731280N12153741WA0058200580004003028177347
B2238353731275N12153740WA0058300581004003031167350
B2238363731271N12153738WA0058400584004003025165351
B2238373731268N12153737WA0058600585004003025167350
B2238383731265N12153737WA0058700586004003020167353
B2238393731262N12153736WA0058700586004003018167354
B2238403731259N12153735WA0058700586004003018165354
B2238413731256N12153734WA0058700586004003026164004
B2238423731252N12153732WA0058700586004003027158003
B2238433731248N12153730WA0058700586004003027146003
B2238443731244N12153726WA0058700585004003029138357
B2238453731241N12153722WA0058600584004003031135358
B2238463731237N12153718WA0058400582004003033139358
B2238473731233N12153714WA0058200580004003035144358
B2238483731228N12153710WA0058200580004003035143359
B2238493731224N12153705WA0058200581004003038135359
B2238503731220N12153699WA0058400582004003038128359
B2238513731217N12153694WA0058600583004003033129359
B2238523731214N12153690WA0058700584004003033136359
B2238533731211N12153687WA0058700584004003027163359
B2238543731208N12153688WA0058600583004003023188359
B2238553731204N12153689WA0058600584004003023205359
B2238563731202N12153691WA0058700585004003020213359
B2238573731199N12153693WA0058700585004003020216359
B2238583731197N12153695WA0058700586004003018218359
B2238593731195N12153698WA0058800585004003018222359
B2239003731193N12153701WA0058700585004003021235359
B2239013731192N12153705WA0058600584004003023257358
B2239023731193N12153709WA0058400582004003023293358
B2239033731197N12153713WA0058300581004003025321009
B2239043731201N12153716WA0058300581004003031335016
B2239053731206N12153718WA0058200581004003030344004
B2239063731210N12153719WA0058100579004003030349016
B2239073731215N12153720WA0058000578004003030352019
B2239083731220N12153720WA0058000579004003032353011
B2239093731226N12153721WA0058100579004003036344017
B2239103731229N12153725WA0058300579004003023318032
B2239113731230N12153728WA0058400581004003023297342
B2239123731231N12153730WA0058300580004003018328006
B2239133731235N12153731WA0058200579004003018352002
B2239143731239N12153731WA0058000579004003025340339
B2239153731242N12153734WA0058000578004003025318349
B2239163731244N12153738WA0058100579004003025310017
B2239173731247N12153740WA0058200582004003023335027
B2239183731250N12153741WA0058300581004003023012028
B2239193731254N12153739WA0058300580004003024025025
B2239203731258N12153736WA0058300580004003032023016
B2239213731263N12153733WA0058200580004003036017013
B2239223731269N12153732WA0058200580004003036013008
B2239233731274N12153730WA0058200580004003037007007
B2239243731279N12153730WA0058200580004003037000004
B2239253731284N12153730WA0058300581004003032356004
B2239263731289N12153731WA0058400582004003032357003
B2239273731294N12153731WA0058500583004003032001008
B2239283731299N12153731WA0058500584004003033359008
B2239293731304N12153731WA0058600584004003034351009
B2239303731309N12153733WA0058700585004003034345014
B2239313731313N12153734WA0058700585004003032349007
B2239323731318N12153734WA0058800586004003030358003
B2239333731322N12153734WA0058800586004003027358357
B2239343731326N12153735WA0058800585004003027343357
B2239353731329N12153737WA0058700585004003024329346
B2239363731332N12153739WA0058700585004003023329343
B2239373731334N12153742WA0058700585004003023327341
B2239383731337N12153744WA0058700585004003023321327
B2239393731339N12153747WA0058700586004003020313353
B2239403731341N12153749WA0058800587004003019311356
B2239413731343N12153752WA0058900588004003019320347
B2239423731346N12153754WA0059000589004003022321345
B2239433731348N12153757WA0059000588004003022319016
B2239443731350N12153760WA0058900587004003022316003
B2239453731353N12153763WA0058800586004003022322017
B2239463731356N12153765WA0058600584004003025330007
B2239473731360N12153767WA0058400583004003025329336
B2239483731362N12153770WA0058200582004003025315315
B2239493731363N12153773WA0058100580004003022282290
B2239503731363N12153776WA0057800579004003018225296
B2239513731361N12153778WA0057500579004003022197309
B2239523731357N12153778WA0057400578004003023190318
B2239533731353N12153779WA0057300579004003023179318
B2239543731349N12153778WA0057300577004003023159329
B2239553731345N12153775WA0057300575004003025150336
B2239563731340N12153772WA0057300575004003030160341
B2239573731336N12153771WA0057300575004003030172345
B2239583731332N12153771WA0057400576004003029171347
B2239593731328N12153769WA0057600577004003026152348
B2240003731325N12153766WA0057600577004003026140351
B2240013731322N12153763WA0057600577004003027142353
B2240023731319N12153760WA0057600576004003028153355
B2240033731315N12153759WA0057600576004003027163356
B2240043731311N12153757WA0057700577004003027165357
B2240053731307N12153756WA0057800578004003026162358
B2240063731304N12153755WA0057900578004003022160358
B2240073731301N12153753WA0057900578004003022163358
B2240083731298N12153752WA0058000579004003022170358
B2240093731295N12153752WA0058000579004003022178359
B2240103731291N12153752WA0058100580004003023183359
B2240113731288N12153753WA0058100581004003022188359
B2240123731285N12153754WA0058200581004003022198359
B2240133731282N12153755WA0058200581004003019203359
B2240143731280N12153757WA0058100580004003019221359
B2240153731279N12153761WA0058000579004003019241358
B2240163731278N12153764WA0057900578004003021256358
B2240173731278N12153768WA0057800576004003022264358
B2240183731277N12153772WA0057700575004003022259358
B2240193731277N12153777WA0057600574004003022258359
B2240203731276N12153781WA0057500574004003022265359
B2240213731276N12153785WA0057400573004003021269359
B2240223731276N12153788WA0057400573004003021261359
B2240233731275N12153792WA0057400573004003020237359
B2240243731272N12153794WA0057400572004003020206000
B2240253731268N12153794WA0057400572004003022182000
B2240263731264N12153794WA0057500574004003027167000
B2240273731260N12153792WA0057600575004003027160359
B2240283731257N12153791WA0057700575004003025161000
B2240293731254N12153789WA0057700576004003023165359
B2240303731251N12153789WA0057700576004003023181359
B2240313731248N12153790WA0057700575004003021206359
B2240323731246N12153794WA0057600574004003023240359
B2240333731245N12153798WA0057500573004003023261359
B2240343731244N12153804WA0057400573004003026276359
B2240353731245N12153808WA0057300573004003026279359
B2240363731245N12153813WA0057300572004003021269359
B2240373731244N12153816WA0057200570004003021235359
B2240383731241N12153817WA0057000567004003021193359
B2240393731237N12153817WA0056700565004003023166000
B2240403731233N12153814WA0056500563004003029150359
B2240413731229N12153811WA0056500564004003030142359
B2240423731225N12153808WA0056400563004003030144359
B2240433731222N12153805WA0056300562004003028144000
B2240443731219N12153802WA0056200561004003027140359
B2240453731216N12153798WA0056100559004003027135359
B2240463731213N12153794WA0055900558004003029134000
B2240473731210N12153790WA0055800557004003030135359
B2240483731207N12153786WA0055600555004003030131359
B2240493731204N12153781WA0055500554004003031127359
B2240503731202N12153776WA0055400553004003031124359
B2240513731199N12153771WA0055400552004003030123359
B2240523731197N12153767WA0055300551004003030128359
B2240533731194N12153763WA0055200551004003028128359
B2240543731192N12153759WA0055200550004003028120359
B2240553731190N12153754WA0055200549004003028118359
B2240563731188N12153750WA0055100549004003026121359
B2240573731185N12153746WA0055000548004003027130359
B2240583731182N12153742WA0055000548004003027136359
B2240593731179N12153738WA0055000548004003029139359
B2241003731175N12153735WA0055000548004003030138359
B2241013731172N12153731WA0055000548004003030132359
B2241023731170N12153727WA0055000547004003030128359
B2241033731167N12153722WA0054900547004003030131359
B2241043731164N12153718WA0054900547004003030134000
B2241053731160N12153714WA0054900547004003031134359
B2241063731157N12153710WA0055000547003003029131359
B2241073731155N12153706WA0055000547004003029139359
B2241083731152N12153704WA0054900546004003023152359
B2241093731149N12153703WA0054800545004003022158359
B2241103731146N12153701WA0054700545004003022152359
B2241113731142N12153698WA0054700544004003030140359
B2241123731139N12153693WA0054700543004003034131359
B2241133731135N12153689WA0054600543004003031134359
B2241143731132N12153686WA0054700544004003031150359
B2241153731128N12153685WA0054800544004003027171359
B2241163731125N12153685WA0054900545004003025193359
B2241173731122N12153688WA0055000545004003025220359
B2241183731120N12153691WA0054900544004003023257359
B2241193731120N12153696WA0054700544004003023285358
B2241203731122N12153701WA0054500543004003024324358
B2241213731128N12153704WA0054400542004003037335012
B2241223731134N12153707WA0054400541004003037345011
B2241233731140N12153708WA0054300540004003037351007
B2241243731145N12153708WA0054200539004003035350009
B2241253731151N12153710WA0054100538004003036344011
B2241263731156N12153712WA0054100539004003036339017
B2241273731161N12153715WA0054300540004003036339011
B2241283731165N12153716WA0054400541004003032348014
B2241293731169N12153717WA0054500542004003025351006
B2241303731173N12153718WA0054500542004003026345359
B2241313731176N12153720WA0054600543004003025335353
B2241323731179N12153722WA0054700543004003025333351
B2241333731183N12153724WA0054700543004003023333001
B2241343731186N12153725WA0054600542004003025334358
B2241353731189N12153728WA0054500541004003025329003
B2241363731193N12153731WA0054500541004003026325029
B2241373731196N12153733WA0054500542004003025324355
B2241383731199N12153736WA0054600542004003025322004
B2241393731202N12153739WA0054700543004003025318015
B2241403731205N12153743WA0054800543004003027319033
B2241413731209N12153746WA0054900544004003031334026
B2241423731213N12153747WA0055000546004003031348012
B2241433731217N12153748WA0055100546004003025354004
B2241443731220N12153748WA0055000545004003021355005
B2241453731223N12153748WA0054900544004003023356006
B2241463731227N12153748WA0054800544004003026355021
B2241473731231N12153749WA0054800544004003026354015
B2241483731236N12153749WA0054800544004003029353020
B2241493731240N12153750WA0055000545004003029352020
B2241503731244N12153751WA0055100545004003029351021
B2241513731248N12153751WA0055200545005004029353032
B2241523731253N12153752WA0055400546006004030357033
B2241533731258N12153751WA0055600547004004029009020
B2241543731262N12153750WA0055800549004004029010017
B2241553731266N12153749WA0055900551004003028008012
B2241563731270N12153748WA0055900551004003028007013
B2241573731275N12153747WA0056000551004003031007008
B2241583731280N12153746WA0056000552004003033004008
B2241593731285N12153746WA0056100553004003033000004
B2242003731290N12153747WA0056200554004003033358003
B2242013731295N12153747WA0056300556004003034358007
B2242023731300N12153747WA0056400557004003035002007
B2242033731306N12153747WA0056500558004003034003005
B2242043731310N12153747WA0056500559004003034002007
B2242053731315N12153746WA0056600560004003030004003
B2242063731319N12153746WA0056600561004003030006002
B2242073731323N12153745WA0056600560004003028001358
B2242083731327N12153746WA0056400558004003027346349
B2242093731331N12153748WA0056300557004003027329327
B2242103731334N12153751WA0056200557004003024303312
B2242113731334N12153755WA0056200557004003024264311
B2242123731332N12153758WA0056200557004003020219323
B2242133731329N12153760WA0056200557004003020201330
B2242143731326N12153761WA0056200557004003020196330
B2242153731323N12153762WA0056100557004003019186331
B2242163731320N12153761WA0056100557004003023167337
B2242173731316N12153760WA0056100557004003023162343
B2242183731311N12153758WA0056100557004003030162349
B2242193731306N12153756WA0056100557004003035163349
B2242203731301N12153754WA0056200559004003035163352
B2242213731296N12153752WA0056300560004003035158351
B2242223731291N12153749WA0056400560004003035150352
B2242233731286N12153744WA0056500561004003038143353
B2242243731282N12153739WA0056700564004003040138354
B2242253731277N12153734WA0056900564004003040137356
B2242263731274N12153730WA0057200564004003039135357
B2242273731271N12153727WA0057300564004003030142357
B2242283731269N12153725WA0057400566004003026150358
B2242293731265N12153723WA0057400567004003033155358
B2242303731260N12153720WA0057500569004003035153358
B2242313731255N12153717WA0057700572004003033147358
B2242323731252N12153713WA0057900574004003033141001
B2242333731248N12153709WA0058000575004003032139359
B2242343731244N12153705WA0058100576004003035139000
B2242353731240N12153701WA0058200578004003035139359
B2242363731236N12153697WA0058300579004003035139000
B2242373731233N12153693WA0058400581004003034140000
B2242383731229N12153689WA0058500582004003032136000
B2242393731227N12153685WA0058600582004003025132000
B2242403731225N12153682WA0058600582004003025130359
B2242413731223N12153679WA0058500582004003023132000
B2242423731220N12153676WA0058400580004003023132000
B2242433731217N12153672WA0058300581004003026133000
B2242443731214N12153668WA0058200580004003028136000
B2242453731211N12153665WA0058200579004003028139359
B2242463731208N12153662WA0058100578004003026143359
B2242473731205N12153660WA0057900576004003024149359
B2242483731202N12153658WA0057700574004003024158359
B2242493731199N12153657WA0057400571004003022172359
B2242503731196N12153658WA0057100568004003022194359
B2242513731193N12153660WA0056900565004003022215359
B2242523731190N12153663WA0056800566004003023227359
B2242533731188N12153666WA0056800567004003023240359
B2242543731188N12153669WA0056800566004003016267359
B2242553731189N12153672WA0056700565004003019298359
B2242563731191N12153675WA0056600563004003019312358
B2242573731194N12153679WA0056400563004003026320354
B2242583731198N12153683WA0056300564004003032321346
B2242593731202N12153687WA0056400565004003032318348
B2243003731205N12153691WA0056500566004003032315349
B2243013731208N12153694WA0056600567004003027318353
B2243023731211N12153697WA0056700566004003024326358
B2243033731214N12153699WA0056700566004003024328354
B2243043731217N12153702WA0056700566004003028325356
B2243053731221N12153705WA0056800567004003030325357
B2243063731225N12153708WA0056900569004003030328001
B2243073731229N12153711WA0057100571004003031326341
B2243083731232N12153715WA0057400573004003031319319
B2243093731235N12153718WA0057600576004003022315342
B2243103731237N12153720WA0057900579004003022321002
B2243113731239N12153722WA0058100579004003018333337
B2243123731241N12153723WA0058200579004003014332340
B2243133731243N12153724WA0058100579004003014328341
B2243143731246N12153727WA0058100578004003026328356
B2243153731250N12153730WA0058000578004003028329349
B2243163731254N12153732WA0058100578004003028326339
B2243173731257N12153735WA0058100579004003028318338
B2243183731259N12153739WA0058100579004003025306344
B2243193731261N12153743WA0058100579004003025306352
B2243203731264N12153746WA0058100579004003028319347
B2243213731268N12153749WA0058100578004003028338013
B2243223731274N12153750WA0058000578004003033353013
B2243233731280N12153750WA0058100579004003038000022
B2243243731286N12153749WA0058200579004003041005014
B2243253731292N12153748WA0058200579004003041008009
B2243263731298N12153747WA0058100579004003041007017
B2243273731304N12153746WA0058100578004003041002010
B2243283731310N12153746WA0058100578004003039359350
B2243293731316N12153747WA0058000578004003039358355
B2243303731321N12153747WA0058000578004003037354350
B2243313731326N12153748WA0057900576004003034349334
B2243323731331N12153750WA0057700574004003033343330
B2243333731336N12153752WA0057500572004003034338340
B2243343731340N12153754WA0057400572004003034330347
B2243353731345N12153758WA0057300571004003034327350
B2243363731349N12153761WA0057300571004003033330344
B2243373731353N12153764WA0057200570004003033335339
B2243383731357N12153767WA0057200569004003031331343
B2243393731361N12153770WA0057100568004003032321354
B2243403731365N12153774WA0057100567004003032319353
B2243413731369N12153778WA0057000567004003033325352
B2243423731373N12153781WA0056900566004003033330333
B2243433731377N12153784WA0056900566004003030330342
B2243443731380N12153787WA0056800565004003030323341
B2243453731383N12153791WA0056700564004003030313343
B2243463731386N12153795WA0056700563004003030308344
B2243473731389N12153800WA0056700563004003030311348
B2243483731392N12153803WA0056600562004003028315350
B2243493731395N12153807WA0056500562005003028313346
B2243503731398N12153811WA0056400562004003027309346
B2243513731399N12153814WA0056400561004003025284344
B2243523731398N12153817WA0056200559004003019239345
B2243533731396N12153820WA0056100559004003020192346
B2243543731391N12153820WA0056100559004003023161010
B2243553731387N12153817WA0056000559004003023143350
B2243563731383N12153813WA0056000558004003026136352
B2243573731380N12153809WA0055900558004003028135354
B2243583731377N12153805WA0056000558004003028134355
B2243593731374N12153801WA0056000558004003028131356
B2244003731371N12153797WA0056000558004003028127357
B2244013731369N12153793WA0056100559004003028126357
B2244023731367N12153789WA0056100559004003026126358
B2244033731365N12153786WA0056100558004003021130358
B2244043731363N12153783WA0056100558004003021135358
B2244053731360N12153781WA0056000557004003021140359
B2244063731358N12153778WA0056000556004003021143359
B2244073731355N12153776WA0056000557004003023146359
B2244083731352N12153773WA0056000557004003022148359
B2244093731349N12153771WA0056000557004003022151359
B2244103731347N12153770WA0056000557004003021155359
B2244113731344N12153768WA0055900555004003021155359
B2244123731340N12153766WA0055900555004003024152359
B2244133731336N12153763WA0055800556004003029147359
B2244143731333N12153760WA0055900557004003029143359
B2244153731329N12153757WA0056000557004003028138359
B2244163731327N12153754WA0056100557004003026135359
B2244173731324N12153751WA0056100557004003024143359
B2244183731321N12153749WA0056000556004003024158359
B2244193731317N12153748WA0055900555004003024170359
B2244203731314N12153747WA0055800554004003024175359
B2244213731310N12153747WA0055800554004003025171359
B2244223731306N12153746WA0055800554004003026167359
B2244233731302N12153744WA0055700554004003028165359
B2244243731298N12153743WA0055700554004003029163000
B2244253731293N12153741WA0055700553004003029157359
B2244263731289N12153738WA0055700554004003032150359
B2244273731284N12153734WA0055800555004003035146359
B2244283731280N12153731WA0055900556004003032147359
B2244293731276N12153728WA0056100557004003032156359
B2244303731272N12153727WA0056200557004003029173359
B2244313731269N12153728WA0056200557004003025199359
B2244323731267N12153730WA0056300558004003023228359
B2244333731266N12153734WA0056200559004003019267359
B2244343731268N12153737WA0056200559004003020308359
B2244353731271N12153740WA0056300559004003020333357
B2244363731275N12153741WA0056300559004003024347358
B2244373731280N12153742WA0056400559004003028358005
B2244383731285N12153741WA0056400559004003036007009
B2244393731290N12153740WA0056300559004003037010359
B2244403731296N12153739WA0056300559004003036008335
B2244413731301N12153739WA0056300559004003036000338
B2244423731305N12153739WA0056300559004003032350348
B2244433731310N12153740WA0056300559004003030342336
B2244443731314N12153742WA0056300559004003030339338
B2244453731318N12153744WA0056300559004003029332326
B2244463731321N12153747WA0056300559004003028320325
B2244473731322N12153751WA0056200559004003024299327
B2244483731322N12153753WA0056200558004003015247329
B2244493731320N12153755WA0056100556004003018212331
B2244503731317N12153756WA0056000556004003018192336
B2244513731313N12153757WA0055900555004003022182340
B2244523731310N12153757WA0055900555004003024172344
B2244533731306N12153756WA0055900555004003023170346
B2244543731303N12153755WA0056000556004003023173349
B2244553731300N12153755WA0056000556004003023170351
B2244563731296N12153754WA0056000556004003023161352
B2244573731293N12153752WA0055900556004003024156354
B2244583731289N12153750WA0055900555004003028155355
B2244593731285N12153748WA0055900556004003030159355
B2245003731281N12153746WA0056000556004003030159356
B2245013731276N12153743WA0056100558004003031158357
B2245023731272N12153741WA0056300559004003031159358
B2245033731268N12153740WA0056400561004003029162001
B2245043731264N12153738WA0056500562004003029161358
B2245053731260N12153736WA0056700564004003027156358
B2245063731257N12153734WA0056800564004003027157359
B2245073731253N12153732WA0056800565004003027162359
B2245083731249N12153731WA0056800564004003027164000
B2245093731245N12153730WA0056800564004003027161359
B2245103731241N12153727WA0056700563004003027152359
B2245113731238N12153725WA0056600562004003027151359
B2245123731234N12153723WA0056500561004003027160359
B2245133731230N12153722WA0056400561004003029165359
B2245143731226N12153720WA0056500561004003029163359
B2245153731222N12153718WA0056500562004003029162359
B2245163731218N12153717WA0056500562004003028165359
B2245173731214N12153716WA0056500562004003028171359
B2245183731209N12153716WA0056500561004003033174359
B2245193731204N12153715WA0056500562004003037172000
B2245203731198N12153714WA0056700563004003035169359
B2245213731193N12153713WA0056900566004003035171359
B2245223731190N12153712WA0057000566004003029178359
B2245233731187N12153712WA0057000566004003019184359
B2245243731184N12153713WA0056900565004003020186359
B2245253731181N12153713WA0056800564004003020185359
B2245263731176N12153714WA0056700563004003025180359
B2245273731171N12153714WA0056600562004003031177359
B2245283731166N12153713WA0056600563004003032176359
B2245293731162N12153713WA0056600563004003032176359
B2245303731158N12153712WA0056700564004003029167359
B2245313731155N12153711WA0056700564004003026161359
B2245323731151N12153709WA0056700563004003024164359
B2245333731148N12153708WA0056500562004003028173359
B2245343731143N12153708WA0056300560004003028178359
B2245353731137N12153708WA0056200559004003032185359
B2245363731132N12153709WA0056100559004003034188359
B2245373731128N12153710WA0056200559004003034187359
B2245383731124N12153711WA0056200561004003030182359
B2245393731120N12153711WA0056300561004003025180359
B2245403731117N12153711WA0056300561004003022181359
B2245413731114N12153711WA0056200560004003022181359
B2245423731111N12153711WA0056100559004003022181359
B2245433731107N12153711WA0056000558004003022180359
B2245443731104N12153711WA0055900556004003022178000
B2245453731100N12153710WA0055800555004003024170000
B2245463731097N12153709WA0055700555004003025155000
B2245473731094N12153706WA0055700554004003026144000
B2245483731091N12153703WA0055600553004003025139000
B2245493731088N12153700WA0055400551004003025141000
B2245503731085N12153698WA0055300549004003025148359
B2245513731081N12153695WA0055100549004003027156359
B2245523731077N12153693WA0054900549004003027159359
B2245533731073N12153692WA0054800549004003027164359
B2245543731069N12153691WA0054700548004003027157359
B2245553731066N12153689WA0054700547004003025154359
B2245563731063N12153687WA0054500545004003024161359
B2245573731059N12153687WA0054400543004003024173359
B2245583731055N12153687WA0054200541004003024185359
B2245593731051N12153688WA0054100539004003026192359
B2246003731048N12153690WA0054100539004003026205359
B2246013731045N12153692WA0054000538004003018237359
B2246023731044N12153695WA0053800537004003018273359
B2246033731047N12153699WA0053600534004003018317359
B2246043731051N12153702WA0053500534004003026327359
B2246053731056N12153705WA0053600534004003032331357
B2246063731060N12153708WA0053800536004003029333355
B2246073731064N12153710WA0054000538004003029335353
B2246083731067N12153712WA0054000538004003025331338
B2246093731070N12153714WA0054000538004003024326344
B2246103731073N12153717WA0054000537004003024324351
B2246113731077N12153720WA0054000537004003031331357
B2246123731081N12153722WA0054000536004003032339006
B2246133731086N12153723WA0053900536004003032351006
B2246143731091N12153723WA0053900536004003032001359
B2246153731095N12153723WA0053800535004003029007000
B2246163731098N12153722WA0053600533004003024008354
B2246173731102N12153722WA0053400529004003028005003
B2246183731107N12153721WA0053100527004003028004006
B2246193731112N12153721WA0052900527004003033009353
B2246203731117N12153719WA0052900527004003034011304
B2246213731122N12153718WA0052900528004003028007331
B2246223731126N12153718WA0052900527004003028358339
B2246233731130N12153719WA0052800525004003028351345
B2246243731136N12153720WA0052800525004003032346344
B2246253731141N12153722WA0052800526004003036346338
B2246263731146N12153723WA0053000527004003033354342
B2246273731151N12153723WA0053300530004003033359356
B2246283731155N12153723WA0053600532004003031359341
B2246293731159N12153723WA0053700532004003027353338
B2246303731163N12153724WA0053700533004003026348344
B2246313731166N12153725WA0053700532004003024346338
B2246323731170N12153726WA0053700531004003024347339
B2246333731174N12153727WA0053600530004003024350343
B2246343731178N12153728WA0053500529004003028348343
B2246353731182N12153730WA0053400528004003029343345
B2246363731186N12153732WA0053400529004003030330344
B2246373731190N12153735WA0053500530004003030320353
B2246383731192N12153738WA0053800531004003027309351
B2246393731194N12153741WA0054100533004003022308354
B2246403731196N12153743WA0054300535004003017326349
B2246413731198N12153744WA0054500537004003019341354
B2246423731202N12153746WA0054600539004003023339354
B2246433731205N12153748WA0054800541004003023335354
B2246443731208N12153750WA0054900542004003025336000
B2246453731211N12153751WA0055000544004003025342353
B2246463731214N12153752WA0055000544004003020353348
B2246473731218N12153752WA0055000544004003022356354
B2246483731221N12153753WA0055100544004003022354351
B2246493731225N12153753WA0055000544004003024357348
B2246503731228N12153753WA0054900543004003024000341
B2246513731231N12153753WA0054800541004003020356348
B2246523731234N12153753WA0054500541004003022352342
B2246533731238N12153754WA0054200541004003022352003
B2246543731242N12153755WA0054100541004003024349354
B2246553731248N12153756WA0054100542005004029343011
B2246563731254N12153758WA0054300543004004033344030
B2246573731259N12153759WA0054500545004003033353039
B2246583731263N12153758WA0054700546004003028010022
B2246593731268N12153757WA0054800546004003028016010
B2247003731272N12153756WA0055000547004003027009006
B2247013731276N12153755WA0055000546004003029001018
B2247023731280N12153755WA0055000546004003031004014
B2247033731285N12153754WA0055000546004003031010003
B2247043731290N12153753WA0054900545004003032011356
B2247053731295N12153752WA0054900545004003032004354
B2247063731299N12153752WA0054900545004003028352337
B2247073731303N12153754WA0054900545004003028346343
B2247083731307N12153755WA0055000546004003027346341
B2247093731311N12153756WA0055000546004003027345346
B2247103731315N12153757WA0055000545004003027342340
B2247113731318N12153759WA0054900545005003026342349
B2247123731322N12153761WA0054900545005003028330347
B2247133731325N12153765WA0054800544004003028328345
B2247143731329N12153768WA0054900544004003029331339
B2247153731333N12153771WA0055000545004003029332344
B2247163731337N12153774WA0055200546005003025331000
B2247173731339N12153776WA0055400548004003025331003
B2247183731343N12153778WA0055500549004003024332341
B2247193731346N12153780WA0055700551004003024329318
B2247203731348N12153783WA0055900554004003024309309
B2247213731349N12153787WA0056000556004003017274285
B2247223731348N12153789WA0056100556004003017221287
B2247233731345N12153790WA0056000556004003017186299
B2247243731342N12153790WA0056000556004003018170307
B2247253731339N12153788WA0056000556004003021161319
B2247263731335N12153786WA0056000556004003027156327
B2247273731331N12153784WA0056000556004003028154331
B2247283731327N12153782WA0056100557004003028152333
B2247293731324N12153779WA0056200558004003028149020
B2247303731321N12153776WA0056200558004003028144015
B2247313731317N12153773WA0056200558004003028142011
B2247323731314N12153770WA0056300559004003028139010
B2247333731311N12153766WA0056300560004003028135350
B2247343731308N12153762WA0056400561004003029132352
B2247353731305N12153758WA0056500562004003029141006
B2247363731302N12153756WA0056600563004003024145004
B2247373731299N12153753WA0056700564004003024136003
B2247383731297N12153749WA0056700564004003023124003
B2247393731295N12153746WA0056600563004003023122357
B2247403731293N12153742WA0056500562004003029133002
B2247413731288N12153738WA0056500561004003034153358
B2247423731284N12153736WA0056500562004003032173358
B2247433731279N12153736WA0056700563004003032182358
B2247443731275N12153737WA0057000567004003025184359
B2247453731272N12153738WA0057200569004003025186359
B2247463731269N12153739WA0057500572004003023196359
B2247473731266N12153740WA0057700573004003020224359
B2247483731265N12153743WA0057700573004003019262359
B2247493731266N12153748WA0057700572004003027289359
B2247503731268N12153753WA0057700573004003029306359
B2247513731272N12153757WA0057700574004003029321357
B2247523731276N12153759WA0057800574004003029332352
B2247533731280N12153762WA0057800574004003029343354
B2247543731285N12153763WA0057800573004003039349001
B2247553731291N12153764WA0057800575004003041001351
B2247563731297N12153763WA0057900576004003039010025
B2247573731302N12153761WA0058000578004003037019019
B2247583731307N12153758WA0058000577004003034020027
B2247593731312N12153756WA0057900575004003037021002
B2248003731318N12153753WA0057600572004003042016348
B2248013731324N12153751WA0057400572004003042001332
B2248023731331N12153753WA0057400571004003044350333
B2248033731336N12153755WA0057400572004003044340333
B2248043731341N12153758WA0057400572004003034336333
B2248053731345N12153761WA0057400572004003034327332
B2248063731348N12153764WA0057400571004003031310335
B2248073731350N12153768WA0057300571004003027288334
B2248083731350N12153773WA0057300570004003025262336
B2248093731348N12153776WA0057300570004003021228340
B2248103731345N12153778WA0057300570004003021201344
B2248113731343N12153779WA0057300571004003021188347
B2248123731340N12153779WA0057300571004003017176349
B2248133731339N12153778WA0057400571004003012169351
B2248143731337N12153778WA0057300570004003014172353
B2248153731335N12153778WA0057200569004003018176354
B2248163731332N12153778WA0057100569004003018178355
B2248173731328N12153778WA0057000568004003021179356
B2248183731325N12153778WA0056900568004003021177003
B2248193731322N12153777WA0056900567004003018173357
B2248203731319N12153777WA0056800566004003018170357
B2248213731317N12153776WA0056700564004003017172358
B2248223731315N12153776WA0056500562004003017180358
B2248233731312N12153777WA0056200558004003017187358
B2248243731308N12153777WA0056000556004003028183359
B2248253731303N12153777WA0056000557004003029178359
B2248263731299N12153777WA0056100557004003028195359
B2248273731297N12153779WA0056100557004003023227359
B2248283731295N12153782WA0056100557004003019242359
B2248293731294N12153786WA0056100556004003018241359
B2248303731293N12153788WA0056000556004003018221000
B2248313731290N12153789WA0055900554004003018195000
B2248323731287N12153790WA0055800554004003019181359
B2248333731283N12153790WA0055700554004003023177359
B2248343731279N12153790WA0055500553004003026177000
B2248353731275N12153789WA0055400552004003027176000
B2248363731271N12153789WA0055400551004003027168359
B2248373731267N12153787WA0055400551004003029152359
B2248383731262N12153783WA0055500551004003034146359
B2248393731258N12153779WA0055500552004003034145000
B2248403731254N12153776WA0055500553004003034149359
B2248413731250N12153773WA0055500552004003032152000
B2248423731246N12153770WA0055500552004003031152000
B2248433731242N12153768WA0055500551004003030150000
B2248443731238N12153765WA0055400550004003028147000
B2248453731234N12153762WA0055300551004003030145000
B2248463731231N12153759WA0055100550004003030148000
B2248473731227N12153756WA0054900548004003030152000
B2248483731222N12153753WA0054700546004003035154000
B2248493731217N12153749WA0054700545004003038150000
B2248503731212N12153746WA0054700545004003038147000
B2248513731208N12153742WA0054700546004003036143000
B2248523731205N12153739WA0054800546004003033140000
B2248533731202N12153735WA0054900546004003029137000
B2248543731199N12153732WA0054800545003003027139000
B2248553731195N12153729WA0054700544004003030145000
B2248563731191N12153725WA0054700543004003030148000
B2248573731187N12153722WA0054600542004003031145000
B2248583731184N12153719WA0054500542004003031144000
B2248593731180N12153716WA0054500542004003030148000
B2249003731176N12153713WA0054600542004003031153000
B2249013731172N12153711WA0054600543004003030155000
B2249023731168N12153708WA0054600542004003030153000
B2249033731164N12153706WA0054500542004003030151359
B2249043731159N12153703WA0054500541004003035152000
B2249053731154N12153699WA0054500541004003039152359
B2249063731149N12153696WA0054700542004003035154359
B2249073731145N12153695WA0054900545004003035169359
B2249083731141N12153695WA0055000544004003028210359
B2249093731140N12153699WA0054900543004003026248359
B2249103731141N12153705WA0054800542004003029291359
B2249113731144N12153709WA0054800542004003029319357
B2249123731148N12153713WA0054800542004003029334354
B2249133731151N12153714WA0054900543004003028340354
B2249143731155N12153715WA0054900543004003023345343
B2249153731158N12153716WA0054800542004003024346350
B2249163731162N12153718WA0054700541004003024341355
B2249173731166N12153720WA0054600539004003027339346
B2249183731171N12153722WA0054500539004003030340351
B2249193731175N12153724WA0054400539004003029338322
B2249203731179N12153726WA0054400538004003029335343
B2249213731183N12153728WA0054300538004003029334338
B2249223731187N12153731WA0054300537004003029334349
B2249233731191N12153733WA0054300537004003031334346
B2249243731196N12153736WA0054400538004003033336352
B2249253731200N12153738WA0054500540004003033337331
B2249263731204N12153740WA0054600541004003030335336
B2249273731208N12153743WA0054700542004003030335349
B2249283731212N12153745WA0054700542004003029334338
B2249293731216N12153747WA0054700542004003030335344
B2249303731220N12153749WA0054600541004003031339351
B2249313731225N12153751WA0054600542004003031344344
B2249323731230N12153753WA0054800543004003033343350
B2249333731235N12153755WA0054900545004003035342356
B2249343731240N12153757WA0055000546004003034341005
B2249353731244N12153759WA0055100547004003034342337
B2249363731249N12153761WA0055200547004003033345336
B2249373731254N12153762WA0055300549004003033342353
B2249383731258N12153764WA0055500549004003032340349
B2249393731263N12153766WA0055600550004003030345342
B2249403731267N12153766WA0055600550004003030354333
B2249413731272N12153767WA0055700551004003030353343
B2249423731277N12153768WA0055700551004003032347344
B2249433731281N12153770WA0055600550004003033337309
B2249443731285N12153773WA0055500549004003032324306
B2249453731288N12153778WA0055400548004003032304301
B2249463731290N12153783WA0055200547004003030281301
B2249473731289N12153788WA0055100545004003028256305
B2249483731287N12153792WA0054900543004003024229308
B2249493731284N12153794WA0054700541004003026210321
B2249503731280N12153797WA0054500539004003026201333
B2249513731276N12153798WA0054300537004003028193335
B2249523731271N12153799WA0054300537004003033188337
B2249533731266N12153800WA0054300538004003033185343
B2249543731262N12153800WA0054400539004003030185344
B2249553731258N12153801WA0054500540004003026184348
B2249563731255N12153801WA0054600540004003023182350
B2249573731252N12153801WA0054600540004003023188353
B2249583731249N12153803WA0054500540004003022206353
B2249593731246N12153805WA0054500539003003022218354
B2250003731243N12153808WA0054400538004003026223004
B2250013731240N12153811WA0054300537004003026215002
B2250023731237N12153813WA0054200536004003024195002
B2250033731233N12153813WA0054100535004003024174001
B2250043731230N12153812WA0054000534004003025163001
B2250053731226N12153810WA0053900533004003025155000
B2250063731223N12153808WA0053800533004003025147000
B2250073731220N12153805WA0053700532004003025135000
B2250083731218N12153801WA0053600531004003027123000
B2250093731215N12153796WA0053500531004003031121000
B2250103731213N12153791WA0053400530004003031123000
B2250113731210N12153786WA0053400531004003031125000
B2250123731207N12153782WA0053500531004003030124000
B2250133731205N12153777WA0053600532004003030125000
B2250143731202N12153773WA0053600532004003030128000
B2250153731199N12153768WA0053600531004003031132000
B2250163731195N12153763WA0053500531004003035132000
B2250173731192N12153758WA0053500530004003036130000
B2250183731188N12153753WA0053500531004003035130000
B2250193731185N12153748WA0053500531004003035133000
B2250203731182N12153744WA0053500531004003032129000
B2250213731180N12153740WA0053400530004003029126000
B2250223731177N12153735WA0053300528004003032130000
B2250233731173N12153731WA0053200526004003032141000
B2250243731168N12153728WA0053000524004003033160000
B2250253731164N12153728WA0052900524004003033180000
B2250263731159N12153728WA0052900524004003028190000
B2250273731156N12153729WA0052900524004003028192000
B2250283731152N12153730WA0052900524004003026192000
B2250293731148N12153732WA0052800523004003026194000
B2250303731144N12153733WA0052700523004003026201000
B2250313731140N12153735WA0052600522004003027204000
B2250323731137N12153737WA0052600521004003027204000
B2250333731133N12153739WA0052500520004003027203000
B2250343731129N12153741WA0052400519004003027204000
B2250353731126N12153744WA0052400519004003027207000
B2250363731122N12153746WA0052400519004003028204000
B2250373731118N12153748WA0052400519004003031196000
B2250383731113N12153749WA0052400519004003031189000
B2250393731108N12153750WA0052400519004003031187000
B2250403731104N12153751WA0052300518004003031191000
B2250413731100N12153752WA0052200517004003026194000
B2250423731096N12153753WA0052100516004003026190359
B2250433731092N12153754WA0052000515004003026186000
B2250443731087N12153754WA0052000515004003029185000
B2250453731083N12153755WA0051800514004003032186000
B2250463731078N12153756WA0051700512004003032187000
B2250473731073N12153756WA0051600512004003032184000
B2250483731069N12153756WA0051700512004003031179359
B2250493731065N12153756WA0051700513004003030173359
B2250503731061N12153755WA0051700513004003026176000
B2250513731058N12153755WA0051800514004003025174000
B2250523731053N12153754WA0052000515004003028171359
B2250533731049N12153754WA0052100516004003028173359
B2250543731045N12153754WA0052200517004003028192359
B2250553731042N12153756WA0052200517004003027229359
B2250563731041N12153760WA0052100515004003025256359
B2250573731040N12153765WA0052100516004003025271359
B2250583731040N12153770WA0052200517004003025271359
B2250593731041N12153774WA0052200517004003023282359
B2251003731042N12153777WA0052100516004003022311359
B2251013731045N12153780WA0051900515004003030343358
B2251023731051N12153780WA0051700513004003035001001
B2251033731056N12153778WA0051600511004003035016357
B2251043731062N12153776WA0051500512004003038025007
B2251053731067N12153772WA0051700514004003038031015
B2251063731071N12153769WA0051900513004003028035002
B2251073731074N12153765WA0051900513004003028036013
B2251083731077N12153762WA0051900513004003026038017
B2251093731080N12153759WA0051800511004003026039021
B2251103731084N12153756WA0051700510004003027039026
B2251113731087N12153752WA0051500510004003032039014
B2251123731091N12153748WA0051500510004003033037011
B2251133731095N12153744WA0051500509004003033035016
B2251143731099N12153741WA0051500510004003033033006
B2251153731104N12153737WA0051500510004003033033346
B2251163731108N12153734WA0051500510004003032032338
B2251173731112N12153731WA0051500510004003032023324
B2251183731116N12153730WA0051500509004003030011344
B2251193731121N12153729WA0051500510004003030005001
B2251203731125N12153729WA0051600511004003030007358
B2251213731130N12153727WA0051700512004003030012351
B2251223731134N12153726WA0051900514004003030010337
B2251233731138N12153726WA0052000515004003028004347
B2251243731142N12153726WA0052000515004003026000326
B2251253731146N12153726WA0052000515004003026355337
B2251263731150N12153727WA0052000515004003026347334
B2251273731153N12153728WA0052000515004003026339336
B2251283731157N12153730WA0051900514004003026338343
B2251293731161N12153732WA0051900514004003026345346
B2251303731165N12153733WA0051900514004003027347351
B2251313731169N12153734WA0052000515004003027341352
B2251323731172N12153736WA0052100515004003027334353
B2251333731176N12153738WA0052100516004003027332355
B2251343731179N12153740WA0052100516004003025335356
B2251353731182N12153742WA0052000515004003023337356
B2251363731186N12153744WA0052000514004003025338356
B2251373731189N12153745WA0051900513004003025341350
B2251383731193N12153747WA0051900514004003025337351
B2251393731196N12153749WA0052000516004003026334354
B2251403731200N12153751WA0052200517004003026332356
B2251413731203N12153754WA0052300517004003027334356
B2251423731207N12153755WA0052400518004003031343351
B2251433731213N12153757WA0052500520004003031349357
B2251443731218N12153758WA0052700520004003034356346
B2251453731222N12153758WA0052900523004003034359354
B2251463731226N12153758WA0053200526004003024356344
B2251473731230N12153758WA0053300527004003024354345
B2251483731233N12153758WA0053300527004003024359337
B2251493731238N12153758WA0053300526004003027003346
B2251503731243N12153757WA0053200526004003031003336
B2251513731247N12153757WA0053100525004003031002352
B2251523731252N12153757WA0053000523004003031001337
B2251533731257N12153757WA0052900522004003032000337
B2251543731262N12153757WA0052800522004003035358344
B2251553731267N12153757WA0052800522004003035358343
B2251563731272N12153757WA0052900523004003033003341
B2251573731276N12153757WA0052900524004003030004346
B2251583731279N12153756WA0052900523004003025359347
B2251593731282N12153756WA0052900523004003022350351
B2252003731286N12153757WA0052800522004003026346354
B2252013731290N12153759WA0052900523004003026342355
B2252023731294N12153761WA0053000525004003029342356
B2252033731299N12153762WA0053100526004003031346356
B2252043731303N12153763WA0053200527004003031349357
B2252053731308N12153764WA0053200527004003032353358
B2252063731313N12153765WA0053200527004003032353358
B2252073731318N12153766WA0053300527004003033351358
B2252083731323N12153767WA0053300528004003033344358
B2252093731327N12153769WA0053500530004003030339358
B2252103731331N12153771WA0053700530004003030339358
B2252113731334N12153772WA0053900532004003024337359
B2252123731337N12153774WA0054000533004003024335359
B2252133731341N12153776WA0054000533004003024336359
B2252143731345N12153778WA0054000532004003030334359
B2252153731349N12153781WA0054000532004003032331359
B2252163731353N12153784WA0054000533004003030327359
B2252173731356N12153787WA0054000534004003029322359
B2252183731359N12153790WA0054100534004003028321359
B2252193731363N12153794WA0054200535004003028324359
B2252203731367N12153797WA0054300536004003029329359
B2252213731370N12153799WA0054400537004003029334359
B2252223731375N12153801WA0054400537004003029337359
B2252233731379N12153803WA0054400538004003031338359
B2252243731384N12153806WA0054500538004003035335359
B2252253731389N12153809WA0054500539004003035329359
B2252263731393N12153813WA0054600540004003034323359
B2252273731396N12153816WA0054800542004003034325359
B2252283731400N12153819WA0054900544004003028331359
B2252293731403N12153821WA0055000544004003025336359
B2252303731407N12153823WA0054900543004003026334359
B2252313731410N12153825WA0054800542004003026327359
B2252323731413N12153829WA0054700540004003026304359
B2252333731413N12153832WA0054500538004003023267359
B2252343731412N12153835WA0054300538004003020213000
B2252353731408N12153836WA0054200537004003025180000
B2252363731405N12153834WA0054100537004003025153000
B2252373731402N12153831WA0054100537004003025133000
B2252383731399N12153827WA0054100537004003024130000
B2252393731397N12153824WA0053900536004003019141000
B2252403731394N12153823WA0053800534004003021150000
B2252413731391N12153821WA0053700533004003021152000
B2252423731387N12153818WA0053600532004003026148000
B2252433731384N12153815WA0053500532004003028145000
B2252443731380N12153812WA0053500531004003028140000
B2252453731377N12153808WA0053500531004003028135000
B2252463731375N12153804WA0053400530004003027136000
B2252473731372N12153801WA0053300529004003027145359
B2252483731368N12153799WA0053200528004003027156000
B2252493731363N12153797WA0053200528004003031159000
B2252503731359N12153795WA0053300528004003032157000
B2252513731354N12153792WA0053300529004003032155000
B2252523731350N12153790WA0053400530004003032155359
B2252533731346N12153787WA0053500531004003031157359
B2252543731342N12153786WA0053500530004003028160000
B2252553731338N12153784WA0053500530004003028163000
B2252563731334N12153782WA0053500531004003028162000
B2252573731329N12153780WA0053600531004003030159000
B2252583731325N12153778WA0053700532004003031156000
B2252593731320N12153775WA0053800533004003034154000
B2253003731316N12153772WA0054000535004003034150000
B2253013731312N12153769WA0054100537004003031145000
B2253023731309N12153766WA0054300539004003030140000
B2253033731306N12153762WA0054400540004003029132000
B2253043731304N12153759WA0054600541004003023129000
B2253053731301N12153756WA0054600541004003023135000
B2253063731299N12153753WA0054600541004003022142000
B2253073731296N12153751WA0054600541004003022148000
B2253083731293N12153748WA0054500540004003024154359
B2253093731289N12153747WA0054500540004003024159000
B2253103731286N12153745WA0054500541004003024156000
B2253113731283N12153743WA0054600541004003023147359
B2253123731280N12153740WA0054600541004003023145359
B2253133731277N12153739WA0054500540004003022158359
B2253143731274N12153738WA0054400539004003023174359
B2253153731270N12153738WA0054400539004003024185359
B2253163731267N12153739WA0054300538004003023199359
B2253173731264N12153741WA0054200537004003023202359
B2253183731261N12153742WA0054300537004003022188359
B2253193731257N12153742WA0054200538004003023174359
B2253203731254N12153741WA0054200538004003023170359
B2253213731251N12153740WA0054200538004003022169000
B2253223731248N12153739WA0054200537004003022163359
B2253233731244N12153737WA0054200536004003023154359
B2253243731241N12153735WA0054100536004003028155000
B2253253731236N12153733WA0054000536004003029160000
B2253263731232N12153732WA0054000535004003028161000
B2253273731228N12153730WA0054000535004003028155000
B2253283731225N12153727WA0053900535004003027151359
B2253293731221N12153725WA0053800534004003027151359
B2253303731218N12153723WA0053700532004003029156359
B2253313731213N12153721WA0053500529004003029162359
B2253323731208N12153719WA0053300527004003033166359
B2253333731202N12153717WA0053200527004003038163359
B2253343731196N12153715WA0053300528004003041153359
B2253353731191N12153711WA0053500530004003041148359
B2253363731187N12153707WA0053600532004003037149359
B2253373731183N12153705WA0053700534004003032152359
B2253383731179N12153702WA0053800535004003030153359
B2253393731175N12153700WA0053900535004003034153359
B2253403731170N12153696WA0054000536004003036152359
B2253413731165N12153693WA0054000536004003034148359
B2253423731161N12153690WA0054100537004003034153359
B2253433731157N12153689WA0054100536004003032169359
B2253443731153N12153689WA0054000535004003024196359
B2253453731150N12153692WA0054000534004003024223359
B2253463731149N12153696WA0053900533004003024254359
B2253473731149N12153701WA0053700532004003025284006
B2253483731152N12153705WA0053700531004003026314012
B2253493731156N12153708WA0053600531004003029332013
B2253503731160N12153710WA0053600531004003029340009
B2253513731164N12153712WA0053500530004003029346008
B2253523731169N12153713WA0053400530004003031350005
B2253533731174N12153714WA0053500531004003031350013
B2253543731178N12153715WA0053700532004003026338003
B2253563731181N12153718WA0053700533004003026325012
B2253573731183N12153720WA0053800533004003022329006
B2253583731187N12153721WA0053800533004003022347013
B2253593731191N12153722WA0053700532004003029354010
B2254003731195N12153722WA0053700532004003030351004
B2254013731199N12153724WA0053600531004003029341008
B2254023731203N12153726WA0053500531004003026330008
B2254033731206N12153728WA0053500531004003025331016
B2254043731209N12153730WA0053500531004003026335351
B2254053731213N12153732WA0053600531004003026327004
B2254063731215N12153735WA0053700532004003024318003
B2254073731218N12153738WA0053600532004003023319010
B2254083731221N12153741WA0053600532004003023328022
B2254093731224N12153743WA0053600532004003028333020
B2254103731228N12153745WA0053700532004003029335028
B2254113731236N12153749WA0053800533004003027346029
B2254123731240N12153749WA0053800533004003027353020
B2254133731245N12153750WA0053700533004003033354011
B2254143731250N12153751WA0053700533004003034354012
B2254153731255N12153751WA0053700532004003033350014
B2254163731260N12153753WA0053700532004003033348014
B2254173731265N12153753WA0053600532004003033353006
B2254183731270N12153754WA0053600531004003036358002
B2254193731276N12153754WA0053600531004003038353005
B2254203731281N12153756WA0053800533004003036344020
B2254213731285N12153757WA0054000535004003034348004
B2254223731289N12153757WA0054000536004003027003016
B2254233731292N12153757WA0054000535004003025003003
B2254243731297N12153757WA0053900534004003030357356
B2254253731301N12153757WA0053900534004003030349349
B2254263731306N12153759WA0053900535004003030340003
B2254273731310N12153761WA0054000535004003030335020
B2254283731313N12153763WA0054000536004003026340003
B2254293731317N12153765WA0054000537004003029344350
B2254303731321N12153766WA0054200537004003029338356
B2254313731325N12153769WA0054200537004003030328338
B2254323731329N12153773WA0054200538004003030317358
B2254333731332N12153777WA0054300538004003030314008
B2254343731335N12153781WA0054300539004003032320003
B2254353731340N12153784WA0054400540004003032326010
B2254363731344N12153787WA0054500540004003033330000
B2254373731348N12153790WA0054500540004003033331007
B2254383731353N12153794WA0054500540004003035331008
B2254393731357N12153797WA0054400540004003036333355
B2254403731362N12153800WA0054400540004003035334001
B2254413731367N12153802WA0054500540004003035332355
B2254423731371N12153805WA0054500541004003034329356
B2254433731375N12153808WA0054600541004003031330010
B2254443731379N12153811WA0054600541004003031336008
B2254453731383N12153813WA0054600541004003029341021
B2254463731387N12153814WA0054500540004003029340002
B2254473731392N12153816WA0054400539004003030340001
B2254483731397N12153819WA0054400539004003034340005
B2254493731402N12153821WA0054300538004003034339004
B2254503731406N12153823WA0054200537004003034338340
B2254513731410N12153826WA0054100536004003033328325
B2254523731413N12153829WA0054000534004003030312323
B2254533731415N12153833WA0053900533004003023290308
B2254543731415N12153837WA0053700532004003023258301
B2254553731414N12153840WA0053600531004003019209298
B2254563731410N12153840WA0053400529004003019176304
B2254573731407N12153839WA0053300529004003022149313
B2254583731403N12153835WA0053200527004003028138329
B2254593731400N12153832WA0053100526004003028137334
B2255003731397N12153828WA0053000526004003028139339
B2255013731393N12153824WA0053000525004003029142341
B2255023731389N12153820WA0053100526004003032140347
B2255033731386N12153816WA0053200527004003029130014
B2255043731383N12153812WA0053300528004003029129349
B2255053731381N12153808WA0053300527004003029137352
B2255063731377N12153804WA0053300527004003031145353
B2255073731373N12153801WA0053300527004003032148355
B2255083731369N12153798WA0053400529004003031145355
B2255093731365N12153794WA0053500530004003031139356
B2255103731362N12153790WA0053700532004003030132357
B2255113731359N12153786WA0053800533004003030130358
B2255123731356N12153782WA0053900533004003030135358
B2255133731352N12153778WA0053900534004003029142359
B2255143731349N12153775WA0054000535004003030146359
B2255153731345N12153772WA0054100535004003030150003
B2255163731340N12153770WA0054200536004003031156011
B2255173731336N12153768WA0054200537004003031161011
B2255183731332N12153766WA0054200537004003027162358
B2255193731329N12153765WA0054100536004003027161354
B2255203731325N12153763WA0054100535004003027158347
B2255213731321N12153761WA0054100535004003029160337
B2255223731315N12153759WA0054100536004003032165343
B2255233731311N12153758WA0054200536004003031167334
B2255243731306N12153757WA0054200537004003031166339
B2255253731302N12153755WA0054300538004003031164341
B2255263731297N12153753WA0054400539004003031163343
B2255273731293N12153752WA0054500540004003030161339
B2255283731289N12153750WA0054600541004003029155344
B2255293731286N12153747WA0054800543004003029151348
B2255303731282N12153745WA0055000545004003028153348
B2255313731279N12153742WA0055200547004003026152349
B2255323731275N12153740WA0055400550004003026148351
B2255333731272N12153737WA0055600552004003027136353
B2255343731269N12153733WA0055900555004003027135354
B2255353731267N12153730WA0056100558004003027140355
B2255363731264N12153727WA0056300559004003024140356
B2255373731261N12153724WA0056400560004003023135357
B2255383731259N12153721WA0056500560004003025133357
B2255393731256N12153718WA0056500560004003026141358
B2255403731252N12153715WA0056500560004003026150358
B2255413731249N12153713WA0056500561004003026156358
B2255423731246N12153711WA0056600562004003025156359
B2255433731243N12153709WA0056600563004003023150359
B2255443731240N12153707WA0056700563004003023143359
B2255453731237N12153704WA0056700564004003023139359
B2255463731234N12153701WA0056800564004003025139359
B2255473731231N12153697WA0056800564004003027141359
B2255483731228N12153694WA0056900565004003027139359
B2255493731225N12153691WA0057000565004003027134359
B2255503731223N12153687WA0057000565004003026130359
B2255513731220N12153684WA0057000565004003024135359
B2255523731218N12153682WA0057000565004003022146359
B2255533731215N12153680WA0057000566004003022153359
B2255543731212N12153678WA0057000566004003022155359
B2255553731209N12153676WA0057100567004003022153359
B2255563731206N12153675WA0057100567004003021149359
B2255573731204N12153673WA0057100567004003020147359
B2255583731201N12153671WA0057000566004003021148359
B2255593731198N12153669WA0057000566003003022151359
B2256003731195N12153667WA0056900565004003022153359
B2256023731192N12153665WA0056800564004003022157359
B2256033731189N12153664WA0056700563004003022167359
B2256043731186N12153664WA0056700562004003023188359
B2256053731183N12153666WA0056500561004003023214357
B2256063731181N12153670WA0056400559004003023241001
B2256073731179N12153674WA0056300560004003025265013
B2256083731180N12153680WA0056200559004003028281012
B2256093731182N12153684WA0056200559004003028299008
B2256103731184N12153689WA0056200559004003026303002
B2256113731186N12153692WA0056200559004003024300002
B2256123731188N12153696WA0056200558004003024298009
B2256133731190N12153700WA0056100558004003026300010
B2256143731192N12153704WA0056000557004003027307007
B2256153731195N12153708WA0055900556004003027309009
B2256163731198N12153713WA0055900556004003029307008
B2256173731200N12153717WA0056000557004003030306028
B2256183731203N12153721WA0056100558004003029317043
B2256193731212N12153726WA0056200558004003032340031
B2256203731217N12153728WA0056200558004003034344030
B2256213731222N12153730WA0056200559004003034348022
B2256223731227N12153731WA0056200559004003034352020
B2256233731232N12153731WA0056200559004003034356014
B2256243731237N12153731WA0056300559004003034359007
B2256253731242N12153731WA0056200559004003033000006
B2256263731247N12153731WA0056300559004003032000005
B2256273731251N12153731WA0056300559004003034359005
B2256283731257N12153731WA0056400560004003036355003
B2256293731262N12153732WA0056500562004003036353003
B2256303731268N12153733WA0056700564004003036353002
B2256313731273N12153733WA0057000567004003036358001
B2256323731277N12153733WA0057200569004003026002001
B2256333731281N12153733WA0057300570004003026004001
B2256343731285N12153732WA0057300570004003026004001
B2256353731289N12153732WA0057300569004003028001001
B2256363731294N12153732WA0057300569004003031000000
B2256373731299N12153732WA0057200569004003033002000
B2256383731304N12153732WA0057200569004003035001000
B2256393731309N12153732WA0057300569004003034357000
B2256403731315N12153733WA0057400570004003035347000
B2256413731320N12153735WA0057500572004003035340002
B2256423731324N12153737WA0057800575004003032337002
B2256433731328N12153739WA0058000577004003032337001
B2256443731331N12153741WA0058200578004003025338001
B2256453731334N12153742WA0058200577004003022337000
B2256463731337N12153744WA0058100576004003022323353
B2256473731338N12153747WA0058000574004003016289339
B2256483731338N12153749WA0057800574004003018222331
B2256493731334N12153751WA0057600572004003018183333
B2256503731330N12153750WA0057600573004003024156336
B2256513731326N12153747WA0057600573004003027147337
B2256523731323N12153744WA0057700573004003025142346
B2256533731321N12153741WA0057700573004003025137345
B2256543731319N12153738WA0057700573004003021132348
B2256553731317N12153736WA0057600571004003020139350
B2256563731314N12153734WA0057400569004003020156352
B2256573731310N12153732WA0057300568004003028163354
B2256583731306N12153731WA0057200567004003031165355
B2256593731301N12153729WA0057200568004003031169356
B2257003731296N12153728WA0057300569004003032173357
B2257013731292N12153728WA0057600571004003032169357
B2257023731289N12153727WA0057900574004003023161358
B2257033731286N12153725WA0058200574004003023155358
B2257043731284N12153724WA0058300574004003019167358
B2257053731282N12153724WA0058200574004003016213359
B2257063731280N12153726WA0058100575004003016256359
B2257073731281N12153732WA0058100574004003030286001
B2257083731283N12153738WA0058200575004003032321007
B2257093731287N12153740WA0058200578004003032342010
B2257103731292N12153741WA0058400579004003032355349
B2257113731297N12153741WA0058400579004003032357004
B2257123731302N12153741WA0058300578004003030355347
B2257133731306N12153742WA0058200577004003031352338
B2257143731311N12153743WA0058100576004003031346336
B2257153731315N12153745WA0058100576004003031334347
B2257163731318N12153748WA0058100577004003029317334
B2257173731320N12153752WA0058100576004003023308342
B2257183731323N12153755WA0057900575004003025312326
B2257193731325N12153759WA0057700575004003023309314
B2257203731326N12153762WA0057400573004003023284312
B2257213731326N12153765WA0057200572004003018219313
B2257223731323N12153767WA0056900571004003023180326
B2257233731319N12153766WA0056800571004003024165329
B2257243731315N12153764WA0056600571004003023165340
B2257253731312N12153763WA0056300567004003022162341
B2257263731309N12153761WA0056000563004003022159344
B2257273731304N12153759WA0055800559004003033154346
B2257283731300N12153755WA0055600559004003038146351
B2257293731295N12153751WA0055700559004003036146353
B2257303731291N12153748WA0055700559004003036153354
B2257313731287N12153746WA0055800559004003030160354
B2257323731284N12153745WA0055800559004003024162356
B2257333731280N12153744WA0055800559004003024172357
B2257343731276N12153744WA0055800557004003024193358
B2257353731273N12153747WA0055700556004003025219358
B2257363731270N12153751WA0055800557004003027228358
B2257373731267N12153754WA0055900558004003025219358
B2257383731264N12153756WA0056100560004003025209359
B2257393731262N12153758WA0056200562004003022211359
B2257403731259N12153761WA0056300561004003020233359
B2257413731259N12153764WA0056400561004003018259359
B2257423731259N12153768WA0056400561004003022284359
B2257433731261N12153772WA0056500562004003025303359
B2257443731264N12153776WA0056500562004003025321001
B2257453731268N12153778WA0056500562004003027341357
B2257463731272N12153779WA0056500562004003027351002
B2257473731278N12153780WA0056500562004003036356003
B2257483731283N12153780WA0056600562004003037001029
B2257493731288N12153779WA0056600563004003036007011
B2257503731293N12153778WA0056600562004003033012004
B2257513731298N12153776WA0056300560004003032007350
B2257523731302N12153776WA0055900559004003036349324
B2257533731307N12153779WA0055500554004003036325312
B2257543731309N12153785WA0055200551004003036290309
B2257553731310N12153790WA0055000551004003032250309
B2257563731308N12153794WA0054900551004003026213315
B2257573731305N12153795WA0054900550004003017184327
B2257583731301N12153794WA0054800548004003017171336
B2257593731299N12153794WA0054600544004003017177339
B2258003731296N12153794WA0054300540004003017184342
B2258013731291N12153794WA0054000540004003024180344
B2258023731286N12153794WA0053900539004003032175345
B2258033731281N12153793WA0053900539004003034171348
B2258043731276N12153792WA0053900538004003033166350
B2258053731271N12153790WA0054100539004003033158353
B2258073731268N12153788WA0054300541004003024145354
B2258083731266N12153785WA0054400540004003024135355
B2258093731264N12153782WA0054300539004003020133355
B2258103731261N12153779WA0054200537004003020139356
B2258113731258N12153776WA0054000534004003027144357
B2258123731255N12153773WA0053800534004003030149357
B2258133731251N12153770WA0053600533004003030153358
B2258143731247N12153768WA0053500531004003030151358
B2258153731243N12153765WA0053400530004003030148001
B2258163731239N12153762WA0053400530004003034150001
B2258173731234N12153759WA0053500531004003036152000
B2258183731229N12153755WA0053600533004003036149000
B2258193731225N12153752WA0053800533004003036143359
B2258203731219N12153744WA0054000535004003027132359
B2258213731216N12153740WA0054000534004003027139359
B2258223731213N12153737WA0053900534004003027144359
B2258233731208N12153733WA0053900533004003030148359
B2258243731203N12153730WA0053900534004003037152359
B2258253731197N12153727WA0054000535004003037154359
B2258263731193N12153724WA0054100536004003037150000
B2258273731190N12153721WA0054100536004003030144359
B2258283731187N12153719WA0054000535004003026141359
B2258293731184N12153715WA0053900533004003026143359
B2258303731180N12153712WA0053800532004003032148359
B2258313731175N12153709WA0053800532004003034150000
B2258323731171N12153706WA0053700532004003034148000
B2258333731167N12153702WA0053700532004003034144000
B2258343731163N12153698WA0053700532004003034144000
B2258353731159N12153695WA0053800533004003032149359
B2258363731155N12153692WA0053900534004003032152000
B2258373731151N12153690WA0053900533004003029159000
B2258383731146N12153689WA0053800532004003029165000
B2258393731142N12153688WA0053800531004003030167359
B2258403731138N12153687WA0053700531004003028169359
B2258413731134N12153686WA0053700531004003028179359
B2258423731131N12153687WA0053600529004003025203359
B2258433731128N12153690WA0053400527004003025231359
B2258443731127N12153696WA0053300525004003027257359
B2258453731127N12153701WA0053200525004003028287358
B2258463731130N12153705WA0053100525004003028320005
B2258473731133N12153708WA0053000525004003026333349
B2258483731136N12153709WA0052900523004003023328355
B2258493731139N12153712WA0052700521004003023321347
B2258503731142N12153715WA0052500520004003030326357
B2258513731146N12153718WA0052300518004003034333001
B2258523731151N12153721WA0052200517004003034336355
B2258533731156N12153724WA0052100517004003034335001
B2258543731160N12153726WA0052000516004003034336348
B2258553731165N12153728WA0052000516004003031342357
B2258563731169N12153730WA0052100516004003031339350
B2258573731173N12153733WA0052100516004003031329332
B2258583731177N12153736WA0052000515004003031321000
B2258593731180N12153740WA0051900514004003031319348
B2259003731184N12153744WA0051800513004003034321004
B2259013731189N12153748WA0051700511004003036326025
B2259023731193N12153751WA0051600511004003036332035
B2259033731198N12153754WA0051500511004003036335029
B2259043731203N12153757WA0051400509004003034338028
B2259053731207N12153759WA0051300508004003033340021
B2259063731212N12153761WA0051100506004003035343013
B2259073731217N12153762WA0051000505004003035345013
B2259083731223N12153764WA0051000504004003035345011
B2259093731228N12153766WA0051000504004003036344009
B2259103731234N12153768WA0051100506004003040346009
B2259113731240N12153769WA0051300507004003040349018
B2259123731244N12153770WA0051500509004003037350012
B2259133731248N12153771WA0051700510004003029355008
B2259143731251N12153771WA0051800510004003024011013
B2259153731255N12153769WA0051700509004003028012008
B2259163731259N12153769WA0051600509004003030003002
B2259173731264N12153769WA0051600508004003030345001
B2259183731268N12153772WA0051600508004003032330018
B2259193731273N12153775WA0051800510004003032329016
B2259203731277N12153778WA0052000513004003031335015
B2259213731281N12153780WA0052300516004003031346004
B2259223731286N12153780WA0052600518004003030359014
B2259233731290N12153779WA0052800520004003029007022
B2259243731294N12153779WA0052900522004003029006015
B2259253731298N12153778WA0053000523004003027008010
B2259263731302N12153777WA0053100524004003027006008
B2259273731306N12153777WA0053100525004003025004015
B2259283731309N12153777WA0053200525004003025359001
B2259293731313N12153777WA0053200525004003024350354
B2259303731316N12153779WA0053200526004003020329337
B2259313731317N12153782WA0053300526004003020299331
B2259323731317N12153786WA0053300526004003019262323
B2259333731316N12153789WA0053300527004003019220324
B2259343731312N12153790WA0053400528004003021189323
B2259353731308N12153790WA0053500529004003025174335
B2259363731305N12153788WA0053600530004003025158335
B2259373731301N12153786WA0053600530004003025148338
B2259383731298N12153783WA0053700530004003026140343
B2259393731295N12153779WA0053700530004003028130345
B2259403731293N12153775WA0053700530004003030127348
B2259413731289N12153770WA0053800531004003030137353
B2259423731286N12153767WA0053900531004003029162356
B2259433731283N12153767WA0053900531004003024201355
B2259443731281N12153770WA0053900531004003020235356
B2259453731281N12153774WA0053900531004003023275357
B2259463731283N12153779WA0054000532004003026303359
B2259473731286N12153782WA0054000532004003026333007
B2259483731291N12153783WA0054000534004003029353010
B2259493731295N12153783WA0054100535004003029004006
B2259503731299N12153782WA0054200536004003028011005
B2259513731304N12153781WA0054300537004003031015005
B2259523731308N12153779WA0054400537004003031015003
B2259533731313N12153778WA0054400538004003034010004
B2259543731318N12153777WA0054500538004003034004358
B2259553731323N12153777WA0054500538004003031359359
B2259563731328N12153777WA0054500539004003031353353
B2259573731332N12153778WA0054500539004003030344340
B2259583731336N12153780WA0054500539004003029336341
B2259593731340N12153783WA0054500538004003028333353
B2300003731344N12153785WA0054400538004003029335349
B2300013731347N12153787WA0054400538004003029337327
B2300023731350N12153790WA0054400539004003027328309
B2300033731352N12153793WA0054400538004003024297302
B2300043731351N12153796WA0054300537004003019249299
B2300053731348N12153799WA0054300537004003025207300
B2300063731344N12153799WA0054300538004003029181317
B2300073731339N12153799WA0054300539004003029168331
B2300083731336N12153797WA0054400539004003029162332
B2300093731332N12153796WA0054500540004003025158332
B2300103731329N12153794WA0054500539004003024154023
B2300113731326N12153791WA0054400538004003027149019
B2300123731322N12153788WA0054300537004003027146015
B2300133731318N12153785WA0054300537004003031143347
B2300143731315N12153781WA0054200536004003030140349
B2300153731311N12153778WA0054200536004003030140351
B2300163731308N12153774WA0054200536004003029146353
B2300173731304N12153772WA0054200536004003029153354
B2300183731300N12153769WA0054200536004003030155004
B2300193731295N12153767WA0054200536004003032153356
B2300203731291N12153764WA0054200537004003032152357
B2300213731287N12153761WA0054300538004003032153357
B2300223731283N12153759WA0054400538004003031159358
B2300233731279N12153758WA0054400539004003028168358
B2300243731275N12153757WA0054500540004003028175358
B2300253731270N12153757WA0054600541004003029178359
B2300263731266N12153757WA0054700542004003028179359
B2300273731262N12153757WA0054900544004003028177359
B2300283731259N12153757WA0055000546004003023178359
B2300293731256N12153757WA0055100546004003021186359
B2300303731253N12153758WA0055200546004003021204359
B2300313731251N12153761WA0055200546004003021228359
B2300323731249N12153765WA0055200546004003023252359
B2300333731250N12153770WA0055100545004003026280359
B2300343731252N12153775WA0055000545004003033313358
B2300353731257N12153779WA0055000545004003037334001
B2300363731262N12153780WA0055100545003003035350358
B2300373731268N12153781WA0055100547004003035357350
B2300383731273N12153781WA0055200547004003034356346
B2300393731278N12153782WA0055200547004003034352349
B2300403731283N12153783WA0055300548004003034351353
B2300413731288N12153784WA0055300547004003034353357
B2300423731293N12153784WA0055300548004003034359353
B2300433731298N12153783WA0055300548003003034010339
B2300443731302N12153781WA0055300547004003031018342
B2300453731307N12153780WA0055100546004003031015342
B2300463731311N12153779WA0055000544003003031005328
B2300473731316N12153778WA0054900544004003032355326
B2300483731321N12153780WA0054800543003003034343307
B2300493731325N12153783WA0054700543004003028315297
B2300503731327N12153787WA0054500542004003028264295
B2300513731324N12153791WA0054400539004003028217308
B2300523731320N12153793WA0054300540004003028174318
B2300533731316N12153792WA0054300541004003028161327
B2300543731313N12153790WA0054300541004003018161030
B2300553731310N12153789WA0054200539004003018157336
B2300563731308N12153787WA0054000537004003018150019
B2300573731305N12153785WA0053800534004003020151015
B2300583731301N12153783WA0053700534004003024151013
B2300593731296N12153779WA0053500533004003035149010
B2301003731291N12153776WA0053400533004003037146351
B2301013731287N12153772WA0053500533004003037144353
B2301023731282N12153768WA0053600534004003037146355
B2301033731278N12153765WA0053700535004003035150355
B2301043731274N12153762WA0053900536004003031152356
B2301053731270N12153759WA0053900536004003031154356
B2301063731266N12153757WA0054000536004003031159357
B2301073731262N12153756WA0054100536004003031168358
B2301083731257N12153755WA0054100536004003031181358
B2301093731253N12153756WA0054100536004003028191358
B2301103731249N12153757WA0054100536004003028186358
B2301113731245N12153757WA0054200537004003028177000
B2301123731241N12153756WA0054200537004003028171359
B2301133731237N12153756WA0054200537004003027171359
B2301143731233N12153755WA0054200536004003023167000
B2301153731230N12153753WA0054100535004003023158000
B2301163731227N12153751WA0054000534004003023152000
B2301173731223N12153748WA0053900532004003026147000
B2301183731219N12153745WA0053800532004003029145000
B2301193731216N12153742WA0053900533004003028144000
B2301203731213N12153739WA0053900534004003028144000
B2301213731210N12153736WA0053900534004003027141000
B2301223731207N12153733WA0054000534004003027139000
B2301233731203N12153729WA0054000533004003027139000
B2301243731199N12153725WA0054000534004003036142000
B2301253731194N12153721WA0054100535004003036148359
B2301263731190N12153718WA0054200536004003036159359
B2301273731185N12153717WA0054200536004003033173359
B2301283731181N12153717WA0054400538004003030182359
B2301293731177N12153718WA0054500539004003023194359
B2301303731174N12153719WA0054500538004003023224359
B2301313731173N12153722WA0054300537004003016270359
B2301323731175N12153726WA0054000533004003016291359
B2301333731177N12153730WA0053800531004003023305358
B2301343731181N12153734WA0053700531004003032319000
B2301353731185N12153738WA0053800531004003032337350
B2301363731189N12153740WA0054000533004003031334351
B2301373731192N12153742WA0054400536004003027323012
B2301383731194N12153745WA0054600538004003023321011
B2301393731198N12153747WA0054700539004003028336020
B2301403731203N12153749WA0054800540004003034350014
B2301413731208N12153749WA0054900541004003034355000
B2301423731214N12153750WA0054900542004003036351359
B2301433731219N12153751WA0055000542004003036346013
B2301443731224N12153753WA0054900542004003033350015
B2301453731228N12153753WA0054900541004003033000019
B2301463731233N12153752WA0054800541004003033005019
B2301473731238N12153752WA0054800540004003033002023
B2301483731244N12153752WA0054700539004003034000010
B2301493731249N12153751WA0054600538004003035002014
B2301503731254N12153751WA0054500537004003035002005
B2301513731259N12153751WA0054400537004003035000000
B2301523731265N12153751WA0054400537004003035358004
B2301533731270N12153751WA0054400537004003034356015
B2301543731275N12153752WA0054400536004003034355005
B2301553731280N12153752WA0054300536004003035354005
B2301563731285N12153753WA0054300535004003035352006
B2301573731291N12153754WA0054200535004003036349004
B2301583731296N12153756WA0054200535004003037347002
B2301593731302N12153757WA0054300536004003037346348
B2302003731307N12153759WA0054300536004003037345353
B2302013731312N12153761WA0054300535004003037343332
B2302023731317N12153763WA0054400536004003034338335
B2302033731321N12153766WA0054400536004003033329335
B2302043731325N12153769WA0054500537004003031320332
B2302053731328N12153773WA0054600538004003031311318
B2302063731330N12153777WA0054600538004003028299316
B2302073731331N12153781WA0054600539004003025287316
B2302083731331N12153786WA0054600538004003024277322
B2302093731331N12153790WA0054500538004003022262320
B2302103731330N12153793WA0054500538004003022239324
B2302113731328N12153796WA0054500538004003019214327
B2302123731325N12153797WA0054500537004003019190333
B2302133731322N12153796WA0054400537003003019170021
B2302143731319N12153795WA0054400537003003021152016
B2302153731317N12153792WA0054400537004003023136014
B2302163731314N12153789WA0054400536004003023127010
B2302173731312N12153784WA0054400536004003026125009
B2302183731309N12153780WA0054400536004003029127007
B2302193731306N12153775WA0054400536004003029128006
B2302203731304N12153771WA0054400537004003028128005
B2302213731301N12153767WA0054400537004003027129355
B2302223731299N12153764WA0054500537004003027132356
B2302233731296N12153760WA0054500538004003026137357
B2302243731293N12153757WA0054500538004003026141357
B2302253731290N12153754WA0054600538004003026141358
B2302263731287N12153751WA0054600538004003026144358
B2302273731284N12153749WA0054600538004003024154358
B2302283731281N12153748WA0054600538004003022163359
B2302293731278N12153747WA0054500538004003022167359
B2302303731274N12153746WA0054500538004003022164359
B2302313731271N12153744WA0054500538004003023157359
B2302323731268N12153742WA0054500537004003024152359
B2302333731264N12153740WA0054500537004003026150359
B2302343731261N12153737WA0054400537004003026155359
B2302353731257N12153736WA0054400536004003026164359
B2302363731254N12153735WA0054300535004003024173359
B2302373731250N12153735WA0054200534004003024175359
B2302383731246N12153734WA0054200534004003024172359
B2302393731243N12153733WA0054100534004003025166359
B2302403731239N12153732WA0054100533004003025165359
B2302413731236N12153731WA0054000532004003025165359
B2302423731232N12153730WA0053900531004003025164359
B2302433731228N12153728WA0053900531004003027160359
B2302443731224N12153726WA0053800530004003027159359
B2302453731221N12153725WA0053800530004003027162359
B2302463731217N12153724WA0053700530004003027165359
B2302473731213N12153722WA0053700530004003027165000
B2302483731208N12153721WA0053900531004003031160000
B2302493731204N12153718WA0054000532004003031156000
B2302503731200N12153716WA0054000532004003030157000
B2302513731197N12153715WA0054000532004003025162000
B2302523731193N12153714WA0054000532004003025170000
B2302533731189N12153713WA0054000531004003028179000
B2302543731184N12153714WA0053900532004003033184000
B2302553731179N12153714WA0054100533004003033180000
B2302563731174N12153714WA0054200535004003033173000
B2302573731171N12153713WA0054300536004003031182000
B2302583731168N12153714WA0054200534004003021218359
B2302593731166N12153718WA0053900531004003025253359
B2303003731167N12153724WA0053700529004003025291359
B2303013731170N12153729WA0053600529004003031319359
B2303023731174N12153732WA0053600530004003031326359
B2303033731177N12153734WA0053600531004003022326359
B2303043731179N12153737WA0053600529004003022324359
B2303053731182N12153739WA0053400528004003022331359
B2303063731186N12153741WA0053200525004003024335359
B2303073731191N12153744WA0053000523004003030336359
B2303083731196N12153747WA0052900522004003037336359
B2303093731201N12153749WA0052800522004003037338359
B2303103731206N12153751WA0052900522004003036342359
B2303113731211N12153753WA0052900521004003034347359
B2303123731216N12153754WA0052900521004003033350359
B2303133731221N12153755WA0052800521004003035352359
B2303143731226N12153755WA0052800521004003037354359
B2303153731232N12153756WA0052800520004003037355359
B2303163731238N12153756WA0052800521004003037354359
B2303173731243N12153757WA0053000523004003037354359
B2303183731248N12153757WA0053200525004003030357359
B2303193731252N12153757WA0053400527004003030002359
B2303203731255N12153757WA0053500529004003026005356
B2303213731259N12153756WA0053600529004003024006006
B2303223731262N12153756WA0053600529004003024005004
B2303233731267N12153756WA0053600529004003029001006
B2303243731271N12153756WA0053600529004003031356006
B2303253731276N12153756WA0053600528004003031355349
B2303263731281N12153757WA0053600528004003032355003
B2303273731286N12153757WA0053600529004003032355002
B2303283731290N12153758WA0053600529004003030355010
B2303293731295N12153758WA0053600530004003030356004
B2303303731299N12153759WA0053700530004003030351003
B2303313731304N12153760WA0053800530004003030349342
B2303323731308N12153761WA0053800531004003029348348
B2303333731311N12153762WA0053800531004003025342338
B2303343731315N12153764WA0053800531004003025330328
B2303353731317N12153766WA0053800530004003024305320
B2303363731319N12153771WA0053600528004003024282315
B2303373731318N12153776WA0053500527004003025258306
B2303383731316N12153780WA0053400526004003027225314
B2303393731312N12153782WA0053300525004003027193322
B2303403731308N12153782WA0053300525004003027175330
B2303413731304N12153781WA0053300526004003027169335
B2303423731301N12153780WA0053300526004003025164338
B2303433731297N12153779WA0053300526004003025158342
B2303443731294N12153777WA0053400526004003026155346
B2303453731290N12153775WA0053300525004003026153348
B2303463731286N12153772WA0053300525004003027151351
B2303473731282N12153769WA0053300525004003029150352
B2303483731278N12153766WA0053300525004003030151353
B2303493731274N12153764WA0053200525004003030156354
B2303503731270N12153762WA0053200525004003028161355
B2303513731266N12153761WA0053200524004003028164356
B2303523731263N12153760WA0053100524004003026164356
B2303533731259N12153758WA0053000522004003025163357
B2303543731255N12153757WA0052900521004003029162358
B2303553731251N12153755WA0052800520004003029161358
B2303563731245N12153753WA0052800520004003034159358
B2303573731240N12153750WA0052800521004003037158358
B2303583731235N12153748WA0052900522004003033160359
B2303593731231N12153746WA0053100524004003033160359
B2304003731227N12153744WA0053100524004003029158359
B2304013731223N12153742WA0053200525004003029155359
B2304023731219N12153739WA0053200525004003029148000
B2304033731216N12153736WA0053300526004003032139359
B2304043731212N12153732WA0053500526004003035128359
B2304053731209N12153726WA0053600528004003035124359
B2304063731206N12153720WA0053800530004003035123359
B2304073731203N12153715WA0053900532004003035128359
B2304083731200N12153712WA0054000532004003028136359
B2304093731197N12153708WA0054000531004003028142359
B2304103731193N12153705WA0053900530004003028145359
B2304113731189N12153702WA0053800530004003031153359
B2304123731184N12153699WA0053800530004003035157359
B2304133731179N12153697WA0054000532004003034158359
B2304143731175N12153695WA0054200534004003034156359
B2304153731172N12153693WA0054400537004003027153359
B2304163731170N12153691WA0054400536004003021159359
B2304173731168N12153691WA0054400535004003015188359
B2304183731165N12153693WA0054200532004003021218359
B2304193731163N12153697WA0053900530004003027246359
B2304203731163N12153702WA0053800528004003027280000
B2304213731166N12153708WA0053700528004003030310009
B2304223731170N12153711WA0053700528004003032334013
B2304233731175N12153712WA0053700529004003032347006
B2304243731180N12153713WA0053800529004003032351010
B2304253731184N12153714WA0053700529004003032353004
B2304263731189N12153714WA0053800530004003032354004
B2304273731194N12153715WA0053800530004003032354348
B2304283731199N12153716WA0053900531004003032346340
B2304293731202N12153718WA0053900531004003027331353
B2304303731205N12153720WA0053900530004003024325009
B2304313731208N12153723WA0053800529004003024335354
B2304323731213N12153724WA0053700529004003035343000
B2304333731218N12153726WA0053800529004003038342002
B2304343731223N12153729WA0053900531004003036339022
B2304353731228N12153731WA0054100532004003036347021
B2304363731232N12153732WA0054400533004003030353359
B2304373731235N12153732WA0054600536004003023354028
B2304383731239N12153732WA0054700537004003023354016
B2304393731243N12153733WA0054800537004003023358026
B2304403731247N12153732WA0054700536004003027007017
B2304413731252N12153731WA0054700537004003030009011
B2304423731257N12153731WA0054800537004003035003003
B2304433731262N12153731WA0054800538004003035357344
B2304443731266N12153732WA0054700538004003034348350
B2304453731270N12153733WA0054600537004003029344001
B2304463731275N12153735WA0054600536004003029341353
B2304473731280N12153737WA0054500536004003035338355
B2304483731285N12153740WA0054500536004003036335354
B2304493731289N12153743WA0054500536004003035331359
B2304503731294N12153746WA0054600537004003035330000
B2304513731298N12153749WA0054600538004003033332009
B2304523731302N12153752WA0054700538004003031335355
B2304533731307N12153754WA0054800539004003032338359
B2304543731311N12153756WA0054800540004003032339010
B2304553731316N12153758WA0055000541004003033341029
B2304563731321N12153760WA0055200543004003033350045
B2304573731326N12153760WA0055300545004003033003024
B2304583731331N12153758WA0055400546004003033012012
B2304593731335N12153757WA0055400546004003032006001
B2305003731340N12153758WA0055400545004003031347339
B2305013731344N12153761WA0055300544004003031323328
B2305023731346N12153764WA0055300544004003022290319
B2305033731346N12153768WA0055300545004003022253317
B2305043731344N12153770WA0055300545004003017211322
B2305053731341N12153771WA0055300546004003017190338
B2305063731339N12153771WA0055300545004003017181344
B2305073731336N12153771WA0055300545004003017185340
B2305083731334N12153772WA0055300545004003017192346
B2305093731331N12153772WA0055300545004003017184347
B2305103731328N12153772WA0055300546004003017166347
B2305113731325N12153770WA0055300545004003019152349
B2305123731322N12153767WA0055200543004003029146351
B2305133731318N12153764WA0055100543004003033145352
B2305143731314N12153760WA0055100543004003033145354
B2305153731309N12153757WA0055200544004003033145355
B2305163731305N12153753WA0055300545004003033145356
B2305173731302N12153750WA0055400547004003029143357
B2305183731299N12153747WA0055500547004003029141357
B2305193731296N12153744WA0055500548004003025139357
B2305203731293N12153741WA0055600548004003024139358
B2305213731290N12153738WA0055700549004003024138358
B2305223731287N12153735WA0055700549004003029141358
B2305233731284N12153731WA0055800550004003030144359
B2305243731280N12153728WA0055900552004003029148359
B2305253731276N12153726WA0056100555004003029150359
B2305263731273N12153724WA0056300555004003027146359
B2305273731271N12153722WA0056300555004003019149359
B2305283731268N12153721WA0056300554004003019165359
B2305293731265N12153720WA0056300554004003019179359
B2305303731261N12153720WA0056400555004003022175359
B2305313731257N12153719WA0056400557004003025164359
B2305323731255N12153717WA0056500558004003021157359
B2305333731252N12153716WA0056500558004003021157359
B2305343731249N12153714WA0056600558004003019155359
B2305353731247N12153713WA0056600559004003019152359
B2305363731244N12153711WA0056600559004003020153359
B2305373731241N12153709WA0056600559004003026154359
B2305383731237N12153706WA0056700560004003030148359
B2305393731233N12153703WA0056800561004003030139359
B2305403731230N12153699WA0056900563004003031132000
B2305413731227N12153694WA0057100564004003031128359
B2305423731224N12153690WA0057100564004003028129359
B2305433731222N12153686WA0057200564004003029134359
B2305443731218N12153682WA0057300565004003029141359
B2305453731214N12153679WA0057300566004003032142359
B2305463731210N12153675WA0057500568004003032141359
B2305473731208N12153672WA0057700570004003027135359
B2305483731205N12153668WA0057800571004003027135359
B2305493731202N12153665WA0057800571004003026142359
B2305503731199N12153664WA0057800571004003024156359
B2305513731196N12153662WA0057800571004003020178359
B2305523731194N12153663WA0057800571004003013207359
B2305533731193N12153665WA0057800571004003013251359
B2305543731194N12153668WA0057700570004003013288358
B2305553731196N12153672WA0057600569004003017309359
B2305563731199N12153675WA0057600569004003023325359
B2305573731202N12153678WA0057600569004003027331346
B2305583731206N12153680WA0057600570004003027329342
B2305593731209N12153683WA0057600570004003027325349
B2306003731213N12153686WA0057600570004003027327356
B2306013731217N12153689WA0057700570004003029333008
B2306023731222N12153691WA0057700570004003035345007
B2306033731227N12153692WA0057700570004003037359020
B2306043731233N12153692WA0057800571004003037000003
B2306053731238N12153692WA0057800571004003037356002
B2306063731244N12153693WA0057900571004003036351007
B2306073731249N12153693WA0057900572004003035351355
B2306083731254N12153694WA0058100574004003035352015
B2306093731259N12153695WA0058200575004003034350352
B2306103731264N12153696WA0058300576004003033347356
B2306113731268N12153698WA0058300577004003032344355
B2306123731273N12153699WA0058400577004003033346013
B2306133731278N12153701WA0058400577004003033349353
B2306143731283N12153702WA0058400577004003032351343
B2306153731287N12153703WA0058400577004003032349330
B2306163731291N12153704WA0058400577004003031343319
B2306173731294N12153706WA0058400577004003018320302
B2306183731294N12153709WA0058300576004003018267296
B2306193731292N12153710WA0058300575004003016192305
B2306203731289N12153709WA0058200574004003016161321
B2306213731285N12153707WA0058200575004003023143332
B2306223731283N12153704WA0058200576004003022148340
B2306233731280N12153703WA0058200576004003022163343
B2306243731278N12153702WA0058200575004003017175340
B2306253731276N12153702WA0058100574004003016172341
B2306263731273N12153701WA0058000573004003016160343
B2306273731270N12153699WA0058000572004003025153348
B2306283731266N12153697WA0058100573004003025163351
B2306293731263N12153697WA0058200575004003025180352
B2306303731260N12153697WA0058300576004003021191354
B2306313731258N12153698WA0058600578004003015183354
B2306323731256N12153697WA0058800581004003019160354
B2306333731253N12153695WA0059000583004003019149355
B2306343731249N12153692WA0059100584004003023147003
B2306353731246N12153690WA0059200584004003024149002
B2306363731243N12153688WA0059200585004003021148357
B2306373731241N12153685WA0059200585004003021142358
B2306383731239N12153683WA0059200585004003019142358
B2306393731236N12153681WA0059200584004003019153358
B2306403731233N12153680WA0059200585004003020157358
B2306413731230N12153678WA0059200585004003021153359
B2306423731227N12153676WA0059200585004003022145359
B2306433731225N12153673WA0059200585004003022142359
B2306443731222N12153671WA0059200585004003023142359
B2306453731219N12153668WA0059100584004003023139359
B2306463731217N12153665WA0059000583004003023137359
B2306473731214N12153662WA0058900582004003023140359
B2306483731211N12153660WA0058800581004003023151359
B2306493731208N12153659WA0058700580004003022165359
B2306503731206N12153659WA0058600579004003018199359
B2306513731205N12153661WA0058500578004003016245359
B2306523731205N12153665WA0058400577004003021283359
B2306533731207N12153669WA0058300576004003021302359
B2306543731209N12153672WA0058300576004003024308359
B2306553731211N12153676WA0058300576004003024305359
B2306563731213N12153679WA0058300576004003020305359
B2306573731214N12153682WA0058300576004003024317359
B2306583731218N12153685WA0058200576004003024328359
B2306593731222N12153688WA0058300577004003029330359
B2307003731226N12153691WA0058500578004003032335358
B2307013731231N12153693WA0058500579004003033349354
B2307023731237N12153693WA0058600580004003037359357
B2307033731242N12153693WA0058600579004003037358340
B2307043731248N12153694WA0058600579004003037350347
B2307053731253N12153695WA0058600580004003036341346
B2307063731258N12153698WA0058800581004003035340004
B2307073731263N12153699WA0059100584004003035349350
B2307083731267N12153700WA0059300586004003032357351
B2307093731272N12153700WA0059300585004003029357336
B2307103731275N12153701WA0059200584004003026347327
B2307113731278N12153703WA0059100582004003022327327
B2307123731280N12153706WA0058900581004003022296326
B2307133731280N12153709WA0058800580004003020260325
B2307143731278N12153712WA0058700580004003018214330
B2307153731276N12153712WA0058700580004003017175334
B2307163731273N12153711WA0058700581004003019160338
B2307173731270N12153709WA0058700580004003021153342
B2307183731267N12153707WA0058700580004003021149345
B2307193731264N12153705WA0058600579004003024145348
B2307203731261N12153701WA0058700579004003026142350
B2307213731258N12153699WA0058700580004003025144352
B2307223731255N12153696WA0058700580004003025148354
B2307233731252N12153694WA0058700580004003025149355
B2307243731248N12153692WA0058700579004003025154355
B2307253731244N12153689WA0058700580004003028157356
B2307263731240N12153687WA0058800581004003030153357
B2307273731236N12153684WA0059000583004003030146358
B2307283731233N12153682WA0059100585004003028146358
B2307293731230N12153680WA0059200586004003023162358
B2307303731228N12153680WA0059200585004003016183358
B2307313731226N12153681WA0059300585004003018196359
B2307323731223N12153682WA0059300586004003018218359
B2307333731223N12153685WA0059300586005003017269359
B2307343731224N12153689WA0059200586004003017303359
B2307353731226N12153693WA0059300587004003026314355
B2307363731230N12153697WA0059600588004003025309352
B2307373731232N12153700WA0059800592004003025303356
B2307383731233N12153703WA0060100592004003021309354
B2307393731235N12153706WA0060100592004003018321355
B2307403731238N12153708WA0060100591004003018326356
B2307413731241N12153710WA0059900589004003028329001
B2307423731246N12153713WA0059700588004003036339001
B2307433731251N12153715WA0059700588004003036347016
B2307443731257N12153716WA0059800590004003037357019
B2307453731262N12153715WA0060000593004003037002019
B2307463731267N12153715WA0060200595004003033005025
B2307473731272N12153714WA0060400597004003033010016
B2307483731277N12153712WA0060600598004003033014002
B2307493731281N12153712WA0060600598004003032001331
B2307503731285N12153712WA0060600598004003029332322
B2307513731288N12153716WA0060500597004003027308308
B2307523731290N12153720WA0060400597004003027266305
B2307533731287N12153723WA0060300597004003022214306
B2307543731284N12153724WA0060300597004003022172314
B2307553731280N12153722WA0060400597004003023152038
B2307563731277N12153719WA0060300597004003028140031
B2307573731274N12153715WA0060300597004003032134336
B2307583731270N12153710WA0060300597004003032128341
B2307593731267N12153705WA0060400598004003033127342
B2308003731264N12153700WA0060600600004003034127348
B2308013731261N12153695WA0060700602004003030124350
B2308023731259N12153691WA0060800602004003030124352
B2308033731257N12153687WA0060700601004003027129353
B2308043731253N12153683WA0060700601004003027135354
B2308053731250N12153679WA0060500599004003030140355
B2308063731246N12153675WA0060500598004003032140356
B2308073731243N12153671WA0060400598004003032133357
B2308083731240N12153667WA0060400597004003030132357
B2308093731237N12153664WA0060300598004003027140358
B2308103731233N12153661WA0060300597004003027152358
B2308113731229N12153659WA0060300597004003031159358
B2308123731225N12153657WA0060400599004003031155359
B2308133731222N12153655WA0060400599004003028142359
B2308143731219N12153651WA0060400599004003026136359
B2308153731216N12153649WA0060300598004003024142359
B2308163731214N12153647WA0060200597004003020157359
B2308173731211N12153646WA0060100595004003020171359
B2308183731208N12153646WA0060100595004003019181359
B2308193731206N12153647WA0060000595004003017218359
B2308203731206N12153649WA0060000594004003015276359
B2308213731206N12153652WA0059800593004003027313357
B2308223731210N12153656WA0059700592004003032323355
B2308233731215N12153660WA0059700592004003032326355
B2308243731219N12153663WA0059800593004003033326345
B2308253731223N12153667WA0059700593004003033327351
B2308263731227N12153670WA0059700593004003030335345
B2308273731231N12153671WA0059700592004003030342340
B2308283731235N12153673WA0059600591004003029341340
B2308293731239N12153675WA0059600590004003028336343
B2308303731242N12153677WA0059500589004003025333345
B2308313731246N12153679WA0059400588004003027333352
B2308323731250N12153682WA0059300588004003030333347
B2308333731254N12153684WA0059300587004003030332356
B2308343731258N12153687WA0059300588004003030331347
B2308353731262N12153690WA0059400588004003029329358
B2308363731266N12153692WA0059500589004003030331346
B2308373731270N12153695WA0059500589004003032338005
B2308383731274N12153697WA0059400588004003031341339
B2308393731279N12153698WA0059300586004003031340336
B2308403731283N12153701WA0059200585004003031336342
B2308413731288N12153703WA0059200586004003031336334
B2308423731291N12153705WA0059200586004003030335328
B2308433731294N12153706WA0059200586004003023324325
B2308443731295N12153708WA0059100584004003014264325
B2308453731293N12153709WA0058900582004003014209326
B2308463731290N12153710WA0058700580004003022176330
B2308473731286N12153708WA0058600579004003022155340
B2308483731283N12153705WA0058600580004003026146345
B2308493731280N12153703WA0058600579004003026146348
B2308503731277N12153701WA0058500578004003022154350
B2308513731274N12153699WA0058500578004003022161351
B2308523731271N12153698WA0058500578004003022162352
B2308533731268N12153696WA0058500578004003023152354
B2308543731265N12153694WA0058600580004003023144355
B2308553731262N12153691WA0058700580004003022146356
B2308563731259N12153689WA0058800580004003022159357
B2308573731256N12153689WA0058800580004003021174357
B2308583731254N12153689WA0058900582004003018177357
B2308593731252N12153688WA0059000583004003016162357
B2309003731249N12153686WA0059100584004003020143358
B2309013731247N12153683WA0059100584004003025138358
B2309023731243N12153680WA0059000583004003025139358
B2309033731240N12153677WA0059000582004003028142359
B2309043731237N12153674WA0058900581004003028146359
B2309053731234N12153671WA0058800580004003024149359
B2309063731231N12153670WA0058700579004003024155359
B2309073731228N12153668WA0058600578004003022164359
B2309083731224N12153668WA0058600578004003022169359
B2309093731221N12153667WA0058600579004003022165359
B2309103731218N12153665WA0058700581004003021151359
B2309113731216N12153663WA0058900582004003022142359
B2309123731213N12153660WA0059000584004003021143359
B2309133731211N12153658WA0059000584004003021141359
B2309143731209N12153656WA0059000584004003020137359
B2309153731206N12153653WA0059000583004003024138359
B2309163731203N12153650WA0058900582004003029143359
B2309173731199N12153646WA0058900582004003029145359
B2309183731196N12153643WA0058800582004003029143359
B2309193731192N12153640WA0058800581004003028141359
B2309203731189N12153637WA0058800581004003025142359
B2309213731187N12153634WA0058700581004003025153359
B2309223731184N12153633WA0058700579004003022167359
B2309233731181N12153634WA0058600579004003020191359
B2309243731180N12153635WA0058600579004003016246359
B2309253731181N12153638WA0058500577004003020303359
B2309263731184N12153642WA0058300576004003029328359
B2309273731188N12153644WA0058300576004003029337356
B2309283731193N12153647WA0058300577004003032338347
B2309293731197N12153649WA0058400577004003032334351
B2309303731200N12153651WA0058400577004003025327357
B2309313731203N12153654WA0058400577004003025324001
B2309323731206N12153657WA0058300576004003025326006
B2309333731210N12153659WA0058200575004003025332356
B2309343731213N12153661WA0058100574004003026333337
B2309353731217N12153664WA0058100574004003025326339
B2309363731219N12153667WA0058000573004003025312350
B2309373731221N12153670WA0058000573004003023309348
B2309383731224N12153673WA0058100573004003023317354
B2309393731227N12153676WA0058100574004003025329351
B2309403731231N12153678WA0058100574004003027334351
B2309413731234N12153680WA0058100574004003027340000
B2309423731238N12153682WA0058000573004003027340000
B2309433731243N12153683WA0058000573004003027338004
B2309443731247N12153686WA0057900573004003031338009
B2309453731252N12153688WA0058000573004003033340007
B2309463731256N12153689WA0058000574004003033344348
B2309473731261N12153691WA0058100574004003029346358
B2309483731264N12153692WA0058100574004003027341352
B2309493731268N12153694WA0058100573004003027337001
B2309503731272N12153696WA0058000572004003028338354
B2309513731276N12153698WA0057900572004003031340350
B2309523731281N12153700WA0058000573004003031343013
B2309533731285N12153701WA0058200575004003031347324
B2309543731288N12153702WA0058400577004003027344336
B2309553731291N12153703WA0058500576004003020320357
B2309563731293N12153706WA0058500576004003023311011
B2309573731296N12153709WA0058500576004003023324000
B2309583731300N12153712WA0058300574004003026340011
B2309593731304N12153713WA0058200573004003029339339
B2310003731307N12153716WA0058000571004003026326319
B2310013731309N12153719WA0057800569004003026302305
B2310023731309N12153722WA0057700568004003021255304
B2310033731308N12153724WA0057700568004003015198311
B2310043731305N12153723WA0057600567004003015169325
B2310053731302N12153722WA0057600567004003019159333
B2310063731300N12153721WA0057500567004003019159339
B2310073731297N12153720WA0057400566004003019164339
B2310083731294N12153719WA0057300564004003019165341
B2310093731291N12153718WA0057100563004003019160344
B2310103731288N12153717WA0057000561004003022157347
B2310113731285N12153715WA0056900560004003027159351
B2310123731281N12153713WA0056900559004003027167354
B2310133731276N12153713WA0056900560004003028183356
B2310143731272N12153714WA0057000561004003028201356
B2310153731269N12153716WA0057100561004003020196356
B2310163731267N12153717WA0057200563004003020193357
B2310173731264N12153718WA0057300563004003020198358
B2310183731261N12153719WA0057400564004003020212358
B2310193731260N12153722WA0057400565004003018237358
B2310203731258N12153725WA0057600567004003017234358
B2310213731257N12153727WA0057800569004003017222359
B2310223731255N12153729WA0057900569004003014227359
B2310233731255N12153730WA0057900569004003012282359
B2310243731256N12153733WA0057800569004003012304357
B2310253731259N12153737WA0057700568004003028317358
B2310263731263N12153740WA0057600568004003028326352
B2310273731266N12153743WA0057600568004003028326345
B2310283731270N12153746WA0057600569004003028326344
B2310293731273N12153748WA0057600568004003026329356
B2310303731277N12153751WA0057600568004003027333353
B2310313731281N12153753WA0057500568004003029336358
B2310323731285N12153755WA0057400567004003029338353
B2310333731289N12153757WA0057300567004003029339350
B2310343731292N12153759WA0057300566004003028332331
B2310353731295N12153761WA0057300566004003021314316
B2310363731296N12153765WA0057200565004003021287310
B2310373731296N12153768WA0057100564004003018245303
B2310383731293N12153769WA0056900562004003018198305
B2310393731290N12153769WA0056800561004003019163316
B2310403731286N12153766WA0056800560004003029150324
B2310413731282N12153764WA0056700560004003029151332
B2310423731279N12153761WA0056800561004003028148339
B2310433731276N12153758WA0056800560004003026139342
B2310443731273N12153754WA0056700559004003028136344
B2310453731270N12153751WA0056600558004003028138348
B2310463731267N12153748WA0056500557004003026145348
B2310473731264N12153746WA0056500557004003023154352
B2310483731261N12153745WA0056500558004003020158354
B2310493731258N12153744WA0056600558004003021161355
B2310503731255N12153743WA0056600559004003021164355
B2310513731252N12153741WA0056700560004003022157356
B2310523731249N12153739WA0056700559004003020145357
B2310533731247N12153737WA0056500558004003022142357
B2310543731244N12153734WA0056300556004003022148358
B2310553731240N12153732WA0056100554004003025157358
B2310563731236N12153731WA0056000553004003027164359
B2310573731232N12153729WA0056000553004003025163358
B2310583731229N12153728WA0056000554004003025158001
B2310593731226N12153726WA0056000553004003025150000
B2311003731223N12153723WA0055900553004003025139000
B2311013731219N12153719WA0055900552004003028133000
B2311023731216N12153713WA0055900551004003036130000
B2311033731212N12153709WA0055900551004003036134000
B2311043731209N12153704WA0055900552004003035137000
B2311053731205N12153700WA0056000553004003032135000
B2311063731202N12153697WA0056000553004003029133000
B2311073731199N12153693WA0056000552004003027139000
B2311083731196N12153690WA0055900551004003027151000
B2311093731192N12153689WA0055800549004003027159000
B2311103731189N12153687WA0055700548004003027161000
B2311113731185N12153685WA0055500547004003026161359
B2311123731181N12153684WA0055400546004003027163359
B2311133731177N12153683WA0055300544004003028169359
B2311143731173N12153682WA0055200543004003028171359
B2311153731168N12153681WA0055100543004003030171359
B2311163731163N12153680WA0055100543004003031169000
B2311173731159N12153680WA0055200544004003031175000
B2311183731154N12153680WA0055300546004003031182000
B2311193731150N12153680WA0055600548004003031184359
B2311203731147N12153681WA0055800550004003027200359
B2311213731144N12153683WA0055800549004003020243359
B2311223731144N12153688WA0055700548004003027273359
B2311233731146N12153694WA0055700547004003034296359
B2311243731149N12153698WA0055800548004003032317357
B2311253731153N12153701WA0055700548004003032339000
B2311263731158N12153701WA0055700548004003030358350
B2311273731161N12153701WA0055600547004003025003348
B2311283731165N12153701WA0055400547004003025354341
B2311293731169N12153702WA0055100546004003025335344
B2311303731173N12153705WA0054900543004003028322351
B2311313731176N12153709WA0054700541004003030311347
B2311323731179N12153714WA0054600540004003029303347
B2311333731180N12153719WA0054600540004003029291346
B2311343731181N12153724WA0054500540004003027273346
B2311353731181N12153728WA0054500539004003024245348
B2311363731179N12153731WA0054400537004003022223351
B2311373731176N12153734WA0054300536004003023208353
B2311383731172N12153735WA0054300536004003023204354
B2311393731169N12153737WA0054200535004003023203355
B2311403731166N12153738WA0054100534004003023196355
B2311413731163N12153739WA0054000533004003023189356
B2311423731159N12153740WA0053900531004003025190357
B2311433731155N12153741WA0053800530004003025193358
B2311443731152N12153742WA0053700529004003023194358
B2311453731149N12153743WA0053600528004003022190358
B2311463731146N12153744WA0053500527004003022188358
B2311473731142N12153744WA0053400526004003026190359
B2311483731138N12153745WA0053400526004003026192359
B2311493731134N12153747WA0053300525004003026192359
B2311503731130N12153747WA0053300524004003026187359
B2311513731127N12153748WA0053200523004003026182359
B2311523731123N12153748WA0053000522004003026181359
B2311533731119N12153748WA0052900521004003027183359
B2311543731115N12153748WA0052800520004003027187359
B2311553731111N12153749WA0052800519004003027189359
B2311563731107N12153750WA0052700518004003026187359
B2311573731103N12153751WA0052500516004003027188359
B2311583731099N12153752WA0052400515004003028191359
B2311593731095N12153753WA0052200513004003028192359
B2312003731090N12153754WA0052100512004003028190359
B2312013731086N12153755WA0052000511004003028189359
B2312023731082N12153756WA0051900510004003028189359
B2312033731078N12153757WA0051800509004003028191359
B2312043731074N12153758WA0051800508004003028192359
B2312053731070N12153759WA0051700507004003028191359
B2312063731066N12153760WA0051600506004003028190359
B2312073731061N12153761WA0051500506004003029191359
B2312083731057N12153762WA0051500506004003029192359
B2312093731053N12153764WA0051400505004003029201359
B2312103731050N12153766WA0051300504004003027205359
B2312113731046N12153768WA0051200503004003025202359
B2312123731043N12153769WA0051100502004003027190359
B2312133731038N12153769WA0051000500004003029181359
B2312143731034N12153769WA0050900499004003029172000
B2312153731029N12153767WA0050700497004003030163000
B2312163731025N12153765WA0050600496004003032155359
B2312173731020N12153762WA0050500494004003036152359
B2312183731015N12153759WA0050300493004003036151359
B2312193731011N12153755WA0050200492004003036151359
B2312203731006N12153752WA0050100491004003034152359
B2312213731002N12153750WA0050000490004003034153359
B2312223730997N12153747WA0049900488004003035156359
B2312233730992N12153744WA0049800487004003037160359
B2312243730986N12153743WA0049600485004003036165359
B2312253730981N12153741WA0049500484004003036169359
B2312263730976N12153740WA0049300482004003036171359
B2312273730971N12153740WA0049200481004003035176359
B2312283730966N12153740WA0049100480004003035190359
B2312293730961N12153742WA0049000479004003032212359
B2312303730958N12153746WA0048900479005003031229359
B2312313730956N12153750WA0048900479004003029242359
B2312323730955N12153754WA0048800478004003022251359
B2312333730954N12153758WA0048700477004003022256359
B2312343730953N12153763WA0048500475004003022259359
B2312353730953N12153769WA0048300472004003026263359
B2312363730952N12153775WA0048200471004003031263356
B2312373730952N12153781WA0048000470004003031265357
B2312383730952N12153786WA0048000470005003031267352
B2312393730952N12153791WA0048000470004003027269347
B2312403730952N12153795WA0048000469004003025270350
B2312413730952N12153800WA0047900469004003023270342
B2312423730952N12153804WA0047900468004003024271349
B2312433730952N12153809WA0047900468004003024276349
B2312443730953N12153813WA0047900468004003024287002
B2312453730954N12153817WA0047900468004003024292349
B2312463730956N12153822WA0047900468004003025297352
B2312473730958N12153827WA0047900468004003029292332
B2312483730959N12153832WA0047900468004003029273325
B2312493730957N12153837WA0047900468004003029248324
B2312503730954N12153842WA0047800467004003030224331
B2312513730950N12153844WA0047800467004003029203334
B2312523730946N12153845WA0047800467004003029186337
B2312533730943N12153845WA0047700467004003026173336
B2312543730939N12153844WA0047700466004003026161341
B2312553730934N12153841WA0047600464004003029155344
B2312563730928N12153837WA0047500463004003041152347
B2312573730923N12153833WA0047400462004003044149349
B2312583730918N12153829WA0047400462004003041145352
B2312593730913N12153825WA0047400463004003040142353
B2313003730909N12153820WA0047500463004003036141354
B2313013730905N12153816WA0047400462004003036141355
B2313023730900N12153812WA0047300460004003036143356
B2313033730895N12153807WA0047300460004003038140356
B2313043730890N12153802WA0047300460004003042137357
B2313053730885N12153795WA0047400462004003047134358
B2313063730881N12153789WA0047600464004003047133358
B2313073730876N12153783WA0047700464004003044135358
B2313083730873N12153779WA0047800465004003038137001
B2313093730870N12153776WA0047900465004003032140359
B2313103730866N12153773WA0047800464004003027150359
B2313113730862N12153771WA0047700462004003030165359
B2313123730857N12153771WA0047400459004003030178359
B2313133730852N12153771WA0047100457004003033181359
B2313143730847N12153771WA0047000457004003034170359
B2313153730842N12153769WA0046800456004003035158359
B2313163730838N12153766WA0046700454004003035149359
B2313173730834N12153763WA0046500452004003034151359
B2313183730829N12153760WA0046200449004003034156359
B2313193730824N12153757WA0046000447004003035156359
B2313203730818N12153754WA0045800444004003039153359
B2313213730813N12153751WA0045600445004003039155359
B2313223730808N12153748WA0045600444004003039156359
B2313233730802N12153745WA0045500443004003039156359
B2313243730797N12153742WA0045400443004003038159359
B2313253730793N12153740WA0045400442004003031161359
B2313263730788N12153738WA0045400442004003031155359
B2313273730785N12153736WA0045300441004003031148359
B2313283730781N12153732WA0045200440004003031143359
B2313293730777N12153728WA0045100438004003032143359
B2313303730772N12153725WA0045000437004003034147359
B2313313730768N12153722WA0044900436004003034152359
B2313323730763N12153719WA0044800435004003034154359
B2313333730759N12153716WA0044600434004003034158359
B2313343730754N12153714WA0044500432004003034162359
B2313353730749N12153712WA0044400432004003037168359
B2313363730743N12153711WA0044300431004003037172359
B2313373730738N12153711WA0044300430004003036174359
B2313383730733N12153710WA0044200430004003033175359
B2313393730729N12153710WA0044100429004003031179359
B2313403730724N12153710WA0043900427004003031184359
B2313413730719N12153711WA0043800425004003033188359
B2313423730714N12153712WA0043600424004003033187359
B2313433730709N12153712WA0043500423004003034180359
B2313443730704N12153712WA0043400422004003034167359
B2313453730699N12153710WA0043300421004003033165359
B2313463730694N12153709WA0043200419004003034170359
B2313473730689N12153708WA0043000418004003034175359
B2313483730683N12153708WA0042900417004003037175359
B2313493730678N12153707WA0042800416004003037173359
B2313503730673N12153706WA0042700415004003035172359
B2313513730667N12153705WA0042500413004003037173359
B2313523730661N12153704WA0042400410004003037174359
B2313533730655N12153704WA0042200409004003040173359
B2313543730649N12153702WA0042000407004003040167359
B2313553730643N12153700WA0041900406004003042160359
B2313563730638N12153697WA0041800406004003042157359
B2313573730632N12153694WA0041700405004003042160359
B2313583730626N12153692WA0041700404004003041163359
B2313593730620N12153690WA0041600404004003041163359
B2314003730614N12153688WA0041700404004003039162359
B2314013730609N12153686WA0041700404004003039162359
B2314023730605N12153684WA0041600403004003033168359
B2314033730601N12153684WA0041600402004003029173359
B2314043730597N12153683WA0041400400004003028176359
B2314053730592N12153683WA0041200398004003031178359
B2314063730588N12153683WA0041100396004003032181359
B2314073730583N12153683WA0040900394004003031184359
B2314083730578N12153684WA0040800393004003031184359
B2314093730574N12153684WA0040700391004003031182359
B2314103730569N12153684WA0040500390004003033182359
B2314113730564N12153685WA0040300389004003034185359
B2314123730559N12153686WA0040300388004003034188359
B2314133730553N12153687WA0040200387004003035188359
B2314143730548N12153688WA0040200387004003036189359
B2314153730543N12153689WA0040200387004003031190000
B2314163730539N12153690WA0040200387004003031183359
B2314173730535N12153690WA0040200386004003028174359
B2314183730530N12153689WA0040000385004003028171359
B2314193730525N12153688WA0039800383004003034177359
B2314203730519N12153688WA0039700384004003036185359
B2314213730514N12153689WA0039700384004003036187000
B2314223730509N12153690WA0039700383004003034189359
B2314233730504N12153691WA0039700383004003033189359
B2314243730499N12153692WA0039600382004003033190359
B2314253730494N12153693WA0039600382004003034191359
B2314263730489N12153694WA0039600382004003034189359
B2314273730485N12153695WA0039600382004003032187359
B2314283730481N12153696WA0039500381004003028185359
B2314293730477N12153696WA0039500380004003028184359
B2314303730472N12153697WA0039300378004003030184359
B2314313730468N12153697WA0039200377004003031184359
B2314323730463N12153698WA0039000376004003031185359
B2314333730458N12153698WA0038900375004003031185359
B2314343730453N12153699WA0038800374004003032182359
B2314353730448N12153699WA0038700373004003033181359
B2314363730444N12153699WA0038600373004003033183359
B2314373730439N12153699WA0038500372004003032185359
B2314383730434N12153700WA0038500371004003032184359
B2314393730429N12153700WA0038400369004003033183359
B2314403730423N12153701WA0038200368004003035184359
B2314413730418N12153701WA0038200367004003035185359
B2314423730413N12153702WA0038100366003003034182359
B2314433730408N12153702WA0038100366004003033179359
B2314443730404N12153702WA0038000365004003033178359
B2314453730398N12153702WA0037900364004003036181359
B2314463730393N12153702WA0037900364004003037182359
B2314473730387N12153702WA0037900364004003036179359
B2314483730382N12153702WA0037900364004003036175359
B2314493730377N12153701WA0037900364004003033173000
B2314503730373N12153700WA0037800363004003032171000
B2314513730368N12153699WA0037800362004003032170000
B2314523730363N12153698WA0037700362004003032174000
B2314533730358N12153698WA0037600361004003032181359
B2314543730353N12153699WA0037600360004003037188359
B2314553730348N12153700WA0037600360004003037199359
B2314563730344N12153703WA0037600361003003034215359
B2314573730342N12153707WA0037500360004003027239359
B2314583730341N12153711WA0037400359004003020265359
B2314593730342N12153715WA0037400358004003021282359
B2315003730343N12153718WA0037300357004003020308002
B2315013730346N12153720WA0037200356004003021341008
B2315023730350N12153719WA0037000354004003027012017
B2315033730354N12153718WA0036900354004003033036022
B2315043730357N12153713WA0036900354004003032049020
B2315053730360N12153708WA0036900354004003032054013
B2315063730362N12153704WA0036900354004003023042003
B2315073730365N12153702WA0036700352004003023016358
B2315083730368N12153702WA0036600351004003023341344
B2315093730372N12153704WA0036400350004003026314338
B2315103730375N12153709WA0036300350004003026279336
B2315113730374N12153714WA0036200350004003026251340
B2315123730371N12153719WA0036200349004003026237345
B2315133730369N12153723WA0036200349004003025240349
B2315143730368N12153727WA0036100348004003023244351
B2315153730366N12153731WA0036100347004003023241354
B2315163730364N12153735WA0036000346004003025237355
B2315173730362N12153739WA0035900345004003027237356
B2315183730360N12153743WA0035800343004003027237356
B2315193730357N12153748WA0035700342004003028235357
B2315203730354N12153753WA0035700341004003031230357
B2315213730351N12153758WA0035700342004003032227358
B2315223730348N12153762WA0035700342004003032232359
B2315233730346N12153767WA0035700342005003031246356
B2315243730345N12153772WA0035800343004003028266354
B2315253730346N12153776WA0035800343004003026282359
B2315263730347N12153781WA0035800343004003024291350
B2315273730349N12153785WA0035800342004003024304014
B2315283730352N12153788WA0035700341004003024323019
B2315293730355N12153789WA0035600340004003023344026
B2315303730358N12153790WA0035500339004003023355011
B2315313730362N12153790WA0035400338004003025355013
B2315323730366N12153791WA0035400337004003026348004
B2315333730369N12153793WA0035300336004003025336350
B2315343730372N12153795WA0035200336004003024323346
B2315353730375N12153798WA0035100335004003023312346
B2315363730377N12153801WA0035100335004003024309343
B2315373730379N12153805WA0035000334004003024304344
B2315383730381N12153809WA0034900333004003024295340
B2315393730382N12153813WA0034900332004003025290344
B2315403730383N12153818WA0034800332004003025291341
B2315413730385N12153822WA0034700331004003024289328
B2315423730385N12153827WA0034600330004003024275314
B2315433730385N12153831WA0034500328004003024261311
B2315443730384N12153837WA0034400327004003026248321
B2315453730382N12153841WA0034300326004003029236328
B2315463730379N12153845WA0034300326004003028223326
B2315473730375N12153849WA0034200326004003028217327
B2315483730372N12153852WA0034200325004003028212332
B2315493730368N12153854WA0034100324004003029205338
B2315503730363N12153856WA0034100324004003031197342
B2315513730359N12153858WA0034000324004003031196346
B2315523730355N12153860WA0034000323004003031198347
B2315533730350N12153861WA0033900322004003031197349
B2315543730345N12153863WA0033800321004003031195350
B2315553730340N12153865WA0033800320004003035193352
B2315563730334N12153867WA0033700320004003041191353
B2315573730328N12153868WA0033700320004003041190354
B2315583730323N12153869WA0033700320004003038191355
B2315593730318N12153870WA0033600319004003036188356
B2316003730313N12153871WA0033600318004003033182357
B2316013730308N12153871WA0033500317004003033179357
B2316023730302N12153871WA0033300315004003035177357
B2316033730297N12153870WA0033100313004003035176358
B2316043730291N12153870WA0032900311004003038175358
B2316053730285N12153869WA0032800310004003041173358
B2316063730279N12153868WA0032700309004003040173359
B2316073730273N12153867WA0032700309004003040174359
B2316083730267N12153867WA0032600308004003039176359
B2316093730261N12153866WA0032500307004003039176359
B2316103730256N12153866WA0032400306004003038176359
B2316113730251N12153866WA0032300305004003034179359
B2316123730246N12153866WA0032200303004003035185359
B2316133730240N12153867WA0032000302004003035190359
B2316143730235N12153868WA0032000302004003035190359
B2316153730230N12153870WA0031900301004003036193359
B2316163730225N12153872WA0031800300004003037201359
B2316173730219N12153875WA0031700299004003039206359
B2316183730214N12153878WA0031700300004003037207359
B2316193730210N12153881WA0031800301004003037206359
B2316203730206N12153884WA0031900302004003034207359
B2316213730202N12153886WA0031900301004003027209359
B2316223730199N12153889WA0031800300004003028211359
B2316233730195N12153892WA0031700299004003028212359
B2316243730190N12153896WA0031600297004003032212359
B2316253730186N12153899WA0031500297004003036211359
B2316263730181N12153903WA0031500297004003036207359
B2316273730176N12153905WA0031500297004003036205359
B2316283730172N12153908WA0031400296004003035206359
B2316293730168N12153911WA0031300295004003031218359
B2316303730165N12153915WA0031100293004003030226359
B2316313730162N12153919WA0031100293004003033228359
B2316323730159N12153924WA0031000292004003033229359
B2316333730156N12153928WA0030900291004003032232359
B2316343730154N12153932WA0030800290004003027236359
B2316353730152N12153936WA0030700290004003026245359
B2316363730151N12153941WA0030600289004003026257359
B2316373730151N12153946WA0030700289004003027270359
B2316383730151N12153951WA0030700288004003026284000
B2316393730153N12153955WA0030700289004003026302004
B2316403730155N12153958WA0030800289004003024323016
B2316413730158N12153959WA0030800290004003019346014
B2316423730161N12153959WA0030900291004003020008015
B2316433730164N12153958WA0030900290004003020023018
B2316443730167N12153955WA0030900290004003022038014
B2316453730170N12153952WA0030800289004003024045009
B2316463730172N12153948WA0030800289004003026049003
B2316473730175N12153945WA0030800288004003026048006
B2316483730177N12153941WA0030800288004003026040002
B2316493730180N12153939WA0030800289004003023026005
B2316503730183N12153938WA0030800289004003022012018
B2316513730186N12153937WA0030900290004003020007010
B2316523730189N12153937WA0030900290004003020008018
B2316533730192N12153936WA0030900290004003020009015
B2316543730196N12153936WA0030900290004003022003005
B2316553730200N12153936WA0030900290004003024349010
B2316563730203N12153938WA0031000291004003023339025
B2316573730206N12153939WA0031000292004003023337004
B2316583730209N12153941WA0031100292004003022341016
B2316593730212N12153942WA0031100292004003022336014
B2317003730215N12153944WA0031100292004003024325006
B2317013730218N12153947WA0031100292004003025325353
B2317023730221N12153950WA0031000292004003025330009
B2317033730224N12153952WA0031100293004003025325003
B2317043730227N12153955WA0031200293004003024307348
B2317053730228N12153959WA0031300294004003025297002
B2317063730230N12153963WA0031400295004003025307359
B2317073730233N12153966WA0031500296004003023317009
B2317083730235N12153968WA0031600298004003021319322
B2317093730237N12153971WA0031700297004003022316359
B2317103730240N12153974WA0031800299004003024315012
B2317113730243N12153978WA0031900300004003024317008
B2317123730246N12153980WA0032000301004003025326021
B2317133730249N12153982WA0032100302004003026338000
B2317143730253N12153983WA0032300304004003027351021
B2317153730257N12153984WA0032500307004003026356004
B2317163730260N12153984WA0032700307004003023341332
B2317173730262N12153986WA0032900307004003017300310
B2317183730262N12153990WA0032900307004003023266301
B2317193730260N12153995WA0032900307004003031238298
B2317203730255N12153999WA0032900307004003031204293
B2317213730248N12153999WA0033000308004003040176048
B2317223730242N12153998WA0033000309004003043148031
B2317233730237N12153991WA0033000310004003045133022
B2317243730234N12153984WA0033200312004003045115011
B2317253730233N12153977WA0033400314004003041093006
B2317263730234N12153971WA0033500314005003034071004
B2317273730237N12153967WA0033500314004003030039004
B2317283730241N12153964WA0033600315004003025006348
B2317293730244N12153966WA0033600316004003025335338
B2317303730246N12153969WA0033700317004003023288334
B2317313730247N12153974WA0033800318004003023262330
B2317323730245N12153978WA0033900318004003024212327
B2317333730239N12153980WA0034000319004003040184025
B2317343730233N12153978WA0034000319004003047155017
B2317353730226N12153974WA0034100320004003047124009
B2317363730223N12153964WA0034100321004003047106005
B2317373730222N12153956WA0034200321004003046079002
B2317383730224N12153950WA0034300323004003030056001
B2317393730228N12153948WA0034400324004003030029359
B2317403730231N12153946WA0034500325004003025010352
B2317413730234N12153946WA0034500326004003022349339
B2317423730237N12153948WA0034600326004003019319337
B2317433730238N12153952WA0034600327004003020291333
B2317443730239N12153956WA0034700328004003022265332
B2317453730237N12153960WA0034800329004003022236328
B2317463730233N12153963WA0034900331004003026207327
B2317473730228N12153964WA0035000331004003033180026
B2317483730222N12153963WA0035100332004003047154018
B2317493730216N12153957WA0035200333004003047138012
B2317503730211N12153951WA0035400334004003046115006
B2317513730209N12153943WA0035400333004003041087003
B2317523730212N12153936WA0035400333004003036063002
B2317533730216N12153932WA0035400333004003032039359
B2317543730220N12153930WA0035400334004003032017353
B2317553730224N12153929WA0035400336004003027358347
B2317563730227N12153930WA0035500337004003024348349
B2317573730230N12153931WA0035700338004003022347358
B2317583730233N12153932WA0035800339004003018344355
B2317593730236N12153933WA0035800340004003018333347
B2318003730238N12153935WA0035900340004003017309318
B2318013730239N12153938WA0035800340004003017279312
B2318023730238N12153944WA0035800339004003022251305
B2318033730234N12153948WA0035900340004003034216296
B2318043730228N12153949WA0035900341004003042181051
B2318053730221N12153946WA0036000342004003042155036
B2318063730215N12153942WA0036300343004003046133022
B2318073730212N12153935WA0036500347004003046120011
B2318083730210N12153929WA0036700347004003030100009
B2318093730209N12153923WA0036800346004003032078005
B2318103730211N12153917WA0036800347004003032067004
B2318113730214N12153911WA0036900348004003032057002
B2318123730218N12153907WA0036900349004003032040354
B2318133730221N12153906WA0036800349004003021006347
B2318143730224N12153908WA0036800348004003022328349
B2318153730226N12153912WA0036700348004003022308356
B2318163730229N12153915WA0036700348004003024309001
B2318173730231N12153918WA0036800349004003024311006
B2318183730233N12153921WA0036800349004003019317352
B2318193730235N12153923WA0036800349004003022319345
B2318203730238N12153927WA0036700348004003022309337
B2318213730240N12153931WA0036700348004003026287326
B2318223730241N12153937WA0036700349004003029265331
B2318233730240N12153942WA0036700350004003028248340
B2318243730238N12153947WA0036800352004003028240347
B2318253730235N12153950WA0037000354004003024224334
B2318263730232N12153952WA0037000353004003024207335
B2318273730228N12153954WA0036900352004003025194336
B2318283730222N12153955WA0036700350004003040181338
B2318293730216N12153953WA0036600349004003044163016
B2318303730210N12153949WA0036600349004003044144011
B2318313730205N12153942WA0036600349004003047130008
B2318323730200N12153935WA0036600349004003047118005
B2318333730198N12153927WA0036700351004003042111003
B2318343730197N12153920WA0036900353004003042097002
B2318353730197N12153913WA0037000352004003037083002
B2318363730198N12153907WA0037000352004003035076001
B2318373730200N12153901WA0037000352004003034068000
B2318383730202N12153897WA0037000353004003025052000
B2318393730205N12153895WA0037000353004003025027004
B2318403730208N12153894WA0037000353004003023014013
B2318413730211N12153892WA0036900352004003023016027
B2318423730215N12153891WA0036800352004003023017015
B2318433730218N12153890WA0036700350004003023014007
B2318443730221N12153890WA0036500348004003024358359
B2318453730225N12153891WA0036300346004003024341007
B2318463730229N12153893WA0036100344004003028332003
B2318473730234N12153896WA0036000343004003031333018
B2318483730238N12153898WA0035900343004003029337007
B2318493730241N12153900WA0035800342004003029336001
B2318503730245N12153903WA0035700341004003029329359
B2318513730249N12153906WA0035700340004003029321359
B2318523730253N12153910WA0035600339004003032318013
B2318533730256N12153914WA0035600339004003030320354
B2318543730259N12153917WA0035600340004003030324009
B2318553730262N12153920WA0035600339004003025321002
B2318563730265N12153923WA0035600339004003024315014
B2318573730267N12153926WA0035500338004003024318009
B2318583730270N12153928WA0035500337004003024330019
B2318593730274N12153930WA0035400337004003025338007
B2319003730277N12153932WA0035400337004003024336335
B2319013730280N12153934WA0035400337004003023320320
B2319023730282N12153938WA0035400337004003023302327
B2319033730284N12153942WA0035400336004003025291332
B2319043730285N12153946WA0035400336004003025287350
B2319053730286N12153951WA0035400336004003025290350
B2319063730288N12153955WA0035400336004003025296354
B2319073730289N12153959WA0035300336004003025298341
B2319083730291N12153963WA0035300335004003026293332
B2319093730292N12153968WA0035200335004003026281323
B2319103730292N12153974WA0035200334004003027269328
B2319113730291N12153979WA0035200335004003029253324
B2319123730289N12153984WA0035200335004003030235328
B2319133730286N12153988WA0035200335004003031216330
B2319143730281N12153990WA0035200334004003031198333
B2319153730276N12153991WA0035100333004003034185335
B2319163730270N12153991WA0035100333004003038170336
B2319173730264N12153988WA0035000333004003040157016
B2319183730260N12153984WA0035000332004003040140010
B2319193730256N12153979WA0034900331004003039123007
B2319203730254N12153972WA0034800330004003038105004
B2319213730254N12153965WA0034700328004003037087002
B2319223730255N12153959WA0034500328004003033070001
B2319233730257N12153954WA0034500327004003033051001
B2319243730261N12153951WA0034400326004003029028359
B2319253730265N12153950WA0034300325004003027005348
B2319263730268N12153952WA0034200325004003025338348
B2319273730271N12153955WA0034200324004003022314351
B2319283730272N12153958WA0034100324004003022302358
B2319293730274N12153961WA0034100323004003022301349
B2319303730276N12153964WA0034000322004003020308357
B2319313730277N12153966WA0033900321004003018308350
B2319323730279N12153969WA0033700319004003017299000
B2319333730279N12153972WA0033600318004003018279318
B2319343730279N12153976WA0033500317004003018261312
B2319353730278N12153981WA0033500316004003022245314
B2319363730275N12153985WA0033500317004003027226322
B2319373730272N12153988WA0033500318004003029207321
B2319383730268N12153990WA0033600318004003029199344
B2319393730264N12153992WA0033600318004003027204338
B2319403730261N12153994WA0033500316004003026208341
B2319413730257N12153996WA0033400315004003026204342
B2319423730252N12153998WA0033300315004003035196345
B2319433730247N12154000WA0033300315004003036189348
B2319443730241N12154000WA0033300316004003035186348
B2319453730236N12154001WA0033400316004003035182348
B2319463730231N12154000WA0033300315004003034172009
B2319473730226N12153998WA0033100313004003037159006
B2319483730221N12153994WA0032900310004003042141004
B2319493730217N12153988WA0032700308004003042123002
B2319503730215N12153980WA0032500306004003043100001
B2319513730216N12153972WA0032400304004003043076001
B2319523730219N12153966WA0032300304004003034056358
B2319533730222N12153962WA0032200303004003034031350
B2319543730225N12153961WA0032100302004003024005348
B2319553730227N12153962WA0032000300004003020332349
B2319563730230N12153965WA0031900301004003018311351
B2319573730231N12153968WA0031900301004003017301354
B2319583730232N12153971WA0031900301004003017296355
B2319593730233N12153974WA0031900302004003017295357
B2320003730235N12153976WA0032000302004003017296354
B2320013730236N12153979WA0032000303004003016309357
B2320023730238N12153981WA0032100303004003018331006
B2320033730241N12153981WA0032100302004003020001021
B2320043730244N12153980WA0032000302004003020031024
B2320053730247N12153976WA0032000302004003025052027
B2320063730249N12153970WA0032000302004003032069029
B2320073730250N12153964WA0032000302004003033086028
B2320083730249N12153958WA0032000301004003034100022
B2320093730248N12153951WA0031900299004003034112022
B2320103730245N12153945WA0031800297004003037124338
B2320113730240N12153939WA0031600296004003040141343
B2320123730234N12153936WA0031400295004003043159348
B2320133730228N12153935WA0031300294004003043174351
B2320143730222N12153935WA0031400294004003041182355
B2320153730217N12153936WA0031400295004003038188356
B2320163730212N12153937WA0031500296004003035197357
B2320173730209N12153940WA0031500296004003027210358
B2320183730206N12153943WA0031500296004003027228358
B2320193730204N12153946WA0031600296004003023246359
B2320203730204N12153950WA0031500296004003021263358
B2320213730204N12153953WA0031600296004003018283359
B2320223730205N12153955WA0031600297004003013309009
B2320233730207N12153957WA0031600297004003013338009
B2320243730209N12153957WA0031600297004003013356008
B2320253730211N12153957WA0031500296004003013358005
B2320263730213N12153957WA0031500295004003013350359
B2320273730215N12153958WA0031400295004003019350014
B2320283730218N12153958WA0031400295004003019353019
B2320293730221N12153959WA0031500296004003018352013
B2320303730224N12153959WA0031500295004003018343001
B2320313730226N12153961WA0031500295004003018327354
B2320323730228N12153963WA0031500295004003020317351
B2320333730231N12153966WA0031500296004003020319012
B2320343730233N12153968WA0031600296004003019323357
B2320353730235N12153970WA0031600296004003018327024
B2320363730237N12153972WA0031700297004003018334015
B2320373730240N12153972WA0031700297004003019353030
B2320383730243N12153972WA0031700298004003020357359
B2320393730246N12153973WA0031700298004003020344354
B2320403730249N12153975WA0031700297004003022330339
B2320413730252N12153978WA0031700297004003024322004
B2320423730255N12153980WA0031700297004003025317358
B2320433730258N12153984WA0031700298004003025316021
B2320443730260N12153986WA0031800299004003023317355
B2320453730262N12153989WA0031800299004003020317004
B2320463730264N12153991WA0031800298004003017322354
B2320473730266N12153992WA0031600297004003018335002
B2320483730269N12153994WA0031500295004003022337340
B2320493730272N12153996WA0031300293004003022322318
B2320503730274N12153999WA0031100292004003022290306
B2320513730273N12154004WA0030900289004003022255306
B2320523730271N12154009WA0030800288004003032232304
B2320533730267N12154013WA0030700287004003033207300
B2320543730261N12154014WA0030500285004003033182055
B2320553730256N12154012WA0030300283004003036157037
B2320563730251N12154007WA0030100281004003041134024
B2320573730248N12154000WA0030000279004003042112014
B2320583730247N12153993WA0030000279004003042090007
B2320593730248N12153987WA0029900278004003035069004
B2321003730251N12153983WA0029800277004003029047003
B2321013730254N12153981WA0029600276004003025022358
B2321023730257N12153980WA0029400274004003026358356
B2321033730261N12153982WA0029200272004003026338354
B2321043730264N12153984WA0029100271004003025325351
B2321053730267N12153986WA0029000270004003023318354
B2321063730269N12153989WA0028800268004003021310350
B2321073730271N12153993WA0028700266004003023302356
B2321083730273N12153997WA0028500264004003026298345
B2321093730274N12154001WA0028300262004003026298003
B2321103730276N12154005WA0028300262004003026299357
B2321113730278N12154009WA0028300262004003020294332
B2321123730278N12154012WA0028200262004003020283342
B2321133730279N12154016WA0028200260004003020282332
B2321143730280N12154020WA0028100259004003022291345
B2321153730282N12154025WA0028000259004003026294346
B2321163730283N12154029WA0028000259004003026289335
B2321173730284N12154033WA0028000259004003024283351
B2321183730285N12154037WA0027900259004003022283350
B2321193730285N12154041WA0027900258004003020288348
B2321203730287N12154044WA0027800257004003020294359
B2321213730288N12154047WA0027800256004003019300355
B2321223730290N12154050WA0027700256004003019305357
B2321233730291N12154053WA0027700256004003020309010
B2321243730293N12154056WA0027600255004003020313006
B2321253730296N12154058WA0027600255004003020320014
B2321263730298N12154061WA0027500254004003021328009
B2321273730301N12154063WA0027500254004003021332358
B2321283730304N12154064WA0027400253004003021331011
B2321293730307N12154066WA0027300252004003021329358
B2321303730309N12154068WA0027200251004003020330013
B2321313730312N12154070WA0027200251004003020335002
B2321323730315N12154072WA0027200250004003020336000
B2321333730318N12154073WA0027200251004003019334003
B2321343730320N12154075WA0027100250004003019330004
B2321353730322N12154076WA0027100250004003018333036
B2321363730325N12154078WA0027100250004003018341027
B2321373730327N12154079WA0027100251004003018344014
B2321383730330N12154080WA0027200250004003017336010
B2321393730332N12154081WA0027100250004003018322016
B2321403730334N12154084WA0027100249004003018325005
B2321413730337N12154085WA0027000249004003018340347
B2321423730339N12154086WA0026900248004003016339006
B2321433730341N12154087WA0026900248004003016316348
B2321443730342N12154090WA0026900247004003018302004
B2321453730343N12154093WA0026800247004003018298000
B2321463730345N12154096WA0026700246004003018300001
B2321473730346N12154099WA0026700245004003017306002
B2321483730348N12154101WA0026600244004003017309347
B2321493730349N12154104WA0026500243004003018309346
B2321503730351N12154107WA0026400242004003018297328
B2321513730352N12154110WA0026300242004003019280321
B2321523730352N12154114WA0026300242004003020262333
B2321533730351N12154118WA0026200242004003023250347
B2321543730350N12154122WA0026200242004003023245353
B2321553730348N12154126WA0026200241004003023241014
B2321563730346N12154130WA0026100240004003024241021
B2321573730344N12154135WA0026100239004003025242016
B2321583730342N12154140WA0026000239004003030244020
B2321593730340N12154145WA0026000239004003030245023
B2322003730339N12154149WA0026000239004003029248033
B2322013730338N12154153WA0026200240004003023243021
B2322023730336N12154155WA0026200240004003019231020
B2322033730334N12154158WA0026100240004003017234005
B2322043730333N12154161WA0026000238004003020249007
B2322053730332N12154165WA0025900237004003020257357
B2322063730332N12154169WA0025700235004003022257359
B2322073730331N12154173WA0025500233004003022255354
B2322083730330N12154177WA0025400232004003023254352
B2322093730329N12154181WA0025200230004003026256347
B2322103730328N12154187WA0025100228004003026257001
B2322113730327N12154192WA0025000229004003030258353
B2322123730326N12154197WA0025100229004003030254339
B2322133730325N12154202WA0025200231004003025246340
B2322143730323N12154206WA0025300231004003025231341
B2322153730321N12154209WA0025400231004003024225334
B2322163730318N12154212WA0025200230004003024231345
B2322173730317N12154216WA0025000227004003024241358
B2322183730315N12154220WA0024700224004003025249347
B2322193730314N12154225WA0024400221004003026249351
B2322203730312N12154230WA0024100219004003026246353
B2322213730310N12154235WA0024000217004003028244349
B2322223730308N12154240WA0023800216004003030244358
B2322233730306N12154245WA0023700215004003032242350
B2322243730304N12154250WA0023700214004003032234352
B2322253730301N12154255WA0023600214004003032228000
B2322263730297N12154259WA0023500213004003031231335
B2322273730295N12154264WA0023500213004003030239345
B2322283730293N12154268WA0023400212004003027242317
B2322293730291N12154273WA0023300211004003027240330
B2322303730289N12154277WA0023200209004003026237339
B2322313730287N12154281WA0023100209004003026240346
B2322323730286N12154286WA0022900207004003026247342
B2322333730285N12154290WA0022700205004003025255335
B2322343730284N12154294WA0022500203004003025255335
B2322353730283N12154299WA0022400201004003025252340
B2322363730281N12154304WA0022200199004003025247344
B2322373730280N12154308WA0022000197004003026246346
B2322383730278N12154313WA0021800197004003027246352
B2322393730277N12154317WA0021600195004003028246351
B2322403730275N12154322WA0021500193004003028247353
B2322413730273N12154328WA0021400192004003029250351
B2322423730272N12154333WA0021300191004003029255354
B2322433730271N12154338WA0021200190004003025254348
B2322443730270N12154342WA0021100189004003025251350
B2322453730269N12154347WA0021000187004003025252353
B2322463730268N12154351WA0020900186004003025264357
B2322473730269N12154355WA0020800184004003024290011
B2322483730271N12154358WA0020700184004003022323017
B2322493730275N12154359WA0020500182004003023353025
B2322503730278N12154358WA0020400181004003023017015
B2322513730281N12154356WA0020400180004003025036016
B2322523730284N12154352WA0020300180004003026050012
B2322533730286N12154348WA0020200179004003028057011
B2322543730289N12154343WA0020200178004003029057006
B2322553730291N12154339WA0020200178004003029054003
B2322563730293N12154335WA0020200178004003029051004
B2322573730296N12154331WA0020100178004003027049016
B2322583730298N12154327WA0020000177004003025047009
B2322593730301N12154324WA0019900176004003026050008
B2323003730303N12154320WA0019800174004003026053006
B2323013730305N12154316WA0019600172004003027051005
B2323023730308N12154312WA0019500171004003027051004
B2323033730310N12154308WA0019300171004003026050004
B2323043730313N12154304WA0019100168004003026049002
B2323053730315N12154301WA0019000166004003024046001
B2323063730318N12154298WA0018700163004003024039001
B2323073730321N12154295WA0018500161004003025032002
B2323083730324N12154292WA0018300159004003028031001
B2323093730328N12154289WA0018100158004003028037001
B2323103730330N12154286WA0018000157004003027040001
B2323113730333N12154284WA0018000157004003024036002
B2323123730335N12154282WA0017900156004003019027004
B2323133730338N12154280WA0017800154004003021021008
B2323143730341N12154279WA0017700154004003021023005
B2323153730344N12154277WA0017600153004003024023009
B2323163730347N12154276WA0017500153004003024019005
B2323173730350N12154274WA0017500151004003019014359
B2323183730353N12154274WA0017300150004003019007354
B2323193730356N12154274WA0017200148004003018353347
B2323203730358N12154274WA0017000147004003017344355
B2323213730360N12154275WA0016900148004003004344000
B2323223730360N12154275WA0016900146004003006081055
B2323233730360N12154274WA0017000146004003004102054
B2323243730360N12154273WA0017000146004003004102030
B2323253730360N12154273WA0017000145004003001102028
B2323263730360N12154273WA0017000145004003001102022
B2323273730359N12154273WA0017000145004003000102017
B2323283730359N12154273WA0017000145004003000102018
B2323293730359N12154273WA0016900145004003000102013
B2323303730359N12154273WA0016900145004003000102011
B2323313730359N12154273WA0017000145004003000102008
B2323323730359N12154273WA0017000145004003000102006
B2323333730359N12154273WA0017000145004003000102005
B2323343730359N12154273WA0017000145004003000102004
B2323353730359N12154273WA0017000145004003000102002
B2323363730359N12154273WA0017000145004003000102002
B2323373730359N12154273WA0017000145004003000102002
B2323383730359N12154273WA0017000145004003000102001
B2323393730359N12154273WA0017000145004003000102001
B2323403730359N12154273WA0017000145004003000102001
B2323413730359N12154273WA0017000145004003000102000
B2323423730359N12154273WA0017000145004003000102000
B2323433730360N12154273WA0017000145004003000102000
B2323443730360N12154273WA0017000145004003000102000
B2323453730360N12154273WA0017000145004003000102000
B2323463730360N12154273WA0017000145004003001102000
B2323473730360N12154273WA0017000145004003000102004
B2323483730360N12154273WA0017000145004003000102006
B2323493730360N12154273WA0017000145004003000102011
B2323503730360N12154273WA0017000145004003000102014
B2323513730360N12154272WA0017000145004003000102014
B2323523730360N12154272WA0017000145004003000102016
B2323533730360N12154272WA0017000145004003000102016
B2323543730360N12154272WA0014500145004003000102015
Gq955E4re+8tnUxk7XxT/s+ktr4vPj7ym97cOPKydV03tvFqUCYmjy58UjIhd3lmZ
GaKMOj16bec7vxfio43wgzRlh6qwU9I9gqKvtahuYc6A/K02Hp3/ZN+03deExCKzK
GKfttt4rqfQzRzK7WrwXDiarWrL/gl+XXr24ZFUviA0w=
