AXFH000
HFDTE150826
HFPLTPILOT:KaranS
HFGTYGLIDERTYPE:Niviuk Hiko P
HFDTM100GPSDATUM:WGS84
HFRFWFIRMWAREVERSION:9.7
HFRHWHARDWAREVERSION:iPhone 17 Pro
HFFTYFRTYPE:Flyskyhy,9.7
HFGPS:Internal
HFPRSVARIO:XC Tracer
HFCCLCOMPETITIONCLASS:Paraglider
HFTZNTIMEZONE:-7
HFSITSITE:Mission Ridge (Fremont- San Jose),US
I053638FXA3941VXA4244GSP4547CCO4850HDT
C150826222406150826000109TASK
C0000000N00000000ETAKEOFF
C3645907N11905878W00010009999999000000360000STARTAREA DNLNCH
C3646886N11907285W00000000000400000000360000TURNAREA 49917
C3644816N11904600W00000000001000000000360000TURNAREA SONTAG
C3646886N11907285W00000000000400000000360000TURNAREA 49917
C3644411N11907767W00000000001500000000360000TURNAREA TURKEY
C3645907N11905878W00000000000400000000360000TURNAREA DNLNCH
C3643790N11908069W00000000001500000000360000TURNAREA GRNY
C3644227N11904779W00000000001000000000360000TURNAREA LASTCH
C3646886N11907285W00000000000400000000360000TURNAREA 49917
C3644153N11906286W00000000002000000000360000TURNAREA DNLPLZ
C3644153N11906286W00000000000400000000360000FINISHAREA DNLPLZ
C0000000N00000000ELANDING
E222434PEVBackground
B2224343731047N12153516WA0058500586001003001354074
B2224353731047N12153516WA0058500586001003001354059
B2224363731047N12153516WA0058500586001003000354073
B2224373731047N12153516WA0058500586001003000354067
B2224383731047N12153516WA0058500586001003001354055
B2224393731047N12153516WA0058500586001003000354052
B2224403731047N12153517WA0058500586001003001354052
B2224413731047N12153517WA0058500586001003000354063
B2224423731046N12153517WA0058500586001003000354045
B2224433731046N12153517WA0058500586002003000120083
B2224443731047N12153515WA0058600586002003005090102
B2224453731047N12153514WA0058600586002003005102043
B2224463731047N12153513WA0058600586002003005126180
B2224473731046N12153513WA0058600586002003004126191
B2224483731047N12153513WA0058400586002003003314207
B2224493731047N12153513WA0058500586002003001061219
B2224503731047N12153513WA0058500586002003001188167
B2224513731047N12153513WA0058500586002003001269171
B2224523731047N12153514WA0058600586002003003288221
B2224533731047N12153515WA0058500585002003004256238
B2224543731047N12153516WA0058400586002003005251216
B2224553731046N12153518WA0058300585002003006255218
B2224563731046N12153520WA0058300585002003006271214
B2224573731046N12153522WA0058400585002003008268240
B2224583731046N12153523WA0058500584002003008262191
B2224593731045N12153524WA0058400584002003007235167
B2225003731044N12153525WA0058200584002003009230190
B2225013731043N12153527WA0058100584003003009233209
B2225023731041N12153529WA0058100583002003010224232
B2225033731039N12153531WA0058100582003003011216221
B2225043731036N12153533WA0058000582003003015211234
B2225053731032N12153536WA0057900581003003017210275
B2225063731029N12153539WA0057800580002003017221308
B2225073731027N12153542WA0057800579002003017241329
B2225083731027N12153546WA0057700578002003017263330
B2225093731026N12153550WA0057600577004003019280334
B2225103731028N12153553WA0057500577004003023292336
B2225113731030N12153558WA0057500577004003023305338
B2225123731032N12153560WA0057700579004003023320337
B2225133731034N12153562WA0057800579004003018323346
B2225143731035N12153563WA0057800579004003010297343
B2225153731035N12153566WA0057700578004003016278349
B2225163731035N12153569WA0057800579004003016277352
B2225173731036N12153572WA0058000580004003016287353
B2225183731037N12153575WA0058200583004003016305354
B2225193731038N12153576WA0058400585004003008324354
B2225203731039N12153577WA0058600585004003008321356
B2225213731039N12153577WA0058600585004003006289357
B2225223731040N12153580WA0058500584004003006290358
B2225233731041N12153583WA0058400583004003014307358
B2225243731043N12153586WA0058500584004003021315358
B2225253731045N12153588WA0058700587004003021313358
B2225263731046N12153590WA0059000589004003017304358
B2225273731047N12153592WA0059200591004003014295359
B2225283731048N12153595WA0059400593004003014296359
B2225293731049N12153597WA0059700594004003014316356
B2225303731051N12153599WA0060000598004003018321358
B2225313731053N12153601WA0060300601004003018328357
B2225323731056N12153602WA0060600604004003018344357
B2225333731059N12153602WA0060800604004003017000353
B2225343731060N12153602WA0060900605004003011014352
B2225353731062N12153601WA0060800604004003011001353
B2225363731062N12153602WA0060600602004003006300354
B2225373731062N12153604WA0060400600004003006256356
B2225383731061N12153607WA0060200598004003014250357
B2225393731060N12153610WA0060100599004003015264357
B2225403731060N12153613WA0060000599005003015288358
B2225413731062N12153615WA0059900597004003014302358
B2225423731063N12153617WA0059700596004003014295358
B2225433731064N12153621WA0059600594004003017289359
B2225453731065N12153624WA0059400592004003020299359
B2225463731067N12153627WA0059300591004003022321357
B2225473731070N12153629WA0059200591004003022342355
B2225483731074N12153630WA0059100591004003022347355
B2225493731077N12153631WA0059000590004003021340357
B2225503731080N12153633WA0058900588004003023329357
B2225513731083N12153636WA0058700586004003023325358
B2225523731086N12153638WA0058600585004003025334357
B2225533731090N12153639WA0058600586003003025344358
B2225543731093N12153640WA0058600586004003020344358
B2225553731095N12153642WA0058600585004003020333358
B2225563731097N12153644WA0058600585004003019320359
B2225573731100N12153646WA0058600585004003019319359
B2225583731102N12153649WA0058700586004003021332359
B2225593731105N12153650WA0058900588004003020347357
B2226003731108N12153650WA0059000589004003022000356
B2226013731112N12153649WA0059100590004003022002352
B2226023731116N12153649WA0059100590004003024000354
B2226033731120N12153650WA0059200591004003024350354
B2226043731123N12153651WA0059300592004003023337353
B2226053731126N12153653WA0059400592004003023327353
B2226063731127N12153655WA0059400593004003018313354
B2226073731127N12153656WA0059500594004003011285355
B2226083731127N12153657WA0059500593004003006248356
B2226093731127N12153658WA0059400593004003005281358
B2226103731128N12153659WA0059300592004003011321359
B2226113731130N12153660WA0059300592004003011326355
B2226123731132N12153662WA0059400593004003014326353
B2226133731134N12153664WA0059500594004003017328353
B2226143731136N12153665WA0059600594004003016323356
B2226153731138N12153667WA0059600594004003016308356
B2226163731139N12153670WA0059600595004003015298357
B2226173731140N12153672WA0059700595004003014300358
B2226183731141N12153673WA0059800596004003013314358
B2226193731142N12153675WA0059700596004003011329358
B2226203731144N12153675WA0059600594004003013338359
B2226213731146N12153677WA0059500593004003013338359
B2226223731149N12153678WA0059400592004003017339359
B2226233731151N12153679WA0059400592004003019347359
B2226243731154N12153679WA0059400593004003016358359
B2226253731156N12153679WA0059400593004003016359359
B2226263731158N12153679WA0059400592004003013349359
B2226273731160N12153680WA0059300592004003013340359
B2226283731162N12153681WA0059300592004003014337356
B2226293731165N12153682WA0059400592004003017342356
B2226303731167N12153682WA0059400593004003018354353
B2226313731170N12153682WA0059500594004003018006340
B2226323731172N12153681WA0059600595004003018014342
B2226333731175N12153681WA0059600595004003017011345
B2226343731177N12153681WA0059700595004003014357347
B2226353731179N12153681WA0059700596004003014342351
B2226363731181N12153682WA0059800596004003014343353
B2226373731182N12153683WA0059800597005003012347354
B2226383731184N12153683WA0059900597004003010346356
B2226393731185N12153684WA0059900598004003012344351
B2226403731187N12153684WA0060000598004003015357351
B2226413731190N12153683WA0060100599004003015014349
B2226423731193N12153682WA0060100599004003018017351
B2226433731199N12153682WA0060200599004003017335351
B2226443731200N12153684WA0060200600004003017320352
B2226453731202N12153686WA0060400602004003017321354
B2226463731204N12153687WA0060600605004003016329356
B2226473731206N12153688WA0060900608004003015338357
B2226483731208N12153689WA0061200611005003010353357
B2226493731209N12153689WA0061400613004003010017358
B2226503731210N12153688WA0061600614004003008010358
B2226513731211N12153688WA0061700615004003008356358
B2226523731213N12153688WA0061800616004003009353358
B2226533731215N12153689WA0061900617004003013350359
B2226543731217N12153690WA0061900618004003013337359
B2226553731218N12153691WA0062000619004003012312359
B2226563731218N12153693WA0062100620004003010268359
B2226573731217N12153695WA0062200621004003010240359
B2226583731216N12153696WA0062300622004003012227359
B2226593731215N12153698WA0062400623004003012222359
B2227003731214N12153699WA0062500624004003010231359
B2227013731214N12153700WA0062600625004003008259359
B2227023731214N12153702WA0062700625004003008283359
B2227033731214N12153703WA0062700626004003010297359
B2227043731215N12153705WA0062800626004003010304359
B2227053731216N12153706WA0062900627004003009287359
B2227063731215N12153707WA0063000628004003009222359
B2227073731213N12153708WA0062900627004003009193000
B2227083731208N12153708WA0062900627004003033174000
B2227093731203N12153707WA0063000628004003039154000
B2227103731198N12153702WA0063200630004003039139000
B2227113731195N12153696WA0063400632004003039122000
B2227123731193N12153689WA0063500633004003039113000
B2227133731191N12153682WA0063600633004003043106000
B2227143731190N12153673WA0063600633005003047095000
B2227153731191N12153664WA0063500632004003047077358
B2227163731195N12153657WA0063400631004003047050347
B2227173731200N12153653WA0063400630007003046023343
B2227183731205N12153651WA0063400631004003024003341
B2227193731207N12153652WA0063500632004003024342345
B2227203731208N12153652WA0063700635004003009337352
B2227213731208N12153652WA0063800636004003005006354
B2227223731210N12153652WA0063900637004003005012352
B2227233731211N12153652WA0064000637004003011356353
B2227243731213N12153653WA0064000637004003011326354
B2227253731213N12153654WA0064000638005003009309356
B2227263731214N12153655WA0064100639004003009322356
B2227273731215N12153656WA0064200639004003008349357
B2227283731216N12153656WA0064200640004003006355357
B2227293731217N12153656WA0064200639004003006355357
B2227303731217N12153656WA0064100638004003004355357
B2227313731217N12153657WA0063900636004003004230358
B2227323731215N12153658WA0063800635004003005223358
B2227333731214N12153660WA0063700635004003012229358
B2227343731213N12153661WA0063800636004003012189359
B2227353731212N12153660WA0063900637004003012147359
B2227363731210N12153659WA0063800636003003012151359
B2227373731207N12153657WA0063700636004003017158359
B2227383731204N12153657WA0063700636004003020181359
B2227393731202N12153658WA0063700637004003020202359
B2227403731201N12153659WA0063900639004003014240359
B2227413731201N12153659WA0064100642004003005240359
B2227423731202N12153660WA0064300641004003005040359
B2227433731203N12153658WA0064300641004003008054359
B2227443731203N12153658WA0064200639004003008034359
B2227453731204N12153658WA0063900638004003008304359
B2227463731205N12153660WA0063800638004003011280359
B2227473731205N12153664WA0064000641004003016240359
B2227483731202N12153666WA0064300644004003018199000
B2227493731199N12153667WA0064700645004003024167000
B2227513731195N12153665WA0065100649004003024161359
B2227523731192N12153663WA0065400649004003024157359
B2227533731189N12153661WA0065700652004003021148359
B2227543731187N12153659WA0065900655004003021151000
B2227553731184N12153657WA0066000655004003018154359
B2227563731182N12153656WA0066000655004003017155000
B2227573731180N12153654WA0065900655004003017160000
B2227583731176N12153653WA0065900655004003024163000
B2227593731172N12153651WA0065900656004003028159000
B2228003731168N12153648WA0066000658004003028146000
B2228013731164N12153644WA0066100659004003033134000
B2228023731160N12153637WA0066200660004003040123000
B2228033731156N12153629WA0066300660004003047116000
B2228043731154N12153621WA0066400661004003047114000
B2228053731151N12153615WA0066400661004003041116000
B2228063731148N12153608WA0066300660004003040120000
B2228073731145N12153601WA0066200660004003040123000
B2228083731141N12153594WA0066200660004003045124000
B2228093731137N12153588WA0066200660004003045126000
B2228103731133N12153581WA0066200660004003043127000
B2228113731129N12153575WA0066200661004003041127000
B2228123731126N12153569WA0066200661004003041125000
B2228133731122N12153562WA0066200660004003043123000
B2228143731118N12153555WA0066200660004003045124000
B2228153731115N12153549WA0066200661004003043126000
B2228163731111N12153543WA0066300661004003043128000
B2228173731107N12153537WA0066300662004003041129000
B2228183731104N12153532WA0066300662004003035131000
B2228193731100N12153528WA0066300661004003035132000
B2228203731097N12153523WA0066100660004003034132000
B2228213731094N12153518WA0066000659004003034131000
B2228223731090N12153513WA0065800659004003036130000
B2228233731087N12153508WA0065800658004003037128000
B2228243731084N12153502WA0065700658004003037123000
B2228253731081N12153496WA0065600657004003036120000
B2228263731078N12153491WA0065500656004003035121000
B2228273731075N12153485WA0065400654004003035122000
B2228283731072N12153480WA0065300653004003034124000
B2228293731069N12153475WA0065200651004003034127000
B2228303731066N12153470WA0065000649004003034131000
B2228313731062N12153465WA0064800647004003035134000
B2228323731058N12153461WA0064600645004003035136000
B2228333731055N12153457WA0064500644004003032138000
B2228343731051N12153453WA0064300642004003032142000
B2228353731047N12153450WA0064200641004003031143000
B2228363731044N12153446WA0064000640004003031142000
B2228373731040N12153442WA0063900640004003031141000
B2228383731035N12153437WA0063800639004003039144000
B2228393731030N12153433WA0063800639004003040146000
B2228403731025N12153429WA0063900640004003039145000
B2228413731020N12153425WA0064000640004003038141000
B2228423731016N12153420WA0064000640004003038137000
B2228433731013N12153415WA0063900639004003036139000
B2228443731003N12153408WA0063700637004003037148000
B2228453730998N12153403WA0063700637003003040145000
B2228463730993N12153398WA0063700637003003041141000
B2228473730989N12153393WA0063800638004003041136000
B2228483730984N12153387WA0063800638004003041131000
B2228493730981N12153381WA0063900639004003041122000
B2228503730978N12153374WA0064000640004003041113000
B2228513730976N12153367WA0064000640004003041111000
B2228523730974N12153360WA0064000639004003036117000
B2228533730970N12153355WA0063800637004003036131000
B2228543730967N12153351WA0063700638004003034142000
B2228553730963N12153347WA0063700637004003033144000
B2228563730960N12153344WA0063700637004003032140000
B2228573730956N12153340WA0063700638005003030135000
B2228583730953N12153336WA0063800638004003033133000
B2228593730950N12153332WA0063900640004003032130000
B2229003730947N12153327WA0064000641005003032128000
B2229013730944N12153323WA0064100641004003030130000
B2229023730941N12153319WA0064100641004003033135000
B2229033730937N12153314WA0064100641004003037137000
B2229043730932N12153309WA0064200643004003037133000
B2229053730929N12153304WA0064500645004003037129000
B2229063730926N12153299WA0064600647005003036129000
B2229073730924N12153296WA0064700646004003020136000
B2229083730921N12153294WA0064700647004003020145000
B2229093730919N12153292WA0064700646004003020147000
B2229103730915N12153289WA0064700646004003023142000
B2229113730912N12153285WA0064600646004003029136000
B2229123730908N12153280WA0064600646004003034132000
B2229133730905N12153275WA0064700647004003034129000
B2229143730902N12153270WA0064800648004003034128000
B2229153730899N12153265WA0064800649004003034124000
B2229163730896N12153260WA0064900649004003033119000
B2229173730894N12153254WA0064900649004003034114000
B2229183730892N12153248WA0064800649004003036115000
B2229193730889N12153242WA0064800648004003036121000
B2229203730886N12153237WA0064800648004003036130000
B2229213730883N12153233WA0064900649004003033133000
B2229223730881N12153229WA0064900649004003025127000
B2229233730878N12153225WA0064800648004003027127000
B2229243730875N12153221WA0064700647004003027129000
B2229253730872N12153215WA0064700646004003034129000
B2229263730868N12153209WA0064700647004003039130000
B2229273730864N12153204WA0064700648004003036130000
B2229283730861N12153199WA0064800648004003036126000
B2229293730858N12153194WA0064800647004003034121000
B2229303730856N12153188WA0064600646004003034120000
B2229313730852N12153181WA0064500644004003036122000
B2229323730849N12153174WA0064500645004003046132000
B2229333730844N12153169WA0064500645004003046137000
B2229343730839N12153164WA0064600646004003041137000
B2229353730835N12153159WA0064600646004003039135000
B2229363730832N12153154WA0064600646004003037130000
B2229373730828N12153149WA0064500645004003034131000
B2229383730825N12153145WA0064400644004003034137000
B2229393730820N12153141WA0064300643004003034144000
B2229403730816N12153137WA0064300642004003036148000
B2229413730811N12153134WA0064300642005003036156359
B2229423730807N12153133WA0064200641004003028177359
B2229433730803N12153135WA0064000639005003028212359
B2229443730801N12153139WA0063900638004003026249359
B2229453730802N12153144WA0063800637004003024285359
B2229463730803N12153147WA0063800638004003023312359
B2229473730805N12153148WA0063900638004003016333359
B2229483730807N12153150WA0063800637004003016327359
B2229493730809N12153151WA0063800637004003013312359
B2229503730810N12153154WA0063700636004003013297359
B2229513730811N12153157WA0063700635004003015304359
B2229523730813N12153159WA0063600635004003021317359
B2229533730816N12153162WA0063600635004003022323359
B2229543730819N12153165WA0063700636004003022319359
B2229553730821N12153168WA0063800638004003023316359
B2229573730824N12153170WA0064000640004003022321359
B2229583730826N12153172WA0064300642004003022330359
B2229593730829N12153174WA0064400642004003019343359
B2230003730832N12153174WA0064400641004003019357359
B2230013730835N12153174WA0064400641004003020354359
B2230023730838N12153175WA0064400641004003020334359
B2230033730840N12153177WA0064400641004003020325359
B2230043730843N12153179WA0064400642004003019328359
B2230053730845N12153181WA0064500643004003019333359
B2230063730847N12153182WA0064500643004003018338359
B2230073730850N12153183WA0064400642004003020337359
B2230083730853N12153185WA0064500643004003020326359
B2230093730855N12153188WA0064600644004003022315359
B2230103730857N12153191WA0064900645004003022318359
B2230113730859N12153192WA0065200649004003010326359
B2230123730859N12153193WA0065400651004003010320359
B2230133730860N12153194WA0065500651004003010303359
B2230143730862N12153196WA0065600651004003011303359
B2230153730863N12153199WA0065600652004003017307359
B2230163730866N12153203WA0065700653005003024312359
B2230173730868N12153206WA0065800654004003024322359
B2230183730872N12153208WA0065800655004003024334359
B2230193730875N12153209WA0065800655004003024345359
B2230203730879N12153210WA0065900656004003026348359
B2230213730884N12153211WA0066000656004003027346359
B2230223730887N12153213WA0066100658004003027336359
B2230233730888N12153215WA0066200659004003021308359
B2230243730889N12153217WA0066200658004003013256000
B2230253730887N12153219WA0066200658004003013212000
B2230263730884N12153219WA0066200659004003019181000
B2230273730881N12153218WA0066300660004003022151000
B2230283730878N12153214WA0066300660004003022130000
B2230293730876N12153210WA0066200660004003025122000
B2230303730874N12153205WA0066200659004003028122000
B2230313730871N12153200WA0066200659004003034122000
B2230323730868N12153194WA0066200659004003037119000
B2230333730866N12153188WA0066300661004003037116000
B2230343730863N12153182WA0066400663004003037118000
B2230353730860N12153176WA0066500664004003036124000
B2230363730857N12153171WA0066700665004003035130000
B2230373730853N12153166WA0066800667004003037132000
B2230383730850N12153161WA0067100670004003037127000
B2230393730847N12153155WA0067500673004003037124000
B2230403730844N12153151WA0067800676004003034137000
B2230413730840N12153148WA0068000678005003029158000
B2230423730836N12153147WA0068200681004003030167000
B2230433730831N12153146WA0068500684004003029160000
B2230443730828N12153143WA0068800687004003029145000
B2230453730821N12153135WA0069200691004003031136000
B2230463730817N12153130WA0069300692004003035133000
B2230473730814N12153125WA0069500694004003035131000
B2230483730810N12153119WA0069700696004003037131000
B2230493730806N12153114WA0069900698004003037133000
B2230503730803N12153110WA0070100701004003034134000
B2230513730799N12153105WA0070300702004003034131000
B2230523730796N12153100WA0070500704004003033127000
B2230533730793N12153095WA0070700706004003033127000
B2230543730790N12153090WA0070900707004003034136000
B2230553730786N12153086WA0071100710004003034137000
B2230563730782N12153081WA0071400712004003036132000
B2230573730779N12153076WA0071700713004003036123000
B2230583730776N12153069WA0071900713004003039119000
B2230593730772N12153062WA0072200717004003040121000
B2231003730769N12153056WA0072400719004003043125000
B2231013730765N12153049WA0072600722004003043129000
B2231023730761N12153044WA0072800725004003041130000
B2231033730757N12153038WA0073000727004003041130000
B2231043730753N12153032WA0073200729004003040129000
B2231053730749N12153026WA0073400732004003038130000
B2231063730746N12153021WA0073700734004003038130000
B2231073730743N12153017WA0073800736004003034129000
B2231083730740N12153012WA0074000738004003033126000
B2231093730737N12153006WA0074100739004003033122000
B2231103730734N12153000WA0074200740004003041120000
B2231113730731N12152993WA0074200740004003043121000
B2231123730727N12152986WA0074300742004003043120000
B2231133730724N12152979WA0074500743004003043116000
B2231143730722N12152972WA0074800746005003042115000
B2231153730719N12152965WA0075100749004003039116000
B2231163730716N12152959WA0075400752004003039117000
B2231173730714N12152953WA0075600753004003038116000
B2231183730712N12152946WA0075900756004003037111000
B2231193730711N12152940WA0076100759004003036103000
B2231203730710N12152934WA0076300761004003031097000
B2231213730709N12152929WA0076400762004003031106000
B2231223730708N12152925WA0076300761004003025137359
B2231233730705N12152924WA0076100758004003021171359
B2231243730702N12152924WA0076000759004003021213359
B2231253730699N12152927WA0076000760004003018256359
B2231263730700N12152931WA0076200762004003018288359
B2231273730701N12152934WA0076300763004003016305359
B2231283730703N12152937WA0076300763004003016306359
B2231293730704N12152939WA0076400763004003016300359
B2231303730706N12152943WA0076400764004003023301359
B2231313730708N12152947WA0076600766004003026308359
B2231323730711N12152950WA0076900769004003026319359
B2231333730715N12152954WA0077200770004003026330359
B2231343730717N12152955WA0077500774004003024341359
B2231353730720N12152955WA0077700774004003010337359
B2231363730721N12152956WA0077700773004003011313359
B2231373730722N12152958WA0077700772004003011306359
B2231383730724N12152961WA0077600772004003018311359
B2231393730727N12152964WA0077600773004003023320359
B2231403730730N12152967WA0077700774004003024333359
B2231413730734N12152968WA0077700774004003025347359
B2231423730738N12152969WA0077600774004003025346359
B2231433730742N12152971WA0077600773004003029335359
B2231443730747N12152974WA0077600774004003033331359
B2231453730751N12152977WA0077800775004003026325359
B2231463730753N12152979WA0078000777004003026312359
B2231473730753N12152981WA0078000776004003015254359
B2231483730752N12152983WA0078000775006003014218359
B2231493730749N12152984WA0077800774004003014195000
B2231503730746N12152984WA0077800774004003022168000
B2231513730742N12152981WA0077700774004003030144000
B2231523730739N12152976WA0077700774004003030124000
B2231533730736N12152969WA0077700775004003036114000
B2231543730734N12152963WA0077900776004003036111000
B2231553730732N12152957WA0078200779004003034109000
B2231563730731N12152951WA0078400781004003035108000
B2231573730729N12152945WA0078600784005003034107000
B2231583730728N12152939WA0078800787004003033107000
B2231593730726N12152933WA0079100790004003033107000
B2232003730725N12152927WA0079500791004003037106000
B2232023730723N12152921WA0079800791004003037105000
B2232033730722N12152915WA0080000794004003037109000
B2232043730719N12152909WA0080200797004003035118000
B2232053730716N12152904WA0080300799004003032128000
B2232063730713N12152900WA0080400801004003032139000
B2232073730710N12152897WA0080500803004003029142000
B2232083730707N12152895WA0080700804004003025145359
B2232093730705N12152893WA0080700804004003021169359
B2232103730702N12152894WA0080600803004003020206359
B2232113730699N12152896WA0080600804004003028246359
B2232123730698N12152902WA0080700806005003028268359
B2232133730699N12152908WA0081000809004003028275359
B2232143730699N12152913WA0081200812004003027276359
B2232153730700N12152917WA0081400815004003023280359
B2232163730701N12152922WA0081700818004003026290359
B2232173730703N12152927WA0082100821004003026297359
B2232183730705N12152932WA0082400822004003026310359
B2232193730708N12152935WA0082700822004003026315359
B2232203730711N12152938WA0082900822004003020319359
B2232213730713N12152940WA0083100824004003020317359
B2232223730715N12152943WA0083100826004003020311359
B2232233730717N12152946WA0083200827004003022306359
B2232243730719N12152950WA0083200828004003025300359
B2232253730721N12152954WA0083200829004003023295359
B2232263730722N12152958WA0083200829004003023297359
B2232273730724N12152961WA0083100829004003021300359
B2232283730725N12152964WA0083000828004003020291359
B2232293730726N12152966WA0082800828004003017258359
B2232303730724N12152969WA0082600825004003017231359
B2232313730721N12152971WA0082400823004003021205359
B2232323730717N12152972WA0082200821004003021185359
B2232333730713N12152972WA0082000820004003027177359
B2232343730708N12152971WA0082000821004003030171000
B2232353730704N12152970WA0082000822004003028164359
B2232363730700N12152968WA0082200823004003028155359
B2232373730697N12152966WA0082200824004003024156359
B2232383730694N12152964WA0082300824004003024159000
B2232393730691N12152963WA0082300824004003023160000
B2232403730688N12152962WA0082100823004003020157000
B2232413730685N12152960WA0081800821004003020151000
B2232423730683N12152959WA0081600818004003018149000
B2232433730680N12152957WA0081300815004003018154000
B2232443730677N12152955WA0081000812004003021163000
B2232453730673N12152955WA0080700810004003024174000
B2232463730670N12152954WA0080600810004003024173359
B2232473730663N12152953WA0080600811004003022169359
B2232483730660N12152952WA0080600810004003020177359
B2232493730658N12152953WA0080500809004003018186359
B2232503730655N12152953WA0080300806004003021189359
B2232513730651N12152954WA0080100804004003021184359
B2232523730648N12152954WA0080000803004003024174000
B2232533730644N12152953WA0079900804004003025165000
B2232543730640N12152951WA0080000804004003030159359
B2232553730635N12152948WA0080100806004003032153359
B2232563730632N12152946WA0080400808004003030152359
B2232573730628N12152943WA0080500808004003028164359
B2232583730626N12152943WA0080500807004003019190359
B2232593730624N12152944WA0080500806004003017194359
B2233003730621N12152945WA0080300805004003022194359
B2233013730617N12152947WA0080200804004003022196359
B2233023730614N12152948WA0080300805004003027198359
B2233033730610N12152950WA0080400806004003027197359
B2233043730606N12152951WA0080500807004003026195359
B2233053730602N12152952WA0080600808004003026191359
B2233063730598N12152953WA0080600809004003026188359
B2233073730594N12152954WA0080800810004003027189359
B2233083730589N12152955WA0080900812004003030193359
B2233093730585N12152957WA0081100814004003028200359
B2233103730582N12152959WA0081300816004003028211359
B2233113730579N12152962WA0081400817004003023216359
B2233123730577N12152964WA0081500817004003022223359
B2233133730574N12152968WA0081500817004003022230359
B2233143730572N12152971WA0081400817004003025227359
B2233153730569N12152974WA0081400816004003027209359
B2233163730565N12152975WA0081400816004003027184000
B2233173730560N12152974WA0081200814004003029157000
B2233183730555N12152971WA0081000814004003034126000
B2233193730551N12152964WA0080800813004003039103000
B2233203730553N12152956WA0080700811004003041068000
B2233213730557N12152950WA0080500810005003039043355
B2233223730563N12152947WA0080400809007003038013345
B2233233730568N12152946WA0080400808004003035335342
B2233243730573N12152950WA0080300807004003027306340
B2233253730574N12152955WA0080300807004003027274341
B2233263730573N12152959WA0080200805004003024248343
B2233273730571N12152964WA0080100804004003024238347
B2233283730569N12152968WA0079900803004003024237350
B2233293730567N12152972WA0079800801004003025231350
B2233303730564N12152974WA0079700799004003025211352
B2233313730561N12152975WA0079500798004003022187006
B2233323730557N12152975WA0079400796004003022174005
B2233333730553N12152974WA0079200795004003024173356
B2233343730548N12152973WA0079200794004003032169356
B2233353730544N12152971WA0079100794004003032160356
B2233363730540N12152969WA0079100793004003030153002
B2233373730536N12152966WA0078900791004003030154357
B2233383730532N12152964WA0078700789004003030158001
B2233393730527N12152962WA0078600787004003036159001
B2233403730522N12152959WA0078400786004003037155000
B2233413730517N12152955WA0078300785004003037146000
B2233423730512N12152951WA0078300785004003037137000
B2233433730509N12152946WA0078200785004003037129000
B2233443730506N12152940WA0078200785004003034125000
B2233453730503N12152935WA0078200784004003034125000
B2233463730500N12152930WA0078100783004003033131000
B2233473730496N12152926WA0077900781004003033136000
B2233483730492N12152922WA0077800780004003034140000
B2233493730488N12152917WA0077700779004003036141000
B2233503730484N12152913WA0077700780004003037139000
B2233513730480N12152908WA0077900782004003036136000
B2233523730476N12152904WA0078000783004003036130000
B2233533730473N12152898WA0078100784004003035127000
B2233543730469N12152893WA0078200785004003039128000
B2233553730466N12152887WA0078300786004003041124000
B2233563730463N12152880WA0078500788004003039122000
B2233573730460N12152875WA0078700790004003039131359
B2233583730457N12152872WA0078700789005003031164359
B2233593730452N12152871WA0078600788004003031189359
B2234003730447N12152873WA0078600789004003031195359
B2234013730443N12152875WA0078600789004003031188000
B2234023730438N12152875WA0078800791004003031176000
B2234033730433N12152874WA0079000791004003031162000
B2234043730429N12152872WA0079000792004003029151000
B2234053730425N12152869WA0079000792004003031153000
B2234063730421N12152867WA0078900791004003031154000
B2234083730417N12152864WA0078900791004003032152000
B2234093730412N12152861WA0078800790004003031149000
B2234103730409N12152858WA0078600788004003031146000
B2234113730405N12152854WA0078400786004003031143000
B2234123730401N12152850WA0078200783004003032139000
B2234133730397N12152846WA0078000783004003035134000
B2234143730393N12152841WA0077800781004003036129000
B2234153730390N12152835WA0077600779004003036126000
B2234163730387N12152830WA0077400777004003035127000
B2234173730384N12152825WA0077100774004003035128000
B2234183730380N12152819WA0076900771004003036132000
B2234193730376N12152814WA0076700769004003039137000
B2234203730371N12152809WA0076600769004003039139000
B2234213730367N12152805WA0076600770004003038137000
B2234223730364N12152800WA0076600770004003036133000
B2234233730361N12152796WA0076600770004003033131000
B2234243730357N12152791WA0076500768004003033130000
B2234253730354N12152787WA0076500768004003035131000
B2234263730351N12152781WA0076300766004003035130000
B2234273730347N12152776WA0076200765004003036130000
B2234283730343N12152770WA0076100764004003038129000
B2234293730340N12152765WA0076000763004003038128000
B2234303730336N12152760WA0076000763004003038131000
B2234313730332N12152755WA0075900762004003036137000
B2234323730328N12152751WA0075900761004003036143000
B2234333730324N12152747WA0075800760004003034148000
B2234343730319N12152745WA0075700759004003035154000
B2234353730314N12152742WA0075500758004003036158000
B2234363730309N12152740WA0075400756004003036160000
B2234373730304N12152738WA0075300755004003036163000
B2234383730299N12152736WA0075200755004003034170359
B2234393730294N12152736WA0075100754004003029173000
B2234403730288N12152735WA0074900751004003023176359
B2234413730284N12152735WA0074600748004003023183359
B2234423730280N12152736WA0074300746004003024186359
B2234433730276N12152736WA0074100743004003031185359
B2234443730271N12152737WA0074000742004003032181359
B2234453730266N12152737WA0074000742004003031179359
B2234463730262N12152737WA0074000742004003031179359
B2234473730259N12152737WA0073900742004003027182359
B2234483730255N12152737WA0073900740004003024185359
B2234493730251N12152738WA0073700739004003026187359
B2234503730247N12152739WA0073600738004003026189359
B2234513730243N12152740WA0073500737004003027191359
B2234523730239N12152741WA0073400735004003027193359
B2234533730235N12152742WA0073300734004003029194359
B2234543730231N12152744WA0073200733004003029194359
B2234553730227N12152745WA0073000732004003029195359
B2234563730222N12152746WA0073000731004003029195359
B2234573730218N12152749WA0073100732004003030206359
B2234583730214N12152752WA0073100732004003028220359
B2234593730212N12152755WA0073200733004003028222359
B2235003730209N12152758WA0073200734004003024208359
B2235013730205N12152759WA0073200733004003024195359
B2235023730201N12152760WA0073100732004003026194359
B2235033730197N12152762WA0073000731004003029198359
B2235043730193N12152764WA0073000731004003029203359
B2235053730190N12152766WA0073000731004003027206359
B2235063730187N12152768WA0072900730004003025210359
B2235073730184N12152770WA0072900730004003022216359
B2235083730181N12152773WA0072800729004003023219359
B2235093730179N12152776WA0072800730004003028217359
B2235103730175N12152779WA0073000731004003028214359
B2235113730172N12152782WA0073200733004003028214359
B2235123730169N12152785WA0073400735004003026215359
B2235133730166N12152787WA0073400734004003021219359
B2235143730164N12152790WA0073300732004003021221359
B2235153730162N12152792WA0073100731004003019226359
B2235163730160N12152795WA0073000730004003019229359
B2235173730158N12152798WA0073000729004003021224359
B2235183730155N12152801WA0072900729004003025217359
B2235193730152N12152804WA0073000730004003025214359
B2235203730150N12152805WA0073100731004003023208359
B2235213730148N12152807WA0073100732004003018201359
B2235223730145N12152808WA0073100731004003016206359
B2235233730143N12152809WA0073000730004003018215359
B2235243730141N12152812WA0072800728004003020221359
B2235253730139N12152815WA0072600726004003020225359
B2235263730136N12152818WA0072500724004003022229359
B2235273730134N12152821WA0072300723004003022230359
B2235283730132N12152824WA0072200722004003021229359
B2235293730130N12152827WA0072100721004003021229359
B2235303730129N12152830WA0072000720004003020236359
B2235313730128N12152833WA0071800718004003019246359
B2235323730127N12152836WA0071700717004003017255359
B2235333730126N12152839WA0071500715004003017256359
B2235343730126N12152842WA0071300713004003019254359
B2235353730125N12152846WA0071200713004003019246359
B2235363730123N12152850WA0071200713004003022240359
B2235373730121N12152853WA0071200714003003022236359
B2235383730120N12152856WA0071300714003003019234359
B2235393730118N12152859WA0071300714004003019237359
B2235403730117N12152862WA0071300714004003018243359
B2235413730116N12152865WA0071400715004003018246359
B2235423730115N12152868WA0071400715004003019248359
B2235433730114N12152872WA0071400714004003018251359
B2235443730113N12152875WA0071400715004003018259359
B2235453730113N12152878WA0071400715004003018269359
B2235463730113N12152882WA0071400715004003018272359
B2235473730113N12152885WA0071400715004003019269359
B2235483730113N12152890WA0071500715004003022265359
B2235493730113N12152893WA0071500716004003022262359
B2235503730112N12152897WA0071600717004003020262359
B2235513730112N12152900WA0071700717004003018266359
B2235523730112N12152903WA0071700717004003015273359
B2235533730112N12152905WA0071600717004003012279359
B2235543730113N12152907WA0071500715004003014283359
B2235553730113N12152911WA0071500715004003014279359
B2235563730113N12152915WA0071500715004003019270359
B2235573730113N12152919WA0071600716004003023263359
B2235583730113N12152923WA0071700717004003022262359
B2235593730112N12152927WA0071800717004003022265359
B2236003730113N12152930WA0071800717004003019274359
B2236013730113N12152934WA0071800717004003019284359
B2236023730114N12152938WA0071800718004003019292359
B2236033730115N12152942WA0072000721004003024295359
B2236043730117N12152946WA0072300724004003024294359
B2236053730118N12152950WA0072600726005003023287359
B2236063730119N12152953WA0072800728004003020284359
B2236073730119N12152956WA0072800728004003019292359
B2236083730121N12152960WA0072800728004003023303359
B2236093730123N12152964WA0072800728004003024291359
B2236103730122N12152968WA0072900729004003024257359
B2236113730120N12152972WA0073100730004003024219359
B2236123730116N12152974WA0073200730004003028187000
B2236143730111N12152973WA0073300731004003035165000
B2236153730106N12152969WA0073300732004003039143000
B2236163730103N12152963WA0073300732004003039117000
B2236173730100N12152956WA0073400732004003040081000
B2236183730103N12152949WA0073400733004003037059351
B2236193730107N12152945WA0073500734004003037032346
B2236203730111N12152944WA0073600736004003030011346
B2236213730114N12152944WA0073700737004003026357347
B2236223730117N12152944WA0073700737004003021349350
B2236233730120N12152945WA0073700737004003019346353
B2236243730123N12152946WA0073700737004003022350354
B2236253730127N12152947WA0073700738004003022354356
B2236263730130N12152947WA0073800738004003024357357
B2236273730134N12152947WA0073900739004003025358357
B2236283730138N12152947WA0074000740004003025356357
B2236293730141N12152948WA0074100741004003024352357
B2236303730144N12152948WA0074100742004003023342357
B2236313730147N12152950WA0074200743004003021322357
B2236323730149N12152953WA0074200743004003020296357
B2236333730149N12152957WA0074300743004003023272358
B2236343730148N12152961WA0074400745004003023246358
B2236353730146N12152964WA0074500746004003023222358
B2236363730142N12152967WA0074600746004003025203358
B2236373730138N12152968WA0074600745004003031188001
B2236383730132N12152968WA0074500745005003036173000
B2236393730127N12152964WA0074400744005003036150000
B2236403730122N12152960WA0074300744005003040119000
B2236413730123N12152944WA0074200743004003040074001
B2236423730125N12152937WA0074200743004003040052358
B2236433730129N12152932WA0074200743004003037038353
B2236443730134N12152929WA0074200743004003036024343
B2236453730139N12152927WA0074200743004003034010349
B2236463730144N12152927WA0074300744004003032000346
B2236473730149N12152928WA0074500746004003032355350
B2236483730152N12152928WA0074600748004003029357002
B2236493730155N12152928WA0074700748004003022008358
B2236503730157N12152927WA0074700747004003018016355
B2236513730161N12152926WA0074500745004003021012341
B2236523730164N12152926WA0074300743004003024000337
B2236533730168N12152926WA0074100741004003024348336
B2236543730172N12152928WA0073900739004003026337342
B2236553730175N12152931WA0073800738004003026329340
B2236563730178N12152933WA0073700737004003021328342
B2236573730181N12152935WA0073500735004003021328349
B2236583730183N12152936WA0073300733004003019329351
B2236593730185N12152938WA0073000730004003017327351
B2237003730187N12152940WA0072700726004003017319351
B2237013730189N12152944WA0072300723004003023302350
B2237023730190N12152948WA0072000719004003023273350
B2237033730189N12152952WA0071700716004003023240351
B2237043730185N12152956WA0071300712004003026216352
B2237053730181N12152958WA0071000710004003030202006
B2237063730176N12152960WA0070800708004003034192005
B2237073730171N12152961WA0070600706004003034183004
B2237083730166N12152960WA0070400704004003034176003
B2237093730161N12152959WA0070200702004003033170003
B2237103730156N12152958WA0070000700004003033166002
B2237113730151N12152956WA0069800698004003034164357
B2237123730146N12152954WA0069600696005003034163001
B2237133730141N12152953WA0069400694004003034166001
B2237143730136N12152952WA0069300692004003034170001
B2237153730131N12152951WA0069200691004003035170000
B2237163730126N12152949WA0069100691004003034168000
B2237173730121N12152948WA0069000691004003034170359
B2237183730117N12152948WA0068900690004003032185359
B2237193730112N12152949WA0068700688004003031207359
B2237203730109N12152952WA0068400688003003030237359
B2237213730107N12152958WA0068200686004003027255359
B2237223730107N12152963WA0068100685004003027273359
B2237233730108N12152967WA0068100685005003023282359
B2237243730109N12152971WA0068000684004003020283359
B2237253730110N12152975WA0068000684004003020280359
B2237263730110N12152979WA0068000683004003021281359
B2237273730111N12152983WA0068000683004003021283359
B2237283730112N12152986WA0068100684004003019290359
B2237293730113N12152989WA0068100683004003019298359
B2237303730115N12152993WA0068100682004003020301359
B2237313730117N12152997WA0068100682004003024301359
B2237323730119N12153001WA0068100682004003024301359
B2237333730121N12153004WA0068000682004003024303359
B2237343730123N12153008WA0068000681004003023306359
B2237353730125N12153011WA0067900680004003022309359
B2237363730127N12153014WA0067800679004003020311359
B2237373730129N12153017WA0067700677004003021311359
B2237383730131N12153020WA0067500676004003021306359
B2237393730133N12153024WA0067400674004003022302359
B2237403730135N12153027WA0067200673004003023303359
B2237413730137N12153031WA0067100672004003022302359
B2237423730138N12153034WA0067100671004003022299359
B2237433730139N12153037WA0066900669004003020294359
B2237443730140N12153040WA0066700667004003017288359
B2237453730141N12153043WA0066600665004003017283359
B2237463730142N12153047WA0066400663004003019285359
B2237473730143N12153050WA0066200661004003019295359
B2237483730144N12153053WA0066000659004003019303359
B2237493730146N12153055WA0065800657004003017305359
B2237503730147N12153058WA0065500654004003017303359
B2237513730149N12153061WA0065200651004003022306359
B2237523730151N12153065WA0065000649004003023310359
B2237533730153N12153067WA0065000650004003022312359
B2237543730155N12153070WA0064900649004003019308359
B2237553730156N12153072WA0064700646004003015294359
B2237563730156N12153074WA0064400643004003015278359
B2237573730156N12153078WA0064100640004003019268359
B2237583730156N12153082WA0063800637004003019261359
B2237593730155N12153086WA0063600637004003023264359
B2238003730155N12153091WA0063500636004003023270359
B2238013730155N12153094WA0063500637005003016264359
B2238023730154N12153096WA0063500637004003016245359
B2238033730154N12153098WA0063600636004003013243359
B2238043730153N12153101WA0063500635004003013262359
B2238053730153N12153105WA0063400634004003017277359
B2238063730154N12153109WA0063500635004003023273359
B2238073730153N12153114WA0063500636004003023257359
B2238083730152N12153118WA0063600636004003023250359
B2238093730151N12153122WA0063600637004003023259359
B2238103730151N12153126WA0063700637004003021270359
B2238113730151N12153130WA0063700637004003023269359
B2238123730151N12153135WA0063700638004003026256359
B2238133730148N12153139WA0063900640004003026227359
B2238143730144N12153141WA0064200642004003028198000
B2238153730139N12153141WA0064300643004003030171000
B2238163730134N12153139WA0064500643004003041145000
B2238173730130N12153133WA0064600645004003046125000
B2238183730126N12153125WA0064700645004003046102000
B2238203730128N12153115WA0064800645004003049071001
B2238213730132N12153108WA0064900647004003045047353
B2238223730137N12153102WA0065100647004003045015345
B2238233730142N12153102WA0065300650004003032350342
B2238243730145N12153104WA0065400650004003023309342
B2238253730145N12153108WA0065500650005003020278348
B2238263730146N12153112WA0065500651004003023283354
B2238273730147N12153116WA0065600652004003023296352
B2238283730149N12153119WA0065800654004003021314348
B2238293730152N12153121WA0066000657004003019319347
B2238303730153N12153124WA0066100658004003018293344
B2238313730154N12153127WA0066200658004003018249344
B2238323730151N12153130WA0066300658004003026212344
B2238333730147N12153132WA0066400659004003026177009
B2238343730141N12153129WA0066600662004003035147006
B2238353730138N12153122WA0066900664004003037114004
B2238363730137N12153113WA0067100667004003047094001
B2238373730137N12153105WA0067400668004003047074004
B2238383730139N12153099WA0067600671004003038062001
B2238393730144N12153091WA0068000675004003025045352
B2238403730147N12153088WA0068000675004003027034349
B2238413730151N12153086WA0068100676004003030017335
B2238423730156N12153085WA0068200676004003030356331
B2238433730160N12153086WA0068200677004003030335325
B2238443730163N12153089WA0068300677004003026312330
B2238453730164N12153093WA0068300678005003023298332
B2238463730165N12153098WA0068300679004003023288335
B2238473730166N12153102WA0068400679004003022265334
B2238483730165N12153105WA0068300679004003022235335
B2238493730162N12153108WA0068300678005003022212339
B2238503730158N12153110WA0068300679004003028191016
B2238513730153N12153110WA0068300679004003031170013
B2238523730148N12153108WA0068300679005003031157010
B2238533730144N12153105WA0068300680004003032153007
B2238543730139N12153102WA0068400680004003033148005
B2238553730135N12153098WA0068300680004003034137003
B2238563730132N12153092WA0068200679004003039121002
B2238573730130N12153084WA0068100678004003039103001
B2238583730130N12153074WA0068100678004003048083001
B2238593730132N12153065WA0068300678005003048050359
B2239003730137N12153058WA0068500679004003037027354
B2239013730141N12153058WA0068700682004003037013354
B2239023730144N12153057WA0068800683004003024015002
B2239033730147N12153057WA0068900684005003018028353
B2239043730150N12153055WA0068900684004003018032347
B2239053730155N12153052WA0068800684004003030028344
B2239063730159N12153050WA0068800684004003032020332
B2239073730163N12153048WA0068800685004003030012335
B2239083730168N12153048WA0068900685004003029350340
B2239093730172N12153050WA0068900685004003029340340
B2239103730176N12153052WA0069000686004003030339342
B2239113730180N12153054WA0069000687004003030339340
B2239123730184N12153056WA0069000687004003028331346
B2239133730187N12153059WA0068900686005003026324351
B2239143730190N12153062WA0068900685004003024324353
B2239153730192N12153064WA0068700684004003023328356
B2239163730196N12153066WA0068700683004003024335356
B2239173730199N12153068WA0068600683004003024342356
B2239183730202N12153068WA0068500682004003024350356
B2239193730205N12153069WA0068400681004003022358357
B2239203730208N12153069WA0068300680004003018001356
B2239213730211N12153069WA0068100678004003019358348
B2239223730214N12153069WA0067900676004003019353350
B2239233730218N12153070WA0067700674004003022346350
B2239243730221N12153072WA0067600674004003025338349
B2239253730224N12153074WA0067600674004003021324348
B2239263730226N12153077WA0067600673004003021300349
B2239273730226N12153080WA0067500672004003020285351
B2239283730227N12153084WA0067400671004003020279352
B2239293730227N12153088WA0067300671004003022274353
B2239303730227N12153093WA0067200671005003024269354
B2239313730227N12153098WA0067200671004003025259355
B2239323730226N12153102WA0067200670004003025254356
B2239333730225N12153107WA0067200671004003026256357
B2239343730224N12153112WA0067300672004003027257357
B2239353730223N12153117WA0067300672004003025258358
B2239363730223N12153122WA0067300671004003025263358
B2239373730222N12153126WA0067200670004003025270358
B2239383730223N12153131WA0067100670004003025277358
B2239393730223N12153136WA0067100669004003025278359
B2239403730224N12153141WA0067100669004003026276359
B2239413730224N12153146WA0067000669004003026275359
B2239423730225N12153150WA0067000669004003026275359
B2239433730225N12153155WA0067000668004003026274359
B2239443730225N12153160WA0066900668004003025274359
B2239453730225N12153165WA0066900667004003025269359
B2239463730225N12153169WA0066800667004003026264359
B2239473730224N12153174WA0066700666004003026262359
B2239483730224N12153179WA0066600665004003026263359
B2239493730224N12153184WA0066500664004003026268359
B2239503730224N12153189WA0066400663004003025277359
B2239513730225N12153193WA0066300662004003025293359
B2239523730227N12153196WA0066200661004003022309359
B2239533730230N12153199WA0066000658004003022320359
B2239543730233N12153201WA0065700655004003023328358
B2239553730237N12153204WA0065400652004003030335002
B2239563730241N12153206WA0065200649004003030339356
B2239573730245N12153207WA0064900647004003028344345
B2239583730249N12153209WA0064600643004003028344343
B2239593730253N12153210WA0064200640005003029339335
B2240003730257N12153213WA0064000638004003027324329
B2240013730259N12153217WA0063700635004003027301327
B2240023730260N12153221WA0063500632004003026273328
B2240033730259N12153226WA0063200630004003026251331
B2240043730257N12153231WA0063100629004003025242338
B2240053730256N12153234WA0063000628004003020243341
B2240063730255N12153237WA0063000628004003020245349
B2240073730254N12153239WA0062800626004003015243347
B2240083730253N12153241WA0062600624004003015247351
B2240093730252N12153245WA0062400621004003016246351
B2240103730250N12153249WA0062100619004003025243353
B2240113730248N12153253WA0062000618004003025243352
B2240123730248N12153255WA0062000618004003021248356
B2240133730247N12153257WA0061800617004003014250356
B2240143730246N12153259WA0061700615004003012258357
B2240153730246N12153262WA0061400612004003018264357
B2240163730246N12153267WA0061300610004003023264358
B2240173730246N12153271WA0061200610004003023262358
B2240183730245N12153276WA0061300611004003023255358
B2240193730244N12153279WA0061500612004003023245359
B2240203730243N12153282WA0061600613004003015240359
B2240213730242N12153284WA0061600613004003016246359
B2240223730241N12153288WA0061700613004003016258359
B2240233730241N12153291WA0061700614004003019274359
B2240243730242N12153294WA0061800615004003019285359
B2240263730242N12153297WA0061900615004003013280359
B2240273730243N12153299WA0062000616004003013281359
B2240283730244N12153301WA0062100617006003012318000
B2240293730246N12153301WA0062000616004003012006009
B2240303730250N12153298WA0062000615004003018037017
B2240313730253N12153294WA0062000616004003038064022
B2240323730254N12153287WA0062200619004003038085026
B2240333730253N12153279WA0062300620004003037105023
B2240343730248N12153267WA0062600623004003037124017
B2240353730244N12153262WA0062700624004003036135016
B2240363730239N12153258WA0062700624004003038148347
B2240373730234N12153255WA0062700624004003038163350
B2240383730228N12153254WA0062800625004003040177353
B2240393730222N12153255WA0062900626005003040187355
B2240403730217N12153256WA0063000627004003032196357
B2240413730213N12153258WA0063100628004003032204357
B2240423730210N12153260WA0063100629004003027212358
B2240433730208N12153263WA0063100629004003023231359
B2240443730206N12153266WA0063100629004003020264358
B2240453730207N12153270WA0063100629004003018297000
B2240463730210N12153272WA0063100629004003018333003
B2240473730213N12153272WA0063200630004003018001015
B2240483730215N12153272WA0063200630004003019033001
B2240493730218N12153268WA0063300629004003023051026
B2240503730221N12153263WA0063300630004003034062024
B2240513730223N12153256WA0063300631004003035075021
B2240523730223N12153250WA0063400632004003034085014
B2240533730223N12153243WA0063600633004003035089016
B2240543730223N12153236WA0063700634004003035094013
B2240553730222N12153228WA0063700635004003043100012
B2240563730221N12153220WA0063900637004003043101008
B2240573730220N12153212WA0064100638004003043099006
B2240583730219N12153206WA0064100639004003039096004
B2240593730218N12153199WA0064100638004003036095005
B2241003730218N12153192WA0063900637004003037095003
B2241013730217N12153185WA0063800635004003040098003
B2241023730216N12153177WA0063600633004003040102002
B2241033730214N12153170WA0063600634004003041106002
B2241043730212N12153162WA0063500633004003041110002
B2241053730210N12153156WA0063500633004003035113002
B2241063730208N12153150WA0063500632004003035115001
B2241073730206N12153145WA0063300631004003034118001
B2241083730203N12153139WA0063200629004003034122001
B2241093730200N12153134WA0063000627004003035125000
B2241103730196N12153128WA0062800625004003039125000
B2241113730193N12153121WA0062500622004003040120000
B2241123730190N12153115WA0062300622004003040116000
B2241133730188N12153108WA0062100619004003040111000
B2241143730186N12153101WA0061800619006003038113000
B2241153730184N12153095WA0061500619012003039111000
B2241163730181N12153087WA0061300618009003039114000
B2241173730179N12153081WA0061100618063004038114000
B2241183730177N12153074WA0060900618014005038111000
B2241193730174N12153067WA0060800618019005038113000
B2241203730172N12153061WA0060600618034006035114359
B2241213730170N12153056WA0060400618011007035116359
B2241223730166N12153052WA0060100608008006033122359
B2241233730162N12153050WA0059900600008005030143359
B2241243730155N12153052WA0059600599008005028191359
B2241253730149N12153056WA0059400598009005031193359
B2241263730143N12153059WA0059200598009005031191359
B2241273730137N12153062WA0059200597009004031188000
B2241283730130N12153066WA0059100597005004028186359
B2241293730125N12153068WA0059000596004004028182359
B2241303730119N12153069WA0059000595005004034179000
B2241313730113N12153069WA0059000594009003036174359
B2241323730108N12153068WA0059100595004003035167359
B2241333730103N12153068WA0059200594004003035166359
B2241343730098N12153068WA0059200593004003033174359
B2241353730092N12153069WA0059200592004003034177000
B2241363730086N12153069WA0059200591003003040172000
B2241373730079N12153068WA0059200590004003040166000
B2241383730072N12153066WA0059200591004003046163000
B2241393730065N12153064WA0059400593004003047164359
B2241403730059N12153062WA0059600595004003044166000
B2241413730052N12153060WA0059800597004003044165359
B2241423730046N12153058WA0060100599004003043159359
B2241433730041N12153054WA0060200600004003042152359
B2241443730036N12153051WA0060300601004003040154359
B2241453730032N12153049WA0060200600004003032172359
B2241463730027N12153048WA0060000598004003032192359
B2241473730023N12153051WA0059700595004003031207359
B2241483730021N12153054WA0059500593004003027228359
B2241493730020N12153057WA0059100589004003020276359
B2241503730022N12153060WA0058800585004003018314359
B2241513730025N12153062WA0058500582004003024342359
B2241523730029N12153063WA0058400583004003024002354
B2241533730033N12153062WA0058300582004003026008354
B2241543730037N12153061WA0058300582004003026007352
B2241553730042N12153060WA0058500583004003033005350
B2241563730047N12153060WA0058800587005003033008012
B2241573730050N12153059WA0059100590004003031012348
B2241583730053N12153058WA0059300592005003023015338
B2241593730055N12153057WA0059500594005003017013356
B2242003730058N12153056WA0059600595004003017014347
B2242013730060N12153055WA0059700595004003021018343
B2242023730063N12153053WA0059800596005003020025345
B2242033730066N12153052WA0059900596004003020026345
B2242043730068N12153051WA0059800595004003019013348
B2242053730072N12153050WA0059800595005003022357350
B2242063730075N12153051WA0059800595005003025351350
B2242073730079N12153052WA0059800596004003025350355
B2242083730082N12153053WA0060000598004003025351348
B2242093730085N12153053WA0060100599004003022355352
B2242103730088N12153053WA0060300601004003017004351
B2242113730090N12153052WA0060500603005003017009350
B2242123730092N12153052WA0060600604004003016003351
B2242133730095N12153052WA0060600604004003016352354
B2242143730099N12153053WA0060600604004003019348355
B2242153730102N12153054WA0060700605004003023351001
B2242163730105N12153054WA0060900607004003023357343
B2242173730108N12153054WA0061000608004003018355345
B2242183730111N12153055WA0061100608004003018346345
B2242193730113N12153056WA0061100609004003019345349
B2242203730116N12153057WA0061200610004003017355349
B2242213730119N12153056WA0061300611004003019006345
B2242223730122N12153056WA0061400611004003019011343
B2242233730125N12153055WA0061400612004003022012347
B2242243730129N12153054WA0061500612004003023006346
B2242253730133N12153055WA0061500613004003024351350
B2242263730136N12153056WA0061700614004003024346350
B2242273730138N12153056WA0061800616004003021346356
B2242283730141N12153057WA0062000618004003018340348
B2242293730142N12153058WA0062200619004003014332350
B2242303730143N12153059WA0062200620004003010315351
B2242313730144N12153061WA0062200620004003015310353
B2242323730146N12153063WA0062200620004003015317355
B2242333730148N12153065WA0062300621004003017327356
B2242343730151N12153066WA0062500623004003016334354
B2242353730153N12153068WA0062600624004003016338356
B2242363730155N12153068WA0062600624004003014340357
B2242373730157N12153069WA0062700624004003014342358
B2242383730160N12153070WA0062700624004003020344355
B2242393730163N12153071WA0062700624004003021346354
B2242403730165N12153072WA0062800626004003020332355
B2242413730166N12153075WA0062800626004003016285354
B2242423730165N12153078WA0062800624004003016245354
B2242433730163N12153082WA0062700623004003028225355
B2242443730159N12153085WA0062700624004003030210355
B2242453730155N12153087WA0062700625004003030193356
B2242463730150N12153087WA0062800626004003030178002
B2242473730145N12153086WA0062800626004003032164001
B2242483730139N12153082WA0062900626004003042151001
B2242493730134N12153078WA0063000626004003042136000
B2242503730131N12153072WA0063100627004003042118000
B2242513730129N12153065WA0063100627004003039099001
B2242523730129N12153058WA0063100627004003038072355
B2242533730132N12153053WA0063100627004003031049344
B2242543730136N12153049WA0063200627004003031012348
B2242553730141N12153050WA0063200628004003027344346
B2242563730145N12153052WA0063300629004003027341354
B2242573730148N12153054WA0063500630004003023348356
B2242583730151N12153054WA0063600631004003018355352
B2242593730154N12153054WA0063700632005003018359352
B2243003730157N12153054WA0063700632004003018002353
B2243013730160N12153054WA0063600631004003019355357
B2243023730163N12153055WA0063600631004003020343348
B2243033730165N12153056WA0063500631004003020338351
B2243043730168N12153057WA0063500630004003020340350
B2243053730171N12153058WA0063400629004003018346353
B2243063730173N12153059WA0063200627004003018345353
B2243073730176N12153060WA0063000627004003019341353
B2243083730180N12153062WA0062800627004003027342352
B2243093730184N12153064WA0062700627004003027347350
B2243103730187N12153065WA0062700627004003026344352
B2243113730190N12153066WA0062700626004003020333354
B2243123730192N12153068WA0062600625004003019316355
B2243133730194N12153071WA0062600624004003022307355
B2243143730196N12153075WA0062600625004003022304357
B2243153730197N12153078WA0062700626004003022300358
B2243163730198N12153081WA0062800627004003019300358
B2243173730200N12153083WA0062700626004003017308358
B2243183730201N12153085WA0062700625004003016322359
B2243193730204N12153086WA0062600624004003018336356
B2243203730207N12153088WA0062500624004003018350358
B2243213730210N12153088WA0062400623004003021006359
B2243223730213N12153087WA0062300622004003023017003
B2243233730217N12153084WA0062200621004003027026003
B2243243730221N12153082WA0062100620004003028031001
B2243253730224N12153079WA0062000619004003027031340
B2243263730227N12153076WA0061900618004003026024338
B2243273730231N12153075WA0061700616004003024009339
B2243283730235N12153075WA0061500613004003027355344
B2243293730239N12153076WA0061300611004003029350344
B2243303730243N12153077WA0061100609004003028348350
B2243313730247N12153078WA0061000608004003028347342
B2243323730251N12153080WA0060900607004003027342348
B2243333730254N12153081WA0060900607004003025340346
B2243343730258N12153083WA0060800606004003025338349
B2243353730261N12153084WA0060800606004003024338352
B2243363730264N12153086WA0060700604004003024338354
B2243373730268N12153088WA0060500603004003024338355
B2243383730272N12153089WA0060400601004003028338356
B2243393730276N12153091WA0060300600004003028337356
B2243403730279N12153093WA0060200599004003028337357
B2243413730283N12153095WA0060100598004003027337357
B2243423730287N12153097WA0060000597004003027337358
B2243433730291N12153099WA0059900596004003029339358
B2243443730295N12153101WA0059700594004003030338358
B2243453730299N12153103WA0059600593004003030334358
B2243463730303N12153106WA0059600593004003030331359
B2243473730306N12153108WA0059500592004003029334359
B2243483730310N12153110WA0059500591004003026336359
B2243493730314N12153112WA0059400591004003027336359
B2243503730318N12153115WA0059300590004003027335359
B2243513730321N12153117WA0059200589004003028335359
B2243523730325N12153119WA0059200589004003028336359
B2243533730329N12153121WA0059200588004003026340359
B2243543730333N12153122WA0059100588004003026345359
B2243553730337N12153123WA0059000587004003026346359
B2243563730341N12153125WA0058900585004003028345359
B2243573730346N12153126WA0058800584004003030344359
B2243583730350N12153128WA0058700584004003030345359
B2243593730354N12153129WA0058700583004003030347359
B2244003730359N12153130WA0058500582004003030346359
B2244013730363N12153132WA0058400581004003030342359
B2244023730368N12153134WA0058400580004003032340359
B2244033730372N12153136WA0058300580004003031341359
B2244043730376N12153137WA0058300580004003031345359
B2244053730380N12153138WA0058200578004003027349359
B2244063730384N12153139WA0058100577004003027352359
B2244073730389N12153139WA0057900575005003028353359
B2244083730393N12153140WA0057800575004003030352359
B2244093730398N12153141WA0057800574004003030349359
B2244103730402N12153142WA0057700574004003029348359
B2244113730406N12153143WA0057700573004003028349359
B2244123730410N12153144WA0057600573004003027348359
B2244133730413N12153145WA0057600572004003027343359
B2244143730417N12153147WA0057400570004003027330359
B2244153730420N12153150WA0057300569005003026320359
B2244163730423N12153153WA0057200568004003026316359
B2244173730426N12153157WA0057100567004003026320359
B2244183730429N12153160WA0057000566004003027321359
B2244193730432N12153163WA0056900565004003027315359
B2244203730434N12153167WA0056800564004003026305359
B2244213730436N12153171WA0056800564005003026299359
B2244223730438N12153175WA0056700563004003025298359
B2244233730440N12153180WA0056600562004003025297359
B2244243730441N12153184WA0056600562004003025295359
B2244253730443N12153188WA0056500561004003025294359
B2244263730445N12153193WA0056400560004003025294359
B2244273730446N12153197WA0056400560004003026294359
B2244283730448N12153202WA0056300560004003029294359
B2244293730450N12153207WA0056300560004003029294359
B2244303730452N12153211WA0056300560004003028294359
B2244313730453N12153215WA0056300559004003025294359
B2244323730454N12153219WA0056100557004003023294359
B2244333730456N12153223WA0055900554004003024294359
B2244343730457N12153228WA0055600551004003026293359
B2244353730459N12153232WA0055400549004003026291359
B2244363730460N12153237WA0055300549005003026292359
B2244373730462N12153241WA0055400550004003021291359
B2244383730462N12153245WA0055500552005003021283359
B2244393730463N12153248WA0055600553004003020282359
B2244403730463N12153252WA0055800554004003020285359
B2244413730464N12153255WA0055900554004003014293359
B2244423730465N12153257WA0056000555004003014305359
B2244433730466N12153258WA0056000555004003012311359
B2244443730468N12153260WA0056000555004003012315359
B2244453730471N12153263WA0056000555004003018320359
B2244463730473N12153266WA0056100556004003019327359
B2244473730475N12153267WA0056200557004003019325359
B2244483730476N12153268WA0056300558004003013313359
B2244493730477N12153269WA0056300558004003008315359
B2244503730478N12153270WA0056200556005003012328359
B2244513730480N12153272WA0056000554004003018330359
B2244523730483N12153274WA0055900553004003018322359
B2244533730485N12153276WA0055900554004003018309359
B2244543730486N12153279WA0056000555004003017298359
B2244553730487N12153280WA0056100556004003010306359
B2244563730488N12153282WA0056100555004003010315359
B2244573730489N12153283WA0055900554004003010317359
B2244583730491N12153285WA0055700552004003015317359
B2244593730493N12153288WA0055500550004003017316359
B2245003730496N12153291WA0055300548004003023317359
B2245013730499N12153294WA0055100546004003024318359
B2245023730501N12153297WA0055000547004003023321359
B2245033730504N12153299WA0055000546004003022324359
B2245043730506N12153301WA0055000546004003020325359
B2245053730509N12153303WA0055000545004003018335359
B2245063730511N12153304WA0054900545004003018349359
B2245073730513N12153304WA0054800543004003017345359
B2245083730515N12153305WA0054700542004003015318359
B2245093730516N12153308WA0054600541004003015306359
B2245103730518N12153310WA0054500540004003018308359
B2245113730520N12153313WA0054500540004003018311359
B2245123730521N12153315WA0054500540004003017312359
B2245133730523N12153317WA0054400539004003014314359
B2245143730524N12153318WA0054400538004003014316359
B2245153730526N12153321WA0054300538005003019318359
B2245163730528N12153323WA0054400539004003019321359
B2245173730530N12153325WA0054500541005003019316359
B2245183730531N12153327WA0054700543004003015282359
B2245193730531N12153328WA0054800543004003011267359
B2245203730531N12153331WA0054700542004003015284359
B2245213730532N12153334WA0054700542004003018306359
B2245223730535N12153336WA0054800543004003018323359
B2245233730537N12153338WA0054900545004003018334359
B2245243730539N12153339WA0055000546004003018338359
B2245253730542N12153341WA0055000546004003016333359
B2245263730544N12153342WA0055000545004003018331359
B2245273730547N12153344WA0055000545005003018334359
B2245283730549N12153345WA0055000545005003019343359
B2245293730552N12153346WA0055000545004003019353359
B2245303730555N12153346WA0055000545004003020353359
B2245313730558N12153347WA0055000546004003021350359
B2245323730561N12153347WA0055200547004003020356356
B2245333730564N12153347WA0055400549004003018009354
B2245343730565N12153346WA0055500550005003015028357
B2245353730567N12153344WA0055600550004003015034357
B2245363730569N12153343WA0055500550004003016025358
B2245373730572N12153342WA0055400548004003016013358
B2245383730575N12153341WA0055300547004003019005358
B2245393730578N12153342WA0055300548004003021355358
B2245403730582N12153342WA0055300548004003025351358
B2245413730586N12153343WA0055300548004003026352359
B2245423730590N12153343WA0055400549004003025358359
B2245433730592N12153343WA0055500549004003023008359
B2245443730595N12153342WA0055400549004003018020359
B2245453730597N12153341WA0055300548004003014027359
B2245463730599N12153340WA0055100545004003017012359
B2245473730602N12153340WA0054800542004003017350359
B2245483730605N12153342WA0054500539004003020334359
B2245493730608N12153344WA0054300538004003023332359
B2245503730611N12153345WA0054200537005003021339359
B2245513730614N12153347WA0054200537005003021342359
B2245523730616N12153348WA0054200536004003019339359
B2245533730618N12153349WA0054100535004003017332359
B2245543730620N12153350WA0054000534004003016333359
B2245553730623N12153352WA0053800532004003018333359
B2245563730625N12153353WA0053700531004003020333359
B2245573730628N12153355WA0053600530004003019329359
B2245583730630N12153357WA0053500530004003019324356
B2245593730632N12153359WA0053500529004003017323347
B2246003730634N12153360WA0053400529004003015323351
B2246013730635N12153362WA0053300527004003015313351
B2246023730637N12153365WA0053200526004003015308353
B2246033730639N12153368WA0053100525004003018310355
B2246043730641N12153370WA0053100526004003020318357
B2246053730643N12153372WA0053200527004003017326358
B2246063730645N12153374WA0053400528004003017327357
B2246073730647N12153375WA0053500529004003016322357
B2246083730649N12153377WA0053500528004003016318357
B2246093730651N12153379WA0053500528004003018311358
B2246103730653N12153383WA0053500528004003023301359
B2246113730655N12153386WA0053600528005003023299359
B2246123730657N12153389WA0053700530004003021303359
B2246133730658N12153391WA0053800530004003016306359
B2246143730659N12153393WA0053900530004003013300359
B2246153730660N12153395WA0053900531005003015294359
B2246163730661N12153399WA0053900531004003020297359
B2246173730663N12153402WA0053900531004003020310359
B2246183730665N12153404WA0054000533004003020334359
B2246193730669N12153405WA0054100534004003021357359
B2246203730672N12153404WA0054200535004003020008357
B2246213730675N12153403WA0054400536004003021012354
B2246223730678N12153402WA0054400537005003021015352
B2246233730682N12153401WA0054400537004003024015349
B2246243730687N12153399WA0054500539004003030008346
B2246253730691N12153400WA0054700541004003028356343
B2246263730695N12153400WA0054900544004003028350345
B2246273730698N12153401WA0055100546005003023352353
B2246283730701N12153401WA0055300548005003023356350
B2246293730705N12153401WA0055500550004003024000351
B2246303730708N12153402WA0055600551004003017347351
B2246313730709N12153403WA0055700551004003017303350
B2246323730709N12153405WA0055600551004003010245352
B2246333730708N12153406WA0055600550004003010215352
B2246343730705N12153407WA0055600550004003013196353
B2246353730702N12153408WA0055500550004003027182005
B2246363730697N12153407WA0055600550004003035171004
B2246373730691N12153405WA0055700551004003035161004
B2246383730686N12153402WA0055800553004003038148002
B2246393730681N12153397WA0055900554004003039141002
B2246403730677N12153392WA0055900553004003039140001
B2246413730672N12153388WA0056000554004003039144001
B2246423730667N12153384WA0056100554004003039154358
B2246433730662N12153382WA0056200556004003039164359
B2246443730657N12153381WA0056300557004003032178359
B2246453730652N12153382WA0056300557004003032196359
B2246463730650N12153385WA0056200556004003027219359
B2246473730648N12153388WA0056100554004003022253359
B2246483730649N12153391WA0056000554004003017297359
B2246493730651N12153393WA0056000553004003016332359
B2246503730654N12153393WA0055900553004003016345359
B2246513730656N12153395WA0055800552005003016334359
B2246523730658N12153396WA0055800552004003018333359
B2246533730661N12153398WA0055800553005003018344356
B2246543730663N12153398WA0055900554004003018003357
B2246553730665N12153397WA0055900554004003015015349
B2246563730667N12153396WA0055900553004003013019351
B2246573730669N12153396WA0055700552004003013001349
B2246583730671N12153396WA0055500550004003015339351
B2246593730673N12153398WA0055300548004003017325353
B2247003730675N12153400WA0055100546004003017323356
B2247013730677N12153402WA0055000545004003017329357
B2247023730679N12153403WA0054900544004003017328356
B2247033730681N12153405WA0054800543004003017321357
B2247043730684N12153408WA0054800543004003023323356
B2247053730687N12153410WA0054900543005003023338357
B2247063730690N12153411WA0055000546004003023350357
B2247073730692N12153411WA0055200545004003019354358
B2247083730694N12153411WA0055100544004003011350358
B2247093730696N12153412WA0055000543004003018340359
B2247103730699N12153413WA0054900543004003018335357
B2247113730703N12153416WA0054900543005003027331356
B2247123730707N12153419WA0054700541004003029333352
B2247133730710N12153421WA0054500540005003022329356
B2247143730712N12153423WA0054400539004003022318354
B2247153730714N12153426WA0054200537004003019313355
B2247163730717N12153429WA0054000537004003019314356
B2247173730720N12153433WA0053900536004003028312356
B2247183730724N12153439WA0053800537004003037311357
B2247193730727N12153444WA0053900537004003037312357
B2247203730730N12153448WA0054100538004003030315358
B2247213730732N12153450WA0054400540004003024315358
B2247223730734N12153453WA0054600542004003021307359
B2247233730736N12153456WA0054600540005003017290359
B2247243730736N12153459WA0054500539004003017281359
B2247253730736N12153461WA0054400538004003015288359
B2247263730738N12153463WA0054200536004003013310359
B2247273730740N12153465WA0054100535004003013323359
B2247283730741N12153467WA0054000535004003016308359
B2247293730742N12153470WA0054000535004003016279359
B2247303730742N12153472WA0054000535004003014267359
B2247313730742N12153475WA0054100536004003014284359
B2247323730743N12153477WA0054200537004003013316359
B2247333730744N12153478WA0054200536004003009338353
B2247343730745N12153478WA0054100535004003009336351
B2247353730747N12153479WA0053900533004003009318351
B2247363730748N12153482WA0053600530004003012302353
B2247373730750N12153486WA0053500531004003020286354
B2247383730751N12153491WA0053500532004003025272355
B2247393730750N12153495WA0053700533004003025271356
B2247403730750N12153499WA0053800533004003022279357
B2247413730751N12153503WA0053800532004003019289357
B2247423730752N12153505WA0053800531004003018294357
B2247433730753N12153508WA0053700531004003020292358
B2247443730754N12153512WA0053500529004003020285358
B2247453730755N12153515WA0053400527004003018274358
B2247463730755N12153519WA0053100524004003018271358
B2247473730755N12153523WA0052800522004003019278359
B2247483730756N12153527WA0052500519004003024287359
B2247493730757N12153532WA0052400520004003024295359
B2247503730759N12153535WA0052400520005003024303359
B2247513730761N12153538WA0052400519004003022302359
B2247523730762N12153541WA0052300518005003018297359
B2247533730763N12153544WA0052100516004003019296359
B2247543730765N12153548WA0051900514004003020301359
B2247553730766N12153551WA0051800513004003020307359
B2247563730768N12153553WA0051600511004003020313359
B2247573730771N12153556WA0051500510004003020316359
B2247583730773N12153558WA0051400509004003018319359
B2247593730775N12153560WA0051300508005003018319359
B2248003730776N12153562WA0051200507004003017316359
B2248013730778N12153565WA0051000505004003017311359
B2248023730780N12153568WA0050800503004003019306359
B2248033730783N12153572WA0050800504004003027304359
B2248043730785N12153576WA0050900505004003027302359
B2248053730786N12153580WA0051000506004003024297359
B2248063730787N12153582WA0051100506004003018301358
B2248073730788N12153584WA0051000505004003017303358
B2248083730790N12153588WA0050800503004003022302358
B2248093730792N12153592WA0050700502004003023300359
B2248103730793N12153595WA0050600501004003022293359
B2248113730794N12153599WA0050700501004003022278359
B2248123730794N12153602WA0050700501004003018268359
B2248133730794N12153605WA0050600501004003015275359
B2248143730794N12153608WA0050600500004003018288359
B2248153730796N12153611WA0050500499004003018299359
B2248163730797N12153614WA0050400498004003018306359
B2248173730799N12153616WA0050400498005003016306359
B2248183730800N12153619WA0050400498004003018298359
B2248193730801N12153622WA0050400499004003022293359
B2248203730802N12153626WA0050600500004003021287359
B2248213730803N12153630WA0050700502004003021290359
B2248223730805N12153633WA0050800503004003019303359
B2248233730807N12153636WA0051000504004003024309359
B2248243730809N12153640WA0051100506004003027310359
B2248253730812N12153643WA0051500510004003024310359
B2248263730813N12153645WA0051800513004003022318359
B2248273730815N12153646WA0052000513004003012332359
B2248283730816N12153647WA0052100512004003008339359
B2248293730817N12153647WA0052100512005003012344359
B2248303730820N12153648WA0052100512005003012347359
B2248313730823N12153649WA0052000512005003019345359
B2248323730826N12153650WA0052100514004003023335359
B2248333730829N12153653WA0052200514004003018317359
B2248343730830N12153655WA0052300515005003018290359
B2248353730830N12153658WA0052300516004003015280359
B2248363730830N12153660WA0052400516004003015287359
B2248373730832N12153663WA0052500517004003015298359
B2248383730833N12153665WA0052500518004003012307359
B2248393730834N12153667WA0052500518004003012317359
B2248403730836N12153668WA0052500517004003012326359
B2248413730838N12153670WA0052400517005003014331359
B2248423730840N12153671WA0052400516005003017335359
B2248433730843N12153673WA0052300516008003019340359
B2248443730845N12153674WA0052200516004003019345359
B2248453730848N12153674WA0052200516004003019345359
B2248463730850N12153676WA0052200516004003017332359
B2248473730851N12153677WA0052100515004003013291359
B2248483730850N12153679WA0052000513004003014242359
B2248493730849N12153682WA0051700513004003020216359
B2248503730846N12153684WA0051500511004003020198359
B2248513730842N12153684WA0051400509004003023177000
B2248523730838N12153682WA0051200508004003027152000
B2248533730835N12153678WA0051100506005003033136000
B2248543730831N12153672WA0050900504004003033126000
B2248553730828N12153667WA0050800503004003036121000
B2248563730825N12153661WA0050600502004003036123000
B2248573730822N12153655WA0050500501004003036129359
B2248583730818N12153652WA0050400499004003035148359
B2248593730813N12153650WA0050200497004003033172359
B2249003730809N12153651WA0049900494004003030200359
B2249013730807N12153654WA0049800493004003021233359
B2249023730807N12153658WA0049700492004003021270359
B2249033730808N12153661WA0049600491004003018300359
B2249043730809N12153663WA0049500490004003016312359
B2249053730811N12153665WA0049400489004003016311359
B2249063730812N12153667WA0049200487004003017311359
B2249073730814N12153670WA0049000485004003018313359
B2249083730816N12153672WA0048800482004003018314359
B2249093730819N12153675WA0048600480004003020316359
B2249103730821N12153679WA0048400478004003023312359
B2249113730823N12153682WA0048200476004003023306359
B2249123730825N12153686WA0048000474005003023303359
B2249133730827N12153689WA0047900473004003020300359
B2249143730828N12153692WA0047800472004003019298359
B2249153730829N12153695WA0047800472004003019301359
B2249163730831N12153698WA0047700471004003020303359
B2249173730833N12153701WA0047700471004003023303359
B2249183730835N12153705WA0047700470004003023304359
B2249193730837N12153709WA0047700471004003025304359
B2249203730839N12153713WA0047700471004003025307359
B2249213730842N12153716WA0047800472004003023310359
B2249223730844N12153719WA0047900473004003023311359
B2249233730846N12153722WA0048000474004003022312359
B2249243730848N12153725WA0048000474004003021315359
B2249253730850N12153728WA0048000473004003020320359
B2249263730853N12153730WA0047900473004003020321359
B2249273730855N12153733WA0047900473004003020315359
B2249283730857N12153735WA0047900472004003020310359
B2249293730859N12153738WA0047800471004003019309359
B2249303730861N12153741WA0047700471004003019314359
B2249313730863N12153743WA0047700470004003019317359
B2249323730865N12153746WA0047700470004003019315359
B2249333730867N12153748WA0047700471004003019315359
B2249343730869N12153751WA0047800472004003019324359
B2249353730872N12153752WA0047900473004003019334359
B2249363730874N12153753WA0048100475004003016342359
B2249373730876N12153754WA0048200476004003016350359
B2249383730878N12153754WA0048300476004003016359359
B2249393730880N12153754WA0048300476004003012347359
B2249403730882N12153756WA0048300477004003012327359
B2249413730885N12153758WA0048400478004003025330359
B2249423730888N12153760WA0048600479004003025345359
B2249433730891N12153760WA0048900482004003021000359
B2249443730892N12153760WA0049100484004003015013359
B2249453730894N12153759WA0049200485004003010003359
B2249463730895N12153759WA0049200484004003015334359
B2249473730898N12153761WA0049100483004003020322359
B2249483730900N12153764WA0049000483004003020319359
B2249493730903N12153767WA0049000483004003021317355
B2249503730905N12153769WA0049100484004003021316355
B2249513730907N12153772WA0049100483004003018316356
B2249523730909N12153774WA0049100483004003020319357
B2249533730911N12153777WA0049000483004003020322358
B2249543730914N12153779WA0049000482004003022327358
B2249553730917N12153781WA0049000483004003022330358
B2249563730919N12153783WA0049200486005003019322359
B2249573730921N12153785WA0049500488004003019311359
B2249583730922N12153787WA0049800491004003015307359
B2249593730923N12153788WA0050000493005003010319359
B2250003730924N12153789WA0050200495004003007337359
B2250013730925N12153789WA0050200496004003008339359
B2250023730926N12153790WA0050300496004003011329359
B2250033730928N12153791WA0050300497004003011320358
B2250043730929N12153793WA0050400497004003013320355
B2250053730931N12153795WA0050500498004003013331354
B2250063730933N12153795WA0050500499004003014343353
B2250073730935N12153796WA0050600500004003016344352
B2250083730938N12153797WA0050800502004003016341353
B2250093730940N12153799WA0051000505004003016332355
B2250103730942N12153800WA0051300508004003016325355
B2250113730943N12153801WA0051600510004003009348356
B2250123730944N12153800WA0051700511004003009011358
B2250133730945N12153800WA0051800512004003009015352
B2250143730947N12153800WA0051900512004003010006342
B2250153730948N12153800WA0051800512004003011345344
B2250163730950N12153801WA0051700510004003012320345
B2250173730951N12153803WA0051500509004003013313354
B2250183730953N12153804WA0051400509004003013329002
B2250193730955N12153805WA0051300507004003013001011
B2250203730957N12153804WA0051100504004003014026009
B2250213730959N12153802WA0050800502004003018036002
B2250223730962N12153800WA0050600499004003018033344
B2250233730964N12153798WA0050400499004003018012330
B2250243730966N12153799WA0050200497004003017337317
B2250253730968N12153801WA0050000495005003017294314
B2250263730967N12153805WA0049800493004003018242316
B2250273730965N12153808WA0049500492004003026218319
B2250283730961N12153811WA0049400491004003026213328
B2250293730957N12153813WA0049300490004003028202330
B2250303730953N12153815WA0049300489004003028191335
B2250313730948N12153815WA0049200488004003033185338
B2250323730943N12153816WA0049000486004003034183341
B2250333730938N12153816WA0048800483004003034184345
B2250343730932N12153817WA0048500480004003036185348
B2250353730927N12153817WA0048300478004003037188353
B2250363730921N12153819WA0048100478004003031199356
B2250373730918N12153821WA0047900475004003031216357
B2250383730917N12153825WA0047700473004003025247358
B2250393730917N12153828WA0047500470004003019287358
B2250403730919N12153829WA0047200468004003015335357
B2250413730921N12153830WA0047000465004003014351349
B2250423730923N12153830WA0046800463004003014343342
B2250433730925N12153832WA0046600461004003014327343
B2250443730927N12153833WA0046500459004003015333353
B2250453730930N12153834WA0046300458004003018343343
B2250463730932N12153835WA0046400458004003016352348
B2250473730935N12153835WA0046300458004003017353350
B2250483730938N12153836WA0046300458004003017352352
B2250493730941N12153836WA0046300458004003021355351
B2250503730944N12153837WA0046300458004003022354355
B2250513730947N12153837WA0046400459004003021353355
B2250523730950N12153837WA0046500459004003021358355
B2250533730953N12153837WA0046600460004003020007351
B2250543730956N12153836WA0046600461004003019010356
B2250553730959N12153836WA0046700461004003020006346
B2250563730962N12153835WA0046700461004003021005352
B2250573730966N12153835WA0046700461005003021009353
B2250583730970N12153833WA0046800463004003024016354
B2250593730973N12153831WA0047000464005003027024000
B2251003730977N12153828WA0047100465004003029034359
B2251013730980N12153825WA0047200467004003029038354
B2251023730983N12153822WA0047300468004003027039353
B2251033730986N12153819WA0047400469004003025039347
B2251043730989N12153816WA0047500470004003025038356
B2251053730992N12153813WA0047700471004003026037341
B2251063730995N12153810WA0047900473004003025041336
B2251073730997N12153807WA0048100477004003025053349
B2251083730999N12153803WA0048400479004003023062354
B2251093731000N12153799WA0048600481004003023070339
B2251103731001N12153795WA0048700482004003023061341
B2251113731003N12153792WA0048800482004003021036326
B2251123731005N12153791WA0048800482004003017008329
B2251133731007N12153791WA0048800482004003010358336
B2251143731008N12153791WA0048800482004003010352336
B2251153731009N12153792WA0048800483005003006345343
B2251163731010N12153792WA0048900483005003006331342
B2251173731010N12153793WA0048900483005003007279334
B2251183731010N12153796WA0049000483004003014244336
B2251193731008N12153799WA0049000484004003024238339
B2251203731006N12153803WA0049200485004003024240348
B2251213731005N12153807WA0049500489004003024246353
B2251223731004N12153809WA0049900493004003019256352
B2251233731004N12153811WA0050100495004003010254355
B2251243731004N12153812WA0050300496004003010244355
B2251253731003N12153814WA0050400497004003008245355
B2251263731003N12153815WA0050400497004003008256356
B2251273731003N12153817WA0050400498004003010267357
B2251283731003N12153819WA0050500499004003009293358
B2251293731004N12153820WA0050500499004003009339359
B2251303731006N12153820WA0050500499004003009013003
B2251313731009N12153818WA0050500498004003015031001
B2251323731012N12153815WA0050500499004003023039347
B2251333731015N12153812WA0050600499004003024037334
B2251343731017N12153811WA0050600499004003024017330
B2251353731019N12153811WA0050500497004003017334329
B2251363731020N12153814WA0050500497004003015285330
B2251373731021N12153817WA0050500497004003015250332
B2251383731019N12153820WA0050600498004003017224333
B2251393731016N12153821WA0050700500004003017200336
B2251403731013N12153821WA0050800500004003017178338
B2251413731009N12153820WA0050800500004003022170343
B2251423731004N12153819WA0050700500004003028167013
B2251433730999N12153817WA0050800502004003037164349
B2251443730994N12153815WA0051000504004003037163353
B2251453730990N12153814WA0051200505004003032167354
B2251463730987N12153813WA0051100504004003026178356
B2251473730983N12153814WA0051000502004003024201356
B2251483730980N12153818WA0050800500004003029223357
B2251493730977N12153822WA0050700501004003029243358
B2251503730976N12153826WA0050800501006003025253357
B2251513730976N12153827WA0050800502004003013278353
B2251523730977N12153829WA0050900502004003011307351
B2251533730978N12153830WA0050800501004003013325356
B2251543730980N12153832WA0050800501006003015005000
B2251553730983N12153830WA0050700501004003015029005
B2251563730986N12153827WA0050600500004003021045003
B2251573730990N12153823WA0050400499004003029049001
B2251583730993N12153818WA0050400498004003031051355
B2251593730995N12153813WA0050300498004003031053349
B2252003730998N12153809WA0050200497004003030053338
B2252013731000N12153805WA0050100496004003028050333
B2252023731003N12153801WA0050100495004003028044324
B2252033731006N12153799WA0050000494004003019033325
B2252043731007N12153798WA0049800492004003019359322
B2252053731008N12153799WA0049600490004003010287325
B2252063731008N12153802WA0049500488004003010262326
B2252073731007N12153804WA0049400488004003014243334
B2252083731006N12153807WA0049300487004003017229343
B2252093731004N12153809WA0049200486004003018222342
B2252103731002N12153811WA0049100485004003017222347
B2252113731000N12153814WA0049000484004003017225351
B2252123730998N12153816WA0048900483004003016230352
B2252133730997N12153818WA0048800482004003014237353
B2252143730996N12153820WA0048700482004003014240355
B2252153730996N12153822WA0048600481004003013256356
B2252163730995N12153825WA0048500481004003013287357
B2252173730997N12153827WA0048500480004003013320358
B2252183731000N12153828WA0048500480004003019348356
B2252193731003N12153828WA0048400480004003022007356
B2252203731007N12153826WA0048400480004003022022354
B2252213731010N12153824WA0048300479004003026028342
B2252223731013N12153822WA0048300479005003026022336
B2252233731016N12153821WA0048200477004003018356331
B2252243731019N12153823WA0048000475004003018317329
B2252253731019N12153826WA0047800473004003018278327
B2252263731018N12153830WA0047700471004003019235327
B2252273731016N12153833WA0047600471004003022194027
B2252283731010N12153832WA0047500471004003034171019
B2252293731005N12153829WA0047500471004003038154015
B2252303731000N12153825WA0047500471004003037146013
B2252313730996N12153821WA0047500471004003037143011
B2252323730991N12153817WA0047500470004003036145010
B2252333730987N12153814WA0047400469004003035150351
B2252343730982N12153811WA0047300468004003035155353
B2252353730977N12153809WA0047300467004003035160354
B2252363730972N12153807WA0047200467004003035166355
B2252373730967N12153806WA0047300468004003033175357
B2252383730963N12153807WA0047400469004003026184357
B2252393730960N12153807WA0047400470004003026195358
B2252403730958N12153809WA0047400469004003019209358
B2252413730957N12153810WA0047400468004003014233359
B2252423730957N12153812WA0047200467004003011269359
B2252433730958N12153815WA0047100465004003014296359
B2252443730959N12153817WA0047000464004003018299359
B2252453730960N12153821WA0046900464004003018296359
B2252463730961N12153824WA0046900464004003018290359
B2252473730962N12153827WA0046900463004003018291359
B2252483730963N12153830WA0046800463004003015299359
B2252493730964N12153832WA0046700462004003015313359
B2252503730967N12153833WA0046600461004003015327359
B2252513730969N12153835WA0046500460004003017342359
B2252523730973N12153835WA0046500459004003020353358
B2252533730977N12153836WA0046500459004003028002354
B2252543730981N12153835WA0046500459004003028009344
B2252553730985N12153834WA0046500460004003028012345
B2252563730988N12153833WA0046500459004003026003344
B2252573730991N12153834WA0046500458004003021348342
B2252583730993N12153834WA0046300458004003014321346
B2252593730994N12153837WA0046200456004003019309347
B2253003730996N12153840WA0046100456004003019301348
B2253013730997N12153844WA0046100456004003019283350
B2253023730997N12153847WA0046200456004003017250351
B2253033730995N12153849WA0046200456004003018216353
B2253043730993N12153851WA0046100455004003018217354
B2253053730991N12153854WA0046000455004003018238356
B2253063730990N12153857WA0046000455004003018262357
B2253073730990N12153861WA0046100456004003018277357
B2253083730991N12153864WA0046200457004003018290358
B2253093730992N12153866WA0046300458004003016303358
B2253103730994N12153868WA0046400458004003015320359
B2253113730995N12153869WA0046300457004003012309359
B2253123730996N12153872WA0046200456004003017288359
B2253133730997N12153876WA0046200457004003017281359
B2253143730997N12153881WA0046200457004003024285359
B2253153730999N12153885WA0046300458004003024296359
B2253163731000N12153888WA0046300458004003018309359
B2253173731002N12153890WA0046400459004003018309359
B2253183731004N12153893WA0046300457004003018307359
B2253193731006N12153896WA0046200456004003018308359
B2253203731007N12153898WA0046100455004003019308359
B2253213731009N12153901WA0046000455004003017306359
B2253223731010N12153904WA0046000454004003017285359
B2253233731010N12153906WA0045800452004003016256359
B2253243731008N12153909WA0045600450004003016231359
B2253253731005N12153912WA0045500448004003022213359
B2253263731001N12153914WA0045400447004003031195000
B2253273730996N12153914WA0045300447005003032175000
B2253283730991N12153912WA0045300446004003032158000
B2253293730987N12153909WA0045200445004003034149000
B2253303730982N12153905WA0045200445004003035148000
B2253313730977N12153902WA0045000444004003039148000
B2253323730972N12153898WA0045000443004003040147000
B2253333730967N12153893WA0045000443004003040144000
B2253343730962N12153889WA0045000443004003040140000
B2253353730958N12153884WA0044900442004003039136000
B2253363730954N12153879WA0044800442004003038134000
B2253373730950N12153874WA0044700441004003039137000
B2253383730945N12153869WA0044700441004003039141000
B2253393730940N12153864WA0044600440004003040146359
B2253403730935N12153861WA0044600441004003040152359
B2253413730931N12153859WA0044700441004003030165359
B2253423730927N12153859WA0044700440004003030184359
B2253433730923N12153861WA0044600439004003028206359
B2253443730920N12153863WA0044600439004003025251359
B2253453730921N12153867WA0044500439004003019293359
B2253463730923N12153869WA0044500438004003015329359
B2253473730925N12153870WA0044400438004003015336359
B2253483730927N12153872WA0044400437004003015324359
B2253493730930N12153874WA0044400437004003019319358
B2253503730932N12153877WA0044400437004003019320356
B2253513730934N12153879WA0044300437004003017325340
B2253523730937N12153881WA0044200436004003019327350
B2253533730939N12153883WA0044100434004003019325349
B2253543730942N12153885WA0044100434004003019321350
B2253553730944N12153887WA0044100434004003019320355
B2253563730946N12153890WA0044000433004003017320354
B2253573730948N12153891WA0043900431004003017331357
B2253583730951N12153892WA0043700430004003017345357
B2253593730954N12153893WA0043600429004003019353356
B2254003730957N12153893WA0043600429004003021359353
B2254013730960N12153893WA0043600429004003023004351
B2254023730964N12153892WA0043700430004003023010003
B2254033730967N12153891WA0043800431004003023020002
B2254043730970N12153889WA0043800432004003022031355
B2254053730972N12153886WA0043900432004003022038353
B2254063730975N12153883WA0043900432004003023042359
B2254073730977N12153880WA0043800431004003023045011
B2254083730980N12153877WA0043800430004003023040006
B2254093730984N12153874WA0043700429004003026036358
B2254103730987N12153871WA0043600429004003028030327
B2254113730991N12153869WA0043600428004003023013316
B2254123730994N12153870WA0043500427004003023342311
B2254133730996N12153871WA0043400427004003020300308
B2254143730996N12153875WA0043300425005003019263308
B2254153730995N12153879WA0043100425004003019225313
B2254163730991N12153882WA0043000423004003026205325
B2254173730987N12153883WA0042800422004003029195331
B2254183730982N12153884WA0042700420004003029194335
B2254193730978N12153886WA0042600419004003030199341
B2254203730973N12153889WA0042500418004003032202345
B2254213730969N12153891WA0042400417004003032201347
B2254223730964N12153893WA0042300416004003032202350
B2254233730959N12153896WA0042200415004003032204351
B2254243730955N12153899WA0042100414004003034207353
B2254253730950N12153902WA0042000413004003035207354
B2254263730945N12153905WA0042000413004003032203355
B2254273730941N12153907WA0041900412004003032198356
B2254283730937N12153908WA0041800410004003031196356
B2254293730932N12153910WA0041600410004003031197357
B2254303730927N12153912WA0041500409004003031198358
B2254313730923N12153914WA0041300407004003032199358
B2254323730918N12153916WA0041200405004003033203358
B2254333730914N12153919WA0041100404004003033208358
B2254343730910N12153923WA0041000403004003033214359
B2254353730906N12153926WA0041000403004003032217359
B2254363730903N12153930WA0041000403004003031219359
B2254373730899N12153934WA0041000404004003032221359
B2254383730896N12153937WA0041200404004003031223359
B2254393730893N12153941WA0041500407004003029226359
B2254403730891N12153944WA0041800411004003024224359
B2254413730889N12153947WA0042100414004003023221359
B2254423730886N12153950WA0042300416004003023224359
B2254433730884N12153953WA0042500418004003023232359
B2254443730883N12153956WA0042700419004003023251359
B2254453730883N12153960WA0042800420004003020291359
B2254463730886N12153963WA0042900420004003023327359
B2254473730890N12153964WA0042900421005003026353359
B2254483730893N12153964WA0043000421005003025005359
B2254493730897N12153964WA0043100422004003025355359
B2254503730899N12153965WA0043100423004003021320359
B2254513730900N12153969WA0043100422004003020270359
B2254523730899N12153972WA0043000422004003025233359
B2254533730895N12153975WA0043100423004003025207359
B2254543730891N12153976WA0043100423004003026187359
B2254553730887N12153976WA0043100424004003026186359
B2254563730884N12153977WA0043100423004003019201359
B2254573730882N12153979WA0043000422004003020217359
B2254583730879N12153982WA0042900422004003020230359
B2254593730878N12153985WA0042800420004003022239359
B2255003730876N12153989WA0042800421004003022255359
B2255013730876N12153993WA0042700420004003017271359
B2255023730877N12153995WA0042700420004003017293359
B2255033730878N12153997WA0042700420005003013296359
B2255043730878N12153999WA0042600419004003012270359
B2255053730877N12154002WA0042400417004003012243359
B2255063730875N12154005WA0042300415004003023229359
B2255073730873N12154008WA0042200414004003025224359
B2255083730870N12154012WA0042100414004003025224359
B2255093730868N12154015WA0042100414004003025225359
B2255103730865N12154018WA0042100414004003023224359
B2255113730863N12154021WA0042000413005003023222359
B2255123730860N12154024WA0041900411004003023221359
B2255133730857N12154027WA0041800410004003025223359
B2255143730854N12154031WA0041700409004003026227359
B2255153730852N12154035WA0041600408004003026228359
B2255163730849N12154038WA0041500408004003025226359
B2255173730847N12154041WA0041500407004003024223359
B2255183730844N12154044WA0041400406004003024221359
B2255193730841N12154047WA0041300405004003025223359
B2255203730838N12154051WA0041200404004003025225359
B2255213730836N12154054WA0041100403004003025227359
B2255223730833N12154058WA0041000402004003025225359
B2255233730831N12154061WA0040900401004003025224359
B2255243730828N12154064WA0040700399004003025226359
B2255253730826N12154068WA0040500397004003026227359
B2255263730823N12154071WA0040300395004003026226359
B2255273730820N12154075WA0040100393004003027226359
B2255283730817N12154079WA0039900391004003028227359
B2255293730814N12154083WA0039800389004003027228359
B2255303730812N12154087WA0039600388004003027228359
B2255313730809N12154091WA0039400386004003026228359
B2255323730806N12154094WA0039300384004003026230359
B2255333730804N12154098WA0039100382004003027231359
B2255343730802N12154102WA0038900380004003026231359
B2255353730799N12154106WA0038800379004003026229359
B2255363730797N12154110WA0038600377004003026230359
B2255373730794N12154113WA0038500375004003026232359
B2255383730792N12154117WA0038200373004003026232359
B2255393730789N12154121WA0038000371004003027230359
B2255403730787N12154125WA0037800369004003028233359
B2255413730784N12154130WA0037700368004003028236359
B2255423730782N12154134WA0037600367004003028231359
B2255433730779N12154138WA0037500366004003028222359
B2255443730776N12154141WA0037400365004003029218359
B2255453730772N12154144WA0037300364004003029221359
B2255463730769N12154148WA0037200362004003028226359
B2255473730767N12154152WA0037000360004003028229359
B2255483730764N12154157WA0036800359004003029229359
B2255493730761N12154161WA0036600357004003032228359
B2255503730757N12154166WA0036400355004003032229359
B2255513730754N12154170WA0036200353004003032229359
B2255523730751N12154175WA0036100351004003032228359
B2255533730748N12154179WA0035900349004003032224359
B2255543730744N12154184WA0035700347004003034221359
B2255553730740N12154188WA0035600346004003034220359
B2255563730736N12154192WA0035500345004003034223359
B2255573730733N12154196WA0035400344004003033224359
B2255583730730N12154200WA0035300343004003031222359
B2255593730726N12154204WA0035200342004003030222359
B2256003730723N12154208WA0035000340004003030223359
B2256013730720N12154212WA0034900339004003030226359
B2256023730717N12154216WA0034800338004003030230359
B2256033730714N12154221WA0034700336004003030232359
B2256043730711N12154225WA0034500334004003031230359
B2256053730708N12154230WA0034300333004003032227359
B2256063730705N12154234WA0034200331004003032226359
B2256073730702N12154238WA0034000330004003032227359
B2256083730699N12154243WA0033900329004003032226359
B2256093730695N12154246WA0033900328004003029220359
B2256103730692N12154249WA0033800328004003029214359
B2256113730688N12154253WA0033700327004003029216359
B2256123730685N12154256WA0033600325004003029221359
B2256133730682N12154260WA0033500324004003029224359
B2256143730679N12154263WA0033300322004003027222359
B2256153730676N12154267WA0033100321004003028220359
B2256163730672N12154270WA0032900319004003028218359
B2256173730669N12154274WA0032800317004003030218359
B2256183730665N12154278WA0032500315004003032218359
B2256193730661N12154282WA0032400313004003034222359
B2256203730657N12154286WA0032300312004003034225359
B2256213730654N12154290WA0032200312004003032225359
B2256223730651N12154294WA0032100311004003030224359
B2256233730649N12154298WA0032000310004003028226359
B2256243730646N12154301WA0032000309004003026227359
B2256253730643N12154305WA0031900308004003026226359
B2256263730640N12154308WA0031800307004003026225359
B2256273730637N12154312WA0031600305004003028223359
B2256283730634N12154316WA0031500304004003030223359
B2256293730630N12154320WA0031400303004003030222359
B2256303730627N12154324WA0031300301004003030224359
B2256313730624N12154328WA0031100299004003029227359
B2256323730621N12154332WA0030900297004003029224359
B2256333730617N12154336WA0030700296004003032217359
B2256343730612N12154340WA0030600295004003035209359
B2256353730608N12154343WA0030500294004003035205359
B2256363730603N12154345WA0030400293004003035200359
B2256373730598N12154347WA0030300292004003035192359
B2256383730592N12154348WA0030200291004003036183359
B2256393730586N12154347WA0030200290004003042175359
B2256403730579N12154346WA0030200290004003043173000
B2256413730573N12154345WA0030200291004003042173000
B2256423730567N12154345WA0030300292004003041173359
B2256433730562N12154344WA0030500294004003040172359
B2256443730556N12154343WA0030600296005003037172359
B2256453730551N12154342WA0030800297004003037173359
B2256463730545N12154342WA0030800297004003037176359
B2256473730540N12154342WA0030900298004003036185359
B2256483730535N12154343WA0031000299004003036191359
B2256493730530N12154344WA0031100300004003033186359
B2256503730525N12154344WA0031200301004003033181359
B2256513730520N12154345WA0031400303004003033181000
B2256523730514N12154345WA0031600305005003036182000
B2256533730509N12154344WA0031800308004003036172000
B2256543730504N12154343WA0032000308004003035147000
B2256553730500N12154338WA0032200309004003035126000
B2256563730499N12154332WA0032300310004003034102000
B2256573730498N12154325WA0032400310004003033074000
B2256583730501N12154321WA0032500312004003030047350
B2256593730505N12154319WA0032700313004003026013344
B2257003730508N12154320WA0032800315004003026341342
B2257013730511N12154323WA0033000317004003024302342
B2257023730511N12154328WA0033200319004003024270342
B2257033730510N12154333WA0033400322004003026246343
B2257043730507N12154337WA0033700325004003029229346
B2257053730504N12154341WA0034000326004003030221347
B2257063730501N12154345WA0034300329004003030216011
B2257073730497N12154347WA0034500332004003030204008
B2257083730492N12154348WA0034700334004003030185005
B2257093730488N12154347WA0034900335004003032163003
B2257103730483N12154343WA0035000336004003033140002
B2257113730481N12154338WA0035100338004003033119001
B2257123730479N12154332WA0035300341004003033098000
B2257133730480N12154327WA0035500343004003027070001
B2257143730483N12154324WA0035700345004003027043358
B2257153730486N12154321WA0036000347004003025025346
B2257163730489N12154320WA0036200350004003024008342
B2257173730492N12154321WA0036400353004003018344337
B2257183730494N12154323WA0036600355004003018312339
B2257193730495N12154326WA0036800357004003018288338
B2257203730495N12154331WA0037000358004003021267338
B2257213730494N12154336WA0037200361004003025246340
B2257223730491N12154341WA0037500364004003031226341
B2257233730487N12154344WA0037800367004003031212344
B2257243730484N12154346WA0038100371004003029199012
B2257253730480N12154347WA0038300371004003026189349
B2257263730476N12154347WA0038500372004003026184008
B2257273730472N12154348WA0038600373004003031180006
B2257283730467N12154347WA0038700374004003036173004
B2257293730461N12154346WA0038900377004003036167003
B2257303730455N12154343WA0039100380004003039158002
B2257313730451N12154339WA0039400383004003039143001
B2257323730446N12154335WA0039700383004003034133000
B2257333730444N12154330WA0039800382005003034098000
B2257343730445N12154324WA0040000383005003028072004
B2257353730447N12154320WA0040100386004003027059358
B2257363730450N12154316WA0040300388004003026040352
B2257373730454N12154314WA0040500390004003026018340
B2257383730458N12154313WA0040700392004003026354335
B2257393730462N12154315WA0040800394004003026335333
B2257403730467N12154317WA0041000395004003026318332
B2257413730468N12154321WA0041300399004003024295333
B2257423730469N12154325WA0041600403005003020274336
B2257433730469N12154328WA0041900403005003020260339
B2257443730468N12154331WA0042100406004003019249346
B2257453730466N12154335WA0042400409004003019240346
B2257463730464N12154339WA0042600412004003024229347
B2257473730460N12154343WA0042900416004003027216348
B2257483730456N12154345WA0043100418004003030198009
B2257493730451N12154346WA0043300420004003030185007
B2257503730445N12154346WA0043500421005003035173005
B2257513730439N12154343WA0043700424004003042160003
B2257523730433N12154340WA0043900424004003044141002
B2257533730428N12154334WA0044200428005003044136001
B2257543730424N12154328WA0044400428005003042132001
B2257553730421N12154323WA0044600431004003037121000
B2257563730419N12154316WA0044700434004003037108000
B2257573730418N12154309WA0045000435007003036092001
B2257583730418N12154304WA0045300439005003036078358
B2257593730420N12154300WA0045600443004003029054351
B2258003730423N12154297WA0045800443004003021019345
B2258013730426N12154297WA0046000445005003021001339
B2258023730430N12154297WA0046100448004003023348338
B2258033730433N12154299WA0046400451004003023339341
B2258043730436N12154301WA0046600454004003022325336
B2258053730437N12154304WA0046900457004003020295341
B2258063730438N12154308WA0047100459004003020267340
B2258073730436N12154313WA0047300462005003028250343
B2258083730434N12154318WA0047500464004003030234344
B2258093730431N12154322WA0047700467004003030219345
B2258103730426N12154325WA0048000469004003033202011
B2258113730421N12154326WA0048200471004003035186008
B2258123730414N12154326WA0048300474004003044174005
B2258133730408N12154323WA0048500476004003046157003
B2258143730402N12154318WA0048800479004003046136002
B2258153730398N12154310WA0049000481004003047117001
B2258163730397N12154302WA0049200483004003047102000
B2258173730396N12154294WA0049400485004003039091002
B2258183730397N12154288WA0049700489004003039078000
B2258193730398N12154284WA0050000492004003030061359
B2258203730400N12154281WA0050200492004003023037356
B2258213730403N12154279WA0050400494004003023029359
B2258223730407N12154276WA0050500495004003026024349
B2258233730411N12154275WA0050700497004003026018338
B2258243730415N12154274WA0050800499004003026009333
B2258253730418N12154274WA0051000501004003024348316
B2258263730420N12154276WA0051100502004003022316321
B2258273730422N12154281WA0051200502004003027290322
B2258283730423N12154286WA0051400504004003028278326
B2258293730424N12154291WA0051600507004003027268327
B2258303730423N12154296WA0052000511004003026259342
B2258313730422N12154300WA0052200514004003023254341
B2258323730421N12154303WA0052500517004003020256345
B2258333730420N12154307WA0052700519004003021245343
B2258343730418N12154310WA0052900521004003021221344
B2258353730413N12154313WA0052900521004003026199013
B2258363730407N12154313WA0053000522005003035180008
B2258373730401N12154311WA0053100523005003044161005
B2258383730395N12154307WA0053300525004003044141003
B2258393730390N12154301WA0053400526004003043123002
B2258403730388N12154294WA0053600528004003042108000
B2258413730388N12154288WA0053800530004003039091001
B2258423730389N12154282WA0054100533004003027069359
B2258433730391N12154278WA0054300535004003027047347
B2258443730394N12154277WA0054500537004003023019339
B2258453730397N12154277WA0054600539004003019343333
B2258463730399N12154279WA0054800540004003019309333
B2258473730400N12154283WA0054900542004003023289333
B2258483730400N12154288WA0055100544004003024270331
B2258493730399N12154292WA0055300547004003023247337
B2258503730398N12154295WA0055500547004003024226340
B2258513730395N12154299WA0055600548004003025221347
B2258523730392N12154302WA0055700549004003026225351
B2258533730389N12154305WA0055700549004003026229353
B2258543730387N12154309WA0055600548004003024231355
B2258553730386N12154312WA0055500547004003021241357
B2258563730385N12154314WA0055300546004003017266358
B2258573730386N12154317WA0055100543004003016302357
B2258583730388N12154319WA0054900542004003019326358
B2258593730391N12154321WA0054800541004003019343000
B2259003730393N12154321WA0054700541004003019359005
B2259013730396N12154320WA0054700540005003017019021
B2259023730398N12154318WA0054600538004003020037025
B2259033730401N12154315WA0054400536004003026050024
B2259043730403N12154310WA0054200535004003026063025
B2259053730404N12154305WA0054100534004003030077016
B2259063730404N12154298WA0054100534004003032088016
B2259073730404N12154291WA0054100535004003037093014
B2259083730404N12154284WA0054100535004003037095012
B2259093730403N12154278WA0054100535004003036099009
B2259103730402N12154271WA0054200535004003036105008
B2259113730399N12154263WA0054200535004003039111008
B2259123730397N12154256WA0054200536004003043113007
B2259133730394N12154248WA0054400539004003043114007
B2259143730391N12154243WA0054700541004003040128353
B2259153730387N12154237WA0054700540005003040148355
B2259163730381N12154234WA0054700540004003040164356
B2259173730375N12154233WA0054700541005003040178357
B2259183730370N12154235WA0054800542004003040204358
B2259193730367N12154240WA0054900543004003033239359
B2259203730367N12154244WA0055100545004003026277357
B2259213730369N12154246WA0055300548004003015321004
B2259223730371N12154246WA0055500550004003018009015
B2259233730373N12154246WA0055500550004003018041019
B2259243730376N12154240WA0055500550004003026061017
B2259253730378N12154234WA0055600551004003037076019
B2259263730378N12154226WA0055700552004003039092019
B2259273730376N12154219WA0055900554004003039108017
B2259283730373N12154212WA0056000555004003041121017
B2259293730369N12154205WA0056200557004003043133346
B2259303730364N12154201WA0056300559004003043153350
B2259313730358N12154200WA0056500560004003040176353
B2259323730352N12154201WA0056600561004003039198356
B2259333730348N12154205WA0056900565004003038219357
B2259343730347N12154209WA0057100567004003021246358
B2259353730347N12154212WA0057300569004003021287358
B2259363730349N12154214WA0057500571004003019332005
B2259373730353N12154214WA0057700573004003019009009
B2259383730356N12154211WA0057900575004003023037023
B2259393730359N12154207WA0058100577004003028056019
B2259403730361N12154202WA0058200579004003031067021
B2259413730362N12154195WA0058400580004003031078018
B2259423730362N12154188WA0058500581004003037087020
B2259433730362N12154179WA0058700582004003043099020
B2259443730360N12154172WA0059100586004003041117020
B2259453730356N12154166WA0059400589004003041138344
B2259463730352N12154164WA0059600591004003035157348
B2259473730347N12154162WA0059700592004003032171351
B2259483730342N12154163WA0059700593004003032184354
B2259493730338N12154164WA0059900594004003029203356
B2259503730335N12154167WA0060000595004003029221357
B2259513730333N12154171WA0060100597004003025239358
B2259523730331N12154174WA0060300597004003021256359
B2259533730332N12154177WA0060400599004003018297357
B2259543730335N12154180WA0060500599004003021329000
B2259553730338N12154181WA0060700601004003024350006
B2259563730341N12154181WA0061000605005003021008023
B2259573730343N12154179WA0061200608005003021046029
B2259583730345N12154175WA0061400607004003021080022
B2259593730345N12154169WA0061400607004003032086017
B2300003730346N12154162WA0061400607004003035086017
B2300013730346N12154155WA0061400608004003035089016
B2300023730345N12154147WA0061500610004003039097017
B2300033730343N12154139WA0061700612004003043111018
B2300043730340N12154132WA0061900614004003041129344
B2300053730335N12154128WA0062000616005003041145348
B2300063730330N12154125WA0062100617005003038157351
B2300073730325N12154123WA0062200617004003034165353
B2300083730320N12154123WA0062200616004003034177354
B2300093730316N12154124WA0062100616005003031194356
B2300103730312N12154126WA0062100616004003031208357
B2300113730308N12154129WA0062100616004003029217358
B2300123730305N12154133WA0062100616004003028220358
B2300133730302N12154136WA0062200618004003028223358
B2300143730299N12154140WA0062300619004003024231358
B2300153730298N12154143WA0062400620004003024242359
B2300163730296N12154148WA0062500621004003024247359
B2300173730295N12154152WA0062600622004003024252359
B2300183730294N12154156WA0062700623004003024267358
B2300193730295N12154159WA0062800624004003017301358
B2300203730298N12154161WA0062900625004003017344005
B2300213730300N12154160WA0063100626004003017020014
B2300223730303N12154158WA0063100626004003019042016
B2300233730306N12154154WA0063100626004003025052018
B2300243730308N12154149WA0063100627004003030064021
B2300253730309N12154143WA0063100627004003035081021
B2300263730309N12154135WA0063100626004003035091019
B2300273730309N12154128WA0063100627004003039096016
B2300283730308N12154120WA0063200629005003039102016
B2300293730306N12154114WA0063300629004003039114013
B2300303730302N12154107WA0063300629005003041125012
B2300313730299N12154101WA0063300629004003041128011
B2300323730294N12154096WA0063400630004003041140351
B2300333730290N12154094WA0063400631004003036157354
B2300343730285N12154093WA0063400630004003032173355
B2300353730280N12154093WA0063400630004003033185356
B2300363730276N12154094WA0063400631004003032204357
B2300373730272N12154098WA0063600632004003031227358
B2300383730270N12154103WA0063700634004003030248359
B2300393730270N12154108WA0063900636004003027265359
B2300403730270N12154113WA0064100639004003027279359
B2300413730271N12154117WA0064300640004003023287359
B2300423730272N12154120WA0064400641004003019285359
B2300433730272N12154124WA0064400641004003019279359
B2300443730273N12154128WA0064300640004003022274359
B2300453730273N12154132WA0064200639004003025273359
B2300463730273N12154137WA0064300639004003024280359
B2300473730275N12154140WA0064300640004003024306000
B2300483730277N12154142WA0064300640004003019341006
B2300493730280N12154142WA0064300640004003018003006
B2300503730282N12154141WA0064300640004003018011002
B2300513730285N12154141WA0064300641004003018011009
B2300523730288N12154140WA0064300641004003019011021
B2300533730291N12154139WA0064400641004003021018026
B2300543730294N12154137WA0064400641004003022029022
B2300553730297N12154134WA0064300641004003025045019
B2300563730300N12154130WA0064300640004003025049020
B2300573730303N12154126WA0064300640004003029049017
B2300583730305N12154121WA0064200640004003030054010
B2300593730308N12154115WA0064300641004003032062012
B2301003730310N12154110WA0064500642004003032068009
B2301013730311N12154104WA0064600643004003032069004
B2301023730313N12154099WA0064800645004003031064006
B2301033730316N12154094WA0064900646004003031061006
B2301043730317N12154088WA0065000647004003034072007
B2301053730318N12154081WA0065000647004003037091007
B2301063730316N12154073WA0065000646004003037111007
B2301073730312N12154067WA0064900645004003041131354
B2301083730307N12154063WA0064800645004003041151356
B2301093730302N12154062WA0064800645004003035177357
B2301103730297N12154063WA0064900646004003035201358
B2301113730293N12154067WA0065000648004003034221359
B2301123730291N12154071WA0065200650004003030237359
B2301133730290N12154075WA0065300651004003023250359
B2301143730289N12154078WA0065300651004003022252359
B2301153730288N12154083WA0065400651004003025254359
B2301163730287N12154088WA0065400652004003025266359
B2301173730288N12154092WA0065500653004003025289001
B2301183730290N12154096WA0065600653004003023318008
B2301193730293N12154097WA0065700654004003020341007
B2301203730296N12154098WA0065900656004003020351014
B2301213730299N12154098WA0066100659004003020002019
B2301223730302N12154097WA0066300661004003019020022
B2301233730304N12154095WA0066400662005003019037014
B2301243730307N12154091WA0066500663004003028049019
B2301253730310N12154086WA0066500663004003031057016
B2301263730312N12154081WA0066600663004003031064018
B2301273730313N12154075WA0066700664004003033078019
B2301283730314N12154068WA0066700664005003038097017
B2301293730312N12154060WA0066800665004003039107016
B2301303730309N12154054WA0066900666004003038120344
B2301313730306N12154048WA0067000667004003038131347
B2301323730302N12154044WA0067100668004003035137350
B2301333730298N12154040WA0067200669004003035142352
B2301343730294N12154037WA0067200669004003032151354
B2301353730290N12154035WA0067100668004003030165355
B2301363730285N12154035WA0067000667004003030182357
B2301373730280N12154036WA0067000667004003036193357
B2301383730275N12154038WA0067000668004003036203358
B2301393730271N12154042WA0067100668004003035217358
B2301403730268N12154046WA0067200669005003032228358
B2301413730265N12154050WA0067200670004003029226359
B2301423730261N12154053WA0067400671004003027221359
B2301433730258N12154057WA0067400670004003027226359
B2301443730256N12154061WA0067300669004003025244359
B2301453730256N12154066WA0067100667004003025266359
B2301463730256N12154071WA0066900666004003027277359
B2301473730257N12154076WA0066900666004003028282359
B2301483730258N12154081WA0066900666004003028284359
B2301493730259N12154085WA0066800666004003024285359
B2301503730260N12154089WA0066800665004003024290359
B2301513730262N12154093WA0066700664004003024299359
B2301523730264N12154098WA0066700664004003028309359
B2301533730267N12154101WA0066800665004003028316359
B2301543730270N12154105WA0066800666004003027317359
B2301553730272N12154108WA0067000667005003025306357
B2301563730273N12154111WA0067100668004003022280356
B2301573730273N12154115WA0067000668004003017265358
B2301583730273N12154117WA0067000667004003017268359
B2301593730273N12154120WA0066800665004003014284359
B2302003730274N12154123WA0066600663004003014296358
B2302013730276N12154127WA0066400661004003018295358
B2302023730278N12154131WA0066300661004003029284358
B2302033730278N12154137WA0066400662004003029263358
B2302043730277N12154141WA0066600665004003026250358
B2302053730275N12154145WA0066700664004003024244359
B2302063730274N12154149WA0066700664004003024244359
B2302073730272N12154154WA0066600663004003027243359
B2302083730270N12154158WA0066500662004003029236359
B2302093730267N12154163WA0066500662004003029229359
B2302103730264N12154167WA0066400661004003029230359
B2302113730262N12154170WA0066400661004003028238359
B2302123730261N12154174WA0066300660004003018248359
B2302133730260N12154177WA0066100657004003019254359
B2302143730259N12154181WA0065800655004003019256359
B2302153730258N12154186WA0065600655004003024261359
B2302163730258N12154192WA0065400653004003029264359
B2302173730257N12154198WA0065200651004003029264359
B2302183730257N12154203WA0065100650004003029262359
B2302193730256N12154207WA0065000649004003026259359
B2302203730255N12154212WA0064900647004003026258359
B2302213730255N12154217WA0064800647004003027260359
B2302223730254N12154222WA0064600645004003026265359
B2302233730254N12154227WA0064400644004003026270359
B2302243730254N12154232WA0064300642004003026271359
B2302253730255N12154237WA0064100640004003026271359
B2302263730255N12154242WA0063900638004003027274359
B2302273730255N12154247WA0063800636004003027278359
B2302283730256N12154252WA0063600635004003027281359
B2302293730257N12154257WA0063500633004003026286359
B2302303730259N12154262WA0063300631004003026292359
B2302313730260N12154266WA0063200630004003027296359
B2302323730262N12154271WA0063100629004003026291359
B2302333730263N12154275WA0062900627004003026281359
B2302343730263N12154280WA0062700625004003026274359
B2302353730263N12154286WA0062500623004003027271359
B2302363730263N12154291WA0062300621004003030267359
B2302373730262N12154297WA0062200620004003030258359
B2302383730261N12154302WA0062000618004003030251359
B2302393730259N12154307WA0061900617004003029247359
B2302403730258N12154312WA0061800616004003029244359
B2302413730256N12154317WA0061700615004003028237359
B2302423730253N12154321WA0061500614004003028230359
B2302433730250N12154325WA0061300612005003028227359
B2302443730247N12154329WA0061200610004003028225359
B2302453730244N12154332WA0061000608004003029220359
B2302463730240N12154335WA0060900607004003030207000
B2302473730236N12154338WA0060800606004003031191000
B2302483730231N12154338WA0060600604004003032181000
B2302493730226N12154337WA0060500603004003032174000
B2302503730221N12154336WA0060400602004003032169000
B2302513730217N12154335WA0060300600004003032162000
B2302523730212N12154332WA0060100599004003031154000
B2302533730208N12154329WA0060000597004003031146000
B2302543730205N12154325WA0059800595004003031137000
B2302553730202N12154321WA0059600593004003029126000
B2302563730200N12154316WA0059500591004003029116000
B2302573730199N12154311WA0059200589004003031106000
B2302583730198N12154305WA0059000587004003033095000
B2302593730199N12154299WA0058800585004003033084000
B2303003730200N12154293WA0058600583004003033079000
B2303013730200N12154287WA0058500583004003032076000
B2303023730201N12154282WA0058400582004003030076000
B2303033730203N12154276WA0058200581004003033076000
B2303043730204N12154270WA0058000579004003032068000
B2303053730207N12154265WA0057900578004003032057000
B2303063730209N12154261WA0057800576004003029054000
B2303073730211N12154256WA0057600575004003027058000
B2303083730213N12154252WA0057500573004003028061000
B2303093730215N12154247WA0057300570004003028060000
B2303103730218N12154242WA0057000567004003028059000
B2303113730220N12154237WA0056800564004003031063000
B2303123730222N12154231WA0056500562004003035064001
B2303133730224N12154225WA0056300561004003035060002
B2303143730227N12154222WA0056200559004003031047355
B2303153730230N12154218WA0056000557004003025039006
B2303163730233N12154215WA0055800554004003025050007
B2303173730235N12154210WA0055600553004003029063025
B2303183730236N12154205WA0055500552004003029066009
B2303193730238N12154201WA0055400551004003028060015
B2303203730241N12154197WA0055200550004003027054012
B2303213730243N12154192WA0055100548004003026058024
B2303223730245N12154188WA0054900548004003028064016
B2303233730246N12154183WA0054800545004003028066012
B2303243730248N12154178WA0054500542004003028062011
B2303253730250N12154174WA0054300539004003028054009
B2303263730253N12154170WA0054000536004003028048009
B2303273730256N12154166WA0053700534004003028043005
B2303283730259N12154163WA0053500532004003028039010
B2303293730262N12154160WA0053300529004003027040032
B2303303730265N12154156WA0053200527004003027050042
B2303313730267N12154151WA0052900525004003029067049
B2303323730268N12154145WA0052700523004003033081038
B2303333730268N12154138WA0052500521003003033089026
B2303343730268N12154131WA0052400520004003038091016
B2303353730267N12154123WA0052500521004003038091016
B2303363730267N12154117WA0052600523004003038089013
B2303373730267N12154112WA0052700523004003030090013
B2303383730267N12154108WA0052800523004003025097008
B2303393730266N12154103WA0052700522004003025097008
B2303403730266N12154098WA0052500521004003028094006
B2303413730266N12154092WA0052300519004003032084005
B2303423730267N12154086WA0052100517004003032082004
B2303433730268N12154079WA0051900515004003035086004
B2303443730268N12154072WA0051800514004003036090003
B2303453730267N12154065WA0051700513004003036091002
B2303463730267N12154058WA0051700513005003036090001
B2303473730268N12154050WA0051600512004003038086001
B2303483730268N12154043WA0051600512004003038082000
B2303493730269N12154036WA0051700513004003036081000
B2303503730270N12154030WA0051700513004003036084000
B2303513730270N12154023WA0051700513004003036088000
B2303523730270N12154016WA0051700513004003037090000
B2303533730270N12154009WA0051800513004003037088000
B2303543730271N12154003WA0051800513004003033084000
B2303553730271N12153996WA0051700512004003034081000
B2303563730272N12153990WA0051600512004003034080000
B2303573730273N12153982WA0051600511004003037080000
B2303583730274N12153974WA0051600511004003041081000
B2303593730275N12153967WA0051600511004003039080000
B2304003730276N12153960WA0051700512004003039079000
B2304013730278N12153953WA0051700512004003038077000
B2304023730279N12153946WA0051800513004003038076000
B2304033730280N12153939WA0051900514004003038078000
B2304043730280N12153932WA0051900514004003035093000
B2304053730278N12153926WA0051900513004003038116000
B2304063730274N12153920WA0051800512004003038136359
B2304073730269N12153917WA0051700512004003038158359
B2304083730264N12153916WA0051700512004003037178359
B2304093730260N12153917WA0051700512004003027195359
B2304103730256N12153919WA0051700512004003027203359
B2304113730253N12153922WA0051700512004003026210359
B2304123730250N12153925WA0051700512004003025222359
B2304133730248N12153928WA0051700512004003025238359
B2304143730247N12153932WA0051800513004003019259358
B2304153730248N12153935WA0051900513004003019283356
B2304163730249N12153938WA0051900514004003016309001
B2304173730251N12153940WA0051900514004003016324355
B2304183730253N12153941WA0051900513004003016332341
B2304193730256N12153943WA0051800512004003021330326
B2304203730258N12153946WA0051700511004003022316326
B2304213730260N12153949WA0051600511004003022299328
B2304223730261N12153954WA0051600511004003023282327
B2304233730261N12153958WA0051700511004003024255330
B2304243730259N12153962WA0051700511004003027224333
B2304253730256N12153966WA0051700511004003032204336
B2304263730250N12153968WA0051700511004003032198341
B2304273730245N12153969WA0051800512004003034196346
B2304283730241N12153971WA0051800512004003034196348
B2304293730236N12153973WA0051800512004003029199350
B2304303730232N12153975WA0051700511004003030201352
B2304313730228N12153977WA0051600509004003030202354
B2304323730223N12153979WA0051400508004003031201355
B2304333730219N12153981WA0051300507004003031199356
B2304343730214N12153983WA0051200506004003033198356
B2304353730209N12153985WA0051100505004003034194357
B2304363730204N12153986WA0051100505004003034183357
B2304373730199N12153986WA0051200506004003034179358
B2304383730194N12153986WA0051200506004003034181358
B2304393730189N12153986WA0051200506004003032189358
B2304403730185N12153988WA0051200506004003032198359
B2304413730181N12153990WA0051200506004003030204359
B2304423730177N12153992WA0051100505004003027202359
B2304433730174N12153994WA0050900503004003027203359
B2304443730170N12153997WA0050800501004003027211359
B2304453730167N12154000WA0050500498004003028218359
B2304463730163N12154004WA0050200496004003028220359
B2304473730160N12154007WA0050100494004003030219359
B2304483730156N12154011WA0050000493004003032218359
B2304493730152N12154015WA0049900492004003031215359
B2304503730148N12154018WA0049700491004003031212359
B2304513730145N12154020WA0049600489004003029208359
B2304523730141N12154023WA0049400487004003029205359
B2304533730136N12154026WA0049200485004003031205359
B2304543730132N12154029WA0049000483004003034208359
B2304553730127N12154032WA0048800481004003034212359
B2304563730124N12154035WA0048700480004003032217359
B2304573730121N12154038WA0048500478004003028226359
B2304583730120N12154041WA0048400477004003023238359
B2304593730119N12154044WA0048300475004003014267359
B2305003730120N12154047WA0048200475004003015310358
B2305013730123N12154048WA0048300476004003015338358
B2305023730126N12154049WA0048400477004003020000011
B2305033730129N12154048WA0048700480004003023025012
B2305043730132N12154044WA0049000483004003028051014
B2305053730134N12154038WA0049300486004003032069005
B2305063730135N12154032WA0049500488004003032073028
B2305073730137N12154027WA0049800491004003032074023
B2305083730137N12154021WA0049900492004003030088033
B2305093730137N12154016WA0049900491004003027107037
B2305103730135N12154011WA0049600488005003033115019
B2305113730133N12154004WA0049200484004003033112013
B2305123730131N12153996WA0049000481004003042098004
B2305133730132N12153988WA0048800481004003042079000
B2305143730134N12153982WA0048800480004003034061000
B2305153730137N12153977WA0048700480004003034052020
B2305163730139N12153973WA0048700479004003029052015
B2305173730142N12153968WA0048500478004003029056014
B2305183730145N12153962WA0048400476004003033058015
B2305193730148N12153956WA0048200476004003042055004
B2305203730152N12153949WA0048200477004003042052003
B2305213730156N12153943WA0048400478004003041054008
B2305223730158N12153938WA0048500478004003037058019
B2305233730161N12153934WA0048600479004003031055005
B2305243730164N12153929WA0048700479004003030047003
B2305253730167N12153925WA0048700479004003032039003
B2305263730171N12153921WA0048700480004003032038349
B2305273730175N12153917WA0048800481004003032042005
B2305283730178N12153913WA0048800482004003032050348
B2305293730180N12153909WA0048900482004003029055002
B2305303730182N12153905WA0048900482004003029057356
B2305313730185N12153901WA0048800481004003026054358
B2305323730187N12153897WA0048700479004003026049003
B2305333730190N12153893WA0048500477004003027042354
B2305343730194N12153890WA0048300475004003029037359
B2305353730197N12153887WA0048200474004003029033341
B2305363730201N12153884WA0048000473004003029031349
B2305373730205N12153881WA0047900472004003029030347
B2305383730208N12153878WA0047800470004003029030357
B2305393730212N12153875WA0047700469004003031033002
B2305403730216N12153872WA0047600468004003031032010
B2305413730220N12153869WA0047500467004003031032359
B2305423730224N12153866WA0047400467004003030031357
B2305433730227N12153863WA0047300466004003029032340
B2305443730231N12153860WA0047300465004003029033340
B2305453730234N12153857WA0047300466004003029029335
B2305463730238N12153855WA0047300465004003028023353
B2305473730242N12153853WA0047200465004003027021001
B2305483730245N12153852WA0047200464004003026023010
B2305493730249N12153849WA0047100463004003029025001
B2305503730253N12153847WA0047000463004003029028342
B2305513730257N12153844WA0046900462004003031031348
B2305523730261N12153841WA0046800461004003031030006
B2305533730265N12153838WA0046700460004003031028008
B2305543730269N12153835WA0046700459004003031027025
B2305553730273N12153833WA0046600458004003030026008
B2305563730277N12153830WA0046400457004003030029015
B2305573730281N12153827WA0046300456004003030035011
B2305583730285N12153822WA0046300455004003033044010
B2305593730288N12153818WA0046200455004003034053023
B2306003730291N12153812WA0046100454004003034059023
B2306013730293N12153806WA0046000453004003034060018
B2306023730296N12153801WA0045900452004003034050355
B2306033730300N12153797WA0045800451004003033032346
B2306043730304N12153795WA0045700450004003035014336
B2306053730310N12153794WA0045600449004003035009333
B2306063730315N12153793WA0045600449004003035009344
B2306073730319N12153791WA0045600450004003033015354
B2306083730323N12153790WA0045700450004003030021010
B2306093730328N12153787WA0045700451004003033024009
B2306103730332N12153784WA0045800451004003033024339
B2306113730337N12153783WA0045900453003003033013323
B2306123730341N12153783WA0046200455004003031350320
B2306133730344N12153785WA0046400457004003023317309
B2306143730345N12153789WA0046500458004003023286312
B2306153730345N12153793WA0046700461004003021263317
B2306163730344N12153796WA0046900463004003020240317
B2306173730342N12153799WA0047000464004003020216320
B2306183730338N12153801WA0047100464004003028192030
B2306193730333N12153800WA0047200464004003035166020
B2306203730328N12153795WA0047200464004003035138012
B2306213730324N12153789WA0047300465004003043110006
B2306223730322N12153781WA0047600466004003043092003
B2306233730323N12153774WA0048000471004003034081002
B2306243730325N12153767WA0048100471004003034062001
B2306253730328N12153763WA0048300472005003030050000
B2306263730331N12153759WA0048400474004003030042350
B2306273730336N12153755WA0048600476004003033031338
B2306283730340N12153753WA0048700477003003031021339
B2306293730344N12153751WA0048800478004003031008333
B2306303730348N12153752WA0048900479004003027347337
B2306313730351N12153753WA0049000479004003023306329
B2306323730351N12153757WA0049000479004003019264333
B2306333730350N12153761WA0049000480004003024237334
B2306343730347N12153764WA0049000480004003027219338
B2306353730343N12153767WA0049100481005003027202341
B2306363730339N12153768WA0049200484004003029192015
B2306373730334N12153769WA0049400486004003029187012
B2306383730330N12153770WA0049600488004003025187350
B2306393730327N12153771WA0049700489004003025187007
B2306403730323N12153770WA0049800491004003025172005
B2306413730319N12153768WA0050000492004003026148003
B2306423730315N12153763WA0050100493003003032123002
B2306433730313N12153756WA0050200494004003040104001
B2306443730314N12153748WA0050400497004003040084002
B2306453730316N12153742WA0050600500004003039062356
B2306463730319N12153738WA0050900502004003035038349
B2306473730323N12153736WA0051000503004003030015342
B2306483730327N12153736WA0051200505004003028354339
B2306493730331N12153738WA0051300507004003028331334
B2306503730332N12153741WA0051600508004003024291335
B2306513730331N12153745WA0051700509004003020246335
B2306523730329N12153747WA0051700510004003020218338
B2306533730326N12153749WA0051700511004003025198018
B2306543730322N12153750WA0051800511004003028176012
B2306553730317N12153749WA0051800511004003028162009
B2306563730312N12153746WA0051900512004003032145006
B2306573730309N12153741WA0052100515004003034128003
B2306583730307N12153735WA0052300517004003032105002
B2306593730307N12153729WA0052500519004003032086001
B2307003730308N12153723WA0052700520004003032079001
B2307013730310N12153717WA0052900522004003033071001
B2307023730312N12153712WA0053000524004003033051000
B2307033730316N12153708WA0053200526004003032032354
B2307043730320N12153706WA0053400527004003032017340
B2307053730324N12153705WA0053500529004003030003342
B2307063730328N12153706WA0053600530004003026349338
B2307073730330N12153707WA0053700530004003022331340
B2307083730332N12153710WA0053700531004003019313339
B2307093730333N12153713WA0053700531004003019287340
B2307103730333N12153717WA0053700531004003019249340
B2307113730330N12153720WA0053700531004003021218341
B2307123730325N12153722WA0053800531004003027192014
B2307133730321N12153722WA0053900532004003031173008
B2307143730317N12153719WA0053900533004003031150006
B2307153730313N12153715WA0053900533004003031129004
B2307163730310N12153709WA0053800532004003034114002
B2307173730309N12153702WA0053900533004003039104001
B2307183730308N12153695WA0054100535004003035097001
B2307193730307N12153689WA0054200535004003035088000
B2307203730308N12153684WA0054300535004003030080001
B2307213730309N12153679WA0054200535004003028072004
B2307223730312N12153674WA0054200534004003028058003
B2307233730315N12153669WA0054100534004003034048358
B2307243730319N12153664WA0054100534004003034040342
B2307253730322N12153661WA0054100534004003032029345
B2307263730326N12153660WA0054100534004003029013344
B2307273730330N12153660WA0054000533004003025358343
B2307283730333N12153660WA0054000533004003020354350
B2307293730335N12153660WA0053900532004003020359352
B2307303730338N12153660WA0053700530004003018359353
B2307313730341N12153661WA0053500528004003018351354
B2307323730345N12153662WA0053300526004003022340355
B2307333730348N12153664WA0053100525004003023329357
B2307343730350N12153666WA0053000524004003023325352
B2307353730353N12153668WA0052900522004003020333355
B2307363730356N12153669WA0052700521004003020342350
B2307373730359N12153671WA0052600519004003022340344
B2307383730363N12153673WA0052400517004003025331341
B2307393730365N12153676WA0052200516004003025318343
B2307403730368N12153680WA0052100514004003025306346
B2307413730369N12153683WA0051900513004003024295347
B2307423730371N12153687WA0051700511004003023293347
B2307433730372N12153691WA0051600509004003024298352
B2307443730374N12153695WA0051400507004003024302352
B2307453730376N12153699WA0051300506004003024301353
B2307463730378N12153702WA0051100504004003023295353
B2307473730379N12153706WA0051000503004003020289355
B2307483730380N12153710WA0050900502004003020288356
B2307493730381N12153713WA0050800501004003020295357
B2307503730383N12153717WA0050700500004003021298357
B2307513730384N12153720WA0050600499004003021301358
B2307523730386N12153724WA0050400498004003025304358
B2307533730389N12153728WA0050300496004003025307359
B2307543730391N12153731WA0050200495004003025309359
B2307553730393N12153735WA0050100494004003025311359
B2307563730396N12153738WA0050000493004003024317359
B2307573730399N12153741WA0049800492004003024318359
B2307583730401N12153744WA0049700490004003024312359
B2307593730403N12153748WA0049500488004003024306359
B2308003730405N12153751WA0049400488004003024304359
B2308013730407N12153754WA0049300487004003019304359
B2308023730408N12153757WA0049200486004003019301359
B2308033730410N12153760WA0049000484004003019294359
B2308043730411N12153764WA0048800481004003019286359
B2308053730411N12153768WA0048600479004003021280359
B2308063730412N12153772WA0048400478004003022273359
B2308073730412N12153776WA0048200476004003022270359
B2308083730412N12153780WA0048100474004003022270359
B2308093730412N12153784WA0047900473004003022269359
B2308103730411N12153788WA0047800471004003020266359
B2308113730411N12153791WA0047600470004003021267359
B2308123730411N12153796WA0047500468004003023265359
B2308133730411N12153800WA0047400467004003023260359
B2308143730410N12153805WA0047300466004003024257359
B2308153730409N12153809WA0047200465004003024260359
B2308163730409N12153814WA0047100464004003024261359
B2308173730408N12153818WA0047000463004003025259359
B2308183730407N12153823WA0046900462004003025256359
B2308193730406N12153828WA0046900462004003027258359
B2308203730406N12153833WA0046800462004003027263359
B2308213730405N12153837WA0046900462004003022265359
B2308223730405N12153841WA0046800462004003022266359
B2308233730405N12153845WA0046800461004003019265359
B2308243730405N12153848WA0046700461004003019264359
B2308253730405N12153852WA0046700461004003020265359
B2308263730404N12153856WA0046600460004003019265359
B2308273730404N12153859WA0046600459004003019267359
B2308283730404N12153863WA0046400458004003018269359
B2308293730404N12153866WA0046300456004003018271359
B2308303730404N12153870WA0046100454004003019278359
B2308313730405N12153875WA0046000453003003024280359
B2308323730406N12153879WA0045900453004003024278359
B2308333730406N12153883WA0046000453004003022276359
B2308343730406N12153886WA0046000453004003019276359
B2308353730407N12153889WA0045900453004003017276359
B2308363730407N12153892WA0045800451004003018277359
B2308373730407N12153895WA0045700450004003019279359
B2308383730408N12153899WA0045600448004003019282359
B2308393730409N12153902WA0045400447004003019282359
B2308403730409N12153905WA0045300446004003017271359
B2308413730408N12153908WA0045100444004003018257359
B2308423730407N12153912WA0044900441004003021251359
B2308433730406N12153916WA0044700439004003021251359
B2308443730405N12153921WA0044500438004003025253359
B2308453730404N12153925WA0044400437004003025252359
B2308463730403N12153929WA0044300436004003022250359
B2308473730402N12153933WA0044200434004003022252359
B2308483730401N12153937WA0044000432004003022258359
B2308493730401N12153941WA0043900431004003022261359
B2308503730400N12153946WA0043700431004003022260359
B2308513730399N12153950WA0043600429004003022257359
B2308523730399N12153954WA0043500428004003023258359
B2308533730398N12153958WA0043400426004003023261359
B2308543730398N12153963WA0043300425004003024263359
B2308553730397N12153968WA0043200425004003025261359
B2308563730397N12153972WA0043100424004003025257359
B2308573730396N12153976WA0043100423004003025250359
B2308583730394N12153980WA0043000423004003022251359
B2308593730394N12153985WA0042900421004003022257359
B2309003730393N12153990WA0042700420004003024258359
B2309013730392N12153995WA0042600419004003031257359
B2309023730391N12154001WA0042700420004003031255359
B2309033730390N12154006WA0042800421004003031255359
B2309043730389N12154012WA0043000423004003030262359
B2309053730389N12154018WA0043200425004003030275359
B2309063730390N12154023WA0043300426004003026288359
B2309073730392N12154026WA0043500427004003026315359
B2309083730395N12154028WA0043600428004003019330356
B2309093730397N12154029WA0043600428004003018327353
B2309103730399N12154031WA0043600429004003017317356
B2309113730401N12154034WA0043600429004003018327358
B2309123730404N12154035WA0043600429004003022347009
B2309133730408N12154035WA0043700430004003022008019
B2309143730411N12154033WA0044000433004003025032028
B2309153730413N12154029WA0044300436004003025057031
B2309163730414N12154024WA0044400437004003028081032
B2309173730414N12154018WA0044500438004003034103032
B2309183730411N12154012WA0044600438004003034124327
B2309193730406N12154007WA0044600438004003038145337
B2309203730401N12154005WA0044600438004003039168344
B2309213730394N12154005WA0044700440004003040190349
B2309223730389N12154008WA0044800442004003040206353
B2309233730386N12154012WA0045000443004003036221354
B2309243730383N12154016WA0045100445004003030235356
B2309253730381N12154021WA0045200445004003028249357
B2309263730381N12154025WA0045300446004003024264358
B2309273730381N12154029WA0045400447004003024284358
B2309283730383N12154033WA0045400447004003022310001
B2309293730386N12154034WA0045500448004003021340005
B2309303730389N12154034WA0045500448004003021005017
B2309313730393N12154033WA0045600450004003027027016
B2309323730396N12154029WA0045800451004003029046021
B2309333730399N12154025WA0045900451004003029070020
B2309343730400N12154019WA0046100453004003030082018
B2309353730399N12154012WA0046300455004003032094018
B2309363730398N12154006WA0046500457004003035110018
B2309373730395N12154000WA0046700460004003036134343
B2309383730389N12153997WA0046900461005003036156347
B2309393730384N12153995WA0047000461005003038181351
B2309403730378N12153996WA0047100462004003040196354
B2309413730373N12154001WA0047300465004003038216356
B2309423730370N12154006WA0047500467004003038234358
B2309433730368N12154011WA0047700470004003033259358
B2309443730369N12154015WA0047900471004003026289355
B2309453730371N12154018WA0048000472004003022316356
B2309463730374N12154021WA0048200472004003022345012
B2309473730377N12154021WA0048200473004003023013016
B2309483730380N12154019WA0048300474004003023032020
B2309493730383N12154015WA0048300475004003025051022
B2309503730385N12154009WA0048400476004003030070023
B2309513730386N12154003WA0048500477004003035086021
B2309523730385N12153996WA0048700479004003035101021
B2309533730383N12153990WA0048900482004003036119020
B2309543730379N12153985WA0049100484004003037135016
B2309553730375N12153980WA0049300486005003037147014
B2309563730370N12153978WA0049500488005003037159349
B2309573730365N12153976WA0049600488005003036179351
B2309583730360N12153977WA0049700489004003036193354
B2309593730354N12153981WA0049900491004003036208356
B2310003730350N12153985WA0050100493004003036226357
B2310013730348N12153991WA0050300496004003036249358
B2310023730348N12153996WA0050500498004003031274358
B2310033730349N12154000WA0050800501004003026286352
B2310043730350N12154004WA0051000503004003021290354
B2310053730351N12154006WA0051100505004003018299355
B2310063730353N12154009WA0051200505004003021321001
B2310073730357N12154011WA0051200505004003021343016
B2310083730361N12154011WA0051300506004003025008022
B2310093730364N12154009WA0051400508004003025027023
B2310103730366N12154007WA0051600510004003020042019
B2310113730368N12154003WA0051700511004003022052016
B2310123730370N12154000WA0051700511004003022059015
B2310133730372N12153995WA0051700511004003025066014
B2310143730373N12153989WA0051800511005003030083015
B2310153730372N12153982WA0051900512004003038106014
B2310163730370N12153975WA0052000513004003039124014
B2310173730366N12153970WA0052200514005003038139011
B2310183730361N12153966WA0052500517005003036144349
B2310193730357N12153963WA0052700520004003032153351
B2310203730353N12153962WA0052800521004003032165353
B2310213730347N12153961WA0052900521004003037176355
B2310223730342N12153961WA0053100523004003037184356
B2310233730336N12153963WA0053200525004003037195357
B2310243730331N12153965WA0053400527005003036208357
B2310253730328N12153969WA0053500528004003033222358
B2310263730324N12153974WA0053600529004003033229358
B2310273730321N12153979WA0053800532004003033233358
B2310283730319N12153984WA0054100535004003031235359
B2310293730317N12153988WA0054300537004003029237359
B2310303730315N12153992WA0054600540004003027238359
B2310313730312N12153997WA0054700541004003028239359
B2310323730311N12154002WA0054900542004003028250359
B2310333730310N12154007WA0054900543004003028271359
B2310343730312N12154012WA0055000544004003028293357
B2310353730314N12154016WA0055200546005003025313001
B2310363730317N12154018WA0055400549005003025333009
B2310373730319N12154018WA0055600551004003019006015
B2310383730321N12154017WA0055800552004003017030013
B2310393730323N12154015WA0055900553004003017042014
B2310403730325N12154012WA0056000554004003024051014
B2310413730328N12154007WA0056100555004003029060012
B2310423730330N12154001WA0056200556004003029070016
B2310433730330N12153995WA0056200557004003034085016
B2310443730329N12153989WA0056400558004003034104016
B2310453730327N12153983WA0056500560004003034129013
B2310463730322N12153979WA0056700562004003035147014
B2310473730318N12153977WA0056900564004003034157011
B2310483730314N12153975WA0057000565004003032163350
B2310493730309N12153974WA0057100566004003032175353
B2310503730304N12153975WA0057200566004003035191355
B2310513730299N12153978WA0057200566004003037207356
B2310523730295N12153982WA0057200567004003036225358
B2310533730292N12153988WA0057300568004003036245358
B2310543730291N12153993WA0057300568004003032264359
B2310553730292N12153997WA0057400570004003021280357
B2310563730293N12154000WA0057600572004003021300357
B2310573730295N12154003WA0057800573004003019317358
B2310583730297N12154004WA0058000575004003018340010
B2310593730300N12154005WA0058100576004003018006018
B2311003730302N12154003WA0058200577004003020032030
B2311013730304N12154000WA0058200577004003022061036
B2311023730305N12153995WA0058200577004003022092034
B2311033730303N12153989WA0058200576004003027118033
B2311043730300N12153983WA0058100577004003033138032
B2311053730294N12153980WA0058200578004003039155333
B2311063730289N12153979WA0058400580004003039176341
B2311073730283N12153980WA0058400580004003036195345
B2311083730279N12153983WA0058500580004003035208348
B2311093730274N12153987WA0058500580004003035214352
B2311103730270N12153991WA0058400580004003036221353
B2311113730266N12153996WA0058400580004003036231356
B2311123730264N12154002WA0058500581004003036244357
B2311133730263N12154007WA0058600582004003034265358
B2311143730264N12154011WA0058800584004003028297357
B2311153730266N12154014WA0058900585004003018324356
B2311163730269N12154015WA0059000586004003018334359
B2311173730271N12154016WA0059100587004003015351006
B2311183730273N12154015WA0059100587004003015015020
B2311193730276N12154013WA0059100587004003018041029
B2311203730278N12154009WA0059100587004003029064031
B2311213730279N12154003WA0059200588004003033087032
B2311223730277N12153997WA0059300589004003033112036
B2311233730274N12153992WA0059300590004003034134030
B2311243730270N12153987WA0059400589004003034145026
B2311253730265N12153985WA0059400589004003035154023
B2311263730260N12153983WA0059300589004003036165342
B2311273730254N12153982WA0059300588004003036179347
B2311283730248N12153983WA0059200587004003039193350
B2311293730242N12153987WA0059100586005003041210354
B2311303730238N12153992WA0059100586004003039226356
B2311313730235N12153998WA0059000586004003039248357
B2311323730234N12154004WA0059100586004003034269358
B2311333730235N12154008WA0059200588004003028288357
B2311343730236N12154011WA0059300589004003020294357
B2311353730237N12154013WA0059400589004003013284356
B2311363730237N12154016WA0059400589004003015272356
B2311373730237N12154019WA0059300588004003015265357
B2311383730237N12154023WA0059200586004003017265358
B2311393730237N12154027WA0059100585004003020274359
B2311403730238N12154031WA0059000585004003022284359
B2311413730239N12154034WA0059000586004003022289358
B2311423730240N12154038WA0059100587004003021290357
B2311433730241N12154041WA0059300588004003018292356
B2311443730241N12154043WA0059400588004003014299357
B2311453730243N12154045WA0059300587004003014308357
B2311463730244N12154047WA0059200585004003014322358
B2311473730246N12154048WA0059100584004003014320357
B2311483730248N12154050WA0058900584004003014323356
B2311493730250N12154051WA0058800583004003014335358
B2311503730253N12154053WA0058600581004003024343357
B2311513730257N12154054WA0058600581003003026348354
B2311523730261N12154054WA0058500581004003024351346
B2311533730264N12154055WA0058400580004003022357353
B2311543730266N12154055WA0058100577004003015001356
B2311553730268N12154054WA0057800573004003018004344
B2311563730272N12154054WA0057400569004003018004348
B2311573730276N12154054WA0057100566004003023005359
B2311583730281N12154053WA0056900564004003032008002
B2311593730285N12154052WA0056800564004003033012000
B2312003730290N12154050WA0056800563004003032013354
B2312013730295N12154049WA0056700563004003032011003
B2312023730299N12154048WA0056700563004003030011002
B2312033730303N12154047WA0056700562004003028015003
B2312043730307N12154045WA0056600561004003029024009
B2312053730311N12154042WA0056500560004003029030006
B2312063730315N12154039WA0056400559004003031032015
B2312073730319N12154035WA0056200558004003034031012
B2312083730324N12154032WA0056100557004003035033023
B2312093730328N12154028WA0056100557004003034037011
B2312103730332N12154024WA0056100558004003034041025
B2312113730335N12154020WA0056100557004003029043019
B2312123730337N12154017WA0056100556004003023038015
B2312133730340N12154015WA0056000555004003024031007
B2312143730343N12154013WA0055800553004003024027015
B2312153730347N12154011WA0055700552004003025029026
B2312163730350N12154008WA0055600551004003026030024
B2312173730354N12154005WA0055500551004003028029019
B2312183730358N12154003WA0055500550004003028028023
B2312193730361N12154001WA0055300548004003027025023
B2312203730365N12153999WA0055200546004003026018001
B2312213730369N12153998WA0055000544004003026006345
B2312223730372N12153998WA0054700541004003027351326
B2312233730376N12154000WA0054400538004003030335322
B2312243730380N12154003WA0054100536004003030321322
B2312253730383N12154008WA0053900534004003031310327
B2312263730386N12154012WA0053700532004003031304333
B2312273730388N12154017WA0053500530004003029300339
B2312283730390N12154022WA0053300528004003029296342
B2312293730392N12154027WA0053100525004003029293344
B2312303730393N12154032WA0052800522004003029291347
B2312313730395N12154038WA0052600519004003031291349
B2312323730397N12154044WA0052300519004003033291351
B2312333730399N12154050WA0052100518004003033291353
B2312343730401N12154055WA0051900518004003033287354
B2312353730402N12154061WA0051700515004003033285353
B2312363730403N12154066WA0051600513004003030285355
B2312373730404N12154070WA0051400511004003021288356
B2312383730405N12154073WA0051100508004003023290357
B2312393730406N12154078WA0050800505004003023290357
B2312403730407N12154082WA0050600502004003024285358
B2312413730408N12154087WA0050400500004003025278358
B2312423730408N12154092WA0050200498004003026276358
B2312433730409N12154097WA0050100497004003027277358
B2312443730409N12154102WA0050000496004003027279359
B2312453730410N12154107WA0049900494004003027280359
B2312463730411N12154111WA0049800493004003026281359
B2312473730412N12154116WA0049600491004003026282359
B2312483730413N12154121WA0049500490004003028285359
B2312493730414N12154126WA0049400489004003028282359
B2312503730414N12154131WA0049400489004003028280359
B2312513730415N12154136WA0049300489004003025283359
B2312523730416N12154140WA0049300488004003023286359
B2312533730417N12154144WA0049200487004003024286359
B2312543730418N12154148WA0049100485004003024284359
B2312553730419N12154153WA0048900483004003024281359
B2312563730420N12154158WA0048600480004003026279359
B2312573730420N12154163WA0048400478004003030282359
B2312583730422N12154169WA0048300477004003030286359
B2312593730423N12154174WA0048200477004003030284359
B2313003730423N12154178WA0048100476004003027281359
B2313013730424N12154182WA0048100475004003023279359
B2313023730425N12154187WA0048000474004003024280359
B2313033730425N12154191WA0047900473004003025282359
B2313043730426N12154196WA0047800472004003025286359
B2313053730428N12154200WA0047700472004003025290359
B2313063730429N12154204WA0047700471004003023294359
B2313073730430N12154207WA0047600470004003020296359
B2313083730432N12154211WA0047500469004003020297359
B2313093730433N12154214WA0047400468004003020298359
B2313103730434N12154217WA0047300467004003020297359
B2313113730436N12154221WA0047100465004003020293359
B2313123730437N12154224WA0047000463004003022287359
B2313133730438N12154228WA0046800461004003022287359
B2313143730439N12154232WA0046600459004003022289359
B2313153730440N12154236WA0046500458004003021289359
B2313163730441N12154239WA0046300456004003020284359
B2313173730441N12154243WA0046200455004003017275359
B2313183730441N12154246WA0046000453004003018265359
B2313193730440N12154249WA0045800451004003018257359
B2313203730440N12154253WA0045600449004003018253359
B2313213730439N12154257WA0045300446004003020257359
B2313223730439N12154261WA0045100443004003021267359
B2313233730439N12154265WA0044900441004003021275359
B2313243730439N12154268WA0044700439004003021277359
B2313253730439N12154272WA0044500438004003019273359
B2313263730439N12154275WA0044300436004003017260359
B2313273730438N12154278WA0044100433004003018249359
B2313283730437N12154281WA0043800430004003020251359
B2313293730437N12154285WA0043500427004003020255359
B2313303730436N12154289WA0043200424004003023257359
B2313313730435N12154294WA0043000422004003023257359
B2313323730434N12154298WA0042800420004003022257359
B2313333730434N12154302WA0042500417004003022256359
B2313343730433N12154305WA0042300414004003020256359
B2313353730432N12154308WA0041900410004003018261359
B2313363730432N12154312WA0041600410004003018271359
B2313373730433N12154315WA0041200406004003019289358
B2313383730435N12154318WA0040800402003003019317357
B2313393730437N12154320WA0040400398004003019339352
B2313403730440N12154320WA0040200395004003019350348
B2313413730443N12154321WA0039900393004003018353345
B2313423730445N12154321WA0039600389004003018356354
B2313433730449N12154321WA0039300386004003023001348
B2313443730453N12154320WA0039100383005003023005347
B2313453730456N12154320WA0038900382004003023005340
B2313463730459N12154320WA0038700381004003022002343
B2313473730462N12154320WA0038500380004003018001352
B2313483730464N12154320WA0038200379004003021002346
B2313493730468N12154319WA0037900375004003021004342
B2313503730472N12154319WA0037600371004003024002343
B2313513730475N12154318WA0037400369004003024003342
B2313523730478N12154318WA0037200366004003020006336
B2313533730481N12154317WA0037000364004003020010341
B2313543730484N12154317WA0036800361004003019011341
B2313553730487N12154316WA0036500358004003019007345
B2313563730490N12154316WA0036300356004003019003336
B2313573730493N12154315WA0036200354004003022005328
B2313583730496N12154315WA0036000353004003022009342
B2313593730499N12154314WA0035900350004003020009346
B2314003730502N12154314WA0035600348004003019004349
B2314013730505N12154314WA0035400345004003019357350
B2314023730508N12154314WA0035200343004003019355341
B2314033730510N12154315WA0035000342004003019352336
B2314043730513N12154316WA0035000342004003019336327
B2314053730515N12154318WA0035000342004003019310312
B2314063730516N12154321WA0035000341004003016275307
B2314073730515N12154324WA0034800338004003021250319
B2314083730514N12154329WA0034500335004003021244323
B2314093730511N12154334WA0034200331004003028244324
B2314103730509N12154340WA0033900332004003032249338
B2314113730508N12154346WA0033800330004003032253341
B2314123730507N12154351WA0033700329004003032253345
B2314133730505N12154357WA0033700329004003032251348
B2314143730504N12154362WA0033700329004003032248352
B2314153730502N12154367WA0033600328004003028249353
B2314163730501N12154372WA0033500327004003028258355
B2314173730501N12154377WA0033500326004003026264356
B2314183730500N12154382WA0033300325004003026265355
B2314193730500N12154387WA0033200323004003025264355
B2314203730500N12154391WA0033100322004003026264356
B2314213730499N12154396WA0033000321004003027261357
B2314223730498N12154402WA0032900321004003027255357
B2314233730497N12154407WA0032900320004003028253357
B2314243730496N12154412WA0032800319004003028253358
B2314253730494N12154417WA0032800319004003031250358
B2314263730492N12154423WA0032700318004003032245358
B2314273730490N12154428WA0032600317004003031237359
B2314283730488N12154432WA0032400315004003029230359
B2314293730485N12154435WA0032200313004003028224359
B2314303730481N12154439WA0032000310004003030220359
B2314313730478N12154443WA0031800308004003032222359
B2314323730474N12154448WA0031600307004003032228359
B2314333730471N12154453WA0031600307003003035228359
B2314343730467N12154457WA0031700308004003035221359
B2314353730464N12154460WA0031700308004003029214359
B2314363730460N12154463WA0031900310004003029207359
B2314373730456N12154465WA0032000310004003029203359
B2314383730452N12154467WA0032000311005003029203359
B2314393730448N12154470WA0032100311005003030203359
B2314403730444N12154472WA0032100312004003030200000
B2314413730439N12154473WA0032100312004003030192359
B2314423730435N12154474WA0032200312003003029190359
B2314433730431N12154475WA0032100312004003028203359
B2314443730429N12154478WA0032100310004003025229359
B2314453730428N12154482WA0031900308004003021266359
B2314463730429N12154486WA0031800307004003021298359
B2314473730432N12154489WA0031800308004003021326359
B2314483730434N12154490WA0031800308004003018340354
B2314493730436N12154491WA0031700307004003016342353
B2314503730438N12154491WA0031700307004003015336355
B2314513730440N12154492WA0031500307004003017338356
B2314523730443N12154494WA0031400305004003017345357
B2314533730446N12154494WA0031200304003003021348357
B2314543730450N12154495WA0031100302004003022353358
B2314553730453N12154494WA0030900300004003021007003
B2314563730456N12154493WA0030800298004003025023008
B2314573730460N12154490WA0030600296004003025036009
B2314583730464N12154485WA0030500294004003031046008
B2314593730467N12154480WA0030400294004003032058007
B2315003730468N12154475WA0030400295004003031073006
B2315013730469N12154469WA0030400294004003031084004
B2315023730469N12154463WA0030300293004003031086004
B2315033730470N12154456WA0030200292004003033084002
B2315043730471N12154450WA0030100290004003034080001
B2315053730472N12154443WA0030000289004003039073002
B2315063730474N12154436WA0030000290004003039067001
B2315073730476N12154430WA0030200292004003039066002
B2315083730478N12154424WA0030400294004003034075002
B2315093730478N12154419WA0030500296004003030089001
B2315103730477N12154414WA0030600296004003028100001
B2315113730476N12154408WA0030600296004003029110001
B2315123730474N12154403WA0030600296004003029118001
B2315133730471N12154398WA0030600295004003031128001
B2315143730468N12154394WA0030500294004003033133000
B2315153730464N12154389WA0030400294004003033133000
B2315163730461N12154385WA0030200292004003033128000
B2315173730458N12154379WA0030000290005003033120000
B2315183730456N12154373WA0029900288004003035116000
B2315193730453N12154366WA0029900289004003039117000
B2315203730450N12154360WA0030000291004003035119000
B2315213730448N12154355WA0030100292004003035119000
B2315223730446N12154350WA0030200292004003030121000
B2315233730444N12154346WA0030200292004003029121000
B2315243730442N12154341WA0030200291004003029110000
B2315253730442N12154335WA0030100290004003032091000
B2315263730443N12154328WA0030000289005003037072004
B2315273730445N12154322WA0030100290004003036068003
B2315283730447N12154316WA0030200292004003036066357
B2315293730449N12154312WA0030400294004003030057349
B2315303730450N12154309WA0030400293004003019032350
B2315313730453N12154308WA0030400293004003022028002
B2315323730458N12154305WA0030400292004003022031357
B2315333730462N12154301WA0030400293004003033042018
B2315343730466N12154296WA0030600294004003033054012
B2315353730468N12154291WA0030900295004003026057001
B2315363730470N12154288WA0031100295004003026044348
B2315373730472N12154286WA0031200295003003019018332
B2315383730476N12154286WA0031100295004003019359330
B2315393730480N12154286WA0031100296004003025343321
B2315403730483N12154288WA0031200297004003022326317
B2315413730485N12154292WA0031300298004003022293317
B2315423730484N12154296WA0031300298004003020261319
B2315433730483N12154300WA0031300298004003020243321
B2315443730480N12154304WA0031300299004003025229326
B2315453730477N12154307WA0031300299004003028215330
B2315463730473N12154310WA0031300300004003030204335
B2315473730469N12154311WA0031300300004003030190019
B2315483730463N12154311WA0031400300004003032177014
B2315493730458N12154311WA0031400301004003032166009
B2315503730454N12154309WA0031500302004003031156007
B2315513730450N12154306WA0031500302004003031145005
B2315523730446N12154302WA0031500302004003031133003
B2315533730443N12154296WA0031500302004003031122002
B2315543730441N12154289WA0031500302003003037110001
B2315553730440N12154282WA0031600304004003039099000
B2315563730440N12154275WA0031800306004003039088000
B2315573730441N12154270WA0031900307004003032070357
B2315583730443N12154266WA0032000308004003029052351
B2315593730446N12154262WA0032100309004003027036342
B2316003730450N12154260WA0032300311004003026019338
B2316013730453N12154260WA0032400313004003026359336
B2316023730457N12154260WA0032500312003003025329334
B2316033730459N12154264WA0032600313004003022297334
B2316043730458N12154268WA0032700314004003020254335
B2316053730456N12154271WA0032800315004003021219342
B2316063730453N12154273WA0032800315004003022209343
B2316073730450N12154275WA0032800315004003022213346
B2316083730447N12154278WA0032700314004003023214347
B2316093730443N12154280WA0032700314004003028201010
B2316103730439N12154281WA0032700314003003033185008
B2316113730433N12154280WA0032800315004003033170005
B2316123730428N12154278WA0032800316004003037157004
B2316133730423N12154274WA0033000318004003036146002
B2316143730419N12154270WA0033100320004003036133001
B2316153730417N12154264WA0033300321004003034114001
B2316163730416N12154257WA0033400322004003034098000
B2316173730415N12154250WA0033500323004003038085001
B2316183730416N12154243WA0033700326003003035078358
B2316193730418N12154238WA0034000329004003035068350
B2316203730420N12154235WA0034200331004003027046347
B2316213730423N12154232WA0034300330004003021017345
B2316223730426N12154232WA0034300331004003021005349
B2316233730430N12154232WA0034400333004003022001345
B2316243730432N12154233WA0034600335004003022342345
B2316253730434N12154235WA0034700336004003016301344
B2316263730434N12154238WA0034700336004003016255344
B2316273730432N12154242WA0034700335004003019228346
B2316283730429N12154245WA0034700336004003026208347
B2316293730425N12154247WA0034800337004003026201350
B2316303730421N12154248WA0034800338004003026196351
B2316313730417N12154249WA0034900338004003026194353
B2316323730413N12154251WA0034900338004003027197355
B2316333730409N12154253WA0034900339004003032202356
B2316343730404N12154256WA0035000340004003032209357
B2316353730401N12154259WA0035200342004003032210357
B2316363730397N12154261WA0035400344004003029210358
B2316373730394N12154263WA0035500345004003027207358
B2316383730390N12154265WA0035500345004003026203358
B2316393730386N12154267WA0035600346004003029203358
B2316403730382N12154270WA0035600346003003029208359
B2316413730379N12154273WA0035600346003003029217359
B2316423730376N12154277WA0035700347004003029231359
B2316433730375N12154281WA0035700347004003022250359
B2316443730375N12154285WA0035700347004003022272359
B2316453730375N12154288WA0035700347004003019294356
B2316463730377N12154291WA0035700346004003019317005
B2316473730380N12154292WA0035600345004003019350010
B2316483730383N12154291WA0035500344004003025019005
B2316493730387N12154289WA0035500345004003030035028
B2316503730390N12154286WA0035500346004003025041032
B2316513730392N12154282WA0035600346004003025058029
B2316523730393N12154278WA0035500345004003024070023
B2316533730394N12154273WA0035400344004003029075018
B2316543730395N12154267WA0035300342004003032075012
B2316553730397N12154261WA0035200342004003032073005
B2316563730398N12154256WA0035200342004003032067002
B2316573730400N12154251WA0035100341004003031055357
B2316583730403N12154248WA0035100341004003022038351
B2316593730406N12154246WA0035100341004003022027345
B2317003730409N12154245WA0035000340004003022020349
B2317013730412N12154243WA0035000340004003022016342
B2317023730415N12154242WA0034900339004003022012337
B2317033730419N12154242WA0035000340004003023009346
B2317043730422N12154241WA0035000340004003024010340
B2317053730426N12154240WA0035100341004003023012335
B2317063730429N12154239WA0035100342004003023013350
B2317073730432N12154238WA0035200342004003022019354
B2317083730435N12154236WA0035200343004003024024353
B2317093730439N12154234WA0035300343004003024025326
B2317103730441N12154233WA0035300343003003022013322
B2317113730444N12154233WA0035200342003003018338313
B2317123730445N12154236WA0035100340004003018295311
B2317133730446N12154240WA0035000340004003024262304
B2317143730445N12154244WA0034900340005003026227306
B2317153730441N12154247WA0034900340004003026203048
B2317163730437N12154248WA0035000341004003026184038
B2317173730433N12154247WA0035000341004003027173027
B2317183730429N12154246WA0034900340004003029165022
B2317193730424N12154244WA0034800339004003035157018
B2317203730418N12154241WA0034700339004003035150012
B2317213730414N12154237WA0034700338004003038140008
B2317223730409N12154231WA0034700338004003041129005
B2317233730405N12154224WA0034700338004003044116003
B2317243730404N12154216WA0034700338004003044101001
B2317253730404N12154208WA0034700338004003043085002
B2317263730405N12154200WA0034700338004003042076003
B2317273730407N12154193WA0034800338004003040072358
B2317283730409N12154187WA0034800338004003033064353
B2317293730412N12154182WA0034800337004003033054349
B2317303730415N12154179WA0034800338004003028044343
B2317313730418N12154176WA0034800337004003026035339
B2317323730421N12154174WA0034800337004003026024340
B2317333730424N12154173WA0034800337004003022012338
B2317343730427N12154173WA0034900339004003022358345
B2317353730431N12154174WA0035000339004003021352346
B2317363730434N12154174WA0035000340004003021355350
B2317373730437N12154174WA0035100340004003021004352
B2317383730440N12154173WA0035100340004003021010347
B2317393730443N12154173WA0035100340003003021002341
B2317403730445N12154174WA0035000339003003018334341
B2317413730447N12154176WA0035000339004003018308343
B2317423730448N12154179WA0034900338004003018292343
B2317433730449N12154182WA0034900338004003015285352
B2317443730450N12154185WA0034900338004003015286353
B2317453730451N12154187WA0034800337004003014305356
B2317463730453N12154189WA0034600335004003014331358
B2317473730456N12154190WA0034500334004003019351000
B2317483730460N12154189WA0034400333004003024010000
B2317493730463N12154188WA0034300332004003024023338
B2317503730466N12154186WA0034200332004003021029351
B2317513730468N12154184WA0034000329004003019024346
B2317523730471N12154183WA0033800327004003019016337
B2317533730475N12154182WA0033500324004003025007330
B2317543730479N12154182WA0033400323004003025354331
B2317553730482N12154183WA0033300323004003025340332
B2317563730485N12154185WA0033300322004003022329339
B2317573730487N12154187WA0033200322004003020327338
B2317583730490N12154189WA0033100321004003018330344
B2317593730492N12154191WA0033100320004003018328345
B2318003730494N12154193WA0033000319004003017321349
B2318013730496N12154195WA0032900317004003017313349
B2318023730498N12154198WA0032700316004003019305350
B2318033730499N12154201WA0032600315004003019301353
B2318043730501N12154204WA0032400313004003019299354
B2318053730502N12154207WA0032300312004003018299356
B2318063730503N12154210WA0032200311004003018296356
B2318073730504N12154213WA0032200311005003018294357
B2318083730505N12154215WA0032100310004003014298357
B2318093730506N12154217WA0032000308004003014302358
B2318103730507N12154220WA0031800307004003014301358
B2318113730509N12154222WA0031600304004003015300358
B2318123730510N12154225WA0031400303004003018299358
B2318133730511N12154228WA0031300302004003018295359
B2318143730512N12154232WA0031200301004003018289359
B2318153730513N12154235WA0031200300004003018282359
B2318163730513N12154238WA0031100299004003018272359
B2318173730513N12154242WA0030900298004003017262359
B2318183730512N12154245WA0030800296004003017255359
B2318193730512N12154248WA0030600294004003017260359
B2318203730512N12154251WA0030400292004003017269359
B2318213730512N12154254WA0030200290004003018271359
B2318223730512N12154258WA0030000288004003019264359
B2318233730511N12154262WA0029800286004003019257359
B2318243730510N12154266WA0029700285004003021252359
B2318253730509N12154269WA0029600285004003021249359
B2318263730508N12154272WA0029500284004003017250359
B2318273730508N12154275WA0029400282004003017255359
B2318283730507N12154278WA0029200280004003017256359
B2318293730506N12154282WA0029000277004003018251359
B2318303730505N12154286WA0028800275004003020242359
B2318313730503N12154290WA0028600274004003028239359
B2318323730501N12154295WA0028500274004003028239359
B2318333730498N12154299WA0028600274004003027237359
B2318343730497N12154302WA0028700275004003025235359
B2318353730495N12154305WA0028700275004003021238359
B2318363730494N12154308WA0028600274004003016243359
B2318373730493N12154311WA0028500273004003016244359
B2318383730492N12154314WA0028400272004003016246359
B2318393730491N12154317WA0028300271004003018250359
B2318403730490N12154321WA0028200270004003021251359
B2318413730489N12154325WA0028200270004003022245359
B2318423730487N12154328WA0028200270004003022233359
B2318433730485N12154331WA0028300271004003020225359
B2318443730483N12154334WA0028300271004003020227359
B2318453730481N12154337WA0028300271004003019243359
B2318463730481N12154340WA0028200269004003017270359
B2318473730481N12154343WA0028100269004003017290359
B2318483730482N12154345WA0028000268004003014291359
B2318493730483N12154347WA0027900267004003012277359
B2318503730482N12154349WA0027800265004003012258359
B2318513730482N12154352WA0027600264004003018258359
B2318523730482N12154356WA0027600264004003020266359
B2318533730482N12154360WA0027600264004003020271359
B2318543730482N12154363WA0027700265004003020275359
B2318553730482N12154365WA0027700265004003015288359
B2318563730483N12154366WA0027700264004003007315359
B2318573730484N12154367WA0027500263004003008326359
B2318583730485N12154368WA0027400261004003008321359
B2318593730486N12154370WA0027200260004003011310359
B2319003730487N12154373WA0027200260003003015288359
B2319013730487N12154375WA0027300261004003014261359
B2319023730486N12154378WA0027400262004003015238359
B2319033730485N12154380WA0027400262004003015216359
B2319043730482N12154382WA0027300261004003017203359
B2319053730478N12154383WA0027300260004003023195359
B2319063730474N12154384WA0027300260005003029188359
B2319073730469N12154384WA0027200260004003031180359
B2319083730464N12154384WA0027200260004003031177359
B2319093730458N12154384WA0027200260004003035175000
B2319103730452N12154383WA0027300260004003040176000
B2319113730446N12154383WA0027300261004003035180000
B2319123730442N12154383WA0027300261004003035186359
B2319133730437N12154384WA0027200260004003031185359
B2319143730432N12154384WA0027200259004003031181000
B2319153730427N12154384WA0027000258004003032175359
B2319163730422N12154383WA0026900256004003038174359
B2319173730416N12154383WA0026700255003003041177359
B2319183730410N12154383WA0026500253004003039178359
B2319193730404N12154382WA0026400252004003039172359
B2319203730399N12154381WA0026200251004003038160000
B2319213730393N12154378WA0026000248004003040155000
B2319223730387N12154374WA0025700245004003045154000
B2319233730381N12154370WA0025500244004003045150000
B2319243730376N12154365WA0025400243004003045142000
B2319253730371N12154359WA0025300242004003045137000
B2319263730367N12154354WA0025200241004003042133000
B2319273730362N12154347WA0025200240005003045130000
B2319283730358N12154340WA0025200240005003045127000
B2319293730354N12154333WA0025100240004003046123000
B2319303730351N12154326WA0025200240004003046120000
B2319313730347N12154319WA0025100240004003041121000
B2319323730344N12154313WA0025000238004003041124000
B2319333730341N12154307WA0024800236004003040125000
B2319343730337N12154301WA0024600234004003040124000
B2319353730334N12154294WA0024500232004003040120000
B2319363730331N12154287WA0024300230004003043118000
B2319373730328N12154280WA0024200229004003043118000
B2319383730325N12154273WA0024100229004003042124000
B2319393730320N12154267WA0024100229004003042131000
B2319403730316N12154261WA0024100229004003042134359
B2319413730312N12154256WA0024200229004003040138359
B2319423730307N12154252WA0024100229004003040146359
B2319433730301N12154249WA0024100228004003039160359
B2319443730296N12154248WA0024100228004003039177359
B2319453730290N12154249WA0024000228004003038189359
B2319463730286N12154250WA0024100228005003028193359
B2319473730282N12154251WA0024000227005003028192359
B2319483730278N12154252WA0023900226004003026187359
B2319493730274N12154252WA0023700224004003025189359
B2319503730271N12154254WA0023600222004003025207359
B2319513730270N12154257WA0023300219004003017251359
B2319523730271N12154260WA0023000216004003019305358
B2319533730273N12154263WA0022800216004003019347000
B2319543730277N12154263WA0022700216005003022018009
B2319553730280N12154260WA0022700216004003025035000
B2319563730283N12154256WA0022800216005003023043352
B2319573730286N12154253WA0022700215004003023045347
B2319583730288N12154251WA0022600214004003021043349
B2319593730290N12154248WA0022500212004003021039346
B2320003730293N12154246WA0022300210004003022031000
B2320013730297N12154243WA0022200209004003024026351
B2320023730300N12154241WA0022000208005003024027337
B2320033730302N12154240WA0021900206005003021028351
B2320043730305N12154238WA0021800205004003019025350
B2320053730307N12154237WA0021600203004003019026357
B2320063730310N12154235WA0021400201005003023029339
B2320073730313N12154232WA0021300200005003025029343
B2320083730316N12154230WA0021200199004003023027326
B2320093730319N12154228WA0021100198005003023022333
B2320103730322N12154227WA0021000197004003020014338
B2320113730325N12154227WA0021000196004003020003338
B2320123730328N12154227WA0020900196004003021358343
B2320133730331N12154227WA0020900196005003021358345
B2320143730335N12154226WA0020900196004003021008348
B2320153730338N12154225WA0020900196004003021018352
B2320163730340N12154224WA0020900196004003019016353
B2320173730343N12154224WA0020800194004003019004353
B2320183730345N12154224WA0020700193004003017000355
B2320193730348N12154223WA0020600192004003017007356
B2320203730351N12154222WA0020500191004003020016356
B2320213730354N12154221WA0020400191004003020019356
B2320223730356N12154220WA0020300189004003019005356
B2320233730358N12154221WA0020200188004003014340357
B2320243730360N12154222WA0020100188004003013336358
B2320253730361N12154223WA0020100187004003013345358
B2320263730363N12154223WA0020100187004003011357358
B2320273730365N12154223WA0020100187004003010005358
B2320283730366N12154222WA0020100187004003010005359
B2320293730367N12154222WA0020000187004003009350359
B2320303730369N12154223WA0019900186004003009335359
B2320313730370N12154224WA0019800185004003009315359
B2320323730371N12154225WA0019800185004003009303359
B2320333730371N12154227WA0019700184004003009305359
B2320343730372N12154228WA0019700183004003011309359
B2320353730374N12154230WA0019600182004003011318359
B2320363730375N12154231WA0019400182004003010340359
B2320373730376N12154231WA0019300180004003010356359
B2320383730378N12154231WA0019100179004003011001359
B2320393730380N12154231WA0019000178004003013351359
B2320403730382N12154232WA0018900177004003013335359
B2320413730383N12154233WA0018800177004003013307359
B2320423730383N12154235WA0018700175004003011269359
B2320433730383N12154237WA0018600174004003011243359
B2320443730381N12154240WA0018400172004003024221359
B2320453730377N12154243WA0018300170004003031206000
B2320463730372N12154245WA0018300170004003031189359
B2320473730367N12154244WA0018300171004003035172359
B2320483730361N12154243WA0018300170004003035165359
B2320493730357N12154242WA0018200169004003029175359
B2320503730353N12154243WA0018000167004003029201359
B2320513730351N12154246WA0017800164004003024236359
B2320523730351N12154249WA0017600163004003021285359
B2320533730353N12154251WA0017600162004003016339001
B2320543730356N12154251WA0017500162004003017014353
B2320553730358N12154249WA0017400162004003021024349
B2320563730361N12154248WA0017400161004003020021342
B2320573730364N12154247WA0017300160004003020003347
B2320583730365N12154248WA0017300159004003016338344
B2320593730366N12154249WA0017200158004003009317350
B2321003730368N12154250WA0017000157004003010322352
B2321013730369N12154251WA0016800155004003010336353
B2321023730371N12154252WA0016700154004003012329354
B2321033730372N12154253WA0016600152004003012308354
B2321043730373N12154254WA0016400151004003008301356
B2321053730373N12154255WA0016300152004003008301357
B2321063730374N12154254WA0016400152004003003301002
B2321073730374N12154254WA0016400151004003003301007
B2321083730374N12154253WA0016400151004003002301004
B2321093730374N12154253WA0016400151004003001301011
B2321103730374N12154254WA0016500151004003001301018
B2321113730374N12154253WA0016400151004003001301029
B2321123730374N12154253WA0016400151004003000301023
B2321133730374N12154253WA0016400151004003001301034
B2321143730374N12154253WA0016400150004003000301022
B2321153730374N12154253WA0016400150004003000301018
B2321163730374N12154253WA0016400150004003000301014
B2321173730374N12154253WA0016400150004003000301012
B2321183730374N12154253WA0016400150004003000301012
B2321193730374N12154253WA0016400150004003001301010
B2321203730374N12154252WA0016400150004003001301007
B2321213730374N12154252WA0016400150005003000301006
B2321223730374N12154252WA0016400150004003000301004
B2321233730374N12154252WA0016400150004003000301004
B2321243730374N12154252WA0016400150004003000301003
B2321253730374N12154252WA0016400150004003000301002
B2321263730374N12154252WA0016400150004003001301000
B2321273730374N12154252WA0016400150004003000301001
B2321283730375N12154252WA0016400150004003001301012
B2321293730374N12154252WA0016400150004003001301018
B2321303730374N12154252WA0016400150004003000301016
B2321313730374N12154252WA0016400150004003000301011
B2321323730374N12154252WA0016400150004003000301015
B2321333730374N12154252WA0016400150004003000301014
B2321343730374N12154252WA0016400150004003000301011
B2321353730374N12154252WA0016400150004003002301008
B2321363730374N12154251WA0016400150004003002301005
GJUTP15g3i7FPLFw2iwtPqoxcS6aij0b8b7yUJ5C4LiRDEUjp7fXynB7H/f1C5Fjh
GjaHfGy8WTU+CZJHj7PHRWFheQZBh5ttuPZ6Hxxoz99Y7wpkQ9/JLh4Z6gL5gRofT
GGUz0u0CKiu+QGpmopbGUu9bKOMKINUEStF13aPmD3DU=
