AXFH000
HFDTE260726
HFPLTPILOT:KaranS
HFGTYGLIDERTYPE:Phi Symphonia 2
HFDTM100GPSDATUM:WGS84
HFRFWFIRMWAREVERSION:9.7
HFRHWHARDWAREVERSION:iPhone 17 Pro
HFFTYFRTYPE:Flyskyhy,9.7
HFGPS:Internal
HFPRSVARIO:XC Tracer
HFCCLCOMPETITIONCLASS:Paraglider
HFTZNTIMEZONE:-7
HFSITSITE:Tollhouse,US
I053638FXA3941VXA4244GSP4547CCO4850HDT
C260726013150250726000104TASK
C0000000N00000000ETAKEOFF
C3700930N11922401W00004009999999000000360000STARTAREA TOLLLN
C3701998N11923196W00000000000400000000360000TURNAREA ROCK
C3702346N11924055W00000000000400000000360000TURNAREA Waypoint
C3701330N11924626W00000000000400000000360000TURNAREA KNOB
C3700122N11924745W00000000000400000000360000TURNAREA LODGE
C3700840N11924023W00000000000400000000360000FINISHAREA TOLLLZ
C0000000N00000000ELANDING
E013220PEVBackground
B0132203700897N11922395WA0123801239001003000306045
B0132213700897N11922395WA0123801239001003000306051
B0132223700897N11922395WA0123901239001003000306060
B0132233700897N11922395WA0123901239001003000306053
B0132243700897N11922395WA0123901239001003000306047
B0132253700897N11922396WA0123901239001003000306048
B0132263700897N11922396WA0123901239001003000306045
B0132273700897N11922396WA0123901239001003000306044
B0132283700897N11922396WA0123901239001003000306044
B0132293700897N11922396WA0123901239001003000306046
B0132303700897N11922396WA0123901239001003001306070
B0132313700897N11922396WA0123901239002003001257070
B0132323700897N11922396WA0123801239002003000065075
B0132333700897N11922395WA0123901239002003001061014
B0132343700898N11922394WA0123901240002003004075167
B0132353700897N11922394WA0123801240003003004173169
B0132363700896N11922394WA0123801239002003004185152
B0132373700896N11922394WA0123801239003003004264131
B0132383700896N11922395WA0123901240003003004279201
B0132393700897N11922396WA0123801240003003005265306
B0132403700896N11922397WA0123801239002003006204190
B0132413700895N11922398WA0123801239002003006212179
B0132423700894N11922399WA0123701239003003007243191
B0132433700894N11922402WA0123701239003003008252292
B0132443700893N11922404WA0123801240003003009243249
B0132453700891N11922406WA0124101241003003009195241
B0132463700888N11922406WA0124301243002003011184243
B0132473700885N11922406WA0124401243002003013199280
B0132483700883N11922408WA0124501243002003014224261
B0132493700881N11922411WA0124701244002003014228304
B0132503700879N11922413WA0124801246002003015218231
B0132513700876N11922415WA0124901248002003016207269
B0132523700873N11922417WA0125001250002003017205276
B0132533700870N11922420WA0125201252002003017209279
B0132543700866N11922422WA0125501253002003019209305
B0132553700864N11922423WA0125601256004003019197308
B0132563700861N11922424WA0125901259004003019184327
B0132573700858N11922424WA0126101261004003019178324
B0132583700856N11922424WA0126101262004003019179330
B0132593700852N11922424WA0126201262004003023183331
B0133003700848N11922424WA0126301263004003025182022
B0133013700845N11922424WA0126401265004003025169016
B0133023700841N11922422WA0126401266004003025153011
B0133033700837N11922418WA0126401266004003036145010
B0133043700832N11922414WA0126401265004003041143008
B0133053700827N11922409WA0126301265004003041144007
B0133063700821N11922404WA0126301265004003042145006
B0133073700816N11922400WA0126401266004003040145005
B0133083700812N11922396WA0126501268004003040143004
B0133093700807N11922391WA0126501268004003039143003
B0133103700802N11922387WA0126501268004003038148003
B0133113700797N11922385WA0126501267004003038160357
B0133123700791N11922383WA0126501267004003038168002
B0133133700786N11922382WA0126601269004003037166001
B0133143700782N11922380WA0126701271004003034156358
B0133153700778N11922377WA0126801272004003032152358
B0133163700773N11922374WA0126901272004003032155359
B0133173700769N11922373WA0126901272004003032161359
E013317PEVForeground
B0133183700765N11922371WA0126801271004003030162359
B0133193700761N11922369WA0126701270004003030158170
B0133203700756N11922367WA0126601269004003034156169
B0133213700751N11922364WA0126501269004003034159174
B0133223700746N11922362WA0126601270004003034162176
B0133233700742N11922360WA0126701271004003030159177
B0133243700738N11922358WA0126901274004003030157176
B0133253700734N11922356WA0127101276004003029156172
B0133263700730N11922354WA0127301278004003029157176
B0133273700725N11922352WA0127401279004003032159181
B0133283700720N11922350WA0127601281004003033164179
B0133293700716N11922349WA0127801283004003032170184
E013329TPCWaypoint TOLLLN reached
B0133303700712N11922348WA0128001283004003031181194
B0133313700709N11922349WA0128201283004003015203203
B0133323700708N11922350WA0128201283004003015264222
B0133333700709N11922353WA0128201283004003015293261
B0133343700710N11922356WA0128101285004003014313284
B0133353700712N11922357WA0128301287004003011339305
B0133363700713N11922357WA0128401288004003011018321
B0133373700715N11922356WA0128401288004003011025337
B0133383700718N11922354WA0128301287004003014013334
B0133393700721N11922354WA0128101286004003023358332
B0133403700724N11922354WA0128001286004003025354333
B0133413700728N11922355WA0128001286004003023354325
B0133423700731N11922355WA0128001286004003022357326
B0133433700733N11922355WA0128001286004003017353329
B0133443700736N11922356WA0128001285004003019343322
B0133453700738N11922358WA0127901284004003020330315
B0133463700741N11922360WA0127801284004003019315306
B0133473700741N11922363WA0127801284004003017289296
B0133483700741N11922365WA0127801284004003013246280
B0133493700739N11922366WA0127901284004003013213249
B0133503700737N11922368WA0127901284004003017199229
B0133513700735N11922369WA0127901284004003017194218
B0133523700731N11922369WA0127901284004003019187214
B0133533700727N11922369WA0127901284004003023180200
B0133543700723N11922369WA0127901285004003030175189
B0133553700718N11922368WA0128001286004003031169193
B0133563700714N11922367WA0128001286004003031160183
B0133573700709N11922364WA0128101286004003031149182
B0133583700705N11922360WA0128001285004003034145181
B0133593700700N11922356WA0128001285005003037144180
B0134003700696N11922352WA0128001285004003037146181
B0134013700691N11922349WA0128001286005003037153173
B0134023700686N11922346WA0127901286005004036154177
B0134033700681N11922343WA0127901285006004035154177
B0134043700676N11922340WA0127901285006004037154183
B0134053700671N11922337WA0127901286004004037153175
B0134063700665N11922334WA0127901286004003037150161
B0134073700661N11922330WA0127901286004003037143163
B0134083700656N11922326WA0128001286004003038140176
B0134093700652N11922321WA0127901286004003038139191
B0134103700647N11922316WA0127901285004003039140178
B0134113700643N11922311WA0127801284004003040140173
B0134123700638N11922307WA0127801284004003040139172
B0134133700634N11922302WA0127801284004003039137162
B0134143700630N11922297WA0127801283004003039134156
B0134153700626N11922292WA0127701282004003039136156
B0134163700621N11922287WA0127601281004003040142161
B0134173700616N11922283WA0127501280004003040149171
B0134183700610N11922280WA0127501279004003040155177
B0134193700605N11922277WA0127501280004003036159185
B0134203700601N11922275WA0127501280004003036162193
B0134213700597N11922274WA0127501280004003031166190
B0134223700593N11922274WA0127401279004003028174196
B0134233700589N11922274WA0127401279004003024185205
B0134243700586N11922275WA0127401279004003024202220
B0134253700584N11922277WA0127401279004003019232232
B0134263700583N11922279WA0127301278004003015259255
B0134273700584N11922282WA0127301277004003014285276
B0134283700585N11922284WA0127201277004003016307292
B0134293700587N11922286WA0127201277004003016324306
B0134303700590N11922288WA0127201277004003017334313
B0134313700593N11922289WA0127201277004003021348311
B0134323700596N11922289WA0127301277005003021356316
B0134333700599N11922289WA0127301277004003021359324
B0134343700602N11922289WA0127201277004003021001321
B0134353700606N11922289WA0127201277004003024359314
B0134363700609N11922289WA0127101276004003024356312
B0134373700613N11922290WA0127101276004003024355315
B0134383700616N11922290WA0127101276004003024350314
B0134393700619N11922291WA0127101276004003022343306
B0134403700623N11922293WA0127101276004003023338307
B0134413700626N11922294WA0127101276004003023335294
B0134423700629N11922296WA0127201277004003023332299
B0134433700631N11922298WA0127201277004003018327298
B0134443700633N11922300WA0127301278004003018326300
B0134453700635N11922301WA0127301279004003017334300
B0134463700638N11922303WA0127401279004003017338305
B0134473700640N11922304WA0127301278004003019332295
B0134483700643N11922306WA0127301278004003020323291
B0134493700645N11922309WA0127301278004003020316289
B0134503700647N11922311WA0127401280004003020320297
B0134513700649N11922312WA0127501281004003015331303
B0134523700651N11922313WA0127701283004003015341303
B0134533700653N11922314WA0127801283004003015345300
B0134543700655N11922315WA0127801283004003015342303
B0134553700658N11922316WA0127801283004003019339304
B0134563700661N11922317WA0127801283004003021339310
B0134573700664N11922319WA0127801284004003021341325
B0134583700667N11922320WA0127901285004003021346326
B0134593700670N11922320WA0128001285004003017358334
B0135003700672N11922320WA0128101286004003017358318
B0135013700674N11922321WA0128101286004003015346311
B0135023700676N11922322WA0128101286004003015330309
B0135033700679N11922324WA0128101286004003018323317
B0135043700681N11922326WA0128201287004003018328318
B0135053700683N11922327WA0128301289004003016340329
B0135063700685N11922327WA0128401290004003016353303
B0135073700688N11922328WA0128401289004003018355316
B0135083700691N11922328WA0128401289004003021350310
B0135093700694N11922329WA0128301288004003021344313
B0135103700697N11922330WA0128301289004003023343314
B0135113700701N11922332WA0128401290004003026348316
B0135123700705N11922332WA0128601292004003026354316
B0135133700708N11922332WA0128801295004003025359297
B0135143700711N11922332WA0129001297004003022359313
B0135153700714N11922332WA0129201298004003018359315
B0135163700717N11922332WA0129301299004003018000318
B0135173700720N11922332WA0129301299004003018359319
B0135183700723N11922332WA0129301299004003019356316
B0135193700726N11922333WA0129401300004003024354301
B0135203700730N11922333WA0129501301004003025354305
B0135213700733N11922334WA0129601303004003024356308
B0135223700736N11922334WA0129801305004003023353317
B0135233700740N11922334WA0129901305004003025356320
B0135243700744N11922334WA0130101307004003026003323
B0135253700748N11922334WA0130301309004003025004329
B0135263700751N11922334WA0130401310004003023002331
B0135273700753N11922334WA0130501311004003016354329
B0135283700755N11922334WA0130501311004003017346321
B0135293700758N11922335WA0130501311004003017341318
B0135303700761N11922337WA0130601312004003018340315
B0135313700763N11922338WA0130801314004003015340315
B0135323700765N11922339WA0130901315004003015337315
B0135333700766N11922339WA0131001317004003012336313
B0135343700767N11922340WA0131101318004003008339309
B0135353700767N11922340WA0131101318004003001339305
B0135363700766N11922340WA0131101317004003013190305
B0135373700762N11922340WA0131101316004003013188232
B0135383700758N11922341WA0131001317004003024171229
B0135393700752N11922339WA0131101317004003045148198
B0135403700747N11922332WA0131201318004003050130157
B0135413700742N11922324WA0131101317004003050110134
B0135423700740N11922313WA0131101317004003056097108
B0135433700741N11922302WA0131101318004003056081091
B0135443700744N11922293WA0131101318004003056063069
B0135453700749N11922286WA0131001317004003051045047
B0135463700754N11922283WA0131001316004003044025025
B0135473700758N11922282WA0130901316004003035007003
B0135483700760N11922282WA0130801316004003016343343
B0135493700762N11922284WA0130901316004003016329312
B0135503700764N11922285WA0130901317004003016327300
B0135513700766N11922287WA0131001319004003017330298
B0135523700769N11922288WA0131201319004003017320299
B0135533700770N11922290WA0131501322004003010299295
B0135543700770N11922291WA0131701324004003010280283
B0135553700770N11922292WA0131801326004003007286277
B0135563700770N11922294WA0131901327004003007287274
B0135573700771N11922296WA0132001327004003009276275
B0135583700771N11922297WA0132001327004003009255270
B0135593700770N11922299WA0132001327004003009237279
B0136003700769N11922300WA0132001327004003009225292
B0136013700768N11922301WA0131901327004003006242271
B0136023700768N11922302WA0131801326004003009282270
B0136033700769N11922304WA0131701325004003009304273
B0136043700771N11922306WA0131701324004003013315295
B0136053700773N11922308WA0131701324004003014326282
B0136063700774N11922309WA0131701325004003014334313
B0136073700776N11922310WA0131801326004003013333300
B0136083700777N11922310WA0131901327004003009322282
B0136093700777N11922311WA0131901327004003006306278
B0136103700778N11922313WA0132001328004003011303279
B0136113700779N11922315WA0132001329004003011298262
B0136123700779N11922316WA0132001330004003011293262
B0136133700780N11922318WA0132101330004003010285270
B0136143700780N11922320WA0132101330004003010287274
B0136153700781N11922322WA0132201331004003010297284
B0136163700781N11922323WA0132301331004003010313285
B0136173700782N11922324WA0132301332004003007329290
B0136183700784N11922325WA0132301332004003010336289
B0136193700785N11922325WA0132301331004003010338302
B0136203700787N11922326WA0132301332004003014340291
B0136213700790N11922327WA0132301332004003014342294
B0136223700791N11922328WA0132401333004003014342277
B0136233700793N11922329WA0132501334004003011332279
B0136243700794N11922330WA0132501334004003008323280
B0136253700794N11922330WA0132601335004003006320287
B0136263700795N11922331WA0132601335004003006321287
B0136273700796N11922332WA0132601335004003006319286
B0136283700797N11922333WA0132601335004003007319285
B0136293700798N11922334WA0132601335004003011320281
B0136303700799N11922336WA0132701336004003011320287
B0136313700800N11922337WA0132801337004003010322291
B0136323700802N11922338WA0132801337004003010332296
B0136333700803N11922338WA0132801338004003012344306
B0136343700805N11922339WA0132901338004003014351302
B0136353700808N11922339WA0132901339004003014353302
B0136363700810N11922339WA0133001339004003016352294
B0136373700812N11922340WA0133001339004003016348295
B0136383700815N11922341WA0133001340004003016343284
B0136393700816N11922341WA0133101341004003014334274
B0136403700818N11922343WA0133101341004003012323281
B0136413700819N11922344WA0133101342004003012318271
B0136423700820N11922345WA0133201342004003012327287
B0136433700822N11922346WA0133201343004003012336272
B0136443700823N11922347WA0133301344004003011337276
B0136453700824N11922348WA0133401344004003008319266
B0136463700825N11922349WA0133401344004003009311276
B0136473700826N11922350WA0133401344004003009320274
B0136483700828N11922352WA0133401345004003011326284
B0136493700829N11922353WA0133501345004003012325265
B0136503700831N11922354WA0133601345004003012320279
B0136513700832N11922355WA0133601345004003010324277
B0136523700833N11922356WA0133501345004003010335293
B0136533700835N11922357WA0133501345004003013343291
B0136543700837N11922357WA0133501345004003013346278
B0136553700838N11922358WA0133601345004003013339286
B0136563700840N11922359WA0133601345004003012331279
B0136573700842N11922360WA0133601344004003015332288
B0136583700844N11922362WA0133501345004003017337287
B0136593700847N11922363WA0133501345004003016342281
B0137003700849N11922363WA0133601346004003016342282
B0137013700851N11922364WA0133701347004003012336276
B0137023700852N11922365WA0133901348004003012321277
B0137033700853N11922367WA0134001350004003010290278
B0137043700853N11922368WA0134201352004003008268278
B0137053700853N11922369WA0134401354004003006273298
B0137063700853N11922370WA0134601356004003006273288
B0137073700853N11922369WA0134701358004003004055275
B0137083700854N11922368WA0134801357004003002055272
B0137093700853N11922369WA0134801357004003002055276
B0137103700853N11922370WA0134701356004003006257286
B0137113700853N11922371WA0134801357004003006294290
B0137123700854N11922372WA0134901358004003006322300
B0137133700855N11922372WA0135001360004003005343282
B0137143700855N11922372WA0135101361004003005343277
B0137153700856N11922372WA0135201361004003003343280
B0137163700856N11922373WA0135201361004003003331291
B0137173700857N11922374WA0135301362004003008336299
B0137183700859N11922374WA0135401363004003009349305
B0137193700860N11922374WA0135401365004003009006299
B0137203700862N11922373WA0135501365004003010012291
B0137213700863N11922373WA0135601366004003010003296
B0137223700864N11922374WA0135601366004003010340288
B0137233700866N11922374WA0135601366004003009323300
B0137243700866N11922375WA0135701368004003008314291
B0137253700867N11922376WA0135801369004003004302286
B0137263700867N11922377WA0135801370004003004302284
B0137273700867N11922377WA0135901370004003003302285
B0137283700867N11922378WA0136001370004003003280293
B0137293700867N11922379WA0136001370004003006312300
B0137303700868N11922379WA0136001371004003010333307
B0137313700870N11922380WA0136001371004003010346307
B0137323700872N11922380WA0136001371004003011355301
B0137333700874N11922380WA0136101372004003012000276
B0137343700875N11922380WA0136001372004003012001266
B0137353700876N11922380WA0136101372004003010349265
B0137363700877N11922381WA0136101372004003008342270
B0137373700878N11922381WA0136001372004003005344271
B0137383700879N11922381WA0136001371004003005348288
B0137393700879N11922381WA0136001370004003005346284
B0137403700881N11922382WA0135901369004003005333296
B0137413700882N11922383WA0135801368004003015332299
B0137423700885N11922384WA0135801369004003016339304
B0137433700887N11922385WA0135901370004003015356308
B0137443700889N11922385WA0136001371004003015014293
B0137453700891N11922383WA0136001371004003016020295
B0137463700894N11922382WA0135901371004003018017285
B0137473700896N11922382WA0135901370004003018000293
B0137483700899N11922383WA0135801369004003018341273
B0137493700901N11922384WA0135801369004003016329279
B0137503700903N11922386WA0135901371004003016329268
B0137513700905N11922387WA0136001372004003014329278
B0137523700906N11922388WA0136201374004003012319280
B0137533700906N11922389WA0136401375004003009300264
B0137543700907N11922391WA0136501377004003009316282
B0137553700909N11922391WA0136601378004003010350282
B0137563700910N11922391WA0136701379004003010010294
B0137573700912N11922390WA0136701379004003012013280
B0137583700914N11922390WA0136601378004003013008286
B0137593700917N11922390WA0136601377004003014352276
B0138003700918N11922391WA0136501377004003014336269
B0138013700920N11922392WA0136501377004003014326264
B0138023700921N11922393WA0136501378004003012322270
B0138033700922N11922394WA0136601378004003006318276
B0138043700923N11922395WA0136701379004003006320280
B0138053700924N11922396WA0136701378004003006326285
B0138063700925N11922397WA0136701379004003010326283
B0138073700927N11922398WA0136701379004003014330276
B0138083700929N11922399WA0136801381004003014345272
B0138093700931N11922399WA0136901382004003013001276
B0138103700933N11922399WA0137101383004003012359277
B0138113700935N11922400WA0137201384004003013355273
B0138123700937N11922400WA0137201384004003014000272
B0138133700939N11922400WA0137201384004003013355275
B0138143700940N11922400WA0137201384004003011327271
B0138153700940N11922401WA0137101382004003005279268
B0138163700940N11922402WA0137001382004003007263265
B0138173700940N11922404WA0136901381004003006267249
B0138183700939N11922404WA0136801381004003006234256
B0138193700938N11922405WA0136701379004003010184248
B0138203700936N11922405WA0136601379004003011183256
B0138213700935N11922405WA0136501378004003010207264
B0138223700935N11922406WA0136401377004003006207267
B0138233700936N11922407WA0136301376004003009325265
B0138243700937N11922408WA0136301375004003009315275
B0138253700938N11922409WA0136201375004003008295256
B0138263700937N11922410WA0136201374004003006226253
B0138273700935N11922410WA0136001373004003014183244
B0138283700932N11922410WA0135901371004003022177223
B0138293700928N11922409WA0135701370004003022172207
B0138303700924N11922408WA0135701369004003028164205
B0138313700919N11922406WA0135601369004003035157194
B0138323700914N11922402WA0135601369004003037150184
B0138333700910N11922398WA0135701369004003037144184
B0138343700905N11922394WA0135701369004003038140186
B0138353700901N11922389WA0135701368004003038139186
B0138363700897N11922385WA0135701368004003038140194
B0138373700892N11922381WA0135601367004003038144197
B0138383700888N11922377WA0135501366004003036151209
B0138393700883N11922375WA0135501365004003032158210
B0138403700879N11922373WA0135401365004003032164216
B0138413700875N11922372WA0135401365004003029169219
B0138423700872N11922372WA0135401365004003025173223
B0138433700869N11922372WA0135401365004003018178227
B0138443700866N11922372WA0135401364004003018183241
B0138453700864N11922372WA0135301364004003017189250
B0138463700862N11922373WA0135301363004003015199251
B0138473700862N11922373WA0135201363004003005218256
B0138483700862N11922374WA0135101362004003005285269
B0138493700862N11922375WA0135101362004003005306283
B0138503700863N11922376WA0135101362004003006300275
B0138513700863N11922377WA0135101361004003008289271
B0138523700864N11922379WA0135101361004003009280277
B0138533700864N11922381WA0135101362004003009266272
B0138543700864N11922382WA0135101362004003009272288
B0138553700864N11922384WA0135201363004003008294273
B0138563700865N11922385WA0135301364004003008320287
B0138573700866N11922386WA0135301364004003008330273
B0138583700867N11922387WA0135301364004003008319281
B0138593700868N11922388WA0135401364004003010309287
B0139003700869N11922389WA0135401365004003012315301
B0139013700871N11922391WA0135501366004003012334314
B0139023700873N11922391WA0135501367004003014353323
B0139033700876N11922391WA0135601367004003022002324
B0139043700880N11922391WA0135601367004003024006320
B0139053700884N11922390WA0135601367004003024009298
B0139063700888N11922389WA0135701368004003026012297
B0139073700891N11922388WA0135701368004003023013298
B0139083700894N11922387WA0135601367004003023005296
B0139093700897N11922388WA0135601366004003021350300
B0139103700900N11922389WA0135601366004003020337295
B0139113700902N11922390WA0135601366004003014336293
B0139123700904N11922391WA0135601366004003014349290
B0139133700905N11922391WA0135601366004003011354295
B0139143700907N11922391WA0135501365004003011350290
B0139153700909N11922392WA0135401364004003015343286
B0139163700911N11922393WA0135301362004003015340285
B0139173700913N11922394WA0135201362004003015334283
B0139183700914N11922395WA0135101361004003013326284
B0139193700915N11922396WA0135001361004003009317285
B0139203700916N11922397WA0135001360004003010320289
B0139213700918N11922398WA0135001360004003010330292
B0139223700920N11922399WA0134901359004003013341297
B0139233700923N11922400WA0134801358004003020352294
B0139243700926N11922400WA0134801359004003020358283
B0139253700929N11922400WA0134801359004003019358289
B0139263700930N11922400WA0134801358004003015349296
B0139273700932N11922401WA0134701357004003011340294
B0139283700934N11922402WA0134601356004003015342300
B0139293700936N11922403WA0134601355004003015347304
B0139303700939N11922403WA0134601355004003019352300
B0139313700942N11922403WA0134601356004003018358285
B0139323700944N11922403WA0134601356004003018000294
B0139333700946N11922404WA0134601355004003015349287
B0139343700948N11922404WA0134401354004003014337291
B0139353700951N11922406WA0134301353004003017339292
B0139363700953N11922407WA0134201352004003019342294
B0139373700956N11922408WA0134201351004003019345299
B0139383700959N11922408WA0134201351004003019350304
B0139393700962N11922409WA0134101350004003022357311
B0139403700965N11922408WA0134101350004003023002309
B0139413700969N11922408WA0134001350004003022004300
B0139423700972N11922408WA0134001349004003022000288
B0139433700974N11922408WA0133901348004003015349292
B0139443700976N11922409WA0133801347004003015336289
B0139453700979N11922411WA0133701346004003015332293
B0139463700981N11922413WA0133601346004003020331298
B0139473700984N11922415WA0133701346004003020331282
B0139483700987N11922416WA0133701347004003020336282
B0139493700989N11922417WA0133801348004003018344277
B0139503700991N11922418WA0133801347004003015345280
B0139513700993N11922419WA0133801347004003016337273
B0139523700996N11922420WA0133701346004003016328286
B0139533700997N11922422WA0133701346004003015323284
B0139543700999N11922423WA0133701347004003015333291
B0139553701002N11922424WA0133701347004003016346275
B0139563701004N11922425WA0133801348004003016352275
B0139573701006N11922425WA0133901348004003016341281
B0139583701009N11922427WA0133901348004003016330286
B0139593701011N11922428WA0134001349004003017329287
B0140003701013N11922430WA0134101350004003019341298
B0140013701016N11922430WA0134201351004003020353290
B0140023701019N11922430WA0134301352004003019358290
B0140033701022N11922430WA0134301353004003019358290
B0140043701025N11922431WA0134301353004003019355296
B0140053701028N11922431WA0134301352004003021351284
B0140063701031N11922432WA0134201351004003021347290
B0140073701034N11922433WA0134201351004003021340310
B0140083701036N11922434WA0134201352004003019335308
B0140093701038N11922436WA0134301353004003018340303
B0140103701041N11922436WA0134401354004003019351287
B0140113701044N11922436WA0134601356004003018358282
B0140123701046N11922436WA0134701358004003017000280
B0140133701048N11922436WA0134801359004003011358281
B0140143701049N11922437WA0134901359004003011344279
B0140153701051N11922438WA0134901359004003009326282
B0140163701051N11922439WA0134901359004003009302281
B0140173701052N11922440WA0135001360004003009298280
B0140183701053N11922442WA0135101363004003009305287
B0140193701053N11922443WA0135401365004003007307294
B0140203701053N11922443WA0135601367004003006307291
B0140213701053N11922444WA0135801369004003003307282
B0140223701053N11922444WA0136001371004003004253281
B0140233701053N11922445WA0136201373004003004293266
B0140243701055N11922447WA0136301374004003006330293
B0140253701057N11922448WA0136301374004003020341277
B0140263701061N11922449WA0136401375004003023346276
B0140273701064N11922450WA0136501376004003020342271
B0140283701066N11922451WA0136601377004003020331273
B0140293701067N11922452WA0136601378004003008312277
B0140303701067N11922454WA0136601378004003008285270
B0140313701067N11922455WA0136601377004003006269269
B0140323701067N11922456WA0136601377004003006252263
B0140333701066N11922458WA0136501377004003011248276
B0140343701066N11922460WA0136501377004003011256287
B0140353701066N11922461WA0136501377004003010288302
B0140363701067N11922462WA0136501377004003009336295
B0140373701069N11922463WA0136501377004003013352294
B0140383701071N11922463WA0136401376004003013341295
B0140393701072N11922465WA0136401375004003013319289
B0140403701074N11922467WA0136301375004003015312293
B0140413701076N11922469WA0136401375004003013319289
B0140423701077N11922470WA0136401376004003013329285
B0140433701078N11922471WA0136501376004003010326288
B0140443701079N11922472WA0136401376004003010314286
B0140453701080N11922473WA0136301375004003012306288
B0140463701081N11922475WA0136301374004003014307288
B0140473701083N11922478WA0136301374004003014309293
B0140483701084N11922479WA0136301375004003014308286
B0140493701085N11922481WA0136301375004003010305288
B0140503701086N11922482WA0136201374004003011300279
B0140513701086N11922484WA0136201373004003011297282
B0140523701087N11922487WA0136101373004003012292288
B0140533701088N11922489WA0136101373004003013288285
B0140543701089N11922491WA0136101373004003013294292
B0140553701089N11922493WA0136101373004003012299290
B0140563701090N11922494WA0136101373004003011301291
B0140573701091N11922496WA0136001372004003010304280
B0140583701092N11922498WA0136001371004003011305293
B0140593701093N11922499WA0135901370004003011299294
B0141003701094N11922502WA0135801369004003013297298
B0141013701095N11922504WA0135701368004003016304303
B0141023701097N11922507WA0135601368004003016316300
B0141033701098N11922508WA0135601367004003015322300
B0141043701100N11922510WA0135501367004003014319297
B0141053701101N11922511WA0135401366004003013315296
B0141063701103N11922513WA0135401365004003014313293
B0141073701104N11922516WA0135301364004003014312295
B0141083701106N11922518WA0135201363004003017311294
B0141093701108N11922521WA0135201363004003017310288
B0141103701109N11922523WA0135201363004003017308292
B0141113701111N11922525WA0135101363004003017310295
B0141123701113N11922528WA0135101362004003017311294
B0141133701115N11922530WA0135101362004003017313301
B0141143701116N11922532WA0135001362004003017312296
B0141153701118N11922535WA0135001361004003017311296
B0141163701120N11922537WA0134901361004003017310297
B0141173701122N11922540WA0134801360004003020313301
B0141183701124N11922543WA0134801359004003022317301
B0141193701127N11922546WA0134701359004003022320300
B0141203701129N11922548WA0134801359004003022319292
B0141213701131N11922551WA0134801360004003019311294
B0141223701133N11922554WA0134901360004003019305298
B0141233701135N11922556WA0134901360004003019310297
B0141243701137N11922559WA0134801360004003019313293
B0141253701138N11922562WA0134801359004003018307287
B0141263701140N11922565WA0134701358004003020300290
B0141273701141N11922568WA0134601357004003020297288
B0141283701143N11922572WA0134501356004003022298290
B0141293701145N11922576WA0134401356004003022299293
B0141303701146N11922579WA0134401355004003022301293
B0141313701148N11922583WA0134301354004003022302298
B0141323701150N11922586WA0134201353004003022302293
B0141333701152N11922590WA0134101351004003024300292
B0141343701154N11922594WA0134001350004003024301296
B0141353701155N11922597WA0133901349004003023305295
B0141363701158N11922601WA0133801348004003022309297
B0141373701160N11922604WA0133701347004003021309293
B0141383701161N11922607WA0133601346004003021307294
B0141393701163N11922610WA0133501345004003021305291
B0141403701165N11922613WA0133501345004003022306292
B0141413701167N11922616WA0133401345004003020304291
B0141423701169N11922620WA0133401344004003020301288
B0141433701170N11922623WA0133301343004003019300302
B0141443701172N11922626WA0133201341004003019301303
B0141453701173N11922629WA0133001340004003022300302
B0141463701175N11922633WA0132901338004003023300303
B0141473701177N11922637WA0132801337004003022298298
B0141483701178N11922640WA0132701337004003022297303
B0141493701180N11922644WA0132601335004003021300311
B0141503701181N11922647WA0132501334004003021306312
B0141513701183N11922650WA0132301334004003021309308
B0141523701185N11922653WA0132201332004003022308304
B0141533701187N11922656WA0132101331004003022304304
B0141543701189N11922659WA0131901329004003022304311
B0141553701191N11922663WA0131801329004003022307308
B0141563701193N11922666WA0131601327004003022307308
B0141573701195N11922670WA0131401325004003023305298
B0141583701197N11922673WA0131201325004003025302301
B0141593701199N11922677WA0131001322004003025297304
B0142003701201N11922682WA0130901321004003027299315
B0142013701203N11922687WA0130801321004003027308305
B0142023701206N11922690WA0130801321004003027320310
B0142033701209N11922692WA0130901320004003025327306
B0142043701212N11922695WA0130801319004003023327298
B0142053701215N11922697WA0130701318004003023323303
B0142063701218N11922700WA0130601317004003026320295
B0142073701221N11922703WA0130501316004003026321304
B0142083701224N11922706WA0130501315004003025321298
B0142093701227N11922709WA0130401314004003023320301
B0142103701229N11922712WA0130301313004003023320298
B0142113701232N11922714WA0130101311004003025323294
B0142123701235N11922717WA0130001310004003025324299
B0142133701239N11922720WA0130001309004003025323295
B0142143701241N11922723WA0130001309004003024321298
B0142153701244N11922725WA0129901308004003021321294
B0142163701246N11922728WA0129801308004003021317308
B0142173701248N11922730WA0129801306004003020307296
B0142183701250N11922734WA0129601304004003020302307
B0142193701252N11922737WA0129401303004003023308307
B0142203701254N11922740WA0129401302004003025314287
B0142213701257N11922744WA0129401303004003024315289
B0142223701259N11922747WA0129501304004003024314285
B0142233701261N11922749WA0129601305004003021315295
B0142243701264N11922752WA0129601305004003021316285
B0142253701266N11922755WA0129601305004003021313294
B0142263701268N11922759WA0129701305004003023309296
B0142273701271N11922762WA0129701305004003022311296
B0142283701273N11922765WA0129701306004003022318289
B0142293701275N11922767WA0129701306004003020321291
B0142303701277N11922769WA0129701306004003018314289
B0142313701279N11922772WA0129701305004003020306293
B0142323701280N11922775WA0129601304004003020300297
B0142333701282N11922778WA0129701305004003020298277
B0142343701283N11922781WA0129601305004003018306295
B0142353701284N11922782WA0129701305004003014317292
B0142363701286N11922784WA0129701305004003015313295
B0142373701287N11922787WA0129601304004003015300288
B0142383701289N11922791WA0129501303004003019299297
B0142393701291N11922794WA0129601304004003026315312
B0142403701295N11922797WA0129701306004003026334302
B0142413701297N11922798WA0129901307004003023338283
B0142423701299N11922799WA0130001308004003017312297
B0142433701300N11922801WA0130001308004003013292274
B0142443701301N11922804WA0130001308004003019290293
B0142453701302N11922808WA0130101309004003019293296
B0142463701303N11922812WA0130301311004003022308303
B0142473701306N11922814WA0130601314004003018330289
B0142483701308N11922815WA0130901317004003018001295
B0142493701310N11922814WA0131201320004003015013304
B0142503701312N11922813WA0131301320004003013359287
B0142513701313N11922814WA0131401321004003006334281
B0142523701313N11922815WA0131401321004003007282289
B0142533701313N11922817WA0131401321004003007261275
B0142543701312N11922819WA0131401320004003009258272
B0142553701312N11922822WA0131301320004003015263284
B0142563701312N11922825WA0131401321004003016269298
B0142573701312N11922827WA0131401321004003015279306
B0142583701313N11922829WA0131401322004003013302306
B0142593701315N11922831WA0131401321004003013328307
B0143003701317N11922831WA0131401321004003014344305
B0143013701319N11922832WA0131301321004003014347305
B0143023701321N11922833WA0131301320004003014348299
B0143033701323N11922833WA0131201320004003016351295
B0143043701326N11922834WA0131201320004003016345306
B0143053701327N11922834WA0131201319004003014333293
B0143063701329N11922836WA0131101318004003012321289
B0143073701330N11922837WA0131001317004003012310286
B0143083701331N11922839WA0130901316004003014302285
B0143093701332N11922842WA0130801314004003014300294
B0143103701333N11922844WA0130701314004003014299287
B0143113701334N11922846WA0130601313004003013298287
B0143123701335N11922848WA0130501312004003013295284
B0143133701336N11922850WA0130401311004003012291286
B0143143701336N11922853WA0130201309004003012291270
B0143153701337N11922855WA0130101309004003012293272
B0143163701338N11922857WA0130001309004003012287274
B0143173701338N11922859WA0130001308004003012279281
B0143183701338N11922861WA0129901307004003012271272
B0143193701338N11922863WA0129801306004003013271272
B0143203701338N11922866WA0129801305004003013272271
B0143213701338N11922868WA0129601304004003013276266
B0143223701339N11922871WA0129601303004003013279283
B0143233701339N11922873WA0129501302004003013287297
B0143243701340N11922875WA0129401302004003013307311
B0143253701342N11922876WA0129301300004003013337323
B0143263701345N11922877WA0129201298004003015002332
B0143273701348N11922875WA0129001296004003027019341
B0143283701353N11922873WA0128901296004003035036002
B0143293701357N11922867WA0128601294004003035053020
B0143303701360N11922859WA0128501292004003043068036
B0143313701361N11922849WA0128301291004003052084063
B0143323701360N11922839WA0128201289004003052098089
B0143333701358N11922831WA0128101288004003052111111
B0143343701354N11922823WA0128001287004003049124130
B0143353701349N11922817WA0127901286004003044136149
B0143363701344N11922813WA0127801284004003044146169
B0143373701339N11922808WA0127601284004003042154182
B0143383701333N11922805WA0127501282004003042156184
B0143393701327N11922802WA0127401281004003042157192
B0143403701321N11922799WA0127401281004003042157193
B0143413701316N11922797WA0127301280004003040159197
B0143423701311N11922795WA0127201279004003037162189
B0143433701305N11922793WA0127101277004003037165197
B0143443701300N11922791WA0126901275004003039167201
B0143453701294N11922790WA0126801274004003039169209
B0143463701288N11922789WA0126801274004003039170212
B0143473701283N11922788WA0126701273004003035172208
B0143483701278N11922787WA0126701273004003035173209
B0143493701273N11922787WA0126601272004003034174213
B0143503701268N11922786WA0126601271004003034176206
B0143513701263N11922786WA0126501271004003031179217
B0143523701259N11922786WA0126501270004003031182223
B0143533701255N11922787WA0126401269004003030185219
B0143543701250N11922788WA0126301268004003030192219
B0143553701246N11922790WA0126201267004003032199224
B0143563701241N11922792WA0126201267004003034200230
B0143573701236N11922794WA0126101267004003034199243
B0143583701231N11922796WA0126201268004003034202240
B0143593701227N11922799WA0126201268004003031207228
B0144003701223N11922802WA0126301268004003031208220
B0144013701219N11922804WA0126301267004003031205206
B0144023701214N11922807WA0126301268004003033200221
B0144033701209N11922809WA0126401269004003032196232
B0144043701205N11922810WA0126501271004003032192226
B0144053701201N11922811WA0126701273004003031190235
B0144063701197N11922811WA0126801274004003029183264
B0144073701194N11922812WA0126901273004003018185250
B0144083701192N11922812WA0126801272004003018203261
B0144093701190N11922814WA0126701270004003015232262
B0144103701189N11922817WA0126501268004003015248264
B0144113701189N11922820WA0126301267004003015257280
B0144123701189N11922822WA0126201265004003013263272
B0144133701188N11922825WA0126001264004003013271262
B0144143701189N11922828WA0125801262004003013280255
B0144153701189N11922831WA0125701260004003016281267
B0144163701190N11922835WA0125701260004003018278261
B0144173701190N11922838WA0125701261004003015271263
B0144183701190N11922840WA0125701261004003015270263
B0144193701190N11922842WA0125701261004003012279270
B0144203701190N11922844WA0125601260004003012285261
B0144213701191N11922848WA0125501258004003014282273
B0144223701192N11922851WA0125401257004003021279273
B0144233701192N11922855WA0125401258004003021282267
B0144243701193N11922859WA0125501259004003020290266
B0144253701194N11922861WA0125501260004003019304272
B0144263701196N11922864WA0125601261004003016314266
B0144273701198N11922865WA0125701261004003016317274
B0144283701199N11922867WA0125701261004003014313284
B0144293701200N11922869WA0125601260004003012309272
B0144303701201N11922870WA0125501259004003012307278
B0144313701202N11922872WA0125501258004003013303278
B0144323701203N11922874WA0125401258004003013303269
B0144333701205N11922877WA0125401258004003015309274
B0144343701206N11922879WA0125401258004003015313283
B0144353701208N11922881WA0125401258004003015308283
B0144363701209N11922883WA0125401258004003014297289
B0144373701209N11922886WA0125401258004003014296286
B0144383701211N11922888WA0125401258004003016308293
B0144393701213N11922890WA0125401258004003017322293
B0144403701215N11922891WA0125501259004003017328287
B0144413701217N11922893WA0125501259004003017327283
B0144423701219N11922895WA0125401259004003015324286
B0144433701220N11922896WA0125501259004003015320287
B0144443701222N11922898WA0125501259004003014312285
B0144453701223N11922900WA0125501259004003014304283
B0144463701224N11922903WA0125401259004003014303281
B0144473701226N11922905WA0125401259004003015307280
B0144483701227N11922907WA0125401258004003015306283
B0144493701228N11922910WA0125401259004003015302272
B0144503701229N11922912WA0125401259004003013301281
B0144513701230N11922914WA0125401258004003013303273
B0144523701231N11922916WA0125401258004003013307281
B0144533701233N11922918WA0125401258004003015310286
B0144543701234N11922920WA0125401258004003014309285
B0144553701236N11922922WA0125401258004003014308287
B0144563701237N11922924WA0125401258004003014315294
B0144573701239N11922926WA0125401258004003014326290
B0144583701240N11922927WA0125401258004003014331297
B0144593701242N11922928WA0125401258004003014334297
B0145003701244N11922929WA0125301257004003014337301
B0145013701247N11922930WA0125201256004003015340294
B0145023701249N11922931WA0125201256004003016341274
B0145033701251N11922932WA0125101255004003016333284
B0145043701252N11922934WA0125001254004003013311287
B0145053701253N11922936WA0124901252004003012299294
B0145063701254N11922938WA0124701250004003013302288
B0145073701256N11922940WA0124501248004003016310284
B0145083701257N11922942WA0124301246004003016304281
B0145093701258N11922946WA0124101244004003018286272
B0145103701258N11922949WA0124001243004003019271273
B0145113701258N11922953WA0123901242004003019270277
B0145123701259N11922956WA0123801241004003018280280
B0145133701259N11922958WA0123701240004003016284275
B0145143701259N11922961WA0123601239004003013277272
B0145153701260N11922964WA0123401237004003015272274
B0145163701260N11922967WA0123301235004003015274283
B0145173701260N11922970WA0123101233004003017281282
B0145183701261N11922973WA0123001232004003017291297
B0145193701262N11922975WA0122901231004003017306296
B0145203701264N11922977WA0122801229004003014318299
B0145213701266N11922979WA0122601227004003014323292
B0145223701268N11922981WA0122401225004003020321277
B0145233701271N11922984WA0122201223004003025321273
B0145243701274N11922987WA0122101224004003024325278
B0145253701276N11922989WA0122201225004003024329291
B0145263701279N11922990WA0122201225004003016331292
B0145273701281N11922992WA0122201224004003016326295
B0145283701282N11922993WA0122101223004003016322289
B0145293701284N11922995WA0122001222004003016317286
B0145303701286N11922998WA0121901221004003020314285
B0145313701289N11923001WA0121801221004003021314292
B0145323701291N11923004WA0121801221004003020314290
B0145333701293N11923006WA0121801221004003020315285
B0145343701295N11923008WA0121701220004003019321291
B0145353701297N11923010WA0121701220004003020325285
B0145363701300N11923013WA0121601219004003020323283
B0145373701302N11923015WA0121501218004003020314289
B0145383701304N11923018WA0121401217004003020303274
B0145393701305N11923021WA0121301217004003020301273
B0145403701307N11923024WA0121301217004003020301265
B0145413701308N11923028WA0121201216004003019294274
B0145423701309N11923031WA0121101215004003019290268
B0145433701310N11923035WA0121001215004003020294279
B0145443701312N11923038WA0121001214004003020306277
B0145453701314N11923041WA0121001214004003022311267
B0145463701316N11923045WA0121001213004003020304273
B0145473701317N11923048WA0121001213004003020285278
B0145483701318N11923051WA0120901212004003020283274
B0145493701319N11923056WA0120901212004003022290276
B0145503701321N11923060WA0120901212004003026296270
B0145513701322N11923064WA0121001213004003026296270
B0145523701324N11923068WA0121101212004003024296274
B0145533701325N11923072WA0121101213004003023291269
B0145543701326N11923076WA0121201214004003024288266
B0145553701328N11923080WA0121301215004003025291265
B0145563701329N11923084WA0121301216004003024297269
B0145573701331N11923087WA0121301216004003022301271
B0145583701332N11923091WA0121201215004003023302289
B0145593701334N11923095WA0121201214004003027295277
B0146003701336N11923100WA0121301215004003027290275
B0146013701337N11923107WA0121401216004003032290274
B0146023701339N11923113WA0121601219004003033289287
B0146033701340N11923118WA0121901222004003033293269
B0146043701342N11923123WA0122101221004003028292264
B0146053701343N11923126WA0122201221004003021286264
B0146063701343N11923128WA0122201221004003014277272
B0146073701343N11923131WA0122201221004003017276265
B0146083701344N11923135WA0122101220004003017275273
B0146093701344N11923139WA0122001220004003021281275
B0146103701345N11923143WA0122001220004003020284290
B0146113701345N11923146WA0121901219004003020285290
B0146123701346N11923149WA0121701218004003019289299
B0146133701348N11923153WA0121601216004003019291296
B0146143701349N11923157WA0121501214004003024292288
B0146153701350N11923161WA0121401214004003024294267
B0146163701352N11923164WA0121401215004003024299283
B0146173701353N11923167WA0121401215004003020307278
B0146183701355N11923169WA0121401214004003015301293
B0146193701355N11923172WA0121301213004003016281278
B0146203701355N11923175WA0121101211004003020267279
B0146213701355N11923179WA0120901211004003020265295
B0146223701355N11923183WA0120801209004003022266290
B0146233701355N11923187WA0120601207004003022274280
B0146243701356N11923190WA0120501205004003017279278
B0146253701356N11923193WA0120301203004003017285260
B0146263701357N11923196WA0120201202004003016289263
B0146273701358N11923199WA0120001200004003016286280
B0146283701358N11923203WA0119801198004003018280268
B0146293701359N11923206WA0119701197004003019276286
B0146303701359N11923209WA0119601196004003019278298
B0146313701359N11923212WA0119501195004003018287261
B0146323701360N11923214WA0119401194004003016301269
B0146333701361N11923216WA0119401193004003010294277
B0146343701361N11923218WA0119101190004003013281275
B0146353701362N11923222WA0118901188004003013278285
B0146363701362N11923226WA0118801187004003019280275
B0146373701363N11923230WA0118801188004003020284271
B0146383701364N11923233WA0118901189004003020285272
B0146393701364N11923236WA0118901189004003017282280
B0146403701365N11923239WA0118901188004003017281283
B0146413701365N11923243WA0118901188004003022280279
B0146423701366N11923247WA0118901188004003023274293
B0146433701366N11923252WA0119001189004003022267296
B0146443701366N11923256WA0119001190004003022265295
B0146453701366N11923259WA0119101191004003019271292
B0146463701366N11923262WA0119201191004003019281300
B0146473701367N11923266WA0119201191004003018290313
B0146483701369N11923268WA0119201191004003018313334
B0146493701371N11923270WA0119101190004003021339340
B0146503701375N11923271WA0119101190004003025352331
B0146513701379N11923271WA0119101190004003025348324
B0146523701382N11923273WA0119101190004003025331316
B0146533701385N11923276WA0119001189004003026315312
B0146543701387N11923280WA0119001189004003026308306
B0146553701390N11923284WA0119001189004003026305303
B0146563701392N11923288WA0119001189004003025301299
B0146573701393N11923292WA0119001189004003026299297
B0146583701395N11923297WA0118901189004003027297311
B0146593701397N11923301WA0118901188004003027295300
B0147003701399N11923306WA0118901188004003027293303
B0147013701400N11923310WA0118901188004003025294296
B0147023701402N11923314WA0118901188004003025293302
B0147033701403N11923318WA0118901188004003025294300
B0147043701405N11923323WA0118901188004003025296304
B0147053701407N11923327WA0118901188004003026299301
B0147063701409N11923331WA0118901189004003026304305
B0147073701411N11923334WA0118901189004003024307300
B0147083701413N11923337WA0118901189004003022304301
B0147093701415N11923341WA0118801188004003021295296
B0147103701416N11923345WA0118601185004003023286296
B0147113701417N11923349WA0118401185004003023288301
B0147123701418N11923355WA0118301185004003028293312
B0147133701420N11923360WA0118301185004003026293314
B0147143701421N11923364WA0118401186004003026289298
B0147153701422N11923367WA0118401186004003021287311
B0147163701423N11923370WA0118401186004003018289303
B0147173701424N11923373WA0118401185004003020292296
B0147183701425N11923377WA0118301184004003024295291
B0147193701427N11923381WA0118301183004003024299292
B0147203701429N11923386WA0118301184004003026297312
B0147213701431N11923390WA0118401185004003023292324
B0147223701432N11923393WA0118501186004003023292303
B0147233701433N11923396WA0118501186004003019296307
B0147243701434N11923400WA0118501185004003019299304
B0147253701436N11923404WA0118401184004003026299310
B0147263701438N11923408WA0118401184004003027296320
B0147273701440N11923413WA0118501186004003026297319
B0147283701441N11923416WA0118601187004003024305302
B0147293701443N11923419WA0118701187004003018306312
B0147303701445N11923421WA0118701187004003020301292
B0147313701446N11923425WA0118701187004003020304291
B0147323701449N11923428WA0118801188004003022308302
B0147333701450N11923431WA0118901190004003018309304
B0147343701452N11923433WA0119001191004003018306303
B0147353701453N11923435WA0119001190004003015304302
B0147363701454N11923438WA0119001190004003015309308
B0147373701456N11923440WA0119001189004003019316300
B0147383701459N11923443WA0119001189004003021315302
B0147393701461N11923446WA0119001190004003021310305
B0147403701462N11923449WA0119101191004003021303312
B0147413701464N11923452WA0119201193004003019304308
B0147423701466N11923455WA0119401195004003019309314
B0147433701467N11923457WA0119601197004003018308324
B0147443701469N11923460WA0119801199004003017309310
B0147453701471N11923462WA0120101202004003015320328
B0147463701473N11923463WA0120401206004003016349334
B0147473701476N11923462WA0120701208004003016021348
B0147483701480N11923459WA0120901208004003023045000
B0147493701483N11923453WA0121101211004003038059019
B0147503701485N11923446WA0121401214004003039071045
B0147513701486N11923439WA0121601214004003039089063
B0147523701485N11923431WA0121701216004003040102087
B0147533701483N11923422WA0121901216004003050123111
B0147543701477N11923415WA0122101219004003050138141
B0147553701470N11923412WA0122301222004003049159162
B0147563701464N11923411WA0122601226004003046173184
B0147573701459N11923411WA0122801229004003032179200
B0147583701454N11923411WA0123101231004003032182216
B0147593701450N11923412WA0123301233004003027190222
B0148003701446N11923413WA0123401234004003027208238
B0148013701444N11923417WA0123501235004003026229254
B0148023701441N11923421WA0123601236004003026243272
B0148033701440N11923425WA0123801237004003025251272
B0148043701440N11923428WA0124001240004003021271276
B0148053701440N11923431WA0124201240004003012289288
B0148063701441N11923433WA0124501243004003012292314
B0148073701442N11923435WA0124601246004003012303323
B0148083701444N11923436WA0124801247004003012342339
B0148093701447N11923435WA0124901249004003021014350
B0148103701451N11923432WA0125001251004003032039009
B0148113701455N11923426WA0125301254004003032055029
B0148123701457N11923419WA0125601258004003039072045
B0148133701457N11923412WA0125901262004003037090062
B0148143701456N11923405WA0126201262004003039108078
B0148153701454N11923398WA0126401262004003039119103
B0148163701449N11923391WA0126501263004003045130122
B0148173701443N11923385WA0126601266004003049143137
B0148183701436N11923382WA0126801269004003049160155
B0148193701430N11923380WA0127001269004003046175177
B0148203701425N11923380WA0127201273004003039181195
B0148213701420N11923381WA0127501276004003031192205
B0148223701416N11923383WA0127601278004003031208221
B0148233701413N11923387WA0127801279004003029230236
B0148243701412N11923392WA0127901280004003029249258
B0148253701411N11923398WA0127901281004003029258275
B0148263701410N11923404WA0128101283004003032262280
B0148273701410N11923409WA0128301286004003032271284
B0148283701411N11923413WA0128401287004003028290290
B0148293701413N11923416WA0128501288004003022323303
B0148303701416N11923416WA0128601289004003022357324
B0148313701420N11923416WA0128601290004003027018345
B0148323701424N11923413WA0128701291004003027031001
B0148333701427N11923409WA0128801292004003031044011
B0148343701431N11923404WA0128901294004003034054024
B0148353701433N11923399WA0129101295004003034060034
B0148363701435N11923393WA0129201296004003032064040
B0148373701437N11923388WA0129301296004003032073044
B0148383701438N11923381WA0129301296004003036089052
B0148393701436N11923373WA0129201295004003043103072
B0148403701433N11923365WA0129101293004003043121091
B0148413701428N11923359WA0128901293004003046140115
B0148423701422N11923354WA0128901293004003043152140
B0148433701416N11923353WA0128801293004003044175156
B0148443701410N11923355WA0128801293004003043197186
B0148453701406N11923359WA0128801293004003036226212
B0148463701403N11923364WA0128901294004003028246244
B0148473701402N11923370WA0129001295004003028256267
B0148483701402N11923372WA0129201298004003022254277
B0148493701402N11923375WA0129401299004003015237278
B0148503701401N11923377WA0129501299004003016236276
B0148513701399N11923380WA0129401298004003021246279
B0148523701398N11923385WA0129301297004003021258291
B0148533701397N11923391WA0129301298004003028269306
B0148543701397N11923396WA0129501299004003024264294
B0148553701396N11923400WA0129701302004003024245280
B0148563701395N11923402WA0129901302004003020225284
B0148573701393N11923405WA0129801302004003020226271
B0148583701390N11923408WA0129701301004003028243280
B0148593701389N11923414WA0129601300004003032255289
B0149003701388N11923420WA0129501301004003032260284
B0149013701387N11923426WA0129601302004003032258278
B0149023701387N11923431WA0129701303004003023262302
B0149033701387N11923435WA0129901304004003023268294
B0149043701387N11923439WA0130001305004003023279308
B0149053701388N11923444WA0130001305004003024287316
B0149063701390N11923449WA0130101307004003029293331
B0149073701392N11923453WA0130201308004003029303337
B0149083701394N11923456WA0130301309004003026320348
B0149093701397N11923458WA0130201308004003022352353
B0149103701401N11923457WA0130201308004003025011007
B0149113701405N11923455WA0130101307004003027031018
B0149123701408N11923451WA0130101308004003027053030
B0149133701409N11923446WA0130201308004003027075048
B0149143701409N11923440WA0130201308004003032092066
B0149153701407N11923434WA0130101307004003034110082
B0149163701404N11923428WA0130001305004003034130105
B0149173701400N11923423WA0129901305004003037148128
B0149183701394N11923421WA0129701304004003038165153
B0149193701389N11923420WA0129601303004003038178175
B0149203701383N11923422WA0129601303004003038198192
B0149213701380N11923425WA0129701304004003034219216
B0149223701378N11923429WA0129801305004003024233242
B0149233701376N11923433WA0129901305004003024238250
B0149243701374N11923437WA0129801305004003024239252
B0149253701372N11923442WA0129801304004003025239252
B0149263701369N11923447WA0129801304004003034240265
B0149273701367N11923453WA0129801305004003034247284
B0149283701367N11923458WA0129901306004003032263294
B0149293701367N11923463WA0130001307004003029281306
B0149303701368N11923468WA0129901306004003028295321
B0149313701371N11923473WA0129901306004003029310320
B0149323701375N11923476WA0129801305004003029325329
B0149333701379N11923478WA0129801304004003030335332
B0149343701384N11923481WA0129901305004003033337342
B0149353701388N11923483WA0130001306004003034333338
B0149363701393N11923487WA0130101307004003033326332
B0149373701396N11923490WA0130201309004003031321332
B0149383701399N11923493WA0130201309004003027322349
B0149393701402N11923495WA0130401311004003027331348
B0149403701406N11923497WA0130501313004003026346355
B0149413701409N11923497WA0130701313004003023011007
B0149423701411N11923495WA0130901314004003019041016
B0149433701413N11923491WA0131001315004003026063033
B0149443701414N11923486WA0131101316004003026076053
B0149453701414N11923480WA0131201318004003029091064
B0149463701413N11923475WA0131301320004003032110081
B0149473701411N11923469WA0131501320004003034131103
B0149483701407N11923465WA0131601321004003033140128
B0149493701403N11923462WA0131701323004003033147138
B0149503701399N11923459WA0131801324004003030151146
B0149513701394N11923457WA0131801324004003035159151
B0149523701389N11923455WA0131901325004003035169162
B0149533701383N11923455WA0132001327004003036185176
B0149543701379N11923458WA0132201329004003033209195
B0149553701376N11923463WA0132301331004003033231224
B0149563701373N11923468WA0132401331004003031253248
B0149573701373N11923474WA0132501331004003031261274
B0149583701372N11923479WA0132501333004003031264286
B0149593701372N11923485WA0132701333004003031271286
B0150003701373N11923490WA0132701334004003030286295
B0150013701376N11923494WA0132701333004003026313305
B0150023701379N11923496WA0132701334004003023329326
B0150033701382N11923498WA0132701335004003023332334
B0150043701385N11923500WA0132801335004003021331343
B0150053701388N11923502WA0132801336004003021330341
B0150063701391N11923504WA0132801336004003026335348
B0150073701395N11923505WA0132901337004003026346353
B0150083701399N11923505WA0133001338004003026008005
B0150093701401N11923504WA0133101338004003022038013
B0150103701403N11923500WA0133101337004003022057033
B0150113701405N11923496WA0133101336004003027061047
B0150123701408N11923490WA0133001336004003027061054
B0150133701410N11923484WA0133001337004003036067076
B0150143701412N11923477WA0133201339004003035088084
B0150153701410N11923471WA0133401340004003035122100
B0150163701407N11923466WA0133601340004003035145128
B0150173701402N11923462WA0133701340004003037154149
B0150183701395N11923459WA0133801342004003043161159
B0150193701389N11923458WA0133901345004003043168170
B0150203701382N11923457WA0134001346004003039182176
B0150213701377N11923459WA0134101347004003036199193
B0150223701372N11923463WA0134001346004003037214213
B0150233701368N11923468WA0134001347004003038230229
B0150243701365N11923474WA0134001347004003037253246
B0150253701365N11923480WA0134001347004003033273267
B0150263701368N11923484WA0134001347004003027303291
B0150273701371N11923488WA0134101350004003027320315
B0150283701374N11923490WA0134301353004003026321320
B0150293701376N11923493WA0134501355004003023314335
B0150303701378N11923496WA0134701357004003022307336
B0150313701380N11923499WA0134801357004003021315340
B0150323701383N11923501WA0134801357004003022331339
B0150333701386N11923503WA0134701357004003022348350
B0150343701390N11923504WA0134701357004003023355352
B0150353701394N11923503WA0134601356004003024356346
B0150363701398N11923504WA0134401355004003029352349
B0150373701403N11923505WA0134401354004003033346335
B0150383701408N11923507WA0134501355004003033342332
B0150393701412N11923509WA0134701356004003033346309
B0150403701415N11923509WA0134901359004003018350323
B0150413701417N11923510WA0135001360004003018346323
B0150423701419N11923511WA0135101360004003014328333
B0150433701421N11923513WA0135001359004003014315327
B0150443701423N11923516WA0135001359004003026316329
B0150453701426N11923520WA0135101361004003027322327
B0150463701429N11923522WA0135301363004003026326336
B0150473701432N11923524WA0135501366004003022322320
B0150483701433N11923526WA0135601367004003015316321
B0150493701435N11923528WA0135701367004003018316322
B0150503701437N11923531WA0135701367004003018324333
B0150513701441N11923533WA0135701368004003023340351
B0150523701445N11923533WA0135801370004003026003020
B0150533701449N11923531WA0136001372004003028029028
B0150543701452N11923527WA0136201373004003028047041
B0150553701454N11923522WA0136301375004003030058057
B0150563701457N11923516WA0136401376004003034065070
B0150573701458N11923510WA0136501376004003037078081
B0150583701458N11923502WA0136501376004003037091091
B0150593701457N11923494WA0136501376004003042105106
B0151003701454N11923487WA0136501377004003044119119
B0151013701450N11923481WA0136501377004003044133131
B0151023701445N11923477WA0136601378004003040151145
B0151033701439N11923475WA0136601378004003038169161
B0151043701434N11923476WA0136601378004003036187181
B0151053701429N11923478WA0136701379004003036203201
B0151063701424N11923481WA0136801379004003035220218
B0151073701422N11923485WA0136901381004003032234237
B0151083701420N11923490WA0137101383004003024251252
B0151093701421N11923494WA0137301385004003024274273
B0151103701422N11923496WA0137401386004003019302292
B0151113701424N11923498WA0137501387004003016325317
B0151123701426N11923500WA0137501387004003017340339
B0151133701429N11923500WA0137501387004003021000351
B0151143701432N11923499WA0137501387004003021018008
B0151153701437N11923496WA0137501387004003027031018
B0151163701441N11923492WA0137601388004003037040034
B0151173701445N11923487WA0137801390004003037043033
B0151183701449N11923483WA0138001392004003035042031
B0151193701452N11923479WA0138101394004003034039008
B0151203701457N11923475WA0138301396004003035036004
B0151213701461N11923471WA0138501397004003035027356
B0151223701465N11923470WA0138701399004003033012351
B0151233701470N11923471WA0138801400004003031344339
B0151243701473N11923475WA0138801401004003032315321
B0151253701476N11923479WA0139001401004003032287297
B0151263701476N11923484WA0139101402004003027238279
B0151273701471N11923487WA0139201403004003027204241
B0151283701466N11923487WA0139401405004003033177210
B0151293701460N11923485WA0139501406004003038152176
B0151303701456N11923479WA0139601408004003038129146
B0151313701454N11923472WA0139701410004003041104118
B0151323701454N11923464WA0139901413004003042079091
B0151333701457N11923457WA0140101414004003042060066
B0151343701461N11923453WA0140201416004003039038047
B0151353701466N11923450WA0140301417004003035017028
B0151363701471N11923449WA0140401417004003034357009
B0151373701475N11923451WA0140501419004003034341352
B0151383701478N11923454WA0140601420004003031318339
B0151393701480N11923458WA0140701421004003025293320
B0151403701480N11923462WA0140801423004003021269302
B0151413701479N11923466WA0140901423004003021246285
B0151423701477N11923469WA0140901423004003021222266
B0151433701474N11923472WA0140901423004003025203244
B0151443701469N11923473WA0140901423004003031186220
B0151453701464N11923473WA0141001424006003035160196
B0151463701459N11923468WA0141001424004003035139162
B0151473701456N11923463WA0141101425004003037111136
B0151483701455N11923455WA0141201425004003038096097
B0151493701455N11923447WA0141301426004003038085077
B0151503701456N11923440WA0141401428004003038078061
B0151513701458N11923433WA0141501429004003039066049
B0151523701462N11923426WA0141501430004003042051034
B0151533701467N11923422WA0141601430004003042029021
B0151543701472N11923419WA0141601431004003039000001
B0151553701476N11923422WA0141601430004003033328338
B0151563701478N11923426WA0141501430004003023296316
B0151573701479N11923431WA0141501430004003023261294
B0151583701478N11923434WA0141601431004003020244273
B0151593701476N11923437WA0141701431004003019243268
B0152003701475N11923441WA0141601430004003019256275
B0152013701475N11923445WA0141601430004003022274285
B0152023701476N11923449WA0141501429004003022287300
B0152033701478N11923454WA0141501429004003025298312
B0152043701480N11923458WA0141501430004003027307311
B0152053701483N11923461WA0141501430004003027318322
B0152063701486N11923464WA0141601431004003027325323
B0152073701490N11923467WA0141601431004003026330313
B0152083701493N11923469WA0141701432004003024331307
B0152093701496N11923471WA0141601431004003024322293
B0152103701497N11923474WA0141601430004003022300289
B0152113701498N11923479WA0141501429004003022275276
B0152123701498N11923483WA0141501430004003029255268
B0152133701496N11923489WA0141701432004003029234245
B0152143701493N11923493WA0141901433004003029209230
B0152153701490N11923493WA0142201437004003022177207
B0152163701487N11923492WA0142501437004003022145185
B0152173701484N11923488WA0142701438004003028136151
B0152183701480N11923483WA0142801440004003028127130
B0152193701478N11923477WA0142901441004003035112106
B0152203701477N11923468WA0143001443004003043093081
B0152213701479N11923460WA0143201444004003046071064
B0152223701481N11923452WA0143401446004003044050045
B0152233701486N11923447WA0143601447004003044036023
B0152243701490N11923444WA0143801448004003027021013
B0152253701494N11923443WA0143901449004003027004000
B0152263701498N11923444WA0143801449004003025351343
B0152273701502N11923446WA0143801450004003025339329
B0152283701505N11923448WA0143801451004003027326319
B0152293701508N11923452WA0144001452004003027305307
B0152303701509N11923456WA0144001454004003024282293
B0152313701508N11923459WA0144101455004003019256278
B0152323701507N11923462WA0144101456004003016232265
B0152333701505N11923464WA0144201456004003018215247
B0152343701503N11923466WA0144101456004003018210241
B0152353701500N11923468WA0144201456004003018207238
B0152363701497N11923470WA0144201456005003019212247
B0152373701495N11923472WA0144301457004003018214259
B0152383701493N11923473WA0144301458004003018217256
B0152393701492N11923475WA0144401458004003017233254
B0152403701490N11923477WA0144501459004003017230236
B0152413701488N11923480WA0144601460004003017211233
B0152423701485N11923481WA0144601462004003021198213
B0152433701482N11923482WA0144701464004003023188203
B0152443701478N11923482WA0144901466004003023178184
B0152453701473N11923480WA0145001467004003027161165
B0152463701469N11923476WA0145201469004003032134142
B0152473701467N11923468WA0145201469004003046106108
B0152483701468N11923458WA0145201470004003051076076
B0152493701470N11923450WA0145401471004003049039046
B0152503701476N11923446WA0145601471004003049015012
B0152513701482N11923446WA0145801473004003035359349
B0152523701486N11923448WA0145901475004003035334335
B0152533701488N11923452WA0146101477004003028304315
B0152543701488N11923455WA0146201478004003021261293
B0152553701487N11923458WA0146301479004003017219264
B0152563701484N11923459WA0146401479004003023184237
B0152573701480N11923457WA0146401480004003023159203
B0152583701476N11923453WA0146501481004003030137179
B0152593701473N11923447WA0146601483004003040119145
B0153003701471N11923439WA0146701485004003043100116
B0153013701471N11923431WA0146901486004003043084093
B0153023701473N11923423WA0147001487004003043069073
B0153033701477N11923416WA0147101488004003044056057
B0153043701481N11923410WA0147101488004003044040041
B0153053701485N11923407WA0147001487004003038017024
B0153063701489N11923407WA0146801485004003032351000
B0153073701493N11923410WA0146601484004003025321335
B0153083701495N11923413WA0146601484004003025297309
B0153093701495N11923417WA0146701486004003020250292
B0153103701494N11923419WA0146701487004003016233260
B0153113701492N11923421WA0146801487004003011231257
B0153123701492N11923423WA0146801486004003012247261
B0153133701491N11923426WA0146701485004003012264269
B0153143701491N11923429WA0146501483004003016272274
B0153153701491N11923433WA0146401483004003021273270
B0153163701491N11923437WA0146301482004003022271271
B0153173701491N11923441WA0146201481004003022269267
B0153183701491N11923445WA0146201481004003022273256
B0153193701491N11923449WA0146201481004003018275261
B0153203701492N11923452WA0146101479004003018273261
B0153213701492N11923455WA0145901479004003018279256
B0153223701492N11923460WA0145801477004003020278254
B0153233701493N11923464WA0145701477004003026275258
B0153243701493N11923469WA0145701477004003026264268
B0153253701492N11923474WA0145701477004003026250247
B0153263701490N11923477WA0145801477004003023235256
B0153273701488N11923480WA0145801478004003019232220
B0153283701486N11923484WA0145801477004003023242225
B0153293701485N11923488WA0145801476004003023248227
B0153303701483N11923492WA0145701476004003025245235
B0153313701481N11923496WA0145701476004003024235238
B0153323701479N11923500WA0145601476004003024235241
B0153333701478N11923504WA0145601475004003024245249
B0153343701476N11923509WA0145501474004003026255256
B0153353701476N11923514WA0145501474004003029261255
B0153363701475N11923520WA0145501474004003029259252
B0153373701474N11923525WA0145501475004003029251251
B0153383701472N11923530WA0145501475004003029243245
B0153393701470N11923534WA0145601476004003025242247
B0153403701469N11923538WA0145701477004003025242235
B0153413701467N11923542WA0145801477004003024240232
B0153423701465N11923545WA0145801477004003022231214
B0153433701463N11923548WA0145801477004003026209209
B0153443701458N11923549WA0145801477004003033189192
B0153453701452N11923548WA0145801476004003033170176
B0153463701446N11923545WA0145801476004003040152160
B0153473701440N11923540WA0145901477004003045131142
B0153483701437N11923533WA0145901478004003045119124
B0153493701435N11923526WA0146001478004003042105112
B0153503701435N11923519WA0146001478004003039092097
B0153513701435N11923512WA0145901478004003039079083
B0153523701437N11923505WA0145801477004003039065067
B0153533701441N11923499WA0145801476004003039053051
B0153543701445N11923494WA0145701476004003038040036
B0153553701449N11923491WA0145701475004003031027022
B0153563701453N11923490WA0145601475004003031010005
B0153573701457N11923490WA0145601475004003029358350
B0153583701461N11923490WA0145601475004003027353336
B0153593701465N11923491WA0145601474004003027353334
B0154003701469N11923492WA0145601475004003027349334
B0154013701473N11923493WA0145601474004003026345325
B0154023701476N11923494WA0145501474004003025346309
B0154033701480N11923495WA0145501474004003025342338
B0154043701483N11923497WA0145501473004003026337323
B0154053701487N11923499WA0145401473004003026336314
B0154063701492N11923501WA0145501473004003029341325
B0154073701496N11923503WA0145401473004003027343327
B0154083701499N11923504WA0145401472004003027339306
B0154093701502N11923506WA0145201471004003022331300
B0154103701504N11923508WA0145101470004003020326296
B0154113701507N11923510WA0145001469004003020320291
B0154123701509N11923513WA0144901468004003020307288
B0154133701510N11923516WA0144901467004003020290284
B0154143701510N11923520WA0144801466004003020278293
B0154153701510N11923524WA0144701465004003023273292
B0154163701511N11923529WA0144601464004003023274299
B0154173701511N11923533WA0144601464004003023278297
B0154183701511N11923536WA0144501464004003019282284
B0154193701512N11923539WA0144401463004003018280285
B0154203701512N11923542WA0144301461004003021273274
B0154213701512N11923547WA0144101460004003021266271
B0154223701512N11923552WA0144001459004003025262269
B0154233701511N11923557WA0143901458004003027261279
B0154243701510N11923562WA0143801457004003027262276
B0154253701510N11923566WA0143701456004003025261254
B0154263701509N11923571WA0143601455004003025254267
B0154273701508N11923575WA0143501453004003027252253
B0154283701507N11923580WA0143301451004003028255271
B0154293701506N11923585WA0143301451004003027259264
B0154303701505N11923590WA0143201451004003027256252
B0154313701504N11923594WA0143201450004003023247242
B0154323701502N11923598WA0143101449004003025239239
B0154333701500N11923602WA0142901447004003025237237
B0154343701497N11923607WA0142801446004003028236244
B0154353701495N11923611WA0142801446004003028234241
B0154363701492N11923615WA0142801446004003028227234
B0154373701489N11923618WA0142701445004003026220233
B0154383701486N11923621WA0142601443004003026216232
B0154393701483N11923624WA0142501442004003027216231
B0154403701479N11923628WA0142301440004003030218234
B0154413701476N11923631WA0142101438004003031220228
B0154423701472N11923635WA0142001437004003030222237
B0154433701469N11923639WA0141901436004003030221238
B0154443701466N11923643WA0141701434004003031220239
B0154453701462N11923647WA0141601432004003033220257
B0154463701458N11923651WA0141401430004003033223250
B0154473701455N11923655WA0141201428004003033229267
B0154483701452N11923660WA0141001427004003031233246
B0154493701449N11923664WA0141001425004003031232240
B0154503701446N11923669WA0140901424004003032227246
B0154513701443N11923673WA0140701422004003032224237
B0154523701439N11923677WA0140601421004003033228253
B0154533701437N11923682WA0140501420004003033234253
B0154543701434N11923687WA0140401419004003030234230
B0154553701431N11923691WA0140201417004003030228234
B0154563701428N11923695WA0140101416004003030225235
B0154573701425N11923699WA0139901414004003031227251
B0154583701422N11923704WA0139701412004003030235257
B0154593701420N11923709WA0139601411004003030239256
B0155003701418N11923713WA0139501410004003029238253
B0155013701415N11923717WA0139401409004003027235257
B0155023701413N11923721WA0139301408004003023237281
B0155033701412N11923725WA0139201407004003023249282
B0155043701411N11923728WA0139101407004003022271291
B0155053701412N11923732WA0139001405004003021296297
B0155063701414N11923734WA0138901404004003019316308
B0155073701417N11923736WA0138901404004003019331314
B0155083701419N11923737WA0138801404004003017345322
B0155093701421N11923738WA0138801403004003016358329
B0155103701424N11923738WA0138701401004003020004339
B0155113701428N11923737WA0138501399004003025007349
B0155123701432N11923736WA0138301398004003025006355
B0155133701435N11923736WA0138301397004003025006010
B0155143701439N11923735WA0138301397004003022012005
B0155153701442N11923733WA0138301397004003022027004
B0155163701445N11923731WA0138201397004003022038013
B0155173701448N11923728WA0138101395004003024040022
B0155183701451N11923725WA0138001394004003026042036
B0155193701453N11923721WA0137901392004003029052037
B0155203701456N11923715WA0137701391004003029062041
B0155213701458N11923710WA0137601389004003032065033
B0155223701460N11923704WA0137501388004003034056027
B0155233701463N11923700WA0137301386004003034042019
B0155243701467N11923696WA0137201385004003031033007
B0155253701471N11923693WA0137101384004003030034021
B0155263701474N11923690WA0137001383004003028036022
B0155273701477N11923687WA0136901382004003028035023
B0155283701481N11923684WA0136801381004003028034020
B0155293701485N11923681WA0136701379004003030035026
B0155303701489N11923677WA0136601379004003031039018
B0155313701492N11923673WA0136501378004003031041017
B0155323701495N11923670WA0136401377004003030040011
B0155333701499N11923666WA0136301376004003029037012
B0155343701502N11923664WA0136301375004003026032010
B0155353701505N11923662WA0136201374004003026026007
B0155363701508N11923660WA0136101373004003025021002
B0155373701512N11923658WA0136001372004003023019351
B0155383701515N11923657WA0135901372004003021018351
B0155393701517N11923656WA0135801370004003021016351
B0155403701520N11923655WA0135701369004003021017001
B0155413701524N11923654WA0135601367004003021015357
B0155423701527N11923653WA0135501366004003025013358
B0155433701531N11923652WA0135401365004003025010006
B0155443701535N11923651WA0135301365004003025012004
B0155453701538N11923650WA0135301364004003024018011
B0155463701541N11923648WA0135201364004003022025011
B0155473701544N11923646WA0135101363004003022028013
B0155483701547N11923644WA0135101361004003022027010
B0155493701550N11923642WA0134901360004003024022007
B0155503701554N11923640WA0134801359004003026017005
B0155513701557N11923639WA0134801359004003026016001
B0155523701560N11923638WA0134801359004003023017358
B0155533701563N11923637WA0134701358004003020020351
B0155543701565N11923636WA0134601356004003018020358
B0155553701568N11923635WA0134301354004003021015000
B0155563701572N11923634WA0134101351004003021010004
B0155573701576N11923633WA0134001350004003024010017
B0155583701579N11923632WA0133901350004003024020028
B0155593701582N11923629WA0133901349004003025038038
B0156003701585N11923625WA0133801348004003025058049
B0156013701586N11923618WA0133601345004003030073062
B0156023701587N11923610WA0133301343004003046089081
B0156033701585N11923601WA0133201341004003051104099
B0156043701583N11923592WA0133101342004003050115108
B0156053701579N11923584WA0133101342004003050124126
B0156063701575N11923578WA0133101342004003041126138
B0156073701571N11923572WA0133001341004003041122135
B0156083701568N11923565WA0132901339004003041121135
B0156093701564N11923557WA0132701337004003044123133
B0156103701560N11923550WA0132601336004003050125144
B0156113701555N11923542WA0132501335004003050127145
B0156123701551N11923535WA0132501335004003049129148
B0156133701546N11923529WA0132401334004003047130152
B0156143701542N11923523WA0132301333004003045130153
B0156153701537N11923516WA0132201332004003045130161
B0156163701533N11923510WA0132101332004003045131154
B0156173701528N11923504WA0132101331004003045132159
B0156183701524N11923498WA0132101331004003043132153
B0156193701520N11923492WA0132001330004003043135157
B0156203701515N11923487WA0131901329004003041136154
B0156213701511N11923482WA0131801328004003041137156
B0156223701506N11923477WA0131701326004003042138156
B0156233701501N11923472WA0131601325004003042138152
B0156243701496N11923466WA0131401324004003042138155
B0156253701492N11923461WA0131301322004003042136143
B0156263701487N11923455WA0131101321004003041134141
B0156273701483N11923450WA0131101320004003041133126
B0156283701479N11923445WA0130901319004003039131131
B0156293701476N11923439WA0130801316004003039127135
B0156303701472N11923433WA0130501313004003041125144
B0156313701468N11923426WA0130201311004003044125144
B0156323701465N11923419WA0130001308004003044125155
B0156333701461N11923413WA0129801306004003044124141
B0156343701457N11923406WA0129601304004003042125147
B0156353701453N11923400WA0129301301004003043128156
B0156363701449N11923393WA0129101298004003043130153
B0156373701445N11923388WA0128801296004003043132151
B0156383701441N11923382WA0128601293004003041131148
B0156393701437N11923376WA0128401291004003043128148
B0156403701433N11923369WA0128101288004003043127160
B0156413701428N11923362WA0127801285004003045126158
B0156423701424N11923355WA0127601282004003046127159
B0156433701420N11923349WA0127401280004003046132155
B0156443701415N11923343WA0127201278004003046137151
B0156453701410N11923337WA0127001277004003046138145
B0156463701404N11923331WA0126701275004003046139141
B0156473701398N11923326WA0126601273004003052142163
B0156483701392N11923320WA0126501273004003052141151
B0156493701386N11923314WA0126601274004003050139186
B0156503701381N11923308WA0126601274004003047141158
B0156513701376N11923304WA0126601273004003043144158
B0156523701371N11923299WA0126501272004003045145158
B0156533701365N11923293WA0126501272004003050137137
B0156543701360N11923286WA0126501272004003050126134
B0156553701356N11923278WA0126601273004003050118138
B0156563701353N11923270WA0126701274004003050116147
B0156573701350N11923263WA0126701275004003044117135
B0156583701347N11923255WA0126801275004003045119131
B0156593701343N11923248WA0126701275004003045121138
B0157003701339N11923241WA0126701275004003046126145
B0157013701335N11923234WA0126801275004003047129153
B0157023701330N11923227WA0126801275004003045128149
B0157033701327N11923221WA0126901276004003045126154
B0157043701323N11923215WA0126901276004003043127152
B0157053701319N11923208WA0126901275004003043130144
B0157063701314N11923202WA0126901276004003045131140
B0157073701310N11923196WA0127001276004003045131138
B0157083701306N11923190WA0127001277004003044131154
B0157093701301N11923184WA0127101278004003042134153
B0157103701297N11923179WA0127101278004003042139149
B0157113701292N11923174WA0127101278004003043142160
B0157123701286N11923169WA0127201279004003043139168
B0157133701281N11923164WA0127401281004003043139185
B0157143701277N11923159WA0127601283004003037146190
B0157153701272N11923156WA0127801283004003037160203
B0157163701268N11923156WA0127801283004003031178210
B0157173701264N11923157WA0127701283004003028200227
B0157183701261N11923159WA0127701283004003023223243
B0157193701260N11923163WA0127701283004003023245265
B0157203701260N11923167WA0127801283004003020274277
B0157213701261N11923170WA0127701283004003020303288
B0157223701263N11923173WA0127701283004003021321310
B0157233701266N11923175WA0127801284004003021332321
B0157243701269N11923176WA0127801285004003021351335
B0157253701272N11923175WA0127901285004003021006342
B0157263701276N11923174WA0127901285004003028016356
B0157273701280N11923172WA0127901285004003029025003
B0157283701284N11923169WA0127901286004003029034012
B0157293701288N11923165WA0128001286004003031045019
B0157303701291N11923160WA0128001286004003036057030
B0157313701294N11923153WA0128001286004003038066044
B0157323701295N11923146WA0127901286004003038075054
B0157333701296N11923138WA0127901285004003041083063
B0157343701296N11923130WA0127901286004003045090075
B0157353701296N11923122WA0128001287004003045096084
B0157363701295N11923114WA0128101287004003043102091
B0157373701293N11923107WA0128101288004003042108098
B0157383701290N11923099WA0128101288004003042112106
B0157393701288N11923092WA0128101288004003043112113
B0157403701285N11923085WA0128201289004003043113116
B0157413701283N11923078WA0128301290004003043117118
B0157423701280N11923073WA0128401291004003034128123
B0157433701276N11923068WA0128501291004003034140138
B0157443701272N11923065WA0128401290004003033146155
B0157453701268N11923062WA0128401291004003033145166
B0157463701263N11923058WA0128401290004003036145170
B0157473701258N11923054WA0128401290004003037153174
B0157483701253N11923052WA0128301289004003036166182
B0157493701248N11923052WA0128301289004003035181195
B0157503701244N11923053WA0128301289004003030195208
B0157513701240N11923055WA0128301290004003030207225
B0157523701237N11923058WA0128401291004003027218236
B0157533701235N11923061WA0128501291004003023230255
B0157543701234N11923064WA0128501292004003019240262
B0157553701233N11923067WA0128501292004003019252273
B0157563701232N11923071WA0128501291004003019267269
B0157573701233N11923075WA0128501291004003020277269
B0157583701233N11923079WA0128401291004003022270254
B0157593701232N11923083WA0128401291004003022246242
B0158003701229N11923086WA0128401290004003022212230
B0158013701224N11923087WA0128401290004003026185211
B0158023701219N11923085WA0128301290004003041160192
B0158033701213N11923081WA0128301290004003045141165
B0158043701209N11923074WA0128401290004003045129143
B0158053701205N11923067WA0128401291004003045124137
B0158063701201N11923061WA0128401291004003041122140
B0158073701198N11923054WA0128401290004003041122138
B0158083701195N11923048WA0128301289004003041121144
B0158093701191N11923041WA0128101288004003043124140
B0158103701187N11923034WA0128101287004003045127142
B0158113701183N11923027WA0128001286004003045126130
B0158123701180N11923020WA0127901285004003045120126
B0158133701176N11923012WA0127801284004003046117123
B0158143701173N11923005WA0127801284004003047117136
B0158153701170N11922997WA0127701283004003047117138
B0158163701167N11922989WA0127601282004003046117139
B0158173701164N11922982WA0127601281004003046114125
B0158183701161N11922973WA0127501281004003048109130
B0158193701159N11922965WA0127501281004003049108117
B0158203701156N11922956WA0127501281004003048112133
B0158213701153N11922948WA0127501281004003047116126
B0158223701150N11922941WA0127501282004003045116134
B0158233701147N11922933WA0127501282004003045114134
B0158243701145N11922926WA0127501281004003045115134
B0158253701141N11922918WA0127501281004003045117134
B0158263701138N11922910WA0127401280004003046119135
B0158273701135N11922903WA0127401280004003046120135
B0158283701131N11922895WA0127401280004003046121141
B0158293701127N11922888WA0127301279004003046122145
B0158303701123N11922881WA0127301279004003046124132
B0158313701119N11922874WA0127201278004003046126128
B0158323701116N11922868WA0127101277004003044126120
B0158333701112N11922861WA0127001275004003044122125
B0158343701109N11922853WA0126801274004003045118128
B0158353701105N11922846WA0126701273004003046117137
B0158363701102N11922838WA0126601271004003046118138
B0158373701098N11922830WA0126401269004003047120146
B0158383701094N11922822WA0126301268004003051123153
B0158393701090N11922814WA0126201267004003053126150
B0158403701085N11922806WA0126201268004003052128153
B0158413701080N11922799WA0126301269004003052129152
B0158423701076N11922793WA0126501270004003045129153
B0158433701072N11922786WA0126501271004003045129146
B0158443701067N11922780WA0126601271004003045131143
B0158453701062N11922774WA0126601271004003045137154
B0158463701056N11922768WA0126701272004003049144173
B0158473701050N11922763WA0126901273004003049152199
B0158483701044N11922760WA0127101274004003047162208
B0158493701040N11922760WA0127301276004003038177210
B0158503701036N11922761WA0127501277004003024191219
B0158513701033N11922762WA0127501277004003024193234
B0158523701030N11922763WA0127501277004003023195234
B0158533701027N11922765WA0127401277004003022206249
B0158543701025N11922767WA0127301276004003022230256
B0158553701024N11922771WA0127301276004003016270274
B0158563701026N11922773WA0127301276004003017313294
B0158573701028N11922774WA0127301277004003017349324
B0158583701031N11922773WA0127401278004003018017335
B0158593701034N11922772WA0127401278004003021029354
B0159003701038N11922769WA0127301277004003029032007
B0159013701042N11922766WA0127301277004003033038027
B0159023701045N11922760WA0127201277004003033052043
B0159033701048N11922753WA0127201276004003038068056
B0159043701050N11922744WA0127001275004003045084073
B0159053701050N11922734WA0126901275004003054098089
B0159063701047N11922724WA0127001275004003054108103
B0159073701044N11922715WA0127001275004003054115115
B0159083701040N11922706WA0127001276004003052117126
B0159093701036N11922698WA0127001275004003051120125
B0159103701032N11922690WA0127001275004003053125133
B0159113701026N11922682WA0127001276004003055130141
B0159123701021N11922674WA0127101277004003054135146
B0159133701015N11922668WA0127201279004003054138153
B0159143701009N11922661WA0127401281004003049137159
B0159153701004N11922655WA0127701284004003049134160
B0159163701000N11922649WA0127901286004003046131153
B0159173700996N11922644WA0128101288004003043133150
B0159183700991N11922638WA0128201288004003040138154
B0159193700987N11922634WA0128301289004003040147163
B0159203700982N11922632WA0128301290004003037161175
B0159213700978N11922632WA0128301290004003032180194
B0159223700975N11922633WA0128301290004003019204218
B0159233700973N11922635WA0128301290004003019226253
B0159243700972N11922637WA0128401291004003014239266
B0159253700972N11922638WA0128401291004003011245281
B0159263700972N11922640WA0128501292004003007266292
B0159273700972N11922641WA0128501292004003008316307
B0159283700974N11922642WA0128401291004003008345324
B0159293700977N11922642WA0128401292004003015000331
B0159303700980N11922641WA0128501293004003025021355
B0159313700984N11922637WA0128701294004003030043009
B0159323700987N11922633WA0128801294004003030061022
B0159333700989N11922626WA0128801294004003036069035
B0159343700991N11922617WA0128801295004003048076056
B0159353700992N11922608WA0128801295004003054088078
B0159363700991N11922597WA0128901295004003054097093
B0159373700990N11922587WA0128901296004003056106100
B0159383700987N11922577WA0129101298004003054108113
B0159393700984N11922568WA0129301300004003054109115
B0159403700981N11922560WA0129401301004003049113115
B0159413700978N11922553WA0129501301004003045121119
B0159423700974N11922547WA0129501301004003043129130
B0159433700969N11922541WA0129501301004003044134146
B0159443700964N11922535WA0129601302004003044137152
B0159453700959N11922530WA0129701304004003044138157
B0159463700955N11922524WA0129801307004003042137152
B0159473700950N11922519WA0130001308004003043134158
B0159483700946N11922513WA0130201310004003043130157
B0159493700942N11922506WA0130301310004003043130161
B0159503700937N11922501WA0130401311004003040133174
B0159513700933N11922496WA0130401311004003040143184
B0159523700930N11922494WA0130401311004003034167195
B0159533700926N11922495WA0130301310004003025197223
B0159543700925N11922497WA0130201309004003015241249
B0159553700926N11922500WA0130201309004003015300281
B0159563700928N11922502WA0130201310004003015334300
B0159573700930N11922502WA0130301311004003016355306
B0159583700933N11922502WA0130301312004003017005313
B0159593700936N11922502WA0130301312004003020006310
B0200003700939N11922501WA0130301311004003020003305
B0200013700943N11922501WA0130301311004003023356301
B0200023700946N11922502WA0130301311004003020346293
B0200033700948N11922504WA0130301311004003020324292
B0200043700949N11922505WA0130301312004003014274281
B0200053700948N11922507WA0130301311004003012219262
B0200063700945N11922508WA0130301311004003018190246
B0200073700942N11922508WA0130201310004003026171226
B0200083700937N11922506WA0130101309004003026156205
B0200093700932N11922502WA0130001309004003034144194
B0200103700928N11922497WA0130001309004003041140166
B0200113700923N11922492WA0130001309004003041138156
B0200123700919N11922487WA0130001309004003041134151
B0200133700914N11922481WA0130001309004003041132142
B0200143700910N11922475WA0130101309004003043130139
B0200153700906N11922468WA0130001309004003043126133
B0200163700902N11922461WA0130001309004003043123126
B0200173700898N11922453WA0130101309004003046121128
B0200183700895N11922445WA0130101310004003050119135
B0200193700891N11922437WA0130201311004003050118132
B0200203700887N11922429WA0130201311004003050120140
B0200213700884N11922421WA0130301312004003049122146
B0200223700880N11922414WA0130401312004003048123154
B0200233700876N11922406WA0130401313004003048124158
B0200243700871N11922399WA0130501314004003047127171
B0200253700867N11922394WA0130601315004003045135176
B0200263700863N11922389WA0130701315004003035147180
B0200273700858N11922387WA0130701315004003035163198
B0200283700855N11922387WA0130701315004003029185218
B0200293700853N11922389WA0130601314004003022223239
B0200303700853N11922391WA0130501314004003014288266
B0200313700855N11922393WA0130501314004003019327296
B0200323700858N11922394WA0130601315004003019350319
B0200333700862N11922394WA0130701316004003022005326
B0200343700865N11922394WA0130801316004003023013317
B0200353700869N11922393WA0130901317004003024017322
B0200363700872N11922391WA0130901317004003024018318
B0200373700875N11922390WA0131001318004003024014321
B0200383700878N11922390WA0131001318004003015358320
B0200393700879N11922390WA0131001318004003015339306
B0200403700880N11922391WA0131001319004003011314299
B0200413700880N11922392WA0131001319004003007270287
B0200423700879N11922393WA0131001318004003012194272
B0200433700876N11922393WA0130901317004003023178245
B0200443700872N11922392WA0130801316004003023167218
B0200453700866N11922390WA0130801316004003033156211
B0200463700861N11922386WA0130901317004003041146182
B0200473700856N11922381WA0131001319004003041137166
B0200483700852N11922375WA0131101321004003041132160
B0200493700848N11922369WA0131301322004003041130159
B0200503700844N11922363WA0131501322004003040131166
B0200513700840N11922358WA0131601323004003040137169
B0200523700836N11922355WA0131601324004003037149177
B0200533700832N11922352WA0131701324004003034162188
B0200543700827N11922352WA0131701325004003028174207
B0200553700824N11922352WA0131801326004003028186224
B0200563700822N11922353WA0131801327004003021203231
B0200573700820N11922354WA0131801326004003014226249
B0200583700820N11922355WA0131701326004003009277269
B0200593700821N11922357WA0131601325004003013308292
B0201003700823N11922359WA0131601325004003019329302
B0201013700826N11922361WA0131701326004003019339308
B0201023700829N11922362WA0131801328004003021337294
B0201033700831N11922363WA0132001330004003021331300
B0201043700833N11922365WA0132201332004003012327279
B0201053700834N11922366WA0132401334004003012329284
B0201063700836N11922367WA0132501335004003010330297
B0201073700837N11922368WA0132501335004003010316294
B0201083700837N11922369WA0132501335004003008297285
B0201093700837N11922370WA0132501334004003006275283
B0201103700837N11922371WA0132401334004003012291293
B0201113700839N11922374WA0132401334004003012298306
B0201123700840N11922376WA0132501335004003016300307
B0201133700841N11922379WA0132601337004003016307305
B0201143700843N11922381WA0132801338004003016321305
B0201153700845N11922383WA0132901340004003019331306
B0201163700848N11922384WA0133001340004003019339304
B0201173700851N11922385WA0133101342004003021341302
B0201183700854N11922387WA0133301344004003021340301
B0201193700856N11922388WA0133501346004003016339292
B0201203700858N11922389WA0133601347004003016335273
B0201213700860N11922390WA0133801348004003016324292
B0201223700862N11922392WA0133901349004003017319288
B0201233700865N11922394WA0134001351004003017325287
B0201243700867N11922396WA0134201353004003018331288
B0201253700870N11922398WA0134301354004003018337292
B0201263700873N11922399WA0134601357004003021344290
B0201273700876N11922400WA0134701360004003021348277
B0201283700878N11922400WA0134901362004003021343285
B0201293700879N11922401WA0135101361004003013270275
B0201303700878N11922403WA0135101361004003013226254
B0201313700876N11922405WA0135101361004003021202237
B0201323700872N11922405WA0135101361004003029173215
B0201333700866N11922402WA0135001361004003029151191
B0201343700861N11922396WA0135001361004003039133172
B0201353700856N11922389WA0135201362004003051114141
B0201363700855N11922380WA0135501365004003051099107
B0201373700854N11922372WA0135701365004003049073087
B0201383700858N11922364WA0135901367004003046054051
B0201393700864N11922359WA0136001368004003044033027
B0201403700869N11922356WA0136101370004003044016005
B0201413700874N11922356WA0136201372004003038357351
B0201423700876N11922357WA0136301373004003027338334
B0201433700878N11922358WA0136401374004003011347316
B0201443700880N11922358WA0136501375004003013354306
B0201453700882N11922359WA0136501375004003013346310
B0201463700885N11922360WA0136401375004003016336307
B0201473700887N11922361WA0136301374004003015324306
B0201483700889N11922363WA0136201373004003015322301
B0201493700890N11922364WA0136101373004003013331300
B0201503700892N11922365WA0136001372004003013338302
B0201513700894N11922366WA0135901370004003014338306
B0201523700896N11922367WA0135701369004003015334307
B0201533700898N11922368WA0135601367004003015332305
B0201543700900N11922369WA0135501366004003015334304
B0201553700902N11922370WA0135401365004003012339305
B0201563700903N11922371WA0135301364004003012331304
B0201573700904N11922372WA0135201363004003011311301
B0201583700905N11922374WA0135101362004003010282293
B0201593700905N11922376WA0135001361004003010261281
B0202003700904N11922378WA0134901361004003010247274
B0202013700904N11922379WA0134901360004003009238269
B0202023700903N11922380WA0134801360004003008235266
B0202033700903N11922382WA0134701359004003007255264
B0202043700903N11922383WA0134601358004003008286268
B0202053700904N11922385WA0134501357004003008308272
B0202063700905N11922386WA0134501356004003010318271
B0202073700906N11922387WA0134401356004003010312276
B0202083700907N11922388WA0134301355004003010284274
B0202093700906N11922390WA0134201354004003009256270
B0202103700906N11922392WA0134201354004003009244264
B0202113700905N11922393WA0134101353004003009240263
B0202123700904N11922395WA0134101353004003009233261
B0202133700903N11922396WA0134101352004003009225260
B0202143700902N11922398WA0134001351004003011225259
B0202153700901N11922400WA0133901350004003014235257
B0202163700900N11922402WA0133801349004003015238252
B0202173700898N11922404WA0133801349004003015228247
B0202183700896N11922406WA0133701349004003015211236
B0202193700894N11922408WA0133701349004003018204237
B0202203700891N11922409WA0133601348004003020203229
B0202213700888N11922411WA0133601347004003020205225
B0202223700885N11922412WA0133501347004003020205228
B0202233700883N11922414WA0133501347004003020204228
B0202243700880N11922416WA0133501347004003020210245
B0202253700878N11922418WA0133501347004003019227250
B0202263700877N11922420WA0133501347004003019252267
B0202273700877N11922424WA0133501347004003020265273
B0202283700877N11922427WA0133601349004003020284282
B0202293700879N11922430WA0133901352004003018310317
B0202303700881N11922432WA0134101354004003017341326
B0202313700884N11922432WA0134201355004003018002320
B0202323700887N11922431WA0134301355004003018010325
B0202333700889N11922430WA0134201354004003018005324
B0202343700892N11922431WA0134101352004003019355319
B0202353700895N11922431WA0133901351004003021344308
B0202363700898N11922433WA0133801349004003021331292
B0202373700901N11922435WA0133701349004003020319297
B0202383700902N11922438WA0133701349004003018306297
B0202393700903N11922440WA0133701349004003016301304
B0202403700905N11922443WA0133801350004003016304295
B0202413700906N11922445WA0133801351004003015303299
B0202423700907N11922447WA0133901351004003015298291
B0202433700908N11922450WA0133901351004003017298311
B0202443700909N11922453WA0133901352004003017305302
B0202453700911N11922455WA0134001353004003017313300
B0202463700912N11922457WA0134101354004003016311290
B0202473700914N11922459WA0134201354004003015296284
B0202483700914N11922462WA0134101354004003017272275
B0202493700913N11922466WA0134201354004003017246255
B0202503700911N11922468WA0134201354004003018215248
B0202513700907N11922469WA0134201354004003026183217
B0202523700903N11922468WA0134201354004003033167211
B0202533700897N11922466WA0134201354004003033161206
B0202543700892N11922463WA0134201354004003037158196
B0202553700887N11922460WA0134301355004003038150174
B0202563700882N11922456WA0134401356004003040138159
B0202573700878N11922450WA0134401355004003040130162
B0202583700874N11922443WA0134401356004003044126171
B0202593700870N11922436WA0134401356004003045124173
B0203003700866N11922429WA0134501357004003045122168
B0203013700863N11922422WA0134601358004003044122168
B0203023700859N11922415WA0134601358004003044124169
B0203033700855N11922409WA0134701359004003043130170
B0203043700851N11922405WA0134701359004003038142175
B0203053700846N11922401WA0134801358004003038156187
B0203063700841N11922400WA0134801359004003036165199
B0203073700836N11922399WA0134801360004003034172208
B0203083700833N11922398WA0134901361004003029182214
B0203093700831N11922399WA0134901361004003013206214
B0203103700830N11922401WA0134901361004003013247254
B0203113700830N11922403WA0134901360004003013286280
B0203123700832N11922406WA0134901360004003013321296
B0203133700834N11922408WA0134901361004003017345306
B0203143700838N11922407WA0135001361004003026003320
B0203153700842N11922406WA0135101362004003026010335
B0203163700845N11922405WA0135101362004003026012335
B0203173700849N11922404WA0135101362004003025013338
B0203183700853N11922403WA0135101362004003025013330
B0203193700857N11922402WA0135101362004003027010324
B0203203700861N11922402WA0135101362004003027004312
B0203213700864N11922402WA0135101362004003026356310
B0203223700868N11922402WA0135101362004003023352313
B0203233700871N11922403WA0135101362004003020354317
B0203243700873N11922403WA0135101362004003020358318
B0203253700876N11922403WA0135101362004003020356314
B0203263700879N11922404WA0135101361004003020346326
B0203273700883N11922405WA0135101361004003023340320
B0203283700886N11922407WA0135101362004003024340317
B0203293700890N11922408WA0135201363004003024343308
B0203303700893N11922409WA0135301364004003024345323
B0203313700896N11922410WA0135401365004003023347323
B0203323700900N11922411WA0135601366004003025351324
B0203333700904N11922412WA0135701368004003025354320
B0203343700907N11922412WA0135801369004003025354327
B0203353700911N11922413WA0136001371004003024353330
B0203363700915N11922413WA0136101372004003025355328
B0203373700918N11922413WA0136201373004003025359333
B0203383700922N11922413WA0136201373004003025358303
B0203393700925N11922414WA0136201372004003020344297
B0203403700928N11922416WA0136001370004003022330298
B0203413700931N11922418WA0135901368004003022325301
B0203423700934N11922421WA0135801368004003026322303
B0203433700937N11922424WA0135801368004003026313272
B0203443700939N11922428WA0135801370004003026305271
B0203453700940N11922430WA0135901371004003020294267
B0203463700941N11922433WA0136101372004003015284263
B0203473700941N11922435WA0136101372004003013271269
B0203483700941N11922438WA0136201372004003014258253
B0203493700940N11922440WA0136201373004003014244256
B0203503700939N11922442WA0136201373004003014220254
B0203513700936N11922444WA0136201373004003017202259
B0203523700934N11922445WA0136201373004003018198259
B0203533700931N11922446WA0136201373004003017206257
B0203543700929N11922448WA0136101373004003018226268
B0203553700927N11922451WA0136001372004003020233255
B0203563700925N11922454WA0136001372004003021226256
B0203573700923N11922457WA0136001372004003021209241
B0203583700919N11922458WA0136001373004003022196259
B0203593700916N11922459WA0136101373004003021188259
B0204003700913N11922459WA0136101373004003021187234
B0204013700910N11922459WA0136001372004003021188223
B0204023700907N11922460WA0135901370004003021184208
B0204033700902N11922460WA0135801369004003030176202
B0204043700898N11922459WA0135701368004003033167201
B0204053700893N11922457WA0135701368004003033159203
B0204063700888N11922454WA0135701368004003035156196
B0204073700883N11922451WA0135701368004003034157204
B0204083700878N11922449WA0135701368004003034157200
B0204093700874N11922446WA0135601368004003034154191
B0204103700869N11922443WA0135601368004003035150190
B0204113700864N11922439WA0135601368004003038148191
B0204123700859N11922435WA0135701368004003038146194
B0204133700854N11922431WA0135701369004003038145177
B0204143700850N11922427WA0135701369004003037142186
B0204153700846N11922423WA0135701369004003037139171
B0204163700841N11922418WA0135701369004003041137176
B0204173700837N11922413WA0135701369004003041137172
B0204183700832N11922407WA0135701369004003043137178
B0204193700827N11922402WA0135801370004003042137184
B0204203700822N11922396WA0135901370004003042137182
B0204213700818N11922392WA0135901371004003042139183
B0204223700813N11922387WA0136001371004003040142178
B0204233700809N11922383WA0136001371004003038144177
B0204243700804N11922379WA0136001372004003038143179
B0204253700800N11922374WA0136001372004003038139171
B0204263700795N11922369WA0136001372004003039135161
B0204273700791N11922363WA0136101372004003045131151
B0204283700786N11922356WA0136101373004003046127147
B0204293700783N11922349WA0136201373004003045122141
B0204303700779N11922342WA0136201374004003045118144
B0204313700776N11922334WA0136201374004003043117160
B0204323700773N11922327WA0136201373004003043122173
B0204333700769N11922322WA0136101372004003041135190
B0204343700765N11922319WA0135901370004003037158189
B0204353700760N11922319WA0135801369004003029182207
B0204363700757N11922321WA0135701369004003029203232
B0204373700755N11922323WA0135701369004003023233241
B0204383700754N11922325WA0135701368004003015273260
B0204393700755N11922327WA0135601368004003014305275
B0204403700756N11922330WA0135601368004003015307275
B0204413700758N11922333WA0135501366004003015306280
B0204423700760N11922335WA0135501367004003018311287
B0204433700762N11922337WA0135401366004003016321294
B0204443700764N11922339WA0135301366004003016335294
B0204453700767N11922340WA0135301366004003016344301
B0204463700770N11922341WA0135301366004003017343296
B0204473700773N11922342WA0135301365004003022340298
B0204483700776N11922343WA0135401366004003022338303
B0204493700778N11922345WA0135501367004003020342283
B0204503700781N11922345WA0135501368004003017348293
B0204513700783N11922346WA0135601368004003015348306
B0204523700785N11922346WA0135601367004003019348307
B0204533700789N11922347WA0135601367004003019348312
B0204543700793N11922349WA0135601367004003025346308
B0204553700796N11922350WA0135601368004003024346293
B0204563700800N11922351WA0135701369004003024346304
B0204573700802N11922351WA0135701369004003020347301
B0204583700805N11922352WA0135601368004003020347304
B0204593700808N11922353WA0135601367004003022344300
B0205003700812N11922355WA0135501366004003024341302
B0205013700815N11922356WA0135501366004003023338297
B0205023700818N11922358WA0135501367004003023337303
B0205033700821N11922359WA0135601368004003018339288
B0205043700823N11922360WA0135701368004003018334292
B0205053700825N11922362WA0135701368004003017326285
B0205063700827N11922364WA0135501366004003017322288
B0205073700830N11922366WA0135401365004003019324303
B0205083700832N11922368WA0135401365004003019327306
B0205093700834N11922370WA0135401365004003019335289
B0205103700837N11922371WA0135301364004003019340323
B0205113700840N11922372WA0135201363004003018341307
B0205123700842N11922373WA0135101362004003019344300
B0205133700845N11922374WA0135001361004003020348304
B0205143700848N11922374WA0134901360004003020347292
B0205153700851N11922375WA0134701358004003020343302
B0205163700854N11922377WA0134701357004003020335295
B0205173700856N11922379WA0134601356004003020330306
B0205183700859N11922380WA0134501356004003020327286
B0205193700861N11922382WA0134601357004003017331288
B0205203700863N11922383WA0134601357004003016337292
B0205213700865N11922384WA0134601357004003017339299
B0205223700868N11922385WA0134601357004003017337301
B0205233700870N11922387WA0134701357004003018337301
B0205243700873N11922388WA0134701358004003021340307
B0205253700877N11922389WA0134701358004003021346316
B0205263700880N11922390WA0134701358004003021351327
B0205273700883N11922390WA0134701358004003021354329
B0205283700886N11922391WA0134701358004003021352325
B0205293700889N11922391WA0134701358004003021347317
B0205303700892N11922392WA0134701358004003021344320
B0205313700895N11922393WA0134701358004003020345305
B0205323700897N11922394WA0134701358004003018346299
B0205333700900N11922395WA0134701357004003019337298
B0205343700903N11922397WA0134601356004003019331303
B0205353700906N11922399WA0134601357004003022334306
B0205363700909N11922400WA0134601357004003021346314
B0205373700912N11922401WA0134601358004003021353304
B0205383700916N11922401WA0134601357004003020353307
B0205393700919N11922402WA0134501356004003020350304
B0205403700922N11922403WA0134401354004003022346311
B0205413700925N11922404WA0134201353004003025344312
B0205423700929N11922405WA0134201352004003025347319
B0205433700933N11922406WA0134101352004003025354335
B0205443700936N11922406WA0134101352004003023001323
B0205453700939N11922405WA0134001350004003023003316
B0205463700943N11922405WA0133901349004003023357299
B0205473700946N11922406WA0133701347004003023348301
B0205483700950N11922407WA0133501345004003025342292
B0205493700953N11922408WA0133501346004003025341296
B0205503700956N11922410WA0133501346004003024341293
B0205513700959N11922411WA0133501347004003021339298
B0205523700961N11922412WA0133601347004003015331298
B0205533700963N11922414WA0133601347004003016326294
B0205543700965N11922416WA0133601347004003016324298
B0205553700967N11922418WA0133601347004003017324298
B0205563700970N11922420WA0133601347004003019329294
B0205573700972N11922421WA0133601347004003020333293
B0205583700975N11922423WA0133601347004003020333304
B0205593700978N11922425WA0133601347004003020333302
B0206003700981N11922426WA0133601348004003020337307
B0206013700984N11922428WA0133701348004003021342303
B0206023700987N11922429WA0133701348004003021342307
B0206033700990N11922430WA0133701348004003021338307
B0206043700993N11922432WA0133701348004003023336308
B0206053700996N11922433WA0133601347004003023341301
B0206063700999N11922434WA0133701347004003022349300
B0206073701002N11922435WA0133601347004003020354295
B0206083701005N11922435WA0133501345004003018349296
B0206093701007N11922436WA0133301344004003019337294
B0206103701010N11922438WA0133201343004003019332300
B0206113701014N11922440WA0133201343004003023339307
B0206123701018N11922441WA0133301344004003027349293
B0206133701022N11922441WA0133401345004003027354307
B0206143701025N11922442WA0133401345004003025351304
B0206153701028N11922443WA0133401344004003022347313
B0206163701032N11922444WA0133401344004003025349313
B0206173701036N11922444WA0133401345004003029351317
B0206183701040N11922445WA0133501346004003029352308
B0206193701044N11922446WA0133601348004003029354307
B0206203701048N11922446WA0133701349004003026000300
B0206213701052N11922446WA0133801349004003027003306
B0206223701056N11922445WA0133801349004003027004307
B0206233701060N11922445WA0133801348004003027001310
B0206243701064N11922445WA0133701348004003027355311
B0206253701068N11922446WA0133701349004003027351308
B0206263701071N11922447WA0133801350004003025347307
B0206273701074N11922448WA0133801350004003020336310
B0206283701076N11922449WA0133901350004003014322301
B0206293701077N11922451WA0133901350004003014313292
B0206303701078N11922453WA0133901349004003013313284
B0206313701080N11922455WA0133801349004003013315290
B0206323701081N11922457WA0133801349004003014314284
B0206333701083N11922459WA0133701348004003014312284
B0206343701084N11922461WA0133601347004003014308284
B0206353701086N11922463WA0133601347004003016302270
B0206363701087N11922466WA0133601347004003016298276
B0206373701088N11922469WA0133501347004003016294263
B0206383701088N11922471WA0133601347004003014286274
B0206393701089N11922473WA0133601347004003012280266
B0206403701089N11922475WA0133601347004003013279267
B0206413701090N11922478WA0133601347004003015285273
B0206423701091N11922481WA0133601347004003015293267
B0206433701092N11922484WA0133601347004003016297268
B0206443701093N11922487WA0133501346004003017291259
B0206453701093N11922490WA0133501346004003017278252
B0206463701093N11922492WA0133501346004003016274283
B0206473701094N11922495WA0133501347004003015295289
B0206483701096N11922497WA0133501346004003017321307
B0206493701098N11922498WA0133501346004003020332286
E020649PEVBackground
B0206503701101N11922500WA0133501345004003020331282
B0206513701104N11922502WA0133401345004003021329284
B0206523701107N11922504WA0133401345004003023337310
B0206533701110N11922505WA0133401345004003024346327
E020653PEVForeground
B0206543701114N11922506WA0133401344004003024349303
B0206553701117N11922507WA0133301344004003024347299
B0206563701121N11922508WA0133301344004003024344317
B0206573701124N11922509WA0133201343004003024348307
B0206583701128N11922510WA0133201343004003024352296
B0206593701131N11922510WA0133201343004003023348280
B0207003701133N11922512WA0133101342004003016328281
B0207013701134N11922514WA0133001340004003016295268
B0207023701134N11922517WA0132901339004003016260260
B0207033701133N11922520WA0132801338004003017228246
B0207043701130N11922522WA0132801338004003021200235
B0207053701127N11922522WA0132801338004003024179220
B0207063701123N11922522WA0132801338004003024170208
B0207073701119N11922521WA0132701338004003026166202
B0207083701115N11922519WA0132801339004003029163193
B0207093701111N11922517WA0132801339004003029158193
B0207103701107N11922515WA0132801339004003029153193
B0207113701103N11922512WA0132701338004003029152197
B0207123701098N11922509WA0132601337004003032156191
B0207133701094N11922507WA0132501336004003033161197
B0207143701089N11922506WA0132501336004003033164194
B0207153701084N11922504WA0132501336004003033163192
B0207163701080N11922502WA0132601337004003032158200
B0207173701076N11922499WA0132601337004003032155196
B0207183701071N11922497WA0132701338004003032156192
B0207193701067N11922495WA0132801339004003032158209
B0207203701063N11922493WA0132801339004003030161210
B0207213701059N11922491WA0132901340004003029162198
B0207223701054N11922490WA0132901340004003029165202
B0207233701050N11922489WA0133001341004003029165193
B0207243701046N11922487WA0133101342004003030161183
B0207253701041N11922484WA0133201343004003033153177
B0207263701037N11922481WA0133201343004003034147185
B0207273701033N11922477WA0133301344004003033146197
B0207283701028N11922474WA0133301344004003033152208
B0207293701024N11922473WA0133401344004003029164213
B0207303701020N11922472WA0133401344004003029176219
B0207313701017N11922472WA0133501345004003026182227
B0207323701014N11922472WA0133501346003003021183222
B0207333701012N11922473WA0133601347004003012192229
B0207343701011N11922474WA0133601347004003012229245
B0207353701011N11922475WA0133501346003003010280259
B0207363701012N11922477WA0133501346004003010304266
B0207373701014N11922479WA0133501346003003016320266
B0207383701016N11922481WA0133601348004003016331270
B0207393701018N11922482WA0133701349004003016339268
B0207403701020N11922483WA0133901350004003015341277
B0207413701022N11922484WA0134001351004003013336282
B0207423701023N11922485WA0134001351004003013321283
B0207433701024N11922487WA0134001351004003012297280
B0207443701025N11922489WA0134001351004003012283275
B0207453701025N11922492WA0133901350004003014288267
B0207463701027N11922494WA0133901350004003015304272
B0207473701028N11922496WA0133901350004003015318280
B0207483701030N11922498WA0133901350004003015321287
B0207493701032N11922499WA0133801350004003014324291
B0207503701034N11922501WA0133801349004003015333290
B0207513701036N11922502WA0133801349004003015347300
B0207523701040N11922501WA0133801348004003019006326
B0207533701044N11922499WA0133701348004003033029001
B0207543701048N11922494WA0133601346004003043050028
B0207553701052N11922487WA0133501346004003043072055
B0207563701054N11922477WA0133401345004003051089079
B0207573701052N11922466WA0133201345004003053100101
B0207583701050N11922456WA0133201344004003053118115
B0207593701045N11922450WA0133201344004003049128135
B0208003701041N11922444WA0133201344004003045136147
B0208013701036N11922440WA0133201343004003036146158
B0208023701031N11922438WA0133101342004003036156174
B0208033701027N11922436WA0133101341004003033163189
B0208043701022N11922435WA0133001341004003032165198
B0208053701017N11922433WA0132901340004003031165205
B0208063701013N11922432WA0132901340004003031169203
B0208073701008N11922431WA0132901339004003030175196
B0208083701004N11922431WA0132901340004003029179213
B0208093701000N11922431WA0132901340004003027177201
B0208103700996N11922431WA0133001340003003027172205
B0208113700992N11922430WA0133001341004003027168202
B0208123700988N11922429WA0133001341004003027168202
B0208133700984N11922428WA0133001340004003029169205
B0208143700979N11922427WA0132901340004003030168200
B0208153700975N11922426WA0132901340004003030169198
B0208163700970N11922424WA0132901340004003031167192
B0208173700966N11922423WA0132901340004003032163196
B0208183700961N11922421WA0132901340004003032160192
B0208193700956N11922419WA0133001340004003032159206
B0208203700952N11922416WA0132901339004003032158210
B0208213700947N11922414WA0132901339004003032158197
B0208223700943N11922412WA0132801338004003032157194
B0208233700939N11922410WA0132701338004003030154200
B0208243700935N11922407WA0132701337004003030156207
B0208253700931N11922406WA0132601336004003026165225
B0208263700928N11922406WA0132501335004003026182241
B0208273700926N11922407WA0132401334004003020211250
B0208283700924N11922409WA0132301332004003015248261
B0208293700924N11922411WA0132201331004003015273271
B0208303700925N11922414WA0132101330004003015287275
B0208313700926N11922416WA0132001330003003015304291
B0208323700928N11922418WA0132001329003003015315285
B0208333700929N11922420WA0131901328004003017324297
B0208343700932N11922422WA0131801328004003017333291
B0208353700934N11922423WA0131801327004003017339295
B0208363700937N11922424WA0131701326004003018337287
B0208373700939N11922426WA0131601325004003019332293
B0208383700942N11922428WA0131501325004003020332299
B0208393700945N11922429WA0131501324004003020338305
B0208403700947N11922430WA0131501324004003020345315
B0208413700950N11922431WA0131501324004003021352315
B0208423700954N11922431WA0131401323004003022355312
B0208433700957N11922432WA0131301321004003022354316
B0208443700961N11922432WA0131201321004003025351304
B0208453700965N11922433WA0131201320004003024347304
B0208463700968N11922434WA0131101320004003024344303
B0208473700971N11922435WA0131001320004003023345309
B0208483700974N11922436WA0131001319003003023348307
B0208493700978N11922437WA0131101320004003022348301
B0208503700981N11922438WA0131101319004003023345309
B0208513700984N11922439WA0131101319004003023346324
B0208523700988N11922440WA0131101320003003024349337
B0208533700992N11922441WA0131101320004003026352337
B0208543700996N11922441WA0131201322004003026355335
B0208553700999N11922441WA0131401324004003025357324
B0208563701002N11922441WA0131601325004003023000326
B0208573701006N11922441WA0131701326004003023003318
B0208583701009N11922441WA0131801327004003023004308
B0208593701012N11922441WA0131901328004003022000297
B0209003701015N11922441WA0132001329004003020351297
B0209013701017N11922442WA0132101330004003017343290
B0209023701020N11922443WA0132201332004003017347302
B0209033701022N11922443WA0132401334004003017359313
B0209043701025N11922443WA0132601336004003017013299
B0209053701027N11922442WA0132601337004003013018303
B0209063701029N11922441WA0132701337004003014010307
B0209073701031N11922441WA0132701337004003014006306
B0209083701034N11922441WA0132701336004003017005289
B0209093701037N11922440WA0132601335004003021006284
B0209103701040N11922440WA0132501334004003021002296
B0209113701043N11922440WA0132501334004003019349305
B0209123701045N11922441WA0132401333004003017337293
B0209133701047N11922443WA0132401334004003017335296
B0209143701050N11922444WA0132401334004003017341297
B0209153701052N11922445WA0132501335004003016348293
B0209163701054N11922445WA0132501334004003015351292
B0209173701057N11922445WA0132401333004003018350291
B0209183701060N11922446WA0132301332004003020348288
B0209193701063N11922447WA0132201330004003020345292
B0209203701066N11922449WA0132101329004003023339288
B0209213701069N11922451WA0132001328004003024332291
B0209223701072N11922453WA0132001328004003023327294
B0209233701075N11922455WA0132001329004003023330289
B0209243701078N11922457WA0132101331004003022338285
B0209253701081N11922458WA0132301333004003020344287
B0209263701084N11922459WA0132401334004003019343286
B0209273701086N11922460WA0132501335004003019333283
B0209283701087N11922461WA0132501335004003014282279
B0209293701086N11922463WA0132601335004003012222260
B0209303701084N11922464WA0132601336004003012192239
B0209313701080N11922464WA0132601337004003023173235
B0209323701077N11922462WA0132701338004003027163207
B0209333701073N11922461WA0132901339004003027160207
B0209343701069N11922459WA0133001340004003027162209
B0209353701066N11922458WA0133001341004003026167224
B0209363701063N11922458WA0133101341004003013185231
B0209373701063N11922459WA0133101341003003013253257
B0209383701064N11922461WA0133101341004003013313283
B0209393701066N11922462WA0133101341003003014340308
B0209403701071N11922463WA0133201343004003029359317
B0209413701075N11922462WA0133301344004003032009327
B0209423701080N11922461WA0133501345004003031013323
B0209433701084N11922459WA0133501346004003031012320
B0209443701088N11922459WA0133501345004003026002317
B0209453701092N11922459WA0133501345004003026341310
B0209463701094N11922461WA0133401344004003021309297
B0209473701094N11922464WA0133401344004003017261279
B0209483701093N11922465WA0133401345004003014203256
B0209493701090N11922465WA0133501346004003019170234
B0209503701087N11922464WA0133501347004003019152213
B0209513701084N11922461WA0133601347004003022146204
B0209523701081N11922459WA0133601347004003024151197
B0209533701078N11922457WA0133601346004003025158201
B0209543701074N11922456WA0133501346004003025163203
B0209553701070N11922455WA0133501345004003027165208
B0209563701066N11922454WA0133501345004003028168208
B0209573701062N11922453WA0133501346004003028172214
B0209583701058N11922452WA0133501346004003025173209
B0209593701055N11922452WA0133601347004003023171214
B0210003701052N11922451WA0133701348004003021169221
B0210013701049N11922451WA0133801348004003021171227
B0210023701046N11922450WA0133801349004003020183233
B0210033701044N11922451WA0133901349004003019192224
B0210043701041N11922452WA0134001351004003016199240
B0210053701039N11922453WA0134101353004003016203233
B0210063701038N11922454WA0134301354004003011218268
B0210073701038N11922455WA0134301354004003006262272
B0210083701039N11922456WA0134301354004003014324292
B0210093701042N11922457WA0134201353004003023342313
B0210103701046N11922458WA0134301353004003023359316
B0210113701051N11922457WA0134301354004003029011301
B0210123701055N11922456WA0134301354004003026014293
B0210133701058N11922455WA0134301354004003026011291
B0210143701060N11922455WA0134301354004003020359297
B0210153701062N11922455WA0134201353004003015339288
B0210163701063N11922456WA0134201353004003009319283
B0210173701064N11922458WA0134201353004003009295277
B0210183701064N11922459WA0134101352004003009275271
B0210193701064N11922462WA0134101352004003010258267
B0210203701063N11922464WA0134001351004003014245257
B0210213701062N11922466WA0134001351004003015235248
B0210223701060N11922469WA0134001351004003015228241
B0210233701058N11922471WA0134101352004003017217233
B0210243701056N11922473WA0134201354004003016205223
B0210253701054N11922473WA0134301355004003016196235
B0210263701051N11922474WA0134401356003003016198238
B0210273701049N11922476WA0134501357004003017202237
B0210283701047N11922477WA0134601358004003016205220
B0210293701045N11922478WA0134701358004003016208248
B0210303701043N11922479WA0134701359004003015208243
B0210313701041N11922481WA0134801360004003015220272
B0210323701040N11922483WA0134901361004003011262279
B0210333701041N11922485WA0135001362004003015316301
B0210343701045N11922486WA0135001361004003015346314
B0210353701050N11922485WA0134901360004003024011313
B0210363701055N11922483WA0134901360004003040022312
B0210373701060N11922480WA0134901362004003040023322
B0210383701064N11922478WA0134901362004003034013327
B0210393701068N11922478WA0134901361004003027359319
B0210403701071N11922479WA0134801360004003021348309
B0210413701073N11922480WA0134801360004003021329298
B0210423701074N11922482WA0134801359004003016293291
B0210433701074N11922485WA0134801359004003012255272
B0210443701073N11922486WA0134801360004003011234258
B0210453701072N11922488WA0134801359004003012215249
B0210463701070N11922489WA0134701359004003012204242
B0210473701067N11922490WA0134701359004003016196237
B0210483701064N11922491WA0134701359004003022197230
B0210493701061N11922493WA0134801360004003023195224
B0210503701058N11922493WA0134901361004003023186222
B0210513701054N11922493WA0135001362004003024178212
B0210523701050N11922493WA0135101363004003022180217
B0210533701048N11922493WA0135301365004003022195227
B0210543701047N11922495WA0135401366004003015233242
B0210553701046N11922497WA0135501367004003013256251
B0210563701046N11922499WA0135601369004003012259258
B0210573701045N11922501WA0135801371004003012271282
B0210583701046N11922503WA0136001373004003010308295
B0210593701048N11922504WA0136101374004003010336302
B0211003701051N11922505WA0136101374004003025347290
B0211013701055N11922506WA0136201375004003027348288
B0211023701059N11922507WA0136401377004003025345283
B0211033701062N11922509WA0136501379004003024335283
B0211043701064N11922511WA0136601379004003016309276
B0211053701064N11922514WA0136601379004003016273264
B0211063701063N11922517WA0136701380004003016244251
B0211073701061N11922520WA0136801381004003018220239
B0211083701058N11922521WA0136901383004003021195228
B0211093701055N11922521WA0137001384004003023179216
B0211103701051N11922521WA0137101385004003023173207
B0211113701047N11922520WA0137301387004003025172203
B0211123701043N11922519WA0137501389004003029162199
B0211133701039N11922515WA0137701391004003033134185
B0211143701036N11922510WA0137801390004003033105154
B0211153701036N11922501WA0137801390004003042080112
B0211163701038N11922492WA0137901391004003054055072
B0211173701044N11922483WA0138001392004003054040041
B0211183701049N11922479WA0138301395004003046031024
B0211193701054N11922477WA0138501398004003039017011
B0211203701059N11922476WA0138701400004003029006352
B0211213701064N11922476WA0138801401004003029356336
B0211223701067N11922477WA0138901402004003025348328
B0211233701070N11922478WA0139001402004003022339319
B0211243701072N11922480WA0138901402004003020329311
B0211253701075N11922483WA0138801400004003022319303
B0211263701077N11922486WA0138701399004003021310297
B0211273701079N11922489WA0138601398004003021307292
B0211283701081N11922491WA0138601398004003019305288
B0211293701082N11922493WA0138401396004003014302281
B0211303701083N11922496WA0138201393004003017300278
B0211313701085N11922499WA0138001391004003017298281
B0211323701087N11922503WA0137801389004003022295280
B0211333701088N11922507WA0137701389004003024290277
B0211343701089N11922511WA0137601389004003022281273
B0211353701089N11922515WA0137601388004003022261269
B0211363701087N11922519WA0137501387004003021242256
B0211373701085N11922522WA0137301385004003021228247
B0211383701082N11922525WA0137101383004003023218240
B0211393701079N11922528WA0137001382004003029210233
B0211403701075N11922530WA0136901381004003031199226
B0211413701070N11922531WA0136801380004003031187218
B0211423701065N11922532WA0136701379004003031180209
B0211433701060N11922531WA0136601377004003032179202
B0211443701055N11922531WA0136401376004003034178195
B0211453701050N11922531WA0136301374004003035175193
B0211463701045N11922530WA0136101372004003035172191
B0211473701040N11922529WA0135901371004003035172190
B0211483701034N11922528WA0135701369004003036172191
B0211493701029N11922527WA0135601367004003038169191
B0211503701023N11922525WA0135501366004003039163189
B0211513701017N11922523WA0135501366004003039158179
B0211523701012N11922520WA0135401366004003039157174
B0211533701007N11922517WA0135301365004003037159170
B0211543701002N11922515WA0135201363004003039161165
B0211553700996N11922513WA0135001361004003039162166
B0211563700989N11922510WA0134801359004003042162170
B0211573700983N11922508WA0134701358004003045163171
B0211583700976N11922505WA0134701358004003045165178
B0211593700970N11922503WA0134601358004003043164174
B0212003700965N11922501WA0134601358004003040162178
B0212013700960N11922499WA0134601357004003037160164
B0212023700955N11922497WA0134601356004003037161164
B0212033700949N11922495WA0134501356004003036162163
B0212043700944N11922493WA0134401355004003036164166
B0212053700939N11922491WA0134401355004003038165161
B0212063700933N11922489WA0134301355004003038164164
B0212073700928N11922487WA0134401355004003037162160
B0212083700923N11922485WA0134401355004003036160164
B0212093700917N11922482WA0134401355004003035160168
B0212103700913N11922480WA0134301354004003035160168
B0212113700907N11922478WA0134201353004003035160164
B0212123700902N11922475WA0134101352004003038156163
B0212133700896N11922471WA0134001351004003044148169
B0212143700891N11922466WA0134001351004003045140154
B0212153700886N11922460WA0134001351004003044135150
B0212163700881N11922455WA0134001351004003043133139
B0212173700877N11922449WA0134001351004003041134142
B0212183700873N11922443WA0134001351004003044131142
B0212193700868N11922436WA0134001351004003044127140
B0212203700864N11922428WA0134101352004003049121140
B0212213700861N11922421WA0134201353004003047119131
B0212223700857N11922413WA0134201354004003047121133
B0212233700853N11922407WA0134201353004003045127131
B0212243700849N11922400WA0134201353004003045130145
B0212253700844N11922394WA0134201353004003045132139
B0212263700840N11922388WA0134101352004003045135148
B0212273700835N11922382WA0134101352004003044140160
B0212283700830N11922378WA0134001351004003042146176
B0212293700825N11922375WA0133901350004003037156185
B0212303700820N11922373WA0133801349004003037164183
B0212313700815N11922372WA0133801349004003035167178
B0212323700809N11922370WA0133701348004003035167170
B0212333700804N11922369WA0133601347004003036167178
B0212343700799N11922367WA0133501346004003038167177
B0212353700793N11922366WA0133401345004003037169185
B0212363700788N11922365WA0133401344004003037171171
B0212373700783N11922364WA0133301344004003035173186
B0212383700778N11922363WA0133301344004003035171178
B0212393700773N11922362WA0133201343004003034168185
B0212403700768N11922361WA0133201342004003034170175
B0212413700763N11922360WA0133101341004003035173175
B0212423700758N11922359WA0133001341004003035173190
B0212433700753N11922359WA0133001340004003034171189
B0212443700748N11922358WA0132901340004003033172189
B0212453700743N11922357WA0132901339004003031176191
B0212463700739N11922357WA0132801338004003031179200
B0212473700735N11922357WA0132801338004003030179197
B0212483700730N11922357WA0132701337004003028177202
B0212493700726N11922357WA0132601337004003026178203
B0212503700723N11922357WA0132601336004003026180210
B0212513700719N11922357WA0132501335004003026184192
B0212523700715N11922358WA0132401334004003026187208
B0212533700711N11922359WA0132301333004003025192215
B0212543700708N11922360WA0132201333004003025205244
B0212553700706N11922362WA0132201332004003021228263
B0212563700705N11922364WA0132101330004003016266278
B0212573700706N11922366WA0131901329004003014310293
B0212583700709N11922368WA0131801328004003019342315
B0212593700712N11922368WA0131801327004003019003324
B0213003700716N11922367WA0131701327004003023017334
B0213013700719N11922365WA0131701327004003029025324
B0213023700724N11922362WA0131601326004003031025320
B0213033700728N11922360WA0131501325004003031019324
B0213043700733N11922359WA0131501325004003032009330
B0213053700737N11922358WA0131501325004003031003328
B0213063700742N11922358WA0131601326004003031004324
B0213073700746N11922357WA0131701327004003029006327
B0213083700750N11922357WA0131701328004003028006328
B0213093700754N11922356WA0131801328004003024006329
B0213103700757N11922356WA0131701327004003024008323
B0213113700761N11922355WA0131601326004003024010325
B0213123700764N11922354WA0131601325004003024007327
B0213133700768N11922354WA0131501324004003024359326
B0213143700771N11922354WA0131401323004003024352322
B0213153700775N11922355WA0131301323004003023348319
B0213163700778N11922356WA0131201322004003023347316
B0213173700781N11922357WA0131201321004003024348315
B0213183700785N11922358WA0131101320004003024348312
B0213193700788N11922359WA0131001320004003024349311
B0213203700792N11922359WA0131001320004003023350308
B0213213700795N11922360WA0131001320004003020348309
B0213223700797N11922361WA0131001320004003020344303
B0213233700800N11922362WA0131001319004003020344302
B0213243700803N11922363WA0130901318004003020347289
B0213253700806N11922364WA0130901318004003022348300
B0213263700810N11922365WA0130801318004003022346299
B0213273700812N11922366WA0130901318004003021342297
B0213283700815N11922367WA0130901318004003018339295
B0213293700817N11922368WA0130901318004003017340295
B0213303700820N11922369WA0130901318004003021344295
B0213313700823N11922370WA0130901318004003021347293
B0213323700826N11922371WA0130901318004003023346296
B0213333700830N11922372WA0131001319004003023342302
B0213343700832N11922373WA0131001320004003021338300
B0213353700835N11922375WA0131201321004003021336302
B0213363700838N11922376WA0131301323004003020336301
B0213373700841N11922378WA0131401324004003020336306
B0213383700843N11922379WA0131601326004003019336291
B0213393700846N11922381WA0131801328004003018335282
B0213403700848N11922382WA0131901330004003018335278
B0213413700850N11922383WA0132101330004003016325289
B0213423700851N11922384WA0132201331004003011316290
B0213433700852N11922386WA0132301332004003011325292
B0213443700854N11922387WA0132301332004003016339297
B0213453700857N11922388WA0132301332004003018345293
B0213463700860N11922388WA0132301332004003018343289
B0213473700862N11922389WA0132401333004003018341289
B0213483700865N11922390WA0132401333004003017343291
B0213493700867N11922391WA0132401333004003016348294
B0213503700869N11922392WA0132501334004003016349295
B0213513700871N11922392WA0132501334004003015343294
B0213523700874N11922393WA0132501334004003015334295
B0213533700876N11922395WA0132601335004003015326294
B0213543700877N11922397WA0132601335004003015320293
B0213553700879N11922398WA0132701336004003015322291
B0213563700881N11922400WA0132801337004003015329292
B0213573700883N11922402WA0132901338004003017332290
B0213583700886N11922403WA0133001340004003017336291
B0213593700888N11922404WA0133101341004003016340290
B0214003700889N11922405WA0133301343004003013338289
B0214013700891N11922406WA0133401344004003015336291
B0214023700894N11922407WA0133501346004003018341288
B0214033700897N11922408WA0133601347004003018346286
B0214043700900N11922408WA0133701348004003020352285
B0214053700902N11922409WA0133801348004003020352297
B0214063700905N11922410WA0133901349004003021348306
B0214073700909N11922411WA0133901350004003021345307
B0214083700912N11922412WA0134001351004003023348306
B0214093700916N11922412WA0134201353004003023349310
B0214103700919N11922413WA0134301354004003023352305
B0214113700921N11922413WA0134401355004003019353306
B0214123700924N11922414WA0134401355004003019353305
B0214133700927N11922414WA0134401355004003021347307
B0214143700930N11922416WA0134401355004003021339308
B0214153700933N11922417WA0134301354004003021336307
B0214163700936N11922419WA0134401355004003020338305
B0214173700939N11922420WA0134401355004003018341303
B0214183700941N11922421WA0134401355004003018342297
B0214193700944N11922422WA0134401354004003018343299
B0214203700947N11922423WA0134301354004003021345300
B0214213700951N11922424WA0134401355004003023347295
B0214223700954N11922425WA0134401355004003023349301
B0214233700957N11922425WA0134401355004003022348301
B0214243700960N11922426WA0134401354004003022347304
B0214253700963N11922427WA0134301354004003024349294
B0214263700967N11922428WA0134301354004003026348301
B0214273700971N11922429WA0134301354004003025344300
B0214283700974N11922431WA0134301354004003025339304
B0214293700977N11922432WA0134301354004003022335305
B0214303700980N11922434WA0134301354004003022335309
B0214313700983N11922436WA0134401355004003021337316
B0214323700986N11922437WA0134401355004003020338308
B0214333700989N11922438WA0134401355004003020341305
B0214343700992N11922439WA0134401356004003022348302
B0214353700995N11922440WA0134501356004003022353308
B0214363700999N11922440WA0134601357004003024354292
B0214373701002N11922441WA0134601357004003024355301
B0214383701006N11922441WA0134601358004003024359296
B0214393701009N11922441WA0134701358004003022001305
B0214403701011N11922441WA0134701358004003019359304
B0214413701014N11922441WA0134701358004003015352304
B0214423701016N11922441WA0134701357004003015346303
B0214433701018N11922442WA0134601356004003015344302
B0214443701020N11922443WA0134401354004003015345295
B0214453701022N11922443WA0134301353004003014349292
B0214463701024N11922444WA0134201352004003014347293
B0214473701026N11922445WA0134101352004003011328294
B0214483701026N11922446WA0134101352004003010297287
B0214493701027N11922448WA0134101352004003009265272
B0214503701026N11922449WA0134201353004003009230261
B0214513701025N11922450WA0134301355004003008200249
B0214523701024N11922450WA0134401355004003008196243
B0214533701022N11922451WA0134401355004003014199251
B0214543701020N11922452WA0134401355004003017207242
B0214553701017N11922454WA0134401355004003017211247
B0214563701015N11922456WA0134401356004003017208258
B0214573701013N11922457WA0134501356004003017197253
B0214583701010N11922457WA0134601357004003017190244
B0214593701009N11922458WA0134601356004003015199256
B0215003701007N11922459WA0134401356004003012241253
B0215013701007N11922461WA0134401355004003013272277
B0215023701007N11922464WA0134301356004003014277258
B0215033701007N11922466WA0134501357004003013264279
B0215043701007N11922468WA0134501358004003013250262
B0215053701007N11922469WA0134601359004003006253280
B0215063701007N11922470WA0134701359004003006253258
B0215073701007N11922470WA0134701359004003003253252
B0215083701006N11922471WA0134701358004003003233240
B0215093701005N11922472WA0134701358004003013212238
B0215103701003N11922474WA0134601358004003018198224
B0215113700999N11922474WA0134601358004003018185210
B0215123700996N11922474WA0134601358004003022174211
B0215133700991N11922473WA0134701359004003030170217
B0215143700986N11922472WA0134701359004003032173231
B0215153700982N11922472WA0134801360004003031178243
B0215163700977N11922472WA0134901361004003031184245
B0215173700974N11922473WA0135001362004003021194246
B0215183700972N11922474WA0135101363004003021203255
B0215193700970N11922476WA0135101363004003016214250
B0215203700969N11922477WA0135101363004003012224256
B0215213700968N11922479WA0135001362004003012233261
B0215223700967N11922481WA0135001361004003014242263
B0215233700966N11922483WA0134901360004003014254266
B0215243700966N11922486WA0134801360004003014264269
B0215253700966N11922488WA0134801361004003011273277
B0215263700966N11922490WA0134901361004003011253267
B0215273700965N11922491WA0134901361004003011217253
B0215283700962N11922493WA0134801360004003012200239
B0215293700959N11922494WA0134701358004003026192232
B0215303700954N11922495WA0134601358004003030185225
B0215313700949N11922495WA0134601357004003030177220
B0215323700944N11922494WA0134501357004003032170212
B0215333700939N11922492WA0134501356004003038165205
B0215343700933N11922490WA0134401356004003041162200
B0215353700927N11922487WA0134401355004003041161213
B0215363700921N11922485WA0134301355004003042164206
B0215373700915N11922483WA0134301355004003041167212
B0215383700909N11922482WA0134401356004003041166216
B0215393700904N11922479WA0134501357004003039161215
B0215403700899N11922477WA0134601357004003037160211
B0215413700894N11922475WA0134601357004003035162207
B0215423700888N11922473WA0134401355004003036167209
B0215433700883N11922472WA0134301354004003039170217
B0215443700877N11922471WA0134201353004003039172219
B0215453700871N11922470WA0134101353004003039173210
B0215463700866N11922470WA0134101352004003033173206
B0215473700861N11922469WA0134001351004003034169196
B0215483700856N11922467WA0133901349004003034165190
B0215493700851N11922465WA0133701347004003036161183
B0215503700845N11922462WA0133501345004003040157180
B0215513700839N11922458WA0133401344004003046152167
B0215523700833N11922453WA0133301343004003048146159
B0215533700827N11922448WA0133201343004003048139140
B0215543700822N11922441WA0133101342004003048130126
B0215553700818N11922433WA0133001340004003051121119
B0215563700815N11922424WA0132901338004003053115109
B0215573700812N11922415WA0132801338004003053108090
B0215583700811N11922406WA0132701337004003053096078
B0215593700811N11922397WA0132601335004003048080063
B0216003700813N11922389WA0132401334004003048057043
B0216013700817N11922383WA0132201333004003044040019
B0216023700822N11922380WA0132001332004003040026002
B0216033700827N11922378WA0132101332004003029023350
B0216043700830N11922376WA0132101333004003029030337
B0216053700832N11922374WA0132101332004003022035344
B0216063700834N11922373WA0132001330004003016019337
B0216073700836N11922374WA0131801327004003014347318
B0216083700838N11922375WA0131601325004003017333301
B0216093700841N11922377WA0131501326004003016326293
B0216103700843N11922378WA0131401326004003016329302
B0216113700844N11922379WA0131401325004003011344293
B0216123700846N11922379WA0131301324004003013354302
B0216133700848N11922380WA0131201322004003013347287
B0216143700850N11922381WA0131001321004003015328285
B0216153700853N11922383WA0130801319004003022315277
B0216163700855N11922386WA0130701320004003022309282
B0216173700857N11922389WA0130801320004003021314281
B0216183700859N11922391WA0130901321004003018329286
B0216193700861N11922392WA0131001322004003015347294
B0216203700863N11922392WA0131101322004003015353303
B0216213700866N11922393WA0131001322004003015351306
B0216223700869N11922393WA0131001321004003018348305
B0216233700872N11922394WA0131101321004003022346295
B0216243700875N11922395WA0131101322004003022342288
B0216253700878N11922397WA0131101322004003020333297
B0216263700879N11922399WA0131201323004003016321278
B0216273700881N11922400WA0131201323004003013320287
B0216283700882N11922401WA0131201323004003013328291
B0216293700884N11922403WA0131201322004003013335293
B0216303700886N11922404WA0131201322004003014332291
B0216313700888N11922405WA0131201322004003015326295
B0216323700890N11922407WA0131101322004003015326302
B0216333700892N11922408WA0131201322004003014339285
B0216343700894N11922409WA0131201322004003014348288
B0216353700896N11922409WA0131201322004003015343278
B0216363700898N11922411WA0131201322004003015327282
B0216373700900N11922413WA0131201321004003014311278
B0216383700901N11922415WA0131201322004003014307293
B0216393700903N11922417WA0131201322004003016316299
B0216403700905N11922419WA0131301323004003016326303
B0216413700907N11922420WA0131301323004003016336310
B0216423700910N11922421WA0131401323004003017344308
B0216433700913N11922422WA0131401323004003022348304
B0216443700916N11922423WA0131401323004003026346299
B0216453700920N11922424WA0131501324004003026345301
B0216463700924N11922425WA0131501325004003026346297
B0216473700927N11922426WA0131701327004003022346293
B0216483700930N11922427WA0131801328004003022343294
B0216493700933N11922429WA0131901329004003021338294
B0216503700936N11922430WA0132001331004003020338288
B0216513700938N11922431WA0132201332004003016340303
B0216523700940N11922432WA0132301333004003016340304
B0216533700942N11922433WA0132301333004003015335309
B0216543700944N11922434WA0132301334004003015332302
B0216553700947N11922436WA0132401334004003019330308
B0216563700949N11922438WA0132501336004003019329305
B0216573700952N11922440WA0132601337004003019330300
B0216583700954N11922441WA0132801339004003018335317
B0216593700957N11922442WA0133001341004003018338305
B0217003700959N11922444WA0133201343004003018332282
B0217013700961N11922445WA0133301345004003017326277
B0217023700964N11922447WA0133501347004003017328284
B0217033700966N11922449WA0133701349004003019336287
B0217043700969N11922450WA0133901351004003019339289
B0217053700971N11922451WA0134001352004003018336300
B0217063700974N11922453WA0134201354004003018333291
B0217073700977N11922455WA0134301355004003022331273
B0217083700979N11922457WA0134501357004003022321270
B0217093700980N11922459WA0134601359004003019288255
B0217103700980N11922462WA0134801360004003015246252
B0217113700978N11922464WA0134801361004003019223245
B0217123700975N11922467WA0135001362004003022215252
B0217133700973N11922469WA0135201363004003022214240
B0217143700970N11922472WA0135501366004003022216262
B0217153700968N11922474WA0135701366004003016215253
B0217163700966N11922475WA0135801368004003016208235
B0217173700964N11922476WA0136001369004003016200215
B0217183700960N11922477WA0136101370004003019189214
B0217193700955N11922477WA0136201372004003033176207
B0217203700950N11922475WA0136201372004003037159190
B0217213700945N11922472WA0136301373004003037146192
B0217223700940N11922467WA0136301373004003038146192
B0217233700936N11922465WA0136201372004003034158195
B0217243700931N11922464WA0136001371004003034178210
B0217253700927N11922465WA0136001371004003030206222
B0217263700925N11922467WA0135901371004003024235240
B0217273700925N11922470WA0136001372004003009279263
B0217283700926N11922470WA0136001373004003009349278
B0217293700928N11922470WA0136001372004003009012304
B0217303700930N11922470WA0135801370004003011005315
B0217313700933N11922470WA0135601367004003021355328
B0217323700936N11922470WA0135401365004003026353330
B0217333700940N11922471WA0135401365004003026002336
B0217343700944N11922470WA0135401366004003026009334
B0217353700947N11922469WA0135401366004003020012323
B0217363700950N11922469WA0135301366004003020010327
B0217373700953N11922468WA0135201364004003020006321
B0217383700957N11922468WA0135201363004003021006344
B0217393700961N11922467WA0135201364004003028011347
B0217403700965N11922466WA0135201364004003028020331
B0217413700969N11922463WA0135201364004003027029322
B0217423700972N11922461WA0135201364004003026026328
B0217433700975N11922459WA0135101363004003024011331
B0217443700978N11922459WA0135001362004003025000334
B0217453700982N11922459WA0135001362004003025000325
B0217463700985N11922459WA0135001363004003023000324
B0217473700988N11922459WA0135001363004003020359326
B0217483700992N11922459WA0134901362004003022356320
B0217493700995N11922460WA0134901362004003023353325
B0217503700999N11922461WA0134901362004003023347327
B0217513701002N11922462WA0135001362004003023344326
B0217523701007N11922463WA0135101363004003028345321
B0217533701010N11922464WA0135201365004003028348320
B0217543701014N11922465WA0135301366004003026347314
B0217553701017N11922466WA0135401367004003023345321
B0217563701021N11922467WA0135501368004003023346323
B0217573701024N11922468WA0135601368004003024350326
B0217583701027N11922469WA0135601368004003024351323
B0217593701031N11922469WA0135601368004003024350313
B0218003701033N11922470WA0135501366004003017344305
B0218013701035N11922471WA0135301364004003017332331
B0218023701038N11922473WA0135201363004003017328330
B0218033701041N11922475WA0135101362004003019330322
B0218043701044N11922478WA0135101363004003028337325
B0218053701048N11922480WA0135201364004003028338314
B0218063701052N11922482WA0135201364004003028337317
B0218073701055N11922483WA0135101362004003024336300
B0218083701057N11922484WA0135001361004003019333301
B0218093701060N11922486WA0134801358004003020324310
B0218103701062N11922489WA0134601356004003020317305
B0218113701064N11922492WA0134401355004003022313315
B0218123701066N11922495WA0134401355004003021315297
B0218133701069N11922497WA0134401355004003021318306
B0218143701071N11922500WA0134401356004003020322291
B0218153701073N11922501WA0134401356004003017320310
B0218163701075N11922504WA0134401355004003017316306
B0218173701077N11922506WA0134301354004003019317305
B0218183701079N11922508WA0134201352004003021318315
B0218193701081N11922511WA0134001351004003021319320
B0218203701084N11922513WA0133901350004003021324300
B0218213701086N11922516WA0133901349004003022327312
B0218223701089N11922518WA0133901350004003022329296
B0218233701092N11922520WA0133901351004003022332294
B0218243701095N11922521WA0134001352004003021331291
B0218253701097N11922523WA0134101353004003021329308
B0218263701100N11922525WA0134301354004003021327312
B0218273701103N11922527WA0134401356004003021328324
B0218283701105N11922529WA0134501356004003020337313
B0218293701108N11922530WA0134601357004003023343304
B0218303701112N11922532WA0134801358004003023339294
B0218313701115N11922534WA0134901359004003023326294
B0218323701117N11922536WA0135001361004003022311301
B0218333701118N11922539WA0135101362004003017311319
B0218343701121N11922541WA0135201363004003019326329
B0218353701124N11922543WA0135301364004003019339331
B0218363701128N11922544WA0135301364004003025343309
B0218373701131N11922546WA0135401365004003023335303
B0218383701133N11922548WA0135401366004003023310284
B0218393701134N11922551WA0135501366004003017268269
B0218403701132N11922554WA0135501366004003016229261
B0218413701130N11922556WA0135501366004003020214273
B0218423701127N11922558WA0135501367004003021215273
B0218433701125N11922560WA0135601368004003020230274
B0218443701124N11922563WA0135701368004003019256275
B0218453701125N11922567WA0135701368004003021277288
B0218463701126N11922571WA0135701369004003023288295
B0218473701127N11922575WA0135901370004003021302305
B0218483701129N11922577WA0136101372004003020331309
B0218493701133N11922578WA0136201374004003023349323
B0218503701136N11922578WA0136301375004003024000333
B0218513701140N11922578WA0136501375004003024012341
B0218523701144N11922576WA0136601377004003026021348
B0218533701148N11922573WA0136801379004003031027357
B0218543701153N11922570WA0136901381004003033029007
B0218553701157N11922567WA0137101383004003033028010
B0218563701161N11922564WA0137401386004003033028358
B0218573701165N11922562WA0137601388004003028025350
B0218583701169N11922561WA0137701390004003028014339
B0218593701172N11922561WA0137801390004003023353328
B0219003701174N11922562WA0137701389004003020327315
B0219013701176N11922565WA0137701389004003019309304
B0219023701178N11922568WA0137701389004003019300299
B0219033701179N11922570WA0137701390004003017296298
B0219043701180N11922573WA0137801390004003015284314
B0219053701180N11922576WA0137701389004003014280308
B0219063701181N11922578WA0137701389004003015288298
B0219073701182N11922581WA0137701389004003015300313
B0219083701184N11922584WA0137701389004003018310314
B0219093701185N11922586WA0137701390004003017314309
B0219103701187N11922588WA0137801391004003017315301
B0219113701189N11922590WA0137901392004003016312299
B0219123701190N11922592WA0138001393004003014292275
B0219133701190N11922594WA0138001393004003011260273
B0219143701189N11922596WA0138001393004003012244297
B0219153701188N11922598WA0138001392004003012246296
B0219163701187N11922601WA0138001392004003013258292
B0219173701187N11922603WA0137901392004003014264276
B0219183701187N11922606WA0137901392004003014249261
B0219193701185N11922608WA0137901392004003014227251
B0219203701183N11922610WA0137901391004003015213243
B0219213701180N11922612WA0137801390004003022205237
B0219223701177N11922613WA0137701389004003024197228
B0219233701173N11922614WA0137601389004003024186213
B0219243701169N11922613WA0137501388004003026174209
B0219253701164N11922612WA0137501387004003033167215
B0219263701159N11922610WA0137401387004003034163205
B0219273701155N11922608WA0137401387004003034154170
B0219283701150N11922604WA0137401386004003034140159
B0219293701146N11922598WA0137201385004003044130152
B0219303701142N11922591WA0137101384004003049122119
B0219313701139N11922582WA0137101384004003049111099
B0219323701137N11922573WA0137201384004003049098077
B0219333701137N11922564WA0137201385004003047085063
B0219343701139N11922555WA0137301386004003047073052
B0219353701142N11922548WA0137401387003003044064038
B0219363701145N11922542WA0137401387003003042057028
B0219373701148N11922536WA0137401387004003039048018
B0219383701152N11922531WA0137401387004003039038359
B0219393701157N11922527WA0137301387004003038031352
B0219403701162N11922524WA0137301387003003037022338
B0219413701167N11922522WA0137301387004003031013330
B0219423701171N11922522WA0137301388004003031001319
B0219433701174N11922523WA0137401388004003027349315
B0219443701177N11922524WA0137501389004003023339315
B0219453701180N11922526WA0137501389004003017333318
B0219463701182N11922527WA0137501390004003017331310
B0219473701184N11922528WA0137601390004003015324308
B0219483701185N11922530WA0137501389004003015312300
B0219493701187N11922533WA0137501388004003016301300
B0219503701188N11922536WA0137401388004003017293286
B0219513701188N11922539WA0137301387004003017288286
B0219523701189N11922541WA0137301387004003015288308
B0219533701190N11922544WA0137201386004003015293303
B0219543701191N11922547WA0137101386004003018293307
B0219553701192N11922550WA0137101385004003019289297
B0219563701193N11922553WA0137101385004003018283292
B0219573701193N11922556WA0137101385004003017279314
B0219583701194N11922559WA0137101384004003016282306
B0219593701194N11922562WA0137001384004003017291308
B0220003701196N11922565WA0137001383004003017300300
B0220013701197N11922568WA0136901383004003017299297
B0220023701198N11922570WA0137001383004003015290293
B0220033701198N11922573WA0136901383004003015286296
B0220043701199N11922576WA0136901383004003015286292
B0220053701200N11922578WA0136901382004003014286295
B0220063701200N11922581WA0136901382004003014286287
B0220073701201N11922583WA0136801381004003015286286
B0220083701201N11922586WA0136701380004003015284290
B0220093701202N11922589WA0136701380004003015283285
B0220103701203N11922592WA0136601380004003015285289
B0220113701203N11922594WA0136501379004003015287285
B0220123701204N11922597WA0136501378004003014285290
B0220133701204N11922599WA0136401377004003014277288
B0220143701204N11922602WA0136201375004003015273284
B0220153701205N11922605WA0136101374004003016286280
B0220163701206N11922608WA0136001372004003016308289
B0220173701208N11922610WA0135801370004003018312291
B0220183701210N11922613WA0135701369004003018297294
B0220193701210N11922616WA0135601368004003018274288
B0220203701210N11922620WA0135501367004003018272286
B0220213701210N11922623WA0135401366004003018282285
B0220223701211N11922626WA0135401366004003015283285
B0220233701211N11922628WA0135301364004003015269286
B0220243701211N11922631WA0135101363004003015258290
B0220253701210N11922635WA0135001361004003017266286
B0220263701211N11922638WA0134901359004003019278286
B0220273701211N11922642WA0134701358004003019284285
B0220283701212N11922645WA0134601357004003019282289
B0220293701212N11922648WA0134401355004003017277289
B0220303701213N11922652WA0134201353004003019275293
B0220313701213N11922655WA0134101352004003021275287
B0220323701213N11922659WA0134001350004003021275289
B0220333701214N11922663WA0133901350004003021274288
B0220343701214N11922667WA0133901349004003017272285
B0220353701214N11922670WA0133801348004003017269285
B0220363701214N11922673WA0133601346004003017270286
B0220373701214N11922677WA0133401345004003018271286
B0220383701214N11922681WA0133201343004003022275283
B0220393701214N11922685WA0133301343004003022279284
B0220403701215N11922688WA0133301343004003021281284
B0220413701216N11922692WA0133201343004003019278282
B0220423701216N11922695WA0133201343004003018276281
B0220433701216N11922698WA0133101341004003019278278
B0220443701217N11922702WA0133001340004003019284279
B0220453701218N11922705WA0132901339004003019288280
B0220463701219N11922709WA0132801338004003019287281
B0220473701219N11922712WA0132801338004003019284284
B0220483701220N11922715WA0132701338004003018283284
B0220493701220N11922717WA0132601337004003017282285
B0220503701221N11922720WA0132501336004003014277285
B0220513701221N11922723WA0132401335004003015268292
B0220523701221N11922726WA0132301333004003015265287
B0220533701220N11922729WA0132101331004003017267287
B0220543701220N11922732WA0132001330004003018273283
B0220553701221N11922736WA0131901329004003018277285
B0220563701221N11922739WA0131801328004003018276282
B0220573701221N11922743WA0131801327004003019273283
B0220583701221N11922746WA0131701326003003019269279
B0220593701221N11922750WA0131601326004003019262280
B0221003701220N11922754WA0131501324004003019257281
B0221013701220N11922758WA0131401323004003021258281
B0221023701219N11922762WA0131201321004003025266280
B0221033701220N11922767WA0131201321004003025275281
B0221043701220N11922771WA0131201321004003024278280
B0221053701221N11922775WA0131201320004003022277284
B0221063701221N11922778WA0131001319004003020277285
B0221073701221N11922782WA0130901318004003022280283
B0221083701222N11922787WA0130801316004003022284284
B0221093701223N11922791WA0130601315004003024287286
B0221103701224N11922796WA0130501314004003025287290
B0221113701226N11922800WA0130501313004003025286294
B0221123701227N11922805WA0130401312004003025288295
B0221133701228N11922809WA0130301311004003024292295
B0221143701230N11922813WA0130201310004003024296297
B0221153701231N11922817WA0130101309004003025297294
B0221163701233N11922821WA0130001307004003025300298
B0221173701235N11922825WA0129801306004003025303301
B0221183701237N11922829WA0129701305004003023304299
B0221193701239N11922832WA0129601304004003023299302
B0221203701240N11922836WA0129501302004003021293304
B0221213701241N11922840WA0129301300004003021294293
B0221223701243N11922843WA0129101298004003021301296
B0221233701244N11922846WA0128901296004003021297295
B0221243701245N11922850WA0128801295004003021281297
B0221253701246N11922854WA0128701293004003021280292
B0221263701247N11922859WA0128501294004003029295311
B0221273701249N11922864WA0128501294004003029313306
B0221283701252N11922867WA0128701296004003027314304
B0221293701254N11922870WA0128801296004003024303295
B0221303701255N11922874WA0128901296004003022290304
B0221313701256N11922878WA0128801297004003022290300
B0221323701258N11922881WA0128901297004003022294306
B0221333701259N11922885WA0129001297004003021293296
B0221343701260N11922888WA0128901297004003020285286
B0221353701261N11922892WA0128801295004003020280294
B0221363701261N11922896WA0128701294004003020275300
B0221373701261N11922900WA0128501294004003021270288
B0221383701261N11922904WA0128501293004003022264282
B0221393701261N11922908WA0128401293004003022258292
B0221403701260N11922912WA0128401293004003020259284
B0221413701260N11922915WA0128301292004003019271290
B0221423701260N11922918WA0128301292004003017274279
B0221433701260N11922921WA0128301292004003017257275
B0221443701259N11922924WA0128301291004003017247297
B0221453701258N11922927WA0128201290004003017260287
B0221463701259N11922930WA0128101288004003017282294
B0221473701259N11922933WA0128001287004003019286287
B0221483701260N11922937WA0127801285004003019277284
B0221493701260N11922940WA0127601284004003019269284
B0221503701260N11922944WA0127501282004003018271293
B0221513701260N11922947WA0127301280004003018281293
B0221523701261N11922951WA0127201280004003018291289
B0221533701262N11922954WA0127001277004003020300283
B0221543701264N11922958WA0126801276004003021302302
B0221553701266N11922962WA0126801275004003029298299
B0221563701269N11922967WA0126801276004003029297298
B0221573701270N11922971WA0126901277004003028294293
B0221583701271N11922975WA0126901276004003023282283
B0221593701271N11922978WA0126801274004003018273285
B0222003701271N11922982WA0126601272004003021271279
B0222013701272N11922986WA0126401270004003026274287
B0222023701272N11922991WA0126301270004003026280292
B0222033701273N11922996WA0126301271004003026283299
B0222043701274N11923000WA0126401270004003025281295
B0222053701274N11923004WA0126401270004003019276293
B0222063701274N11923007WA0126301269004003019268296
B0222073701274N11923011WA0126101267004003019259285
B0222083701273N11923014WA0126001265004003019253283
B0222093701272N11923018WA0125701262004003021252284
B0222103701271N11923023WA0125501260004003026252286
B0222113701270N11923028WA0125301258004003026257291
B0222123701269N11923032WA0125101256004003025263286
B0222133701269N11923036WA0124901254004003024269288
B0222143701269N11923041WA0124701251004003024274289
B0222153701270N11923046WA0124401248004003027279287
B0222163701271N11923051WA0124201246004003029284293
B0222173701272N11923056WA0124101245004003029287296
B0222183701274N11923062WA0123901243004003030289297
B0222193701275N11923067WA0123801242004003028289294
B0222203701277N11923071WA0123601241004003028288289
B0222213701278N11923077WA0123501239004003028284267
B0222223701278N11923082WA0123401238004003029275251
B0222233701277N11923087WA0123301237004003028252234
B0222243701274N11923092WA0123101235004003030226221
B0222253701270N11923095WA0123001234004003030205214
B0222263701265N11923096WA0122901234004003031191203
B0222273701261N11923096WA0122901234004003027179200
B0222283701257N11923095WA0122901234004003027166197
B0222293701253N11923094WA0122901233004003027154191
B0222303701249N11923090WA0122701231004003030146185
B0222313701245N11923086WA0122601230004003036141173
B0222323701241N11923082WA0122401229004003036139165
B0222333701237N11923077WA0122401228004003035139168
B0222343701233N11923073WA0122301227004003033140170
B0222353701230N11923069WA0122201226004003034138165
B0222363701226N11923065WA0122101224004003036139169
B0222373701221N11923060WA0122001223004003036140165
B0222383701217N11923056WA0122001222004003036141166
B0222393701213N11923052WA0121801221004003035140159
B0222403701209N11923048WA0121701219004003036139159
B0222413701205N11923043WA0121501217004003036138160
B0222423701200N11923038WA0121401216004003039138155
B0222433701196N11923033WA0121401216004003041138157
B0222443701191N11923028WA0121401217004003041140163
B0222453701187N11923024WA0121501218004003038141176
B0222463701183N11923020WA0121601218004003035141171
B0222473701179N11923016WA0121601218004003034140166
B0222483701175N11923012WA0121601218004003036140167
B0222493701170N11923007WA0121501216004003036141169
B0222503701166N11923003WA0121401216004003039142171
B0222513701161N11922998WA0121401216004003041143170
B0222523701156N11922993WA0121501217004003041143175
B0222533701151N11922989WA0121501218004003039145175
B0222543701147N11922986WA0121601218004003037147176
B0222553701142N11922982WA0121601218004003039148169
B0222563701137N11922978WA0121601218004003042146166
B0222573701131N11922973WA0121601218003003042144149
B0222583701126N11922968WA0121601218004003042144161
B0222593701121N11922964WA0121601219004003041143156
B0223003701116N11922959WA0121601218004003043142162
B0223013701111N11922954WA0121601218004003043143166
B0223023701105N11922949WA0121601219004003044145176
B0223033701100N11922945WA0121801221004003040145173
B0223043701096N11922940WA0122001223004003040142156
B0223053701092N11922936WA0122101224004003037138155
B0223063701088N11922931WA0122101223004003037135164
B0223073701084N11922926WA0122101223004003039134149
B0223083701079N11922921WA0122001223004003041134152
B0223093701075N11922915WA0122001223004003041133143
B0223103701071N11922909WA0122001223004003042130144
B0223113701067N11922903WA0122001223004003044128158
B0223123701063N11922896WA0122101223004003044126161
B0223133701059N11922890WA0122101224004003042128156
B0223143701055N11922885WA0122101224004003040131144
B0223153701052N11922880WA0122001223004003038131135
B0223163701048N11922874WA0122001221004003041129133
B0223173701044N11922868WA0121901221004003041124137
B0223183701040N11922860WA0121801221004003046121154
B0223193701036N11922852WA0121801221004003048121161
B0223203701032N11922845WA0121801222004003048123155
B0223213701028N11922838WA0121901222004003046125159
B0223223701025N11922831WA0121901222004003043127146
B0223233701021N11922825WA0121901222004003043128152
B0223243701017N11922818WA0121901222004003045126146
B0223253701013N11922811WA0121901222004003045123147
B0223263701009N11922804WA0121901223004003045119149
B0223273701006N11922797WA0122001223004003044116153
B0223283701004N11922789WA0122001223004003045113152
B0223293701001N11922781WA0122001223004003045112142
B0223303700999N11922773WA0122001224004003047111148
B0223313700996N11922764WA0122101224004003047112146
B0223323700993N11922756WA0122101225004003047114145
B0223333700990N11922749WA0122201225004003046115147
B0223343700987N11922741WA0122201225004003045116149
B0223353700984N11922734WA0122201226004003045116151
B0223363700981N11922726WA0122301226004003045117160
B0223373700978N11922719WA0122301226004003044120169
B0223383700974N11922714WA0122301226004003042128173
B0223393700970N11922709WA0122201226004003036141183
B0223403700966N11922706WA0122201225003003036157194
B0223413700961N11922705WA0122101224004003035172205
B0223423700956N11922705WA0122001223004003033186218
B0223433700953N11922707WA0122001223004003022203226
B0223443700951N11922709WA0122001223004003022221241
B0223453700949N11922711WA0122001223004003019235249
B0223463700948N11922714WA0122001223004003017248258
B0223473700948N11922717WA0122001223004003016260264
B0223483700948N11922720WA0122001223004003016273269
B0223493700948N11922723WA0122001223004003015284274
B0223503700949N11922725WA0122001223004003015291280
B0223513700950N11922728WA0122001223004003016295286
B0223523700951N11922730WA0122001223004003016303295
B0223533700953N11922733WA0122001223004003016318298
B0223543700955N11922734WA0122001223004003016337305
B0223553700958N11922735WA0122001222004003019348312
B0223563700961N11922736WA0121901221004003021347321
B0223573700964N11922737WA0121801220004003021343323
B0223583700968N11922738WA0121601219004003024340321
B0223593700971N11922740WA0121601219004003024340309
B0224003700974N11922741WA0121701220004003024335291
B0224013700976N11922743WA0121701220004003020316286
B0224023700976N11922745WA0121701220004003013263278
B0224033700975N11922747WA0121601219004003013230254
B0224043700974N11922749WA0121601219004003016228254
B0224053700972N11922751WA0121601219004003016225242
B0224063700970N11922753WA0121601220004003016208232
B0224073700968N11922754WA0121601219004003016188220
B0224083700964N11922754WA0121501219004003024178207
B0224093700960N11922753WA0121501218004003028175207
B0224103700956N11922752WA0121501218003003028169190
B0224113700951N11922750WA0121601219004003031157178
B0224123700947N11922747WA0121601219004003035145159
B0224133700943N11922742WA0121601220004003037136160
B0224143700939N11922737WA0121701220004003037131159
B0224153700935N11922732WA0121801221004003038131184
B0224163700931N11922727WA0121801221004003039136191
B0224173700926N11922722WA0121801221004003039146198
B0224183700922N11922720WA0121801221004003037157225
B0224193700917N11922719WA0121801221004003034173234
B0224203700914N11922720WA0121801221004003019196239
B0224213700912N11922721WA0121801221003003019227256
B0224223700912N11922724WA0121801221004003013256267
B0224233700912N11922726WA0121801220004003012275277
B0224243700913N11922728WA0121801220004003013288284
B0224253700913N11922730WA0121801220004003014300288
B0224263700915N11922733WA0121801220004003014306292
B0224273700916N11922735WA0121801221004003014314295
B0224283700918N11922736WA0121801221004003015329299
B0224293700920N11922737WA0121801220004003018340306
B0224303700923N11922738WA0121701219004003018341314
B0224313700926N11922740WA0121701219004003020337314
B0224323700929N11922742WA0121601219004003023333318
B0224333700933N11922744WA0121601219004003023329317
B0224343700935N11922746WA0121701219004003023323315
B0224353700937N11922748WA0121801220004003021314307
B0224363700938N11922750WA0121801220004003010294290
B0224373700938N11922752WA0121701220004003012245270
B0224383700937N11922754WA0121601218004003012225253
B0224393700933N11922757WA0121401216004003019204229
B0224403700928N11922758WA0121301215004003037184208
B0224413700921N11922756WA0121301215004003042166182
B0224423700916N11922753WA0121301216004003042152167
B0224433700911N11922748WA0121401217004003042141167
B0224443700906N11922743WA0121401217004003041133166
B0224453700902N11922737WA0121401216004003043129174
B0224463700898N11922730WA0121401216004003043126167
B0224473700895N11922723WA0121301215004003044123163
B0224483700891N11922716WA0121301214004003044121147
B0224493700888N11922709WA0121201214004003044119150
B0224503700885N11922701WA0121101213004003044116144
B0224513700882N11922694WA0121101212004003044115135
B0224523700879N11922687WA0121101213004003045118134
B0224533700876N11922679WA0121201213004003046118141
B0224543700873N11922671WA0121201214004003045116137
B0224553700870N11922664WA0121301215004003045113134
B0224563700868N11922656WA0121301214004003043113129
B0224573700865N11922649WA0121301214004003044115128
B0224583700862N11922642WA0121201214004003044118129
B0224593700859N11922634WA0121201214004003044117130
B0225003700856N11922627WA0121201213004003042116130
B0225013700853N11922621WA0121101213004003042116127
B0225023700850N11922613WA0121101212004003042117127
B0225033700847N11922606WA0121001211004003043118128
B0225043700844N11922599WA0120901210004003043121131
B0225053700840N11922592WA0121001211004003043121140
B0225063700837N11922586WA0121001212004003043119140
B0225073700834N11922579WA0121101212004003040116141
B0225083700832N11922573WA0121101213004003039117142
B0225093700829N11922567WA0121101213004003040124145
B0225103700824N11922561WA0121101212004003040138151
B0225113700819N11922557WA0121201212004003040149164
B0225123700814N11922554WA0121201213004003040149178
B0225133700809N11922549WA0121301215004003040141168
B0225143700805N11922544WA0121401215004003039135171
B0225153700801N11922539WA0121401216004003037131169
B0225163700798N11922534WA0121401215004003037129160
B0225173700795N11922528WA0121301215004003040124153
B0225183700791N11922521WA0121301214004003040118143
B0225193700789N11922514WA0121201214004003044112148
B0225203700787N11922506WA0121201214004003042107136
B0225213700785N11922499WA0121201214004003042103134
B0225223700784N11922491WA0121201213004003041104131
B0225233700782N11922484WA0121101212004003041109137
B0225243700779N11922476WA0121001211004003046115133
B0225253700776N11922468WA0121001211004003046118141
B0225263700772N11922461WA0121101212004003046119141
B0225273700769N11922454WA0121101213004003044118140
B0225283700767N11922448WA0121201214004003039118138
B0225293700764N11922441WA0121201214004003040122135
B0225303700760N11922435WA0121201214004003040126140
B0225313700756N11922430WA0121201214004003040132145
B0225323700752N11922425WA0121201213004003034140151
B0225333700748N11922422WA0121201213004003034149164
B0225343700744N11922420WA0121101213004003032156180
B0225353700740N11922418WA0121101213004003030160186
B0225363700736N11922416WA0121101212004003027164190
B0225373700732N11922415WA0121001212004003028163189
B0225383700728N11922413WA0121001212004003028159178
B0225393700724N11922411WA0121001213004003030155183
B0225403700719N11922408WA0121101213004003032152191
B0225413700715N11922406WA0121001212004003032153199
B0225423700711N11922403WA0121001212004003030161209
B0225433700708N11922403WA0120901211004003027174221
B0225443700704N11922404WA0120801210004003021199229
B0225453700702N11922407WA0120701209004003021237252
B0225463700702N11922411WA0120601208004003021267277
B0225473700702N11922415WA0120601209004003021299295
B0225483700704N11922418WA0120701209004003018322306
B0225493700707N11922419WA0120701209004003018337315
B0225503700710N11922420WA0120701209004003018341318
B0225513700713N11922421WA0120601207004003020342320
B0225523700717N11922423WA0120501206004003026339319
B0225533700721N11922425WA0120401204004003027335312
B0225543700724N11922427WA0120301203004003027332312
B0225553700728N11922429WA0120201203004003027334316
B0225563700731N11922431WA0120201203004003023336321
B0225573700734N11922433WA0120201203004003023335308
B0225583700737N11922434WA0120201203004003022332307
B0225593700740N11922436WA0120201203005003021328307
B0226003700743N11922438WA0120201203004003022324306
B0226013700745N11922441WA0120201203004003023324309
B0226023700748N11922443WA0120301204004003022327302
B0226033700751N11922445WA0120301204004003022329297
B0226043700753N11922447WA0120401205004003020326309
B0226053700756N11922449WA0120401205004003020326318
B0226063700758N11922451WA0120401205004003020331334
B0226073700761N11922453WA0120401205004003020337333
B0226083700764N11922454WA0120401205004003020335322
B0226093700766N11922456WA0120301204004003018326302
B0226103700768N11922458WA0120201203004003021320295
B0226113700771N11922460WA0120201203004003021320303
B0226123700774N11922463WA0120201203004003023321313
B0226133700777N11922466WA0120201203004003024323323
B0226143700780N11922469WA0120201203004003026328333
B0226153700784N11922471WA0120201204004003027333333
B0226163700787N11922473WA0120301204004003027336332
B0226173700791N11922475WA0120301204004003027338335
B0226183700795N11922477WA0120301205004003028341332
B0226193700799N11922478WA0120401205004003028340334
B0226203700803N11922480WA0120401205004003028336331
B0226213700807N11922483WA0120401206004003028334335
B0226223700811N11922485WA0120401206004003029336338
B0226233700815N11922487WA0120501207004003029339332
B0226243700818N11922489WA0120601207004003028338334
B0226253700822N11922491WA0120601208004003028336338
B0226263700826N11922493WA0120701209004003028336340
B0226273700830N11922495WA0120801210004003028337343
B0226283700834N11922496WA0120801210004003027338338
B0226293700837N11922498WA0120901211004003026339348
B0226303700841N11922500WA0120901211004003025340340
B0226313700844N11922501WA0121001212004003025342343
B0226323700848N11922502WA0121001212004003025345336
B0226333700851N11922503WA0121001212004003025345341
B0226343700855N11922505WA0121001212004003025343333
B0226353700859N11922506WA0121001212004003026339335
B0226363700862N11922508WA0121001212004003026335341
B0226373700866N11922511WA0121001211004003027334339
B0226383700870N11922512WA0121001211004003027339332
B0226393700874N11922514WA0120901211004003030343325
B0226403700879N11922516WA0120901210004003030341322
B0226413700883N11922518WA0120901210004003033338321
B0226423700888N11922520WA0120901211004003030337327
B0226433700892N11922522WA0120901211004003030340321
B0226443700896N11922524WA0120901211004003030342321
B0226453700901N11922526WA0120901211004003030339321
B0226463700905N11922528WA0120901211004003031335316
B0226473700909N11922531WA0120901211004003031336326
B0226483700913N11922533WA0120901210004003030338332
B0226493700917N11922535WA0120901211004003030337335
B0226503700922N11922537WA0120901212004003033336317
B0226513700926N11922539WA0121101214004003033339325
B0226523700930N11922541WA0121301217004003033346313
B0226533700934N11922541WA0121501219004003028353321
B0226543700937N11922542WA0121701221004003019348310
B0226553700939N11922543WA0121801221004003020328292
B0226563700942N11922546WA0121901221004003020307275
B0226573700943N11922551WA0121901222004003023293264
B0226583700945N11922556WA0122001224004003026285247
B0226593700945N11922560WA0122201227004003026268249
B0227003700944N11922563WA0122401226004003018227229
B0227013700942N11922564WA0122501227004003017202225
B0227023700939N11922565WA0122501226004003022190213
B0227033700935N11922565WA0122501226004003028181204
B0227043700930N11922564WA0122501227004003028164185
B0227053700926N11922560WA0122501227004003032144172
B0227063700922N11922555WA0122501227004003039128154
B0227073700919N11922548WA0122601229004003040120141
B0227083700916N11922542WA0122701230004003039119129
B0227093700913N11922536WA0122901231004003039121130
B0227103700910N11922530WA0122901232004003036122123
B0227113700907N11922524WA0123001232004003036121130
B0227123700904N11922518WA0123101233004003036118129
B0227133700902N11922512WA0123101234004003036116131
B0227143700900N11922506WA0123201234004003035112127
B0227153700898N11922500WA0123201234004003036110130
B0227163700896N11922494WA0123201234004003036109126
B0227173700894N11922487WA0123201234004003036112144
B0227183700892N11922481WA0123201235004003035117154
B0227193700889N11922476WA0123201235004003035130178
B0227203700886N11922474WA0123201235004003029150177
B0227213700882N11922473WA0123201234004003026171198
B0227223700878N11922473WA0123201234004003026185214
B0227233700874N11922474WA0123101233004003026197232
B0227243700871N11922476WA0123101234004003025216243
B0227253700870N11922480WA0123101233004003022245254
B0227263700868N11922484WA0123001233004003024275271
B0227273700870N11922488WA0123001233004003027295281
B0227283700872N11922493WA0123001234004003027303293
B0227293700875N11922497WA0123001234004003027304296
B0227303700877N11922500WA0123101235004003022305311
B0227313700879N11922503WA0123201236004003022313305
B0227323700882N11922506WA0123201236004003022323317
B0227333700884N11922508WA0123201236004003022326312
B0227343700887N11922510WA0123201236004003024327306
B0227353700891N11922513WA0123201236004003024327309
B0227363700894N11922515WA0123201236004003024327306
B0227373700897N11922518WA0123201236004003025324309
B0227383700900N11922521WA0123101235004003026319301
B0227393700903N11922524WA0123101235004003027319322
B0227403700906N11922527WA0123201236004003027323329
B0227413700909N11922530WA0123201237004003027330339
B0227423700913N11922532WA0123301238004003023339336
B0227433700916N11922533WA0123401238004003024344328
B0227443700920N11922534WA0123401239004003024346341
B0227453700924N11922535WA0123501239004003025345346
B0227463700928N11922536WA0123501240004003029347347
B0227473700932N11922537WA0123701242004003030351347
B0227483700937N11922538WA0123901244004003029357354
B0227493700941N11922538WA0124001246004003028001342
B0227503700944N11922537WA0124201248004003025006347
B0227513700948N11922537WA0124401249004003028013348
B0227523700953N11922535WA0124401250004003028019346
B0227533700957N11922533WA0124501250004003030019349
B0227543700962N11922531WA0124501250004003032015338
B0227553700966N11922530WA0124501251004003032010346
B0227563700971N11922529WA0124601251004003031007343
B0227573700975N11922528WA0124601252004003030006333
B0227583700979N11922528WA0124701252004003027005329
B0227593700983N11922527WA0124701252004003027003329
B0228003700987N11922527WA0124701252004003026359331
B0228013700991N11922528WA0124701253004003026350307
B0228023700994N11922529WA0124801253004003023334294
B0228033700996N11922532WA0124801253004003023309281
B0228043700997N11922536WA0124901254004003020278272
B0228053700996N11922539WA0124901255004003020249250
B0228063700994N11922542WA0125001256004003020222234
B0228073700991N11922544WA0125101257004003021203223
B0228083700988N11922545WA0125201258004003021187217
B0228093700985N11922545WA0125301258004003022177208
B0228103700981N11922544WA0125301258004003026170190
B0228113700977N11922543WA0125301258004003030162177
B0228123700972N11922540WA0125301258004003030155163
B0228133700968N11922537WA0125301259004003034148159
B0228143700963N11922533WA0125301259004003036142155
B0228153700959N11922528WA0125401260004003037138154
B0228163700955N11922523WA0125401260004003039133154
B0228173700951N11922517WA0125401260004003039130158
B0228183700947N11922511WA0125401260004003041129155
B0228193700943N11922505WA0125401260004003042130158
B0228203700939N11922499WA0125401260004003042131159
B0228213700934N11922493WA0125401260004003043130169
B0228223700930N11922487WA0125401260004003043131166
B0228233700926N11922481WA0125401260004003043134162
B0228243700921N11922475WA0125601262004003044138143
B0228253700916N11922470WA0125801264004003043140176
B0228263700911N11922465WA0126001267004003043137166
B0228273700907N11922460WA0126301270004003040133172
B0228283700904N11922455WA0126401271003003038128153
B0228293700900N11922449WA0126501271004003038126159
B0228303700896N11922442WA0126601272004003043128155
B0228313700892N11922436WA0126701273004003043132160
B0228323700888N11922431WA0126701274004003042137161
B0228333700884N11922427WA0126801275004003038138164
B0228343700880N11922423WA0126801275004003036137164
B0228353700876N11922418WA0126801274004003039136159
B0228363700871N11922412WA0126801274004003040135171
B0228373700867N11922407WA0126801275004003039136167
B0228383700863N11922403WA0126901276004003038139169
B0228393700859N11922399WA0126901276004003035142164
B0228403700855N11922396WA0126901275004003033142162
B0228413700851N11922392WA0126801274004003035141166
B0228423700847N11922387WA0126801274004003035139176
B0228433700843N11922383WA0126801275004003035140184
B0228443700839N11922380WA0126801275004003030150200
B0228453700835N11922378WA0126801274004003030173207
B0228463700831N11922378WA0126801274004003029192218
B0228473700827N11922381WA0126801274004003028210230
B0228483700825N11922384WA0126801276004003021230245
B0228493700825N11922387WA0127001277004003021275261
B0228503700825N11922391WA0127001277004003019314284
B0228513700829N11922393WA0127001276004003019331303
B0228523700832N11922395WA0127001277004003027335313
B0228533700837N11922397WA0127101277004003029338327
B0228543700841N11922399WA0127101278004003028342318
B0228553700845N11922400WA0127201278004003028344327
B0228563700848N11922401WA0127301278004003024341311
B0228573700851N11922403WA0127301278004003024332306
B0228583700854N11922406WA0127201278004003023322302
B0228593700857N11922409WA0127201278004003023316306
B0229003700860N11922412WA0127201278004003025313298
B0229013700862N11922416WA0127301278004003025315307
B0229023700865N11922419WA0127301279004003023316292
B0229033700867N11922422WA0127301279004003023313296
B0229043700869N11922425WA0127401280004003025310309
B0229053700872N11922429WA0127401280004003026311313
B0229063700874N11922432WA0127401281004003025313326
B0229073700877N11922435WA0127501282004003025316325
B0229083700880N11922438WA0127601283004003023320324
B0229093700882N11922441WA0127701284004003023324316
B0229103700885N11922443WA0127801285004003023326326
B0229113700888N11922445WA0127901286004003023327318
B0229123700891N11922448WA0127901287004003025325322
B0229133700894N11922451WA0128001287004003025326323
B0229143700898N11922453WA0128101288004003025331314
B0229153700902N11922455WA0128301290004003026334327
B0229163700905N11922457WA0128501293004003023337301
B0229173700908N11922458WA0128701295004003023342310
B0229183700910N11922459WA0128801296004003019342301
B0229193700912N11922460WA0128801295004003018331309
B0229203700915N11922463WA0128701294004003024322303
B0229213700918N11922466WA0128701294004003027320304
B0229223700921N11922469WA0128801295004003024322307
B0229233700923N11922471WA0128801297004003023326308
B0229243700926N11922473WA0128901297004003017332315
B0229253700928N11922474WA0128901297004003017336315
B0229263700930N11922475WA0128901297004003017335318
B0229273700933N11922477WA0128801296004003020329318
B0229283700937N11922480WA0128801295004003025327310
B0229293700940N11922482WA0128901297004003025329303
B0229303700942N11922484WA0129001298004003022330298
B0229313700944N11922485WA0129001299004003017328303
B0229323700946N11922487WA0129101299004003016327294
B0229333700948N11922488WA0129001298004003018329304
B0229343700951N11922490WA0129001298004003018326310
B0229353700953N11922493WA0129001298004003020323301
B0229363700956N11922495WA0129001298004003022319306
B0229373700958N11922498WA0129001298003003022317299
B0229383700961N11922501WA0129001299004003022319301
B0229393700963N11922503WA0129101300004003022320300
B0229403700966N11922506WA0129101300004003022320298
B0229413700968N11922509WA0129201300004003024319304
B0229423700971N11922512WA0129301301004003024316306
B0229433700974N11922515WA0129401302004003024317302
B0229443700976N11922518WA0129501304004003022318292
B0229453700978N11922521WA0129601305004003022310278
B0229463700980N11922523WA0129701305004003018292267
B0229473700980N11922526WA0129701305004003015270259
B0229483700979N11922529WA0129701305004003016256252
B0229493700978N11922532WA0129601304004003017241236
B0229503700977N11922535WA0129501304004003017224223
B0229513700974N11922537WA0129501303004003020207205
B0229523700970N11922538WA0129501303004003026191197
B0229533700966N11922538WA0129501303004003029176182
B0229543700961N11922537WA0129501304004003029166172
B0229553700957N11922535WA0129501304004003031157160
B0229563700952N11922532WA0129501304004003036147146
B0229573700948N11922527WA0129601304004003039136124
B0229583700944N11922521WA0129601303004003039123109
B0229593700942N11922513WA0129501302004003042107097
B0230003700941N11922505WA0129401302004003044091086
B0230013700943N11922497WA0129301301004003045076070
B0230023700946N11922489WA0129201301004003044060054
B0230033700949N11922483WA0129201300004003043047041
B0230043700954N11922479WA0129201300004003039038028
B0230053700959N11922475WA0129201299003003039031015
B0230063700963N11922472WA0129201300004003037025005
B0230073700968N11922470WA0129201301004003035019359
B0230083700973N11922468WA0129301301004003028012352
B0230093700976N11922467WA0129401301004003028005342
B0230103700979N11922468WA0129301301004003024353335
B0230113700982N11922469WA0129301300004003021338324
B0230123700985N11922471WA0129201300004003020326309
B0230133700987N11922473WA0129101300004003020319311
B0230143700989N11922476WA0129101300004003020326313
B0230153700992N11922478WA0129101300004003020339313
B0230163700996N11922479WA0129101300004003025346320
B0230173701000N11922480WA0129101300004003025350329
B0230183701004N11922480WA0129101300004003025353329
B0230193701007N11922481WA0129101300004003025355337
B0230203701011N11922481WA0129101300004003025359330
B0230213701015N11922480WA0129101300004003026000332
B0230223701019N11922481WA0129101300004003027356330
B0230233701023N11922481WA0129001299004003027351323
B0230243701027N11922482WA0129001299004003027347331
B0230253701031N11922484WA0129001299004003027346330
B0230263701035N11922484WA0129001300004003024348324
B0230273701038N11922485WA0129101300004003024351330
B0230283701042N11922486WA0129101300004003023355336
B0230293701045N11922486WA0129101300004003023357342
B0230303701049N11922486WA0129001299004003025358333
B0230313701054N11922486WA0129001299004003029359348
B0230323701058N11922486WA0129001299004003029357331
B0230333701062N11922486WA0129001298004003028354319
B0230343701065N11922487WA0129001298004003025347295
B0230353701068N11922488WA0129001298004003022335289
B0230363701070N11922490WA0129001298004003016320282
B0230373701071N11922493WA0129001299004003016294271
B0230383701071N11922496WA0129001299004003015265262
B0230393701070N11922498WA0129001298004003015235247
B0230403701068N11922500WA0128901298004003015210230
B0230413701065N11922501WA0128801297004003022196222
B0230423701061N11922502WA0128801296004003028187207
B0230433701056N11922502WA0128801296004003028175185
B0230443701050N11922500WA0128801297004003034160177
B0230453701045N11922496WA0129001299004003039146163
B0230463701040N11922491WA0129101300004003041139181
B0230473701035N11922486WA0129101300004003041138188
B0230483701031N11922482WA0129101300004003040144188
B0230493701025N11922478WA0129101299004003040153187
B0230503701020N11922475WA0129001299004003040159189
B0230513701014N11922473WA0129001299004003040160188
B0230523701008N11922470WA0129101300004003040160194
B0230533701003N11922468WA0129101300004003040156199
B0230543700998N11922465WA0129201301004003038157191
B0230553700993N11922463WA0129201301004003035161191
B0230563700988N11922461WA0129101300004003036167195
B0230573700983N11922460WA0129101300004003036178196
B0230583700977N11922460WA0129101300004003036183207
B0230593700972N11922461WA0129201302004003034183207
B0231003700967N11922461WA0129301303004003034177208
B0231013700962N11922460WA0129401304004003032172211
B0231023700957N11922459WA0129401303004003032171203
B0231033700952N11922458WA0129301302004003037171205
B0231043700946N11922457WA0129301302004003039169198
B0231053700940N11922456WA0129301302004003039166200
B0231063700935N11922454WA0129301303004003039164202
B0231073700930N11922452WA0129301303004003036162183
B0231083700925N11922449WA0129301302004003037159181
B0231093700919N11922447WA0129301302004003037156170
B0231103700913N11922443WA0129201301004003040153176
B0231113700908N11922439WA0129101300004003044151179
B0231123700902N11922435WA0129101300004003044150178
B0231133700896N11922431WA0129001299004003044150172
B0231143700890N11922427WA0129001300004003044152181
B0231153700885N11922424WA0129101300004003043153197
B0231163700879N11922421WA0129101300004003043155208
B0231173700874N11922418WA0129101300004003040162208
B0231183700869N11922417WA0129001299004003036173207
B0231193700864N11922417WA0128901298004003035185213
B0231203700858N11922419WA0128801297004003036194216
B0231213700853N11922421WA0128801297004003036200222
B0231223700848N11922423WA0128901298004003036201226
B0231233700843N11922426WA0128901298004003034202228
B0231243700839N11922428WA0129001299004003034208243
B0231253700835N11922432WA0129001299004003031217248
B0231263700832N11922435WA0129101299004003029225245
B0231273700829N11922439WA0129101299004003031225236
B0231283700826N11922444WA0129101300004003031228265
B0231293700823N11922448WA0129201301004003030234256
B0231303700821N11922452WA0129301302004003028237257
B0231313700819N11922456WA0129401303004003024233247
B0231323700817N11922459WA0129401303004003024231253
B0231333700815N11922463WA0129401303003003023240272
B0231343700814N11922467WA0129401303004003023260278
B0231353700814N11922471WA0129401302004003024268267
B0231363700814N11922476WA0129401302004003024261244
B0231373700813N11922479WA0129401303004003022248259
B0231383700812N11922482WA0129401303004003018249279
B0231393700812N11922484WA0129401302004003016260284
B0231403700812N11922488WA0129301301004003018267282
B0231413700811N11922491WA0129201301004003018264267
B0231423700811N11922495WA0129201300004003020258269
B0231433700810N11922499WA0129101301004003020258275
B0231443700810N11922503WA0129201301004003020261283
B0231453700809N11922506WA0129201301004003019259279
B0231463700809N11922509WA0129201301004003018256266
B0231473700808N11922513WA0129101300004003020258271
B0231483700808N11922517WA0129101300004003021261265
B0231493700807N11922521WA0129101300004003021261272
B0231503700807N11922524WA0129101300004003021262273
B0231513700806N11922528WA0129101301004003019264274
B0231523700806N11922531WA0129201301004003019261277
B0231533700806N11922534WA0129201301004003017262272
B0231543700805N11922538WA0129201300004003017264277
B0231553700805N11922541WA0129101299004003020264276
B0231563700805N11922545WA0129101299004003023264273
B0231573700804N11922550WA0129101299004003023263279
B0231583700804N11922554WA0129101299004003023262282
B0231593700804N11922558WA0129101300004003019266279
B0232003700804N11922561WA0129201301004003019271283
B0232013700804N11922565WA0129201301004003019270274
B0232023700804N11922568WA0129101300004003019266284
B0232033700804N11922572WA0129101300004003021267280
B0232043700804N11922576WA0129201301004003021273302
B0232053700804N11922580WA0129201301004003019277290
B0232063700804N11922583WA0129201301004003019276290
B0232073700805N11922587WA0129201301004003021274288
B0232083700805N11922591WA0129201301004003021276290
B0232093700805N11922595WA0129301302004003021281298
B0232103700806N11922598WA0129401302004003021277280
B0232113700806N11922602WA0129501302004003020264296
B0232123700805N11922605WA0129501303004003020255274
B0232133700805N11922609WA0129601304004003020258286
B0232143700804N11922613WA0129701305004003020260270
B0232153700804N11922617WA0129701305004003022255271
B0232163700802N11922621WA0129801306004003023249275
B0232173700801N11922625WA0129901307004003023247288
B0232183700800N11922628WA0129901308004003023251288
B0232193700799N11922632WA0130001309004003019254278
B0232203700798N11922635WA0130101309004003020256282
B0232213700798N11922639WA0130101309004003020267291
B0232223700799N11922643WA0130101309004003021286288
B0232233700800N11922647WA0130201310004003022305305
B0232243700802N11922650WA0130201311004003022318310
B0232253700805N11922651WA0130401313004003021336326
B0232263700808N11922652WA0130501314004003020001330
B0232273700811N11922650WA0130601314004003020021345
B0232283700815N11922647WA0130601314004003033037355
B0232293700819N11922642WA0130601315004003039052024
B0232303700821N11922635WA0130701316004003039065044
B0232313700823N11922627WA0130901318004003041081059
B0232323700823N11922619WA0131001319004003042094084
B0232333700821N11922612WA0131101320004003043107103
B0232343700818N11922604WA0131101320004003044118124
B0232353700814N11922598WA0131101320004003044129144
B0232363700809N11922592WA0131101320004003044141158
B0232373700804N11922589WA0131201321004003042154171
B0232383700799N11922587WA0131201321004003037165186
B0232393700794N11922586WA0131201321004003037175201
B0232403700789N11922586WA0131201322004003034187210
B0232413700785N11922588WA0131201322004003030199221
B0232423700782N11922590WA0131301323004003027210232
B0232433700779N11922593WA0131301323004003021223241
B0232443700777N11922596WA0131301323004003021235252
B0232453700776N11922599WA0131301323004003021246259
B0232463700775N11922603WA0131401323004003021252265
B0232473700774N11922606WA0131401324004003020255269
B0232483700773N11922610WA0131501325004003019253270
B0232493700773N11922613WA0131601326004003019255270
B0232503700772N11922616WA0131701326004003018260272
B0232513700772N11922619WA0131701327004003017263280
B0232523700772N11922622WA0131801327004003016258278
B0232533700771N11922625WA0131801327004003016255280
B0232543700771N11922628WA0131701327004003017263291
B0232553700771N11922631WA0131701326004003017280293
B0232563700772N11922634WA0131701326004003017294302
B0232573700773N11922637WA0131601325004003018300302
B0232583700775N11922640WA0131601325004003020301316
B0232593700776N11922644WA0131601326004003020299302
B0233003700778N11922646WA0131701327004003019302310
B0233013700779N11922649WA0131701328004003017305309
B0233023700780N11922651WA0131701328004003016303305
B0233033700781N11922654WA0131701327004003019296301
B0233043700782N11922658WA0131701327004003019286291
B0233053700783N11922662WA0131701327004003021279298
B0233063700783N11922665WA0131701328004003019280301
B0233073700784N11922669WA0131801329004003019280298
B0233083700784N11922672WA0131901329004003017276304
B0233093700784N11922675WA0131801329004003017267285
B0233103700784N11922678WA0131801328004003019263290
B0233113700784N11922682WA0131701327004003022265284
B0233123700784N11922686WA0131701327004003022265279
B0233133700783N11922691WA0131701327004003023255268
B0233143700781N11922695WA0131701327004003024243265
B0233153700779N11922699WA0131701327004003026237275
B0233163700777N11922703WA0131601326004003026242296
B0233173700776N11922708WA0131501325004003028252290
B0233183700775N11922713WA0131601326003003027260281
B0233193700775N11922718WA0131601327004003027258277
B0233203700773N11922723WA0131701327004003026249281
B0233213700772N11922727WA0131701328004003026247274
B0233223700771N11922732WA0131701328004003024255285
B0233233700770N11922736WA0131701327004003024267289
B0233243700770N11922740WA0131701327004003023272285
B0233253700771N11922744WA0131701327004003022271291
B0233263700770N11922748WA0131701327004003022266299
B0233273700770N11922752WA0131601326004003022261288
B0233283700769N11922756WA0131601326004003022257276
B0233293700769N11922761WA0131501325004003022257293
B0233303700768N11922765WA0131401324004003026261295
B0233313700767N11922770WA0131401324004003026264288
B0233323700767N11922775WA0131301323004003026265280
B0233333700767N11922779WA0131301323004003025261298
B0233343700766N11922784WA0131301322004003026254284
B0233353700764N11922789WA0131201322004003027249286
B0233363700763N11922793WA0131101321004003027249289
B0233373700762N11922798WA0131101321004003027254287
B0233383700761N11922802WA0131101321004003024257291
B0233393700760N11922807WA0131101320004003024256280
B0233403700759N11922811WA0131101320004003024250288
B0233413700758N11922815WA0131101320004003024248286
B0233423700757N11922820WA0131001319004003025253295
B0233433700756N11922824WA0130901318004003025263296
B0233443700756N11922829WA0130901318004003024269290
B0233453700756N11922833WA0130901318004003024266282
B0233463700756N11922838WA0130801317004003024259284
B0233473700755N11922842WA0130801317004003025257288
B0233483700754N11922847WA0130701316004003025264297
B0233493700754N11922852WA0130601315004003026270293
B0233503700754N11922857WA0130601315004003027268286
B0233513700754N11922862WA0130501314004003027260293
B0233523700753N11922867WA0130501313004003027253267
B0233533700751N11922872WA0130401312004003028253281
B0233543700750N11922877WA0130401311004003029256279
B0233553700749N11922883WA0130201310004003030260284
B0233563700749N11922888WA0130101309004003030262284
B0233573700748N11922894WA0129901308004003030264294
B0233583700748N11922899WA0129801307004003029263294
B0233593700747N11922905WA0129701307004003029262294
B0234003700747N11922910WA0129701306004003029257275
B0234013700746N11922915WA0129601305004003029254278
B0234023700744N11922921WA0129401303004003030255286
B0234033700744N11922927WA0129201301004003032261289
B0234043700743N11922932WA0129001299004003032270297
B0234053700744N11922938WA0128901298004003032275299
B0234063700744N11922944WA0128901297004003030272285
B0234073700744N11922950WA0128801297004003030264289
B0234083700743N11922955WA0128601296004003029263294
B0234093700743N11922960WA0128701296004003028268292
B0234103700744N11922965WA0128501294004003029274287
B0234113700743N11922971WA0128401293004003029266261
B0234123700742N11922976WA0128301292004003029258282
B0234133700741N11922982WA0128101291004003029255289
B0234143700741N11922986WA0128101290004003025261272
B0234153700740N11922991WA0128001289004003025264286
B0234163700740N11922996WA0127901286004003025264276
B0234173700740N11923002WA0127701286004003028264287
B0234183700739N11923008WA0127501285004003035267286
B0234193700739N11923015WA0127601286004003036278297
B0234203700740N11923022WA0127601286004003036278292
B0234213700741N11923029WA0127701287004003038274283
B0234223700741N11923036WA0127801288004003037268299
B0234233700741N11923043WA0127901290004003037272325
B0234243700742N11923048WA0128001291004003033284317
B0234253700743N11923053WA0128101291004003030293303
B0234263700745N11923058WA0128201290004003030289297
B0234273700746N11923064WA0128201290004003031276292
B0234283700746N11923070WA0128201290004003031267293
B0234293700746N11923076WA0128301291004003031271311
B0234303700746N11923081WA0128401291004003030279311
B0234313700748N11923085WA0128401292004003023289313
B0234323700749N11923088WA0128401291004003023294304
B0234333700751N11923092WA0128301290004003023297310
B0234343700752N11923096WA0128201288004003023297300
B0234353700754N11923101WA0128101287004003026294305
B0234363700755N11923106WA0128001287004003027288276
B0234373700756N11923110WA0128001287004003027279270
B0234383700756N11923115WA0128001287004003024269261
B0234393700756N11923120WA0127901286004003024258268
B0234403700754N11923125WA0127901285004003026252263
B0234413700753N11923130WA0127801285004003030250273
B0234423700751N11923135WA0127801285004003030250277
B0234433700750N11923140WA0127801285004003030248272
B0234443700748N11923145WA0127801285004003028242253
B0234453700746N11923150WA0127701284004003027240258
B0234463700744N11923154WA0127701283004003026238259
B0234473700742N11923158WA0127601282004003026238267
B0234483700740N11923162WA0127401280004003026239266
B0234493700738N11923167WA0127201278004003027243258
B0234503700736N11923172WA0127001275004003030247271
B0234513700735N11923178WA0126901274004003031248260
B0234523700733N11923183WA0126901274004003031248272
B0234533700731N11923188WA0126801273004003029247266
B0234543700730N11923192WA0126701272004003027249268
B0234553700729N11923197WA0126501270004003027252268
B0234563700727N11923202WA0126401269004003029254262
B0234573700726N11923207WA0126301268004003029255262
B0234583700725N11923213WA0126201267004003029255277
B0234593700724N11923217WA0126101267004003027254265
B0235003700723N11923222WA0126001265004003025253270
B0235013700722N11923226WA0125901264004003026254265
B0235023700721N11923231WA0125801262004003027255271
B0235033700720N11923236WA0125701261004003027256269
B0235043700719N11923241WA0125601260004003027254269
B0235053700718N11923245WA0125501259004003025252268
B0235063700717N11923250WA0125301258004003025251258
B0235073700716N11923254WA0125201256004003025250257
B0235083700714N11923259WA0125001255004003026248250
B0235093700712N11923264WA0125001253004003028245259
B0235103700711N11923268WA0124801252004003028243264
B0235113700709N11923273WA0124701251004003028243271
B0235123700707N11923277WA0124601250004003027247274
B0235133700706N11923282WA0124501249004003025251286
B0235143700705N11923286WA0124301247004003025255288
B0235153700704N11923290WA0124101246004003024260293
B0235163700704N11923295WA0124001244004003024269300
B0235173700705N11923299WA0123901243004003024283291
B0235183700706N11923303WA0123801242004003024291277
B0235193700707N11923307WA0123801242004003022285262
B0235203700707N11923310WA0123801242004003019269264
B0235213700707N11923314WA0123701241004003020263270
B0235223700707N11923318WA0123601240004003021270279
B0235233700707N11923322WA0123501239004003021282288
B0235243700708N11923326WA0123501238004003022283274
B0235253700709N11923330WA0123501238004003022276278
B0235263700709N11923334WA0123401238004003022272290
B0235273700709N11923338WA0123401237004003022279297
B0235283700710N11923342WA0123301236004003022290309
B0235293700712N11923346WA0123301236004003023299284
B0235303700714N11923350WA0123301237004003023296260
B0235313700715N11923354WA0123401237004003022283266
B0235323700715N11923358WA0123401237004003021275275
B0235333700715N11923361WA0123401237004003020278279
B0235343700716N11923365WA0123401237004003020284287
B0235353700717N11923368WA0123401237004003019289272
B0235363700718N11923371WA0123301236004003018294270
B0235373700719N11923374WA0123101234004003017292277
B0235383700720N11923377WA0123001233004003018284280
B0235393700720N11923381WA0122801230004003018280273
B0235403700721N11923385WA0122601229004003021291284
B0235413700723N11923388WA0122501228004003022308276
B0235423700725N11923391WA0122401227004003022316283
B0235433700728N11923394WA0122401227004003022306288
B0235443700729N11923398WA0122401227004003022290286
B0235453700730N11923402WA0122401227004003022284286
B0235463700731N11923406WA0122401228004003022285286
B0235473700732N11923408WA0122501229004003019284283
B0235483700732N11923411WA0122601229004003016277278
B0235493700732N11923414WA0122601229004003018268270
B0235503700731N11923418WA0122501228004003022262264
B0235513700731N11923422WA0122401227004003022258267
B0235523700730N11923426WA0122401227004003022254265
B0235533700729N11923430WA0122301226004003022252261
B0235543700728N11923434WA0122301225004003024252264
B0235553700726N11923439WA0122201224004003024251258
B0235563700725N11923444WA0122201224004003027250269
B0235573700723N11923449WA0122201225004003027249268
B0235583700722N11923454WA0122301225004003027249276
B0235593700721N11923458WA0122301225004003025251277
B0236003700720N11923462WA0122301225004003024254279
B0236013700719N11923467WA0122101224004003025259285
B0236023700719N11923472WA0122001223004003027266276
B0236033700719N11923477WA0122001222004003027274283
B0236043700720N11923482WA0122001223004003027278280
B0236053700720N11923487WA0122101224004003024272274
B0236063700720N11923491WA0122201224004003024260267
B0236073700719N11923496WA0122201224004003024256270
B0236083700718N11923501WA0122101223004003025261284
B0236093700717N11923506WA0122101223004003030265279
B0236103700717N11923512WA0122101223004003030264267
B0236113700716N11923517WA0122201225004003028254268
B0236123700715N11923521WA0122301225004003027246272
B0236133700713N11923526WA0122301226004003027248279
B0236143700712N11923531WA0122401226004003027258284
B0236153700712N11923536WA0122401226004003027267293
B0236163700712N11923540WA0122401226004003026273292
B0236173700712N11923544WA0122401227004003020283317
B0236183700714N11923547WA0122401227004003020300318
B0236193700715N11923550WA0122401226004003018316326
B0236203700718N11923552WA0122401226004003018329329
B0236213700721N11923553WA0122301225004003023339337
B0236223700725N11923554WA0122301225004003024356002
B0236233700728N11923552WA0122301226004003024023011
B0236243700731N11923549WA0122401226004003024045027
B0236253700733N11923545WA0122501227004003025058031
B0236263700735N11923541WA0122501228004003027068045
B0236273700736N11923536WA0122501227004003027081053
B0236283700736N11923529WA0122301225004003030093068
B0236293700735N11923522WA0122101223004003042102085
B0236303700732N11923514WA0122001221004003046110101
B0236313700729N11923506WA0121901222004003045121111
B0236323700725N11923500WA0121901222004003045135125
B0236333700720N11923496WA0121901221004003040147141
B0236343700715N11923492WA0121901221004003040159157
B0236353700709N11923491WA0121801220004003040166172
B0236363700702N11923490WA0121701219004003040172185
B0236373700696N11923489WA0121701219004003040178193
B0236383700690N11923490WA0121701219004003038184200
B0236393700685N11923491WA0121601219004003038188214
B0236403700679N11923492WA0121601218004003038191218
B0236413700673N11923494WA0121601218004003039195231
B0236423700667N11923496WA0121601219004003040198224
B0236433700662N11923499WA0121701219004003034203218
B0236443700658N11923501WA0121701219004003034211235
B0236453700655N11923504WA0121701219004003028218238
B0236463700652N11923507WA0121701218004003027220236
B0236473700649N11923511WA0121601218004003027216240
B0236483700645N11923514WA0121601217004003031213249
B0236493700642N11923517WA0121601218004003031216260
B0236503700638N11923521WA0121601218004003030222266
B0236513700635N11923525WA0121701218004003029229262
B0236523700633N11923529WA0121701219004003028230259
B0236533700630N11923533WA0121701219004003026229263
B0236543700628N11923536WA0121801219004003026228265
B0236553700625N11923540WA0121801219004003025231283
B0236563700623N11923543WA0121801219004003025239297
B0236573700622N11923547WA0121801219004003021258300
B0236583700622N11923550WA0121701218004003016286302
B0236593700623N11923553WA0121601217004003018301317
B0237003700626N11923555WA0121601217004003017319324
B0237013700628N11923556WA0121601218004003017356333
B0237023700631N11923554WA0121601218004003017019344
B0237033700634N11923553WA0121601217004003018021348
B0237043700636N11923552WA0121501216004003018010336
B0237053700639N11923552WA0121401215004003018353336
B0237063700642N11923554WA0121201213004003020335323
B0237073700645N11923557WA0121101212004003023320311
B0237083700648N11923559WA0121101212004003023308298
B0237093700650N11923563WA0121001212004003023301297
B0237103700651N11923567WA0120901210004003022293292
B0237113700653N11923571WA0120801210004003022288299
B0237123700654N11923575WA0120801210004003025284307
B0237133700654N11923580WA0120901210004003025276295
B0237143700654N11923584WA0120901210004003023270295
B0237153700654N11923588WA0120801209004003023270289
B0237163700654N11923593WA0120701208004003024272285
B0237173700654N11923597WA0120701208004003024269278
B0237183700653N11923601WA0120701208004003023259253
B0237193700652N11923605WA0120601207004003022248275
B0237203700651N11923609WA0120501206004003023243268
B0237213700649N11923613WA0120301203004003028246282
B0237223700647N11923619WA0120101201004003028248265
B0237233700645N11923625WA0120001200004003031248275
B0237243700643N11923630WA0119901200004003031244261
B0237253700641N11923635WA0119901200004003031239260
B0237263700639N11923639WA0119801199004003030238248
B0237273700636N11923644WA0119701198004003030238260
B0237283700634N11923649WA0119701198004003033239257
B0237293700631N11923655WA0119601198004003034236262
B0237303700629N11923660WA0119601198004003033233247
B0237313700626N11923664WA0119701199004003033226255
B0237323700623N11923668WA0119701198004003025225249
B0237333700620N11923671WA0119601197004003026227251
B0237343700617N11923675WA0119501195004003026229253
B0237353700614N11923679WA0119401195004003029229252
B0237363700611N11923684WA0119401194004003030230253
B0237373700609N11923688WA0119401194004003030231254
B0237383700606N11923692WA0119301194004003028228251
B0237393700603N11923695WA0119301193004003026225239
B0237403700601N11923699WA0119201192004003028223242
B0237413700597N11923702WA0119101190004003029223237
B0237423700594N11923706WA0119001189004003029222240
B0237433700590N11923710WA0118801188004003031221243
B0237443700587N11923714WA0118801187004003031221257
B0237453700583N11923718WA0118701187004003031223263
B0237463700581N11923721WA0118701186004003029224255
B0237473700578N11923724WA0118601185004003028223253
B0237483700575N11923728WA0118401183004003030225259
B0237493700572N11923733WA0118301182004003030230272
B0237503700569N11923737WA0118201181004003030235287
B0237513700567N11923741WA0118201181004003029240286
B0237523700565N11923746WA0118101180004003024246288
B0237533700564N11923750WA0118101179004003024255283
B0237543700564N11923754WA0118001178004003024262287
B0237553700564N11923759WA0117801176004003024266288
B0237563700564N11923763WA0117701175004003024269289
B0237573700564N11923767WA0117701174004003024271292
B0237583700564N11923772WA0117601173004003023274296
B0237593700564N11923776WA0117401172004003022278311
B0238003700565N11923780WA0117301171004003021286316
B0238013700567N11923783WA0117201170004003021295326
B0238023700568N11923786WA0117101168004003020305326
B0238033700570N11923789WA0116901166004003020309322
B0238043700572N11923792WA0116701164004003021313323
B0238053700575N11923794WA0116601163004003022319323
B0238063700577N11923797WA0116401162004003022323339
B0238073700580N11923799WA0116301161004003022329338
B0238083700582N11923801WA0116201160004003020334346
B0238093700585N11923802WA0116101159004003020341341
B0238103700589N11923803WA0116001157004003020347341
B0238113700592N11923804WA0115901155004003022351338
B0238123700596N11923804WA0115701154004003024352339
B0238133700599N11923805WA0115601152004003024352340
B0238143700603N11923806WA0115401150004003024352342
B0238153700607N11923806WA0115401149004003026354341
B0238163700611N11923806WA0115301149004003025356336
B0238173700614N11923807WA0115201148004003025358339
B0238183700617N11923807WA0115101147004003023358340
B0238193700621N11923807WA0114901145004003022356341
B0238203700624N11923807WA0114701143004003025353345
B0238213700628N11923808WA0114501141004003027351331
B0238223700632N11923809WA0114401139004003027353343
B0238233700636N11923809WA0114301138004003027355324
B0238243700640N11923810WA0114201138004003025352323
B0238253700644N11923810WA0114101137004003025347330
B0238263700647N11923812WA0114001136004003022344330
B0238273700650N11923813WA0113901136004003021339316
B0238283700652N11923814WA0113801134004003021330317
B0238293700655N11923817WA0113701131004003023322312
B0238303700658N11923820WA0113501130004003023320317
B0238313700660N11923822WA0113501129004003023323325
B0238323700663N11923825WA0113401129004003020325317
B0238333700665N11923827WA0113301127004003020323315
B0238343700668N11923829WA0113101125004003020319310
B0238353700670N11923832WA0113001124004003021315311
B0238363700672N11923835WA0112801122004003022313312
B0238373700674N11923838WA0112701121004003022312308
B0238383700676N11923841WA0112601120004003021314317
B0238393700679N11923843WA0112501118004003020318309
B0238403700681N11923846WA0112401117004003020318309
B0238413700683N11923848WA0112201115004003021314304
B0238423700685N11923852WA0112101114004003021310305
B0238433700687N11923855WA0112001113004003022308306
B0238443700689N11923858WA0112001113004003022307302
B0238453700691N11923861WA0111901112004003020305303
B0238463700693N11923864WA0111801111004003020302299
B0238473700694N11923867WA0111701110004003020300301
B0238483700696N11923871WA0111601109004003021300305
B0238493700698N11923874WA0111601109004003022304305
B0238503700699N11923878WA0111601109004003021305306
B0238513700701N11923880WA0111601109004003021302294
B0238523700702N11923883WA0111501108004003018298296
B0238533700704N11923886WA0111401106004003018295303
B0238543700705N11923890WA0111201104004003022295301
B0238553700706N11923894WA0111101103004003023296294
B0238563700708N11923898WA0111001103004003022295292
B0238573700709N11923901WA0111001103004003021293295
B0238583700710N11923904WA0111001102004003017294298
B0238593700711N11923907WA0110801100004003017294302
B0239003700712N11923910WA0110601098004003017294293
B0239013700714N11923914WA0110401096004003020294298
B0239023700715N11923918WA0110301094004003025295298
B0239033700717N11923922WA0110201094004003025296299
B0239043700718N11923926WA0110201094004003024297303
B0239053700720N11923929WA0110101093004003020299298
B0239063700721N11923932WA0110001092004003019299295
B0239073700723N11923935WA0109901090004003021298300
B0239083700724N11923939WA0109801089004003021295294
B0239093700725N11923942WA0109701088004003021291296
B0239103700726N11923946WA0109701088004003020288290
B0239113700727N11923950WA0109601087004003020288306
B0239123700728N11923953WA0109601087004003020290301
B0239133700729N11923957WA0109501086004003020291307
B0239143700730N11923960WA0109401085004003020289294
B0239153700731N11923964WA0109301084004003021285296
B0239163700732N11923968WA0109201082004003021280292
B0239173700732N11923972WA0109101081004003022281308
B0239183700733N11923976WA0109001081004003019282299
B0239193700734N11923979WA0108901080004003019281305
B0239203700734N11923982WA0108701079004003018275294
B0239213700734N11923985WA0108601077004003018274294
B0239223700734N11923989WA0108501076004003019274309
B0239233700735N11923992WA0108401075004003019273305
B0239243700735N11923995WA0108301073004003017272308
B0239253700735N11923999WA0108101072004003017274297
B0239263700735N11924003WA0108001070004003023275300
B0239273700736N11924007WA0107901069004003025279301
B0239283700737N11924012WA0107801068004003025289307
B0239293700738N11924015WA0107701068004003025299303
B0239303700740N11924019WA0107701068004003022299300
B0239313700741N11924023WA0107701067004003022291288
B0239323700742N11924026WA0107701067004003021285300
B0239333700743N11924030WA0107501065004003021289299
B0239343700745N11924034WA0107301064004003023294310
B0239353700746N11924038WA0107201062004003024293295
B0239363700747N11924043WA0107201061004003024288304
B0239373700748N11924047WA0107201061004003025288304
B0239383700750N11924052WA0107101061004003023290298
B0239393700751N11924055WA0107101061004003023289304
B0239403700752N11924059WA0107001060004003022283292
B0239413700752N11924063WA0106901059004003021278302
B0239423700753N11924067WA0106801058004003021279310
B0239433700753N11924071WA0106601056004003022282308
B0239443700754N11924075WA0106501055004003022286304
B0239453700755N11924079WA0106401054004003022286298
B0239463700756N11924083WA0106301053004003021283291
B0239473700757N11924087WA0106301051004003021282293
B0239483700757N11924091WA0106101050004003021285298
B0239493700758N11924094WA0106101049004003021290299
B0239503700759N11924098WA0105901048004003019291301
B0239513700760N11924101WA0105801047004003019289288
B0239523700761N11924104WA0105701046004003018287296
B0239533700762N11924107WA0105601045004003017291302
B0239543700763N11924110WA0105601044004003017295300
B0239553700764N11924113WA0105401042004003017296309
B0239563700765N11924115WA0105301041004003017295297
B0239573700766N11924118WA0105201040004003017294310
B0239583700767N11924121WA0105101038004003017295294
B0239593700769N11924124WA0105001037004003017295298
B0240003700769N11924127WA0104801036004003016294293
B0240013700770N11924129WA0104701034004003016292293
B0240023700771N11924132WA0104601032004003016287301
B0240033700772N11924135WA0104401030004003016282302
B0240043700772N11924138WA0104201029004003016284299
B0240053700773N11924141WA0103901026004003016290301
B0240063700774N11924144WA0103801025004003019294298
B0240073700775N11924147WA0103701023004003019293298
B0240083700776N11924150WA0103601022004003018289290
B0240093700777N11924153WA0103501021004003017287303
B0240103700778N11924156WA0103301019004003018290305
B0240113700779N11924160WA0103201019004003019296282
B0240123700780N11924163WA0103101018004003019297289
B0240133700781N11924166WA0103101018004003019287273
B0240143700782N11924169WA0103001017004003016271295
B0240153700782N11924172WA0102901016004003016270301
B0240163700782N11924175WA0102701015004003016290305
B0240173700784N11924178WA0102601013004003016303301
B0240183700785N11924181WA0102501012004003018298298
B0240193700786N11924184WA0102401011004003018284303
B0240203700787N11924186WA0102401011004003016282298
B0240213700787N11924188WA0102301010004003013294304
B0240223700788N11924190WA0102201008004003013293303
B0240233700789N11924193WA0102001006004003016281287
B0240243700789N11924196WA0101901005004003016267270
B0240253700788N11924199WA0101801005004003017260279
B0240263700788N11924202WA0101801004004003015255276
B0240273700787N11924205WA0101801004004003015252265
B0240283700786N11924207WA0101801003004003014234243
B0240293700784N11924209WA0101701002004003014212234
B0240303700780N11924211WA0101601001004003028197227
B0240313700775N11924212WA0101500999004003034184202
B0240323700770N11924211WA0101400999004003034173180
B0240333700764N11924209WA0101300998004003037160173
B0240343700758N11924206WA0101200997004003043152166
B0240353700753N11924201WA0101100996004003044148178
B0240363700747N11924197WA0101000995004003044148172
B0240373700741N11924193WA0100900994004003044149171
B0240383700736N11924189WA0100800994004003044150167
B0240393700730N11924184WA0100800994004003044148157
B0240403700725N11924180WA0100700993004003042144150
B0240413700720N11924175WA0100700993004003042141147
B0240423700715N11924170WA0100500991004003044139153
B0240433700709N11924164WA0100400989004003047140162
B0240443700704N11924159WA0100200988004003047142168
B0240453700698N11924154WA0100200987004003047145165
B0240463700692N11924149WA0100100987004003043147166
B0240473700687N11924145WA0100100986004003043146159
B0240483700683N11924141WA0100000985004003040145154
B0240493700678N11924137WA0099900984004003040141139
B0240503700673N11924131WA0099700982004003041135128
B0240513700669N11924124WA0099600981004003047126110
B0240523700666N11924117WA0099500979004003047114094
B0240533700664N11924108WA0099400978004003047102080
B0240543700663N11924099WA0099200976004003047091077
B0240553700664N11924091WA0099000975004003046085073
B0240563700665N11924082WA0098900973004003046084088
B0240573700665N11924073WA0098800972004003047088088
B0240583700664N11924064WA0098700970004003047094093
B0240593700664N11924055WA0098500969004003048097091
B0241003700663N11924047WA0098400968004003047097079
B0241013700662N11924038WA0098400968004003047096074
B0241023700661N11924030WA0098300967004003046093061
B0241033700662N11924022WA0098200966004003044085053
B0241043700663N11924015WA0098200965004003038072040
B0241053700666N11924009WA0098000962004003038056028
B0241063700670N11924005WA0097800960004003036037011
B0241073700674N11924003WA0097600959004003032016353
B0241083700677N11924004WA0097500958004003020348336
B0241093700678N11924006WA0097400956004003020300312
B0241103700678N11924009WA0097200955004003017246288
B0241113700675N11924012WA0097100953004003017213261
B0241123700671N11924013WA0096900951004003030188242
B0241133700666N11924012WA0096700949004003036167211
B0241143700661N11924009WA0096600947004003036149186
B0241153700656N11924003WA0096400945004003043132164
B0241163700652N11923995WA0096300944004003048114138
B0241173700651N11923986WA0096100942004003048094112
B0241183700652N11923978WA0095900940004003047073085
B0241193700655N11923971WA0095800939004003043053057
B0241203700659N11923968WA0095700937004003030030032
B0241213700663N11923968WA0095500935004003030357000
B0241223700665N11923970WA0095300933004003022315334
B0241233700665N11923973WA0095100931004003018256302
B0241243700662N11923976WA0094900929004003026214268
B0241253700657N11923977WA0094700927004003035182237
B0241263700651N11923974WA0094500925004003035155206
B0241273700646N11923968WA0094300923004003043131179
B0241283700643N11923960WA0094100920004003050109144
B0241293700643N11923950WA0093900919004003050085112
B0241303700645N11923943WA0093800917004003048063079
B0241313700649N11923938WA0093700916004003042039049
B0241323700653N11923937WA0093500914004003027010019
B0241333700656N11923938WA0093400913004003027335340
B0241343700657N11923941WA0093200911004003020285315
B0241353700656N11923944WA0093000909004003020232282
B0241363700652N11923946WA0092800906004003031196251
B0241373700646N11923945WA0092500904004003041167220
B0241383700639N11923943WA0092300903004003041136189
B0241393700634N11923935WA0092100903004003049116155
B0241403700633N11923925WA0091900900004003049091124
B0241413700634N11923916WA0091700899004003049062089
B0241423700638N11923909WA0091700898004003043045048
B0241433700642N11923907WA0091600898004003035030025
B0241443700645N11923906WA0091500896004003020015004
B0241453700648N11923906WA0091400894004003020351334
B0241463700650N11923907WA0091200892004003016317319
B0241473700651N11923910WA0091000889004003015268297
B0241483700649N11923913WA0090700886004003023223272
B0241493700645N11923915WA0090500882004003033190244
B0241503700639N11923913WA0090200879004003033160214
B0241513700632N11923910WA0090000879004003043130188
B0241523700628N11923902WA0089900879004003045110145
B0241533700627N11923893WA0089900879004003045099117
B0241543700627N11923886WA0089800877004003041087100
B0241553700629N11923879WA0089700875004003038077082
B0241563700631N11923872WA0089500873004003036068065
B0241573700633N11923866WA0089400872004003036060049
B0241583700636N11923861WA0089300871004003034056036
B0241593700639N11923856WA0089200870004003033054025
B0242003700642N11923851WA0089000868004003032052021
B0242013700645N11923847WA0088900867004003032051015
B0242023700648N11923842WA0088700865004003032046008
B0242033700652N11923838WA0088600863004003032037001
B0242043700656N11923835WA0088500862004003029025351
B0242053700660N11923834WA0088400861004003029010334
B0242063700663N11923834WA0088300860004003023338323
B0242073700664N11923837WA0088100857004003016277299
B0242083700662N11923841WA0087800854004003024228266
B0242093700657N11923843WA0087600852004003034197238
B0242103700652N11923843WA0087500851004003034175219
B0242113700646N11923843WA0087500851004003034173212
B0242123700643N11923842WA0087400850004003018198209
B0242133700641N11923844WA0087200848004003018249242
B0242143700642N11923848WA0086900844004003018283270
B0242153700644N11923852WA0086700844004003020319289
B0242163700647N11923854WA0086600843004003022001310
B0242173700651N11923852WA0086500840004003026023335
B0242183700654N11923849WA0086400839004003026030354
B0242193700658N11923847WA0086200837004003026022348
B0242203700661N11923846WA0086000835004003020001334
B0242213700663N11923848WA0085900833004003020318315
B0242223700663N11923851WA0085700830004003019266290
B0242233700661N11923855WA0085400827004003019220261
B0242243700656N11923857WA0085100825004003038187235
B0242253700649N11923854WA0084900822004003046159198
B0242263700642N11923850WA0084700821004003046127167
B0242273700640N11923841WA0084500820004003049105129
B0242283700640N11923832WA0084400818004003045083100
B0242293700643N11923825WA0084300816004003045063069
B0242303700646N11923819WA0084100815004003040045046
B0242313700650N11923816WA0084000814004003034034022
B0242323700654N11923813WA0083900813004003026025005
B0242333700657N11923812WA0083800811004003026014355
B0242343700661N11923811WA0083600809004003025007349
B0242353700665N11923811WA0083400807004003025004352
B0242363700669N11923810WA0083300806004003026004344
B0242373700673N11923810WA0083200805004003026002333
B0242383700676N11923810WA0083100805004003024355331
B0242393700679N11923811WA0083100803004003021346326
B0242403700682N11923812WA0082900802004003019344327
B0242413700685N11923813WA0082700800004003019346322
B0242423700687N11923813WA0082600798004003019344322
B0242433700690N11923815WA0082400796004003019337319
B0242443700693N11923816WA0082300794004003019335320
B0242453700695N11923817WA0082100793004003021337321
B0242463700698N11923819WA0082000792004003020340321
B0242473700701N11923820WA0081900791004003020341320
B0242483700704N11923821WA0081800789004003019335313
B0242493700706N11923823WA0081700788004003019321277
B0242503700707N11923825WA0081600787004003016279269
B0242513700706N11923828WA0081300784004003016242255
B0242523700703N11923832WA0081100781004003027221248
B0242533700700N11923835WA0080900781004003030206253
B0242543700696N11923837WA0080800781004003027207275
B0242553700694N11923839WA0080700780004003022234263
B0242563700693N11923842WA0080400778004003019291274
B0242573700696N11923845WA0080200774004003027315303
B0242583700699N11923849WA0080100774004003027320286
B0242593700701N11923851WA0080000774004003024305285
B0243003700702N11923853WA0079900772004003016243277
B0243013700700N11923856WA0079600768004003025224253
B0243023700696N11923859WA0079400767004003031208241
B0243033700692N11923862WA0079400767004003026202246
B0243043700689N11923863WA0079300767004003026219246
B0243053700688N11923865WA0079100764004003017280256
B0243063700690N11923869WA0078800759004003026314291
B0243073700693N11923873WA0078600759004003029337308
B0243083700698N11923874WA0078600758004003026343301
B0243093700699N11923876WA0078500757004003021291302
B0243103700700N11923878WA0078100754004003023235272
B0243113700698N11923881WA0077700756004003041199243
B0243123700691N11923883WA0077500756004003041171209
B0243133700684N11923880WA0077500756004003041155187
B0243143700678N11923876WA0077600755004003028145182
B0243153700675N11923873WA0077700751004003028163179
B0243163700672N11923872WA0077500749004003025182197
B0243173700667N11923873WA0077300744004003025183213
B0243183700661N11923873WA0077100744004003035176204
B0243193700655N11923872WA0077100743004003035172202
B0243203700650N11923871WA0077000742004003035174210
B0243213700645N11923871WA0077000741004003033179217
B0243223700642N11923872WA0077000740004003025185226
B0243233700639N11923873WA0076900738004003025200241
B0243243700636N11923875WA0076800736004003021227253
B0243253700636N11923878WA0076600733004003019264275
B0243263700637N11923882WA0076300731004003022305296
B0243273700641N11923884WA0076100728004003027345317
B0243283700645N11923883WA0075900727004003027014342
B0243293700649N11923880WA0075800726004003032035000
B0243303700652N11923875WA0075700725004003034057018
B0243313700654N11923868WA0075700724004003035071039
B0243323700655N11923862WA0075700723004003035081056
B0243333700656N11923855WA0075600723004003036100070
B0243343700653N11923849WA0075500722004003035120098
B0243353700651N11923844WA0075300721004003035146130
B0243363700645N11923844WA0075100718004003035181167
B0243373700640N11923846WA0075000717004003034203205
B0243383700637N11923849WA0074900717004003022224226
B0243393700635N11923853WA0074900716004003022248249
B0243403700635N11923856WA0074800715004003019274265
B0243413700636N11923860WA0074700713004003019303282
B0243423700639N11923863WA0074500711004003026331299
B0243433700644N11923864WA0074400710004003030352318
B0243443700648N11923864WA0074400710004003027355328
B0243453700651N11923865WA0074300710004003027336326
B0243463700653N11923867WA0074100708004003022293314
B0243473700654N11923872WA0073800707004003029260286
B0243483700652N11923878WA0073600708004003029231267
B0243493700649N11923883WA0073700709004003029222257
B0243503700646N11923885WA0073700706004003015248251
B0243513700645N11923888WA0073500702004003019286273
B0243523700647N11923892WA0073400699004003019305293
B0243533700650N11923897WA0073200699004003026326303
B0243543700654N11923899WA0073100698004003030349318
B0243553700659N11923899WA0073100697004003030007338
B0243563700663N11923897WA0073000697004003030015345
B0243573700667N11923896WA0073000696004003028018348
B0243583700671N11923894WA0072900695004003026028004
B0243593700674N11923891WA0072700693004003029035004
B0244003700678N11923887WA0072600691004003029038003
B0244013700682N11923883WA0072400689004003033034353
B0244023700686N11923880WA0072400689004003033026349
B0244033700691N11923878WA0072300688004003033012325
B0244043700695N11923878WA0072200686004003030350315
B0244053700698N11923881WA0072000684004003029321305
B0244063700701N11923886WA0071800682004003033301297
B0244073700704N11923891WA0071700682004003033292293
B0244083700705N11923897WA0071700682004003033291285
B0244093700707N11923902WA0071600682004003029294284
B0244103700709N11923906WA0071600681004003026295280
B0244113700710N11923911WA0071400679004003029293277
B0244123700712N11923916WA0071300677004003029290274
B0244133700713N11923922WA0071200676004003032287277
B0244143700715N11923928WA0071200676004003030285279
B0244153700716N11923933WA0071200676004003030288266
B0244163700718N11923937WA0071100675004003028294273
B0244173700719N11923942WA0071100675004003026297266
B0244183700721N11923946WA0071000674004003026292266
B0244193700722N11923951WA0070900673004003026281264
B0244203700722N11923955WA0070800671004003025270269
B0244213700722N11923960WA0070700670004003025264264
B0244223700721N11923965WA0070600669004003025263265
B0244233700721N11923969WA0070500668004003025263261
B0244243700720N11923974WA0070400667004003025263266
B0244253700720N11923979WA0070300665004003025265265
B0244263700720N11923984WA0070200664004003025269268
B0244273700720N11923988WA0070000663004003025273278
B0244283700720N11923993WA0069900661004003025276296
B0244293700721N11923997WA0069800660004003023286294
B0244303700723N11924001WA0069700658004003023292257
B0244313700723N11924005WA0069500657004003023274229
B0244323700723N11924008WA0069300655005003023226217
B0244333700719N11924010WA0068900650004003025193193
B0244343700713N11924011WA0068600651004003046149170
B0244353700706N11924005WA0068400650004003047124128
B0244363700702N11923997WA0068400650004003046104118
B0244373700702N11923990WA0068400650004003037103115
B0244383700701N11923984WA0068300648004003027113110
B0244393700700N11923979WA0068200646004003029115108
B0244403700698N11923973WA0068000643004003029108101
B0244413700697N11923966WA0067800640004003035101109
B0244423700696N11923959WA0067700640004003036104118
B0244433700694N11923953WA0067600639004003036117118
B0244443700691N11923949WA0067500637004003032132126
B0244453700688N11923945WA0067400635004003029138140
B0244463700685N11923942WA0067300634004003030138150
B0244473700681N11923938WA0067200633004003030143178
B0244483700678N11923936WA0067100632004003028159196
B0244493700674N11923936WA0067000630004003025187217
B0244503700671N11923939WA0066800628004003024224238
B0244513700670N11923944WA0066600625004003025262262
B0244523700672N11923948WA0066400624004003025299287
B0244533700676N11923952WA0066400623004003028332310
B0244543700680N11923953WA0066300623004003029357327
B0244553700684N11923952WA0066300623004003029010338
B0244563700688N11923951WA0066200622004003027002335
B0244573700692N11923952WA0066000619004003026342333
B0244583700695N11923955WA0065800617004003030327319
B0244593700699N11923958WA0065700615004003030329320
B0245003700703N11923960WA0065500615004003030337315
B0245013700707N11923962WA0065500615004003029342307
B0245023700710N11923963WA0065400614004003025335304
B0245033700712N11923966WA0065300612004003019316297
B0245043700714N11923969WA0065100610004003021293290
B0245053700714N11923973WA0064900607004003021276282
B0245063700714N11923977WA0064800606004003022264270
B0245073700714N11923981WA0064700604004003022258278
B0245083700713N11923984WA0064500603004003018262281
B0245093700713N11923987WA0064300601004003018268279
B0245103700713N11923991WA0064200600004003018270261
B0245113700713N11923995WA0064000598004003020266259
B0245123700713N11923999WA0063900597004003020253249
B0245133700711N11924002WA0063800595004003021241245
B0245143700710N11924006WA0063600594004003021235244
B0245153700708N11924009WA0063500592004003021235243
B0245163700706N11924012WA0063400590004003021233242
B0245173700704N11924015WA0063200589004003021233236
B0245183700702N11924018WA0063000587004003023231233
B0245193700700N11924022WA0062800584004003023228229
B0245203700697N11924026WA0062600582004003026224227
B0245213700694N11924029WA0062500581004003029222229
B0245223700691N11924033WA0062400581004003029224227
B0245233700688N11924037WA0062400581004003028225222
B0245243700685N11924040WA0062300580004003027223223
B0245253700683N11924042WA0062300579004003021218215
B0245263700680N11924045WA0062200578004003021213210
B0245273700677N11924047WA0062100577004003021210211
B0245283700675N11924049WA0061900577004003022210206
B0245293700671N11924051WA0061600575004003024211210
B0245303700668N11924054WA0061400573004003026217219
B0245313700665N11924057WA0061300572004003026226217
B0245323700663N11924061WA0061200570004003026231222
B0245333700661N11924064WA0061200569004003022229229
B0245343700659N11924067WA0061100568004003022231231
B0245353700658N11924069WA0061100569004003015255244
B0245363700658N11924071WA0061100568004003012258250
B0245373700658N11924073WA0061000568004003011253243
B0245383700657N11924074WA0061000568004003011254250
B0245393700657N11924076WA0061000567004003011251244
B0245403700656N11924078WA0061000567004003011251247
B0245413700656N11924080WA0061000567004003010250249
B0245423700655N11924082WA0061000566004003010241233
B0245433700654N11924083WA0061000566004003010243242
B0245443700653N11924085WA0061000566004003010242239
B0245453700653N11924087WA0061000566004003011239239
B0245463700652N11924089WA0060900565004003011244248
B0245473700651N11924091WA0060900565004003011244245
B0245483700650N11924093WA0060900565004003011243244
B0245493700649N11924094WA0061000565004003009243238
B0245503700649N11924095WA0061000565004003009239233
B0245513700649N11924096WA0061000565004003005254252
B0245523700648N11924097WA0061000565004003005236291
B0245533700648N11924097WA0061000565004003001236270
B0245543700648N11924096WA0061000566004003001236259
B0245553700648N11924096WA0061000566004003000236263
B0245563700648N11924096WA0061000566004003000236272
B0245573700648N11924096WA0061000566004003000236254
B0245583700649N11924096WA0061000566004003001236286
B0245593700649N11924096WA0061000566004003000236261
B0246003700648N11924096WA0061000566004003000236263
B0246013700648N11924096WA0061000566004003000236261
B0246023700648N11924096WA0061000566004003000236256
B0246033700648N11924096WA0061000566004003000236237
B0246043700648N11924096WA0061000566004003000236248
B0246053700648N11924096WA0061000566004003000236248
B0246063700648N11924096WA0061000566004003000236255
B0246073700648N11924096WA0061000566004003000236231
B0246083700648N11924096WA0061000566004003000236217
B0246093700649N11924097WA0061000566004003003236272
B0246103700649N11924097WA0061000566004003003236273
B0246113700649N11924097WA0061000566004003002236281
B0246123700649N11924098WA0061000566004003002236272
B0246133700649N11924098WA0061000566004003002236279
B0246143700650N11924098WA0061000566004003002236279
B0246153700650N11924099WA0061000566004003002236292
B0246163700650N11924099WA0061000566004003001236275
B0246173700650N11924099WA0061000566004003001236283
B0246183700650N11924099WA0061000566004003001236300
B0246193700650N11924099WA0060900566004003001236286
B0246203700650N11924100WA0060900566004003001236276
GtuKJ3hUWpn8INKI6wVXu5XtZUjpvONKBmbBxW0WazN9uqCA/3hE4LurwP+I3MK+z
G0lLnVBhJY4MRZwHct7NwAGXQLfiYNB12bRcgkQHGSzjpUo19CwCaL19Kmi4T9DYd
GAgM0eFd1/8yvc9ogfr18+S1Qoh1/huXGx260o/EV0/8=
