AXFH000
HFDTE250726
HFPLTPILOT:KaranS
HFGTYGLIDERTYPE:Phi Symphonia 2
HFDTM100GPSDATUM:WGS84
HFRFWFIRMWAREVERSION:9.7
HFRHWHARDWAREVERSION:iPhone 17 Pro
HFFTYFRTYPE:Flyskyhy,9.7
HFGPS:Internal
HFPRSVARIO:XC Tracer
HFCCLCOMPETITIONCLASS:Paraglider
HFTZNTIMEZONE:-7
HFSITSITE:Tollhouse,US
I053638FXA3941VXA4244GSP4547CCO4850HDT
C250726190925250726000104TASK
C0000000N00000000ETAKEOFF
C3700930N11922401W00004009999999000000360000STARTAREA TOLLLN
C3701998N11923196W00000000000400000000360000TURNAREA ROCK
C3702346N11924055W00000000000400000000360000TURNAREA Waypoint
C3701330N11924626W00000000000400000000360000TURNAREA KNOB
C3700122N11924745W00000000000400000000360000TURNAREA LODGE
C3700840N11924023W00000000000400000000360000FINISHAREA TOLLLZ
C0000000N00000000ELANDING
E190954PEVBackground
B1909543700897N11922398WA0124001239002003001241004
B1909553700897N11922398WA0124001239002003000241014
B1909563700897N11922398WA0124001239002003001227027
B1909573700897N11922398WA0124001240002003001227019
B1909583700897N11922397WA0124001240002003003054016
B1909593700898N11922397WA0124001240003003003024336
B1910003700898N11922397WA0124001240003003003023346
B1910013700898N11922397WA0124001240003003002324007
B1910023700898N11922397WA0124001240002003001187005
B1910033700898N11922397WA0124001240002003000187004
B1910043700898N11922397WA0124001240002003000187001
B1910053700898N11922397WA0124001240002003000187010
B1910063700898N11922397WA0124001240002003001187011
B1910073700898N11922397WA0124001240002003000187016
B1910083700898N11922397WA0124001239002003001209029
B1910093700898N11922397WA0124001240002003002048357
B1910103700898N11922396WA0124001240002003004054184
B1910113700899N11922396WA0124001240003003004044156
B1910123700899N11922396WA0123901240003003003279196
B1910133700898N11922397WA0123901240003003003271268
B1910143700898N11922398WA0123901240003003004259061
B1910153700898N11922399WA0123901239004003005258018
B1910163700897N11922400WA0123801239004003005237067
B1910173700896N11922402WA0123701239003003005222294
B1910183700895N11922403WA0123701239003003008218311
B1910193700893N11922405WA0123601238003003009219053
B1910203700892N11922406WA0123301237003003009222121
B1910213700889N11922409WA0123201236003003010221131
B1910223700885N11922413WA0123501236003003017217033
B1910233700881N11922416WA0123601237003003018212248
B1910243700878N11922418WA0123701237003003018202053
B1910253700875N11922420WA0123801237003003018202000
B1910263700872N11922421WA0123701236003003018207001
B1910273700869N11922423WA0123801236004003028204000
B1910283700865N11922425WA0123801237004003028195000
B1910293700860N11922426WA0124001239004003032187000
B1910303700855N11922427WA0124201240004003023187000
B1910313700852N11922428WA0124401241004003023205000
B1910323700851N11922430WA0124601243004003015230000
B1910333700850N11922432WA0124601244004003015231000
B1910343700848N11922435WA0124701245004003023225000
B1910353700845N11922438WA0124801245004003027212359
B1910363700841N11922440WA0124801246004003027187000
B1910373700836N11922440WA0124901248004003030169000
B1910383700832N11922438WA0124901248004003029162000
B1910393700828N11922436WA0125001250004003029162000
B1910403700825N11922436WA0125101250004003025187000
B1910413700822N11922437WA0125101250004003024222000
B1910423700820N11922441WA0125101251004003025244000
B1910433700820N11922446WA0125201253004003025269000
B1910443700821N11922450WA0125301254004003025292000
B1910453700823N11922453WA0125401255004003024313000
B1910463700826N11922456WA0125401256004003025330000
B1910473700830N11922458WA0125501256004003031336000
B1910483700835N11922459WA0125501256004003031345000
B1910493700840N11922460WA0125601257004003034006000
B1910503700846N11922459WA0125701257004003035023000
B1910513700851N11922455WA0125801258004003036045359
B1910523700854N11922449WA0125801258004003036061359
B1910533700855N11922443WA0125801259004003036069358
B1910543700857N11922436WA0125801259004003036072358
B1910553700858N11922429WA0125801259004003039078003
B1910563700859N11922422WA0125801259004003039098008
B1910573700857N11922415WA0125801259004003037118003
B1910583700854N11922410WA0125901260004003034132001
B1910593700850N11922406WA0126001260004003029140000
B1911003700846N11922403WA0126001262004003029146003
B1911013700842N11922401WA0126201264004003029158000
B1911023700839N11922401WA0126301265004003026176000
B1911033700836N11922401WA0126401266004003020195000
B1911043700833N11922403WA0126501267004003020211000
B1911053700831N11922405WA0126501267004003018238000
B1911063700830N11922408WA0126501267004003018264000
B1911073700830N11922412WA0126501267004003023276000
B1911083700831N11922417WA0126601268004003026297000
B1911093700834N11922421WA0126701268004003026318000
B1911103700838N11922424WA0126801269004003027329000
B1911113700842N11922426WA0127001270004003028338359
B1911123700847N11922427WA0127001271004003029344000
B1911133700851N11922428WA0127101271004003028345000
B1911143700855N11922430WA0127101272004003028334000
B1911153700858N11922433WA0127101272004003027322000
B1911163700861N11922436WA0127101272004003027309005
B1911173700863N11922440WA0127101272004003025292000
B1911183700863N11922443WA0127001272004003021279000
B1911193700863N11922447WA0126901272004003025268000
B1911203700863N11922453WA0126801272004003031269000
B1911213700863N11922459WA0126701271004003031279000
B1911223700864N11922465WA0126701271004003032289000
B1911233700866N11922471WA0126801271004003032285000
B1911243700867N11922476WA0126701270004003032270000
B1911253700867N11922482WA0126701269004003031266000
B1911263700866N11922487WA0126601269004003028267000
B1911273700866N11922493WA0126501268004003026269000
B1911283700866N11922497WA0126301266004003026269000
B1911293700866N11922502WA0126201265004003026258000
B1911303700865N11922507WA0126001263004003025249000
B1911313700863N11922511WA0125901261004003023242000
B1911323700861N11922514WA0125701259004003023227000
B1911333700859N11922516WA0125401257004003019204000
B1911343700855N11922516WA0125101253004003019185000
B1911353700851N11922516WA0124801250004003031171000
B1911363700846N11922514WA0124601247004003035157000
B1911373700841N11922510WA0124301245004003035146000
B1911383700837N11922506WA0124101243004003035142000
B1911393700833N11922502WA0124001242004003033138000
B1911403700830N11922498WA0123901240004003033135000
B1911413700826N11922494WA0123701238004003033134000
B1911423700822N11922489WA0123501235004003033138000
B1911433700818N11922485WA0123201233004003038141000
B1911443700814N11922480WA0123001231004003039142000
B1911453700809N11922476WA0122901230004003039140000
B1911463700805N11922471WA0122801229004003039138000
B1911473700801N11922466WA0122801228004003037136000
B1911483700796N11922462WA0122701228004003038139000
B1911493700792N11922457WA0122701227004003038145000
B1911503700787N11922454WA0122701227004003038148000
B1911513700782N11922450WA0122701227004003036145000
B1911523700778N11922446WA0122601227004003036142000
B1911533700774N11922442WA0122601226004003034142000
B1911543700770N11922439WA0122501224004003033142000
B1911553700766N11922435WA0122301223004003034143000
B1911563700762N11922431WA0122201222004003036146000
B1911573700757N11922428WA0122101221004003035149000
E191158PEVForeground
B1911583700753N11922425WA0122101220004003035153000
B1911593700749N11922422WA0121901219004003029151163
B1912003700745N11922419WA0121701217004003032146163
B1912013700740N11922415WA0121601214004003032149165
B1912023700735N11922412WA0121301211004003039156168
B1912033700730N11922410WA0121001211004003031169174
B1912043700726N11922409WA0120901209004003031174180
B1912053700722N11922409WA0120701207004003026172175
B1912063700718N11922408WA0120501204004003026167169
B1912073700714N11922406WA0120301201003003034157166
E191207TPCWaypoint TOLLLN reached
B1912083700709N11922403WA0120101200004003038149155
B1912093700704N11922399WA0120001199004003036139146
B1912103700701N11922394WA0119901199004003036130156
B1912113700698N11922389WA0119901198004003031132168
B1912123700694N11922386WA0119901197004003031147175
B1912133700690N11922385WA0119801195004003029172191
B1912143700686N11922387WA0119601193004003029204210
B1912153700683N11922391WA0119501192004003028235234
B1912163700683N11922396WA0119301191004003028270254
B1912173700684N11922400WA0119301191004003027301281
B1912183700687N11922404WA0119301191004003027324302
B1912193700691N11922405WA0119301191004003026341320
B1912203700695N11922406WA0119201191004003026349334
B1912213700699N11922407WA0119101190004003026351341
B1912223700703N11922408WA0119001188004003027351336
B1912233700708N11922409WA0118901187004003032348334
B1912243700713N11922411WA0118801186004003032345327
B1912253700717N11922413WA0118801186004003032339320
B1912263700721N11922415WA0118701186004003030333322
B1912273700725N11922417WA0118701185004003028332317
B1912283700728N11922419WA0118601185004003029333321
B1912293700732N11922422WA0118601184004003029332312
B1912303700737N11922425WA0118501184004003030330304
B1912313700740N11922428WA0118501183004003030326303
B1912323700744N11922432WA0118501183004003030320315
B1912333700747N11922435WA0118401183004003028321307
B1912343700750N11922437WA0118401182004003025331334
B1912353700753N11922439WA0118301180004003024340331
B1912363700756N11922440WA0118101180004003027336321
B1912373700760N11922443WA0118001179004003027328308
B1912383700763N11922446WA0117901178004003029320305
B1912393700766N11922450WA0117801178004003026313294
B1912403700769N11922453WA0117801177004003026312305
B1912413700771N11922456WA0117701176004003024315314
B1912423700774N11922460WA0117601174004003024316300
B1912433700777N11922463WA0117401172004003026309290
B1912443700779N11922468WA0117301170004003028299285
B1912453700781N11922473WA0117101168004003028293295
B1912463700782N11922478WA0116901167004003030291300
B1912473700784N11922484WA0116801166004003033294299
B1912483700787N11922489WA0116801166004003033297290
B1912493700789N11922494WA0116801167004003031304296
B1912503700791N11922498WA0116901167004003029309291
B1912513700794N11922501WA0116901167004003024308284
B1912523700796N11922505WA0116901167004003025303284
B1912533700798N11922509WA0116901167004003025296283
B1912543700799N11922514WA0116801166004003027289271
B1912553700800N11922520WA0116901167004003028284269
B1912563700801N11922524WA0116901168004003025280271
B1912573700802N11922529WA0117101170004003025284278
B1912583700803N11922533WA0117201171004003025286274
B1912593700804N11922538WA0117301171004003025285276
B1913003700805N11922543WA0117401172004003027285288
B1913013700806N11922548WA0117401173004003028290307
B1913023700809N11922552WA0117601174004003028302317
B1913033700812N11922557WA0117701175004003030317316
B1913043700817N11922561WA0117901177004003039331322
B1913053700823N11922563WA0118001179004003039343331
B1913063700828N11922564WA0118101181004003038353341
B1913073700833N11922564WA0118201181004003034354314
B1913083700837N11922566WA0118201180004003031345304
B1913093700841N11922568WA0118101179004003032329292
B1913103700845N11922573WA0118001177004003032310280
B1913113700846N11922578WA0117901176004003032287265
B1913123700845N11922582WA0117901176004003023250249
B1913133700842N11922584WA0117801176004003023211225
B1913143700839N11922584WA0117901177004003021167200
B1913153700836N11922581WA0117901177004003021137171
B1913163700834N11922577WA0117801177004003025119146
B1913173700833N11922572WA0117801176004003026111130
B1913183700831N11922568WA0117801176004003026114135
B1913193700829N11922562WA0117801176004003029112137
B1913203700828N11922557WA0117801176004003031107139
B1913213700827N11922551WA0117901177004003031106124
B1913223700825N11922546WA0117901178004003030111128
B1913233700823N11922541WA0118001179004003030121127
B1913243700820N11922537WA0118201180004003030127120
B1913253700818N11922532WA0118301180004003031126116
B1913263700815N11922527WA0118501183004003031120110
B1913273700813N11922521WA0118701186004003033111103
B1913283700812N11922515WA0119001189004003034105120
B1913293700811N11922509WA0119301192004003034106145
B1913303700809N11922506WA0119601194004003029123147
B1913313700807N11922502WA0119701194004003024151158
B1913323700803N11922501WA0119801195004003025172182
B1913333700799N11922502WA0120001197004003026195201
B1913343700796N11922505WA0120201200004003025225223
B1913353700794N11922509WA0120301202004003024256242
B1913363700795N11922514WA0120401203004003023284262
B1913373700796N11922517WA0120501203004003023301267
B1913383700799N11922521WA0120501203004003023310291
B1913393700801N11922524WA0120401202004003024318298
B1913403700805N11922527WA0120401201004003032329310
B1913413700810N11922530WA0120301200004003039335309
B1913423700815N11922533WA0120301201004003039331286
B1913433700820N11922537WA0120401203004003039320288
B1913443700822N11922541WA0120401203004003026309273
B1913453700824N11922545WA0120401203004003026288263
B1913463700824N11922549WA0120401203004003022250255
B1913473700822N11922553WA0120301201004003022230228
B1913483700819N11922555WA0120301202004003025207213
B1913493700815N11922556WA0120301202004003025174196
B1913503700811N11922553WA0120301203004003025141173
B1913513700809N11922549WA0120301203004003026120149
B1913523700807N11922543WA0120301203004003033111130
B1913533700805N11922537WA0120301203004003034110128
B1913543700803N11922531WA0120301203004003034114128
B1913553700801N11922525WA0120401203004003035120126
B1913563700797N11922519WA0120501204004003039123123
B1913573700794N11922513WA0120701206004003039120110
B1913583700792N11922506WA0120801209004003039111099
B1913593700791N11922500WA0121101211004003037100110
B1914003700790N11922494WA0121201213004003033091101
B1914013700791N11922488WA0121401214004003033084107
B1914023700791N11922482WA0121401214004003031084106
B1914033700791N11922476WA0121301213004003031093121
B1914043700790N11922470WA0121201211004003034108127
B1914053700787N11922464WA0121101211004003034126145
B1914063700784N11922461WA0121201211004003033147159
B1914073700780N11922460WA0121301213004003030171178
B1914083700777N11922461WA0121401215004003016205194
B1914093700776N11922463WA0121501215004003016244225
B1914103700775N11922466WA0121501215004003016259243
B1914113700775N11922471WA0121601216004003020262248
B1914123700775N11922475WA0121601217004003024264266
B1914133700775N11922479WA0121801219004003024273246
B1914143700775N11922482WA0122001220004003020292279
B1914153700777N11922486WA0122001220004003020313290
B1914163700780N11922488WA0121901220004003027327298
B1914173700785N11922491WA0121901220004003032338304
B1914183700790N11922492WA0122001220004003032349303
B1914193700795N11922493WA0122001220004003034352295
B1914203700800N11922494WA0121901219004003033345300
B1914213700804N11922497WA0121801217004003033324292
B1914223700806N11922502WA0121701215004003031290276
B1914233700807N11922509WA0121701216004003031255251
B1914243700805N11922515WA0121801218004003023232225
B1914253700802N11922516WA0122101221004003023198212
B1914263700800N11922515WA0122401224004003016154196
B1914273700797N11922513WA0122501225004003016144173
B1914283700794N11922510WA0122601226004003024143161
B1914303700791N11922507WA0122601227004003025141142
B1914313700788N11922504WA0122701227004003025131151
B1914323700786N11922500WA0122701227004003025120152
B1914333700784N11922495WA0122701227004003026117158
B1914343700783N11922492WA0122601226004003026122153
B1914353700781N11922489WA0122501225004003021133150
B1914363700779N11922487WA0122301222004003019147172
B1914373700776N11922486WA0122101220004003019180189
B1914383700773N11922488WA0121801218004003021219215
B1914393700772N11922492WA0121701216004003021255235
B1914403700772N11922497WA0121701216004003025280265
B1914413700773N11922501WA0121701217004003022296254
B1914423700775N11922504WA0121701217004003022298262
B1914433700777N11922509WA0121601216004003022293262
B1914443700778N11922514WA0121601215004003026292271
B1914453700780N11922519WA0121501215004003032294278
B1914463700782N11922524WA0121501214004003032300257
B1914473700785N11922529WA0121401214004003030306266
B1914483700787N11922533WA0121401213004003030301279
B1914493700789N11922539WA0121301212004003031290271
B1914503700790N11922544WA0121201212004003031280269
B1914513700790N11922550WA0121101211004003030270263
B1914523700790N11922555WA0121101210004003030265260
B1914533700790N11922561WA0121001210004003028268264
B1914543700790N11922566WA0121001209004003028281252
B1914553700791N11922570WA0120901208004003026291278
B1914563700793N11922575WA0120801206004003026293265
B1914573700795N11922580WA0120601204004003028296282
B1914583700797N11922584WA0120301202004003028301288
B1914593700799N11922589WA0120101199004003028303280
B1915003700802N11922594WA0119801196004003031302276
B1915013700804N11922599WA0119501193004003034297271
B1915023700807N11922611WA0119101189004003033284266
B1915033700809N11922616WA0119001188004003031285272
B1915043700810N11922621WA0118801186004003029296284
B1915053700813N11922626WA0118601183004003029307291
B1915063700816N11922630WA0118401181004003032313295
B1915073700820N11922634WA0118201179004003032316290
B1915083700823N11922638WA0118001177004003033318296
B1915093700827N11922642WA0117901176004003033322313
B1915103700831N11922645WA0117701175004003033329316
B1915113700836N11922648WA0117601173004003033336316
B1915123700840N11922650WA0117401171004003033337297
B1915133700845N11922653WA0117301169004003033333295
B1915143700849N11922656WA0117101168004003033328298
B1915153700853N11922659WA0117001166004003033323293
B1915163700857N11922663WA0116801165004003033319290
B1915173700860N11922667WA0116701163004003032315283
B1915183700864N11922671WA0116601163004003032313277
B1915193700866N11922675WA0116601162004003029313291
B1915203700868N11922678WA0116501161004003024311285
B1915213700870N11922680WA0116401160004003015308288
B1915223700871N11922682WA0116201157004003016306282
B1915233700873N11922685WA0115801153004003016307286
B1915243700876N11922689WA0115501149004003023308280
B1915253700878N11922694WA0115101147004003033305290
B1915263700881N11922700WA0115001146004003034305286
B1915273700884N11922705WA0114901145004003033309285
B1915283700887N11922709WA0114901145004003033310294
B1915293700890N11922713WA0114901144004003028308268
B1915303700893N11922717WA0114801143004003028308275
B1915313700896N11922721WA0114701142004003028309277
B1915323700898N11922726WA0114601142004003029306279
B1915333700901N11922730WA0114601141004003027305288
B1915343700903N11922734WA0114501140004003027310297
B1915353700906N11922737WA0114301138004003026317308
B1915363700909N11922740WA0114201136004003026324306
B1915373700913N11922743WA0114001134004003032329308
B1915383700918N11922746WA0113701132004003033332298
B1915393700922N11922749WA0113601131004003033330290
B1915403700926N11922752WA0113501129004003033324283
B1915413700929N11922756WA0113401127004003028315286
B1915423700931N11922760WA0113201125004003028301267
B1915433700932N11922766WA0113001123004003028283260
B1915443700932N11922771WA0112701120004003028260246
B1915453700929N11922775WA0112501118004003027233228
B1915463700926N11922777WA0112301116004003027206212
B1915473700921N11922778WA0112201116004003027184197
B1915483700917N11922778WA0112201116004003027175182
B1915493700914N11922777WA0112401118004003021172178
B1915503700911N11922777WA0112501120004003021170178
B1915513700909N11922775WA0112601120004003019158176
B1915523700906N11922773WA0112701121004003019141168
B1915533700903N11922769WA0112701121004003026128156
B1915543700901N11922765WA0112801121004003026126146
B1915553700899N11922762WA0112701121004003025146149
B1915563700896N11922761WA0112601120004003023192167
B1915573700893N11922763WA0112501120004003035230206
B1915583700889N11922770WA0112501120004003037261237
B1915593700889N11922778WA0112801123004003037304268
B1916003700894N11922784WA0113001124004003037329308
B1916013700900N11922785WA0113201127004003035350329
B1916023700906N11922786WA0113501129004003036356342
B1916033700912N11922786WA0113701131004003036359000
B1916043700918N11922785WA0113901134004003038013015
B1916053700925N11922782WA0114101134004003043037044
B1916063700929N11922776WA0114301136004003043057071
B1916073700932N11922769WA0114401136004003041088092
B1916083700930N11922764WA0114601138004003034117120
B1916093700926N11922762WA0114601139004003023155141
B1916103700923N11922761WA0114701139004003023193180
B1916113700920N11922764WA0114701141004003023227204
B1916123700918N11922768WA0114901142004003023254234
B1916133700916N11922774WA0115201143004003031268249
B1916143700916N11922780WA0115601145004003031279261
B1916153700918N11922785WA0116001150004003028287266
B1916163700919N11922789WA0116301150004003025291268
B1916173700920N11922793WA0116501150004003022299279
B1916183700922N11922796WA0116501151004003026307286
B1916193700926N11922801WA0116601152004003026314314
B1916203700931N11922805WA0116701154004003034320318
B1916213700935N11922810WA0116901154004003034335354
B1916223700940N11922812WA0117001154004003034352342
B1916233700944N11922811WA0117001154004003031005326
B1916243700949N11922811WA0117001154004003031355323
B1916253700955N11922812WA0116801155004003040328304
B1916263700959N11922818WA0116601153004003040307282
B1916273700961N11922824WA0116401153004003040279267
B1916283700961N11922830WA0116301154004003036242245
B1916293700958N11922832WA0116301155004003024205223
B1916303700954N11922833WA0116301156004003024172196
B1916313700951N11922831WA0116301156004003022164174
B1916323700948N11922830WA0116401157004003021159176
B1916333700945N11922829WA0116501157004003020151171
B1916343700943N11922826WA0116501158004003024140163
B1916363700940N11922823WA0116501159004003024134141
B1916373700937N11922818WA0116601160004003027123145
B1916383700935N11922813WA0116701160004003030114133
B1916393700933N11922808WA0116701161004003030114149
B1916403700931N11922803WA0116701161004003029119166
B1916413700929N11922799WA0116701161004003029123162
B1916423700926N11922795WA0116801162004003028133170
B1916433700923N11922791WA0116801163004003028144158
B1916443700920N11922789WA0116901164004003026146164
B1916453700917N11922786WA0116901165004003026141146
B1916463700914N11922782WA0117001165004003026132140
B1916473700912N11922778WA0117001166004003028120121
B1916483700910N11922773WA0117101166004003028104111
B1916493700910N11922766WA0117201166004003032091091
B1916503700911N11922758WA0117201167004003044075075
B1916513700914N11922751WA0117201167004003045056055
B1916523700919N11922745WA0117301168004003045037041
B1916533700925N11922742WA0117301169004003045016025
B1916543700932N11922741WA0117401169004003043000003
B1916553700938N11922742WA0117501171004003043346348
B1916563700943N11922745WA0117501172004003039338336
B1916573700948N11922748WA0117801175004003037335324
B1916583700952N11922750WA0118001177004003034338326
B1916593700957N11922752WA0118201179004003035340324
B1917003700963N11922754WA0118401182004003035343332
B1917013700968N11922756WA0118601184004003038345331
B1917023700974N11922757WA0118801187004003036353337
B1917033700979N11922758WA0119101189004003036358331
B1917043700984N11922758WA0119201189004003032358349
B1917053700988N11922758WA0119101189004003032357344
B1917063700993N11922758WA0119201189004003032359346
B1917073700998N11922758WA0119201190004003032354320
B1917083701006N11922763WA0119201189004003030321300
B1917093701009N11922768WA0119201189004003031305289
B1917103701011N11922773WA0119001187004003027287271
B1917113701011N11922777WA0118901186004003027260251
B1917123701008N11922781WA0118701184004003023224232
B1917133701005N11922782WA0118601183004003023193199
B1917143701001N11922782WA0118601183004003028169181
B1917153700997N11922779WA0118701185004003028146171
B1917163700994N11922776WA0118801186004003026130155
B1917173700992N11922772WA0118901187004003025127157
B1917183700990N11922768WA0118901187004003026130154
B1917193700987N11922765WA0118901187004003029137158
B1917203700983N11922761WA0119101189004003029143161
B1917213700980N11922758WA0119201191004003029147162
B1917223700976N11922756WA0119401193004003025150180
B1917233700974N11922754WA0119701196004003025150187
B1917243700972N11922753WA0119901198004003018144194
B1917253700970N11922751WA0120001200004003013145178
B1917263700968N11922750WA0120201201004003017164180
B1917273700965N11922750WA0120301202004003023173174
B1917283700961N11922749WA0120401203004003023175197
B1917293700958N11922749WA0120501204004003024180212
B1917303700955N11922750WA0120701206004003017210230
B1917313700953N11922752WA0120801205004003020257246
B1917323700953N11922757WA0120701204004003020304272
B1917333700958N11922762WA0120601204004003033323298
B1917343700964N11922765WA0120701205004003041346331
B1917353700971N11922765WA0120701206004003041004350
B1917363700977N11922764WA0120801207004003039013009
B1917373700982N11922763WA0120901208004003036016020
B1917383700988N11922760WA0121001208004003038019020
B1917393700993N11922757WA0121001208004003040024031
B1917403700999N11922753WA0121001209004003040033049
B1917413701004N11922747WA0121001209004003045046065
B1917423701008N11922739WA0121101209004003046063078
B1917433701009N11922732WA0121101210004003046083093
B1917443701008N11922725WA0121101210004003041105108
B1917453701005N11922719WA0121101210004003038125127
B1917463701001N11922714WA0121301213004003034136142
B1917473700997N11922711WA0121501216004003034140152
B1917483700994N11922708WA0121801218004003031144160
B1917493700991N11922705WA0122001221004003027147163
B1917503700987N11922702WA0122201224004003028145165
B1917513700984N11922699WA0122501224004003028137160
B1917523700982N11922696WA0122701226004003026129156
B1917533700980N11922693WA0122801227004003021123164
B1917543700979N11922690WA0122801226004003018130175
B1917553700977N11922688WA0122701225004003018158188
B1917563700974N11922689WA0122501223004003017209209
B1917573700972N11922692WA0122401224004003017242231
B1917583700971N11922696WA0122501225004003023260245
B1917593700971N11922701WA0122601227004003023275252
B1918003700972N11922705WA0122601228004003022279272
B1918013700973N11922709WA0122601228004003022276263
B1918023700973N11922714WA0122701228004003027272253
B1918033700973N11922719WA0122801229004003028266262
B1918043700972N11922724WA0122801230004003027258235
B1918053700971N11922729WA0123001231004003027250252
B1918063700970N11922733WA0123001232004003024247239
B1918073700968N11922737WA0123101233004003024245219
B1918083700966N11922741WA0123201234004003024238214
B1918093700964N11922744WA0123401236004003024223199
B1918103700961N11922746WA0123601238004003023206187
B1918113700958N11922747WA0123801239004003023186176
B1918123700954N11922747WA0123801240004003023172167
B1918133700950N11922745WA0123801239004003024164153
B1918143700947N11922743WA0123801238004003029143147
B1918153700944N11922739WA0123601237004003031105124
B1918163700944N11922732WA0123401234004003031077098
B1918173700948N11922726WA0123101232004003034053072
B1918183700952N11922721WA0122901230004003038040048
B1918193700957N11922718WA0122801229004003038020031
B1918203700962N11922717WA0122601227004003035356009
B1918213700967N11922719WA0122501226004003035338341
B1918223700972N11922722WA0122501227004003035321321
B1918233700976N11922727WA0122601228004003035307302
B1918243700978N11922731WA0122901231004003030304288
B1918253700980N11922735WA0123101234004003026299282
B1918263700981N11922738WA0123401236004003018294285
B1918273700982N11922741WA0123501237004003021296276
B1918283700984N11922745WA0123601238004003021296280
B1918293700985N11922750WA0123701239004003027289280
B1918303700987N11922755WA0123801240004003026277268
B1918313700987N11922760WA0124001242004003026268254
B1918323700986N11922763WA0124201244004003021260241
B1918333700986N11922767WA0124301244004003020262262
B1918343700985N11922771WA0124301244004003023266278
B1918353700986N11922776WA0124301244004003027282289
B1918363700988N11922780WA0124201243004003027313308
B1918373700992N11922784WA0124101242004003030338325
B1918383700998N11922784WA0123901241004003040003348
B1918393701004N11922781WA0123901240004003043025015
B1918403701009N11922775WA0123801241004003043047040
B1918413701011N11922768WA0123901243004003043069063
B1918423701013N11922762WA0124101243004003034088084
B1918433701013N11922756WA0124301245004003034094109
B1918443701012N11922750WA0124501247004003033098111
B1918463701011N11922743WA0124601248004003033106121
B1918473701008N11922738WA0124801249004003035115131
B1918483701006N11922732WA0124901251004003035123142
B1918493701003N11922727WA0125001252004003035127141
B1918503701000N11922722WA0125201252004003033130139
B1918513700996N11922718WA0125301253004003031133145
B1918523700993N11922714WA0125301253004003031136176
B1918533700990N11922711WA0125301253004003030156177
B1918543700986N11922710WA0125101251004003025201209
B1918553700983N11922715WA0124701248004003032231222
B1918563700980N11922721WA0124501247004003037258252
B1918573700979N11922728WA0124401248004003033278285
B1918583700981N11922734WA0124401249004003033291278
B1918593700983N11922738WA0124401248004003024301294
B1919003700986N11922742WA0124301247004003024307299
B1919013700988N11922745WA0124101246004003024310297
B1919023700992N11922750WA0123901243004003027314301
B1919033700996N11922754WA0123801243004003035314310
B1919043700999N11922759WA0123801243004003035315331
B1919053701002N11922762WA0123701242004003030321323
B1919063701006N11922765WA0123701241004003028327302
B1919073701009N11922768WA0123601239004003030319282
B1919083701012N11922773WA0123401237004003030299270
B1919093701012N11922778WA0123101234004003030271254
B1919103701011N11922784WA0123001232004003031250233
B1919113701009N11922790WA0122901232004003030225219
B1919123701005N11922792WA0122801231004003030198201
B1919133701001N11922792WA0122601229004003026169185
B1919143700995N11922786WA0122201224004003024138152
B1919153700992N11922782WA0121901220004003031135146
B1919163700988N11922777WA0121601217004003036129138
B1919173700985N11922771WA0121401215004003036120135
B1919183700983N11922765WA0121301215004003039116133
B1919193700980N11922758WA0121301214004003036116128
B1919203700978N11922753WA0121201213004003036119130
B1919213700975N11922748WA0121101211004003033121134
B1919223700973N11922743WA0121001209004003031123149
B1919233700970N11922738WA0120801208004003034128143
B1919243700966N11922733WA0120601206004003037129155
B1919253700963N11922727WA0120501206004003035125138
B1919263700960N11922722WA0120501206004003035121158
B1919273700958N11922717WA0120401205004003030120145
B1919283700955N11922713WA0120201203004003030126161
B1919293700952N11922709WA0120101201004003030131170
B1919303700949N11922704WA0120001201004003031131169
B1919313700945N11922698WA0120001202004003040132175
B1919323700941N11922693WA0120201202004003040130175
B1919333700938N11922687WA0120501206004003039125166
B1919343700935N11922683WA0120701209004003034122157
B1919353700933N11922678WA0120901210004003029123153
B1919363700931N11922673WA0121001210004003030123153
B1919373700928N11922669WA0121001210004003030128154
B1919383700924N11922665WA0121001210004003031143162
B1919393700920N11922663WA0121001209004003027168174
B1919403700917N11922664WA0120801208004003027201192
B1919413700914N11922667WA0120701207004003023230214
B1919423700913N11922671WA0120601206004003023251232
B1919433700912N11922677WA0120701207004003029268244
B1919443700913N11922682WA0120801208004003030282259
B1919453700914N11922687WA0120901209004003029287263
B1919463700915N11922691WA0121001211004003024284279
B1919473700916N11922693WA0121101211004003015284283
B1919483700917N11922696WA0121101211004003018306297
B1919493700919N11922699WA0121001209004003018324301
B1919503700924N11922701WA0120801208004003025340315
B1919513700930N11922702WA0120701207004003039356338
B1919523700936N11922701WA0120701207004003041013359
B1919533700941N11922698WA0120801208004003040028020
B1919543700946N11922693WA0120901209004003040041035
B1919553700949N11922687WA0121001210004003039058051
B1919563700951N11922680WA0121001210004003039076071
B1919573700951N11922673WA0121001209004003039094090
B1919583700949N11922666WA0120901210004003039108108
B1919593700947N11922661WA0121001211004003032125122
B1920003700944N11922656WA0121101210004003032137144
B1920013700940N11922653WA0121101210004003030143154
B1920023700936N11922650WA0121001210004003030149148
B1920033700932N11922647WA0121001210004003032149171
B1920043700928N11922644WA0121001210004003034145162
B1920053700924N11922640WA0121101211004003033142168
B1920063700920N11922636WA0121101211004003033142170
B1920073700916N11922633WA0121101210004003028146149
B1920083700913N11922630WA0121001209004003029146148
B1920093700909N11922627WA0120801206004003029143164
B1920103700905N11922622WA0120501204004003033136149
B1920113700901N11922617WA0120401203004003037130169
B1920123700898N11922612WA0120201201004003037130165
B1920133700895N11922608WA0119901198004003032141175
B1920143700891N11922606WA0119601193004003030154173
B1920153700886N11922604WA0119201189004003034157168
B1920163700881N11922601WA0118901187004003036156167
B1920173700877N11922598WA0118801187004003034154168
B1920183700872N11922595WA0118801187004003034148169
B1920193700869N11922592WA0118801188004003028143181
B1920203700866N11922589WA0118801187004003028137167
B1920213700863N11922585WA0118701186004003027134169
B1920223700860N11922582WA0118601184004003027133176
B1920233700857N11922577WA0118401182004003032134171
B1920243700853N11922573WA0118201180004003033135180
B1920253700850N11922569WA0118101179004003032136165
B1920263700847N11922566WA0118001178004003029138169
B1920273700845N11922563WA0117901176004003023141168
B1920283700842N11922560WA0117701174004003024143180
B1920293700839N11922557WA0117501172004003024143186
B1920303700836N11922554WA0117301170004003025140191
B1920313700833N11922552WA0117201169004003022136176
B1920333700831N11922549WA0117101167004003022139165
B1920343700828N11922546WA0116901166004003022139176
B1920353700826N11922543WA0116801164004003022135171
B1920363700822N11922539WA0116701164004003029139176
B1920373700819N11922537WA0116701164004003029150168
B1920383700816N11922535WA0116701165004003026163173
B1920393700812N11922534WA0116801165004003023164182
B1920403700809N11922533WA0116801165004003025157180
B1920413700805N11922530WA0116701165004003029149172
B1920423700801N11922527WA0116801165004003029144169
B1920433700797N11922523WA0116801166004003032140167
B1920443700793N11922519WA0116901167004003034136165
B1920453700790N11922514WA0117001169004003034133162
B1920463700787N11922509WA0117101170004003033127161
B1920473700784N11922504WA0117201171004003033123155
B1920483700781N11922498WA0117301172004003039118156
B1920493700778N11922491WA0117501173004003040114145
B1920503700776N11922484WA0117701175004003039111149
B1920513700774N11922478WA0117901177004003039112138
B1920523700772N11922472WA0118001179004003034117162
B1920533700769N11922467WA0118201181004003034124152
B1920543700766N11922462WA0118401183004003034130160
B1920553700762N11922457WA0118701186004003034136163
B1920563700759N11922453WA0118901187004003029139154
B1920573700756N11922450WA0119101189004003029137157
B1920583700753N11922447WA0119201190004003025135150
B1920593700750N11922443WA0119301191004003025136163
B1921003700747N11922440WA0119401192004003026142173
B1921013700744N11922438WA0119601194004003026156202
B1921023700741N11922438WA0119701194004003025186220
B1921033700738N11922439WA0119801195004003019232239
B1921043700738N11922444WA0119801196004003025276253
B1921053700741N11922449WA0119901197004003033310288
B1921063700746N11922453WA0120001198004003033332311
B1921073700751N11922455WA0120201200004003037349331
B1921083700757N11922455WA0120301202004003035358332
B1921093700762N11922455WA0120401203004003035359332
B1921103700767N11922455WA0120601205004003035357334
B1921113700773N11922456WA0120701206004003035351319
B1921123700778N11922458WA0120801207004003036340306
B1921133700782N11922461WA0120901209004003036322295
B1921143700784N11922466WA0121101211004003033294281
B1921153700784N11922472WA0121301213004003029257260
B1921163700782N11922476WA0121501216004003026223232
B1921173700778N11922477WA0121801219004003026188209
B1921183700774N11922476WA0122001222004003026161188
B1921193700767N11922469WA0122501227004003031130151
B1921203700764N11922462WA0122801229004003039116135
B1921213700761N11922456WA0123101231004003040106139
B1921223700760N11922449WA0123401234004003039105142
B1921233700759N11922443WA0123701235004003036118143
B1921243700756N11922439WA0123901237004003031133148
B1921253700753N11922435WA0124201238004003033142162
B1921263700748N11922432WA0124501241004003031159170
B1921273700745N11922432WA0124801246004003026185185
B1921283700743N11922434WA0125201251004003016220199
B1921293700742N11922436WA0125601255004003016236230
B1921303700740N11922439WA0125901259004003015234238
B1921313700739N11922441WA0126101260004003015239250
B1921323700739N11922443WA0126301263004003013274253
B1921333700740N11922446WA0126401265004003020311273
B1921343700744N11922449WA0126601267004003020331295
B1921353700748N11922451WA0126901270004003028343307
B1921363700752N11922452WA0127201271004003027349313
B1921373700756N11922453WA0127401274004003027354320
B1921383700760N11922453WA0127601277004003025357328
B1921393700764N11922453WA0127701278004003025354336
B1921403700768N11922454WA0127901280004003032353340
B1921413700774N11922454WA0128001282004003035358353
B1921423700779N11922454WA0128201285004003035006341
B1921433700784N11922453WA0128501288004003035011337
B1921443700789N11922451WA0128701290004003033012344
B1921453700794N11922449WA0128901291004003037015004
B1921463700800N11922446WA0129001292004003037024024
B1921473700805N11922443WA0129001293004003043044056
B1921483700809N11922435WA0129101295004003047062073
B1921493700810N11922426WA0129201296004003047083087
B1921503700809N11922418WA0129501299004003045099106
B1921513700808N11922411WA0129701299004003041116119
B1921523700805N11922407WA0130001303004003030130141
B1921533700801N11922403WA0130201305004003030144158
B1921543700798N11922401WA0130401307004003027156172
B1921553700795N11922400WA0130501309004003024172185
B1921563700791N11922401WA0130701312004003022192199
B1921573700788N11922403WA0130901315004003022220218
B1921583700787N11922406WA0131201317004003021254235
B1921593700788N11922410WA0131501320004003021281251
B1922003700789N11922414WA0131601322004003020297275
B1922013700790N11922417WA0131801325004003020311286
B1922023700793N11922419WA0132001327004003020326309
B1922033700796N11922421WA0132201328004003021345325
B1922043700801N11922421WA0132301329004003035359343
B1922053700807N11922420WA0132401330004003040014002
B1922063700813N11922417WA0132401331004003040026020
B1922073700818N11922411WA0132601333004003044044032
B1922083700822N11922404WA0132701335004003044059054
B1922093700824N11922397WA0132901337004003044075069
B1922103700825N11922389WA0133201339004003042085087
B1922113700824N11922383WA0133301341004003040094102
B1922123700823N11922376WA0133401341004003036110110
B1922133700820N11922370WA0133501341004003040124134
B1922143700816N11922364WA0133501342004003040140145
B1922153700811N11922361WA0133601344004003040153162
B1922173700807N11922360WA0133801347004003027173173
B1922183700803N11922361WA0134101350004003027199193
B1922193700801N11922364WA0134301352004003021226212
B1922203700800N11922366WA0134601355004003018245234
B1922213700799N11922370WA0134801357004003017257246
B1922223700799N11922373WA0135001359004003017263249
B1922233700799N11922376WA0135101360004003017272257
B1922243700799N11922380WA0135201362004003020281271
B1922253700801N11922384WA0135401364004003021298286
B1922263700803N11922387WA0135601366004003022315302
B1922273700805N11922389WA0135801368004003022328313
B1922283700809N11922391WA0135901369004003023333314
B1922293700813N11922393WA0136001370004003030342336
B1922303700817N11922394WA0136101371004003033359002
B1922313700823N11922392WA0136201371004003033019022
B1922323700828N11922388WA0136201371004003037040033
B1922333700831N11922381WA0136201372004003043059056
B1922343700833N11922373WA0136301373004003045077077
B1922353700833N11922364WA0136301374004003045094096
B1922363700832N11922356WA0136401375004003045107113
B1922373700829N11922350WA0136601375004003036123128
B1922383700826N11922345WA0136601376004003036137146
B1922393700822N11922343WA0136701377004003032151159
B1922403700817N11922340WA0136801378004003032163176
B1922413700813N11922340WA0136901379004003027175187
B1922423700809N11922340WA0137001381004003027191198
B1922433700807N11922342WA0137201382004003022206209
B1922443700804N11922344WA0137301383004003019212223
B1922453700802N11922346WA0137401385004003020216228
B1922463700799N11922348WA0137501386004003020220245
B1922473700798N11922351WA0137601387004003019240242
B1922483700798N11922353WA0137701387004003015270253
B1922493700798N11922356WA0137701388004003017289265
B1922503700799N11922359WA0137701388004003019299274
B1922513700801N11922362WA0137801388004003019307273
B1922523700803N11922365WA0137801389004003021313280
B1922533700806N11922369WA0137801389004003025314283
B1922543700809N11922372WA0137801389004003026314291
B1922553700812N11922376WA0137801389004003026314305
B1922563700815N11922379WA0137901390004003026321309
B1922573700818N11922381WA0138001391004003029331323
B1922583700822N11922384WA0138001391004003031340324
B1922593700827N11922384WA0138101392004003031358346
B1923003700832N11922383WA0138201393004003033014010
B1923013700838N11922380WA0138401395004003043024017
B1923023700844N11922376WA0138501396004003045036066
B1923033700848N11922369WA0138501397004003043056077
B1923043700850N11922362WA0138501396004003043078089
B1923053700849N11922354WA0138501396004003042097107
B1923063700847N11922347WA0138501396004003042111130
B1923073700844N11922341WA0138601397004003040127146
B1923083700840N11922338WA0138701398004003036151163
B1923093700837N11922337WA0138801399004003024173182
B1923103700833N11922338WA0138801400004003024195201
B1923113700831N11922340WA0138901400004003022211213
B1923123700828N11922342WA0138901400004003022223224
B1923133700826N11922346WA0138901400004003022242232
B1923143700826N11922350WA0138901400004003024264249
B1923153700826N11922355WA0138901400004003024283256
B1923163700828N11922359WA0138901401004003025292263
B1923173700829N11922364WA0138901401004003025293279
B1923183700831N11922368WA0138901401004003026300292
B1923193700834N11922372WA0139001402004003026312295
B1923203700837N11922376WA0139101402004003029325290
B1923213700842N11922379WA0139101403004003032332298
B1923223700846N11922381WA0139201404004003032331281
B1923233700849N11922384WA0139301405004003030324316
B1923243700852N11922387WA0139201404004003026313292
B1923253700857N11922394WA0138801399004003028319317
B1923263700861N11922397WA0138501396004003033328326
B1923273700865N11922400WA0138301394004003033331322
B1923283700870N11922403WA0138301395004003034332318
B1923293700874N11922406WA0138401396004003028339355
B1923303700878N11922406WA0138501397004003028358357
B1923313700881N11922404WA0138501396004003025026005
B1923323700885N11922401WA0138401395004003025037020
B1923333700889N11922396WA0138301393004003035047039
B1923343700892N11922388WA0138201393004003045067056
B1923353700893N11922380WA0138201393004003046087077
B1923363700892N11922371WA0138201393004003046099102
B1923373700891N11922363WA0138201393004003046100107
B1923383700890N11922356WA0138101393004003039097103
B1923393700889N11922349WA0138001392004003039100117
B1923403700887N11922342WA0137901390004003038110134
B1923413700885N11922336WA0137701387004003038121147
B1923423700881N11922330WA0137501385004003038134165
B1923433700876N11922326WA0137401384004003038146169
B1923443700872N11922323WA0137301384004003035152187
B1923453700868N11922321WA0137301383004003031154184
B1923463700864N11922319WA0137201382004003030160193
B1923473700860N11922318WA0137101381004003031170210
B1923483700855N11922317WA0137001381004003031177206
B1923493700850N11922318WA0137001381004003031182213
B1923503700846N11922318WA0137101381004003026193216
B1923513700843N11922320WA0137001381004003026208227
B1923523700841N11922323WA0136901379004003023224233
B1923533700839N11922326WA0136801377004003022235235
B1923543700837N11922330WA0136601375004003024241241
B1923553700835N11922334WA0136301373004003025244243
B1923563700834N11922338WA0136101371004003025246245
B1923573700832N11922343WA0136001369004003025250254
B1923583700831N11922347WA0135801367004003026250249
B1923593700830N11922352WA0135601365004003029246217
B1924003700827N11922357WA0135501365004003029234208
B1924013700824N11922360WA0135501364004003029212196
B1924023700819N11922362WA0135401363004003033193199
B1924033700814N11922363WA0135301362004003034181191
B1924043700809N11922362WA0135201362004003033178186
B1924053700804N11922362WA0135201361004003033180187
B1924063700800N11922363WA0135101360004003028182199
B1924073700796N11922363WA0135001359004003028191224
B1924093700793N11922365WA0134801357004003024212231
B1924103700791N11922368WA0134601355004003023236251
B1924113700790N11922373WA0134401353004003026254258
B1924123700790N11922378WA0134401352004003028268263
B1924133700790N11922383WA0134401352004003027278254
B1924143700791N11922388WA0134401353004003027283257
B1924153700792N11922393WA0134401352004003026284273
B1924163700793N11922397WA0134301352004003027286288
B1924173700794N11922402WA0134301351004003027298303
B1924183700797N11922406WA0134201351004003028312309
B1924193700800N11922409WA0134101349004003027325330
B1924203700804N11922412WA0134001348004003027336328
B1924213700808N11922413WA0133801346004003027344326
B1924223700812N11922414WA0133601344004003027344332
B1924233700816N11922416WA0133401342004003031339316
B1924243700821N11922419WA0133301341004003031337315
B1924253700825N11922421WA0133201340004003031338305
B1924263700828N11922423WA0133101339004003028330306
B1924273700831N11922425WA0133001338004003023317281
B1924283700833N11922428WA0132901337004003023312270
B1924293700835N11922431WA0132901337004003022302272
B1924303700836N11922434WA0132901337004003017284274
B1924313700836N11922437WA0132801335004003016282270
B1924323700837N11922440WA0132701334004003018296292
B1924333700839N11922443WA0132501332004003018313304
B1924343700842N11922445WA0132301330004003021332311
B1924353700845N11922447WA0132101328004003027340330
B1924363700850N11922448WA0132001327004003032345330
B1924373700855N11922450WA0131901326004003032347307
B1924383700860N11922451WA0131901326004003035348314
B1924393700865N11922452WA0131801326004003032348298
B1924403700869N11922453WA0131801326004003032346310
B1924413700873N11922455WA0131801326004003029340299
B1924423700877N11922457WA0131801325004003029333302
B1924433700881N11922460WA0131701324004003033331318
B1924443700886N11922463WA0131701324004003034339334
B1924453700891N11922464WA0131701324004003034352337
B1924463700897N11922464WA0131601323004003036357336
B1924473700903N11922465WA0131601324004003040355326
B1924483700909N11922466WA0131701325004003040352327
B1924493700914N11922466WA0131801326004003039354327
B1924503700920N11922467WA0131901327004003037359333
B1924513700925N11922466WA0132001328004003036003325
B1924523700931N11922466WA0132101329004003036003335
B1924533700936N11922466WA0132201330004003036003322
B1924543700940N11922465WA0132301331004003033007319
B1924553700944N11922464WA0132301330004003027008327
B1924563700949N11922464WA0132301330004003033007335
B1924573700954N11922463WA0132301330004003033008340
B1924583700960N11922461WA0132301331004003038008331
B1924593700965N11922461WA0132501333004003033007319
B1925003700970N11922460WA0132601334004003033007326
B1925013700974N11922459WA0132701335004003029005334
B1925023700979N11922459WA0132801336004003029000326
B1925033700984N11922459WA0132901337004003035358320
B1925043700990N11922459WA0133101339004003037357318
B1925053700995N11922460WA0133201341004003037356329
B1925063701002N11922460WA0133401343004003040356330
B1925073701008N11922461WA0133601345004003043355339
B1925083701014N11922461WA0133801347004003045356319
B1925093701021N11922462WA0134001349004003045358317
B1925103701028N11922462WA0134201351004003045354309
B1925113701033N11922464WA0134301352004003036343317
B1925123701038N11922466WA0134401354004003036333311
B1925133701041N11922468WA0134601356004003029334309
B1925143701044N11922469WA0134801358004003021350312
B1925153701047N11922469WA0134801357004003023001318
B1925163701051N11922469WA0134801356004003028002325
B1925173701055N11922469WA0134701355004003028358317
B1925183701060N11922470WA0134701355004003028347300
B1925193701063N11922472WA0134601355004003022325288
B1925203701064N11922475WA0134601354004003022284272
B1925213701063N11922478WA0134501353004003019240250
B1925223701061N11922481WA0134401352004003019209228
B1925233701057N11922482WA0134301351004003025182208
B1925243701053N11922480WA0134201351004003032156188
B1925253701048N11922476WA0134101350004003032136165
B1925263701045N11922469WA0134101350004003038121150
B1925273701042N11922462WA0134101349004003042114133
B1925283701039N11922455WA0134101349004003042114128
B1925293701037N11922448WA0134001349004003042119133
B1925303701030N11922436WA0133901347004003040126156
B1925313701026N11922430WA0134001349004003039134168
B1925323701022N11922427WA0134201350004003039155176
B1925333701018N11922427WA0134301352004003029184191
B1925343701016N11922429WA0134401352004003021223216
B1925353701016N11922431WA0134401352004003015260236
B1925363701016N11922434WA0134301352004003017272255
B1925373701016N11922438WA0134401352004003023279275
B1925383701017N11922442WA0134501354004003023291276
B1925393701020N11922446WA0134701357004003025308287
B1925403701022N11922449WA0134901359004003025318289
B1925413701025N11922452WA0135101361004003024320296
B1925423701028N11922455WA0135301362004003025320299
B1925433701031N11922458WA0135401364004003025327309
B1925443701035N11922460WA0135501365004003026331315
B1925453701038N11922463WA0135501365004003029329301
B1925463701042N11922466WA0135501363004003029319283
B1925473701044N11922471WA0135301362004003029300259
B1925483701045N11922476WA0135301361004003029272254
B1925493701044N11922480WA0135201361004003023235230
B1925503701040N11922481WA0135201361004003024193216
B1925513701036N11922481WA0135201361004003024169196
B1925523701033N11922479WA0135201361004003025155171
B1925533701030N11922477WA0135101361004003026144159
B1925543701026N11922473WA0135101359004003032137152
B1925553701022N11922468WA0135001358004003032133145
B1925563701018N11922462WA0135001359004003039129146
B1925573701014N11922456WA0135101360004003040128148
B1925583701011N11922451WA0135201363004003040127140
B1925593701008N11922446WA0135401363004003036129142
B1926003701004N11922441WA0135601364004003036131144
B1926013701001N11922437WA0135701365004003031134142
B1926023700998N11922433WA0135801366004003031143169
B1926033700994N11922431WA0135801366004003027158188
B1926043700991N11922431WA0135801365004003025184204
B1926053700987N11922433WA0135801365004003025211236
B1926063700985N11922436WA0135701365004003025237265
B1926083700985N11922441WA0135701366004003024272280
B1926093700986N11922444WA0135701366004003022309305
B1926103700989N11922446WA0135701366004003026337314
B1926113700994N11922448WA0135701366004003029346318
B1926123700998N11922449WA0135701366004003029351324
B1926133701002N11922449WA0135601365004003029356331
B1926143701006N11922449WA0135501364004003025002344
B1926153701010N11922449WA0135401362004003026005337
B1926163701014N11922448WA0135201360004003026001355
B1926173701018N11922449WA0135101359004003028355338
B1926183701023N11922449WA0135001359004003030354337
B1926193701027N11922449WA0134901358004003031358327
B1926203701032N11922450WA0134901358004003031358329
B1926213701036N11922450WA0134901358004003031351305
B1926223701040N11922452WA0134801357004003027336296
B1926233701043N11922455WA0134701355004003027315287
B1926243701045N11922459WA0134601355004003026299281
B1926253701047N11922464WA0134601355004003026286264
B1926263701047N11922468WA0134701357004003023276255
B1926273701047N11922472WA0134901360004003023265247
B1926283701046N11922474WA0135301364004003016228247
B1926293701044N11922475WA0135501366004003015194232
B1926303701041N11922475WA0135801368004003020181213
B1926313701038N11922475WA0136101371004003021178195
B1926323701035N11922475WA0136401375004003020177196
B1926333701033N11922474WA0136701378004003018164195
B1926343701031N11922473WA0136901380004003013160182
B1926353701029N11922473WA0137001379004003015171214
B1926363701027N11922473WA0137001378004003015190209
B1926373701023N11922474WA0137001377004003019204211
B1926383701020N11922478WA0136901376004003029218215
B1926393701017N11922481WA0136701375004003029236250
B1926403701017N11922486WA0136501373004003025261233
B1926413701017N11922490WA0136301371004003025266225
B1926423701016N11922495WA0136201370004003025255220
B1926433701014N11922499WA0136101370004003025233213
B1926443701011N11922502WA0136101369004003023215219
B1926453701008N11922503WA0136001368004003022195206
B1926463701005N11922503WA0135801366004003023182196
B1926473701001N11922503WA0135601364004003027174190
B1926483700997N11922502WA0135401361004003027170185
B1926493700992N11922501WA0135201360004003030167181
B1926503700988N11922499WA0135101359004003031163171
B1926513700983N11922497WA0135001358004003031160149
B1926523700979N11922495WA0134901356004003031156157
B1926533700974N11922492WA0134701354004003033151167
B1926543700970N11922489WA0134401351004003035145164
B1926553700966N11922485WA0134101348004003035142151
B1926563700962N11922480WA0133901345004003035139160
B1926573700957N11922476WA0133601343004003036140153
B1926583700953N11922472WA0133401340004003038143155
B1926593700948N11922468WA0133201339004003038147166
B1927003700944N11922464WA0133101338004003037147167
B1927013700940N11922461WA0133001337004003035145175
B1927023700936N11922457WA0132801336004003032145162
B1927033700931N11922454WA0132601334004003033146174
B1927043700927N11922450WA0132401332004003033147167
B1927053700922N11922447WA0132301331004003035149164
B1927063700918N11922443WA0132201330004003036150157
B1927073700913N11922440WA0132101329004003036149154
B1927083700909N11922437WA0132101329004003035145149
B1927093700905N11922433WA0132101329004003034142155
B1927103700901N11922429WA0132101329004003035140167
B1927113700897N11922425WA0132201329004003035139160
B1927123700892N11922421WA0132301329004003035146183
B1927133700888N11922418WA0132201329004003035151201
B1927143700883N11922415WA0132201329004003032153186
B1927153700880N11922413WA0132001327004003032152160
B1927163700876N11922410WA0131901325004003031146164
B1927173700872N11922406WA0131701323004003031142157
B1927183700867N11922401WA0131501321004003038141161
B1927193700862N11922397WA0131301319004003039146180
B1927203700857N11922394WA0131101318004003038153196
B1927213700852N11922392WA0130901316004003037165200
B1927223700847N11922391WA0130801314004003033177202
B1927233700843N11922392WA0130701313004003033186200
B1927243700838N11922392WA0130601311004003032186190
B1927253700833N11922392WA0130501311004003032175179
B1927263700828N11922391WA0130401309004003034161173
B1927273700824N11922388WA0130201308004003037152170
B1927283700819N11922384WA0130101307004003037148162
B1927293700814N11922380WA0130101306004003038143156
B1927303700810N11922376WA0130001306004003038138146
B1927313700806N11922370WA0130001305004003038133148
B1927323700802N11922365WA0129901304004003038131153
B1927333700798N11922360WA0129701303004003039133166
B1927343700794N11922355WA0129601302004003039137165
B1927353700789N11922350WA0129601301004003039141169
B1927363700780N11922342WA0129501300004003037148170
B1927373700775N11922339WA0129401299004003036150166
B1927383700770N11922336WA0129301298004003035153175
B1927393700766N11922333WA0129201297004003035158177
B1927403700761N11922331WA0129101296004003034161183
B1927413700756N11922330WA0128901294004003033163171
B1927423700752N11922328WA0128801293004003032162178
B1927433700747N11922326WA0128701291004003033163179
B1927443700742N11922325WA0128601291004003033171201
B1927453700738N11922325WA0128401289004003031181213
B1927463700734N11922325WA0128301288004003029184208
B1927473700730N11922325WA0128201287004003028177205
B1927483700725N11922325WA0128101286004003032176187
B1927493700720N11922325WA0128101286004003035182206
B1927503700714N11922326WA0128201288004003035190207
B1927513700709N11922328WA0128401291004003035195228
B1927523700705N11922330WA0128701294004003026205253
B1927533700702N11922332WA0128901293004003026218263
B1927543700701N11922335WA0129001293004003021261270
B1927553700703N11922339WA0129101294004003021297289
B1927563700706N11922343WA0129101294004003027323315
B1927573700711N11922344WA0129201295004003031357332
B1927583700716N11922341WA0129301296004003031029357
B1927593700720N11922335WA0129401297004003037050034
B1928003700723N11922329WA0129401297004003040081056
B1928013700723N11922321WA0129301296004003043103092
B1928023700720N11922314WA0129401296004003043118118
B1928033700716N11922306WA0129401297004003047129141
B1928043700711N11922300WA0129601301004003042137155
B1928053700705N11922295WA0129801301004003042162166
B1928063700701N11922295WA0129901302004003032187186
B1928073700697N11922297WA0129901303004003029208211
B1928083700693N11922300WA0130001303004003024233229
B1928093700692N11922305WA0130201305004003024265251
B1928103700693N11922310WA0130301306004003024289276
B1928113700695N11922313WA0130301307004003024304280
B1928123700697N11922317WA0130401307004003020304278
B1928133700699N11922320WA0130401308004003020289284
B1928153700699N11922324WA0130401308004003018272278
B1928163700699N11922327WA0130401308004003018263266
B1928173700698N11922331WA0130401308004003021263267
B1928183700698N11922335WA0130301307004003021268266
B1928193700699N11922338WA0130201306004003019281271
B1928203700700N11922342WA0130001303004003019294290
B1928213700701N11922345WA0129701301004003024298277
B1928223700703N11922350WA0129601300004003025299283
B1928233700705N11922353WA0129401299004003024298276
B1928243700706N11922357WA0129301298004003024297272
B1928253700708N11922361WA0129201296004003023293272
B1928263700709N11922365WA0129101295004003024289266
B1928273700710N11922370WA0129001294004003024288266
B1928283700711N11922374WA0128901293004003024288272
B1928293700713N11922378WA0128801292004003024289274
B1928303700714N11922383WA0128701291004003024292286
B1928313700716N11922387WA0128601290004003024300302
B1928323700718N11922390WA0128501289004003024310306
B1928333700721N11922393WA0128401288004003024323314
B1928343700724N11922395WA0128301288003003024336342
B1928353700728N11922396WA0128301287004003024345335
B1928363700732N11922397WA0128301287004003025349309
B1928373700736N11922398WA0128301287004003027345300
B1928383700739N11922400WA0128201286004003028335287
B1928393700743N11922403WA0128101285004003028326300
B1928403700747N11922407WA0128001284004003030323297
B1928413700750N11922410WA0127901284004003029322295
B1928423700753N11922413WA0127901284004003029320296
B1928433700755N11922416WA0127901283004003024309300
B1928443700757N11922419WA0127701281004003020301291
B1928453700759N11922422WA0127501279004003024303291
B1928463700761N11922426WA0127401277004003026310291
B1928473700764N11922430WA0127201276004003026313295
B1928483700767N11922433WA0127101275004003026311289
B1928493700769N11922437WA0127101275004003025308282
B1928503700771N11922441WA0127101275004003025308288
B1928513700774N11922444WA0127201276004003025313291
B1928523700777N11922448WA0127201277004003026322303
B1928533700781N11922450WA0127301277004003030330311
B1928543700785N11922453WA0127301277004003030331310
B1928553700788N11922456WA0127301278004003029325313
B1928563700791N11922459WA0127301278004003026315286
B1928573700793N11922462WA0127301276004003026313284
B1928583700796N11922466WA0127101275004003027314287
B1928593700799N11922469WA0127001273004003027310275
B1929003700802N11922474WA0126801271004003028303284
B1929013700804N11922479WA0126601269004003028297279
B1929023700805N11922483WA0126501268004003028294283
B1929033700807N11922488WA0126401267004003027293273
B1929043700808N11922492WA0126301266004003026292269
B1929053700810N11922497WA0126201265004003025291274
B1929063700811N11922501WA0126101264004003025292282
B1929073700813N11922505WA0126001263004003025298285
B1929083700815N11922509WA0125901262004003026305292
B1929093700818N11922513WA0125801262004003027312293
B1929103700821N11922517WA0125801261004003028316297
B1929113700824N11922521WA0125701260004003028316296
B1929123700827N11922525WA0125601259004003029315295
B1929133700830N11922529WA0125601259004003032313292
B1929143700834N11922533WA0125501258004003032310286
B1929153700836N11922538WA0125501258004003032306267
B1929163700839N11922542WA0125501259004003030297260
B1929173700840N11922547WA0125601259004003024279259
B1929183700839N11922551WA0125501258004003024255244
B1929193700837N11922555WA0125401256004003024229235
B1929203700834N11922557WA0125301255004003024204220
B1929213700830N11922558WA0125201255004003028181206
B1929223700826N11922556WA0125101254004003030160186
B1929233700822N11922553WA0125101254004003030140166
B1929243700819N11922548WA0125001253004003031128147
B1929253700816N11922543WA0124901253004003033118132
B1929263700814N11922538WA0124901252004003033109119
B1929273700813N11922531WA0124801251003003033103109
B1929283700812N11922524WA0124701250004003035099098
B1929293700811N11922517WA0124601249004003038099094
B1929303700810N11922510WA0124601249004003038099094
B1929313700809N11922503WA0124601249003003038100094
B1929323700808N11922496WA0124501248004003038101095
B1929333700807N11922489WA0124501247004003038102101
B1929343700806N11922482WA0124401247004003038105109
B1929353700804N11922476WA0124301246004003038111117
B1929363700801N11922469WA0124301245004003038116124
B1929373700799N11922463WA0124201244003003037120130
B1929383700796N11922458WA0124101243004003037125127
B1929393700792N11922452WA0124001241004003037132149
B1929403700788N11922448WA0123901240004003036140158
B1929413700784N11922444WA0123801240004003035148160
B1929423700774N11922438WA0123701239004003035151159
B1929433700770N11922435WA0123701239004003034151152
B1929443700765N11922432WA0123601238004003034152152
B1929453700760N11922429WA0123601237004003038150156
B1929463700755N11922425WA0123501237004003039146150
B1929473700751N11922421WA0123501237004003038144161
B1929483700746N11922416WA0123501237004003039142165
B1929493700741N11922412WA0123501238004003040141165
B1929503700736N11922406WA0123801241004003044140171
B1929513700731N11922402WA0124101245004003044138152
B1929523700728N11922397WA0124501248003003039134173
B1929533700724N11922393WA0124601247004003033135179
B1929543700721N11922389WA0124701247004003029144197
B1929553700717N11922387WA0124601247004003029164194
B1929563700713N11922387WA0124501245004003029184211
B1929573700709N11922389WA0124301243004003029207224
B1929583700705N11922392WA0124201244004003029225241
B1929593700703N11922396WA0124201244003003022249250
B1930003700703N11922400WA0124101244004003022274263
B1930013700705N11922404WA0124101243003003021300281
B1930023700708N11922406WA0124101243004003021323301
B1930033700711N11922408WA0124101243004003027343320
B1930043700715N11922409WA0124101243004003031349326
B1930053700720N11922410WA0124101243004003031347319
B1930063700724N11922412WA0124101244004003031341307
B1930073700728N11922414WA0124201245004003027335303
B1930083700732N11922417WA0124201245004003027326299
B1930093700734N11922420WA0124201245004003025310292
B1930103700735N11922424WA0124201244004003023286284
B1930113700735N11922428WA0124101244004003023258274
B1930123700734N11922433WA0124101244004003025244245
B1930133700732N11922437WA0124201245004003024239234
B1930143700730N11922440WA0124301246004003024234227
B1930153700728N11922444WA0124401247004003023229231
B1930163700725N11922447WA0124501247004003024227236
B1930173700723N11922450WA0124601248004003024231244
B1930183700721N11922454WA0124701249004003024245265
B1930193700721N11922459WA0124801251004003024267283
B1930203700722N11922463WA0125001252004003026299296
B1930213700725N11922466WA0125101254004003026323310
B1930233700730N11922468WA0125301255004003029347321
B1930243700735N11922468WA0125401256004003033002340
B1930253700740N11922467WA0125501257004003033006346
B1930263700745N11922466WA0125501258004003033012004
B1930273700750N11922464WA0125601259004003034024013
B1930283700755N11922459WA0125701259004003044038039
B1930293700760N11922453WA0125801261004003046051060
B1930303700763N11922445WA0126001264004003044065082
B1930313700764N11922438WA0126201266004003044083092
B1930323700763N11922430WA0126301266004003039103107
B1930333700760N11922425WA0126401268004003039122126
B1930343700757N11922420WA0126601270004003035138146
B1930353700753N11922418WA0126901273004003030154162
B1930363700750N11922417WA0127001275004003022171176
B1930373700747N11922417WA0127201277004003022175199
B1930383700744N11922417WA0127401278004003021181210
B1930393700741N11922417WA0127501278004003021196218
B1930403700738N11922419WA0127601280003003020218232
B1930413700736N11922422WA0127701280004003020244243
B1930423700736N11922426WA0127801281004003020274261
B1930433700737N11922429WA0127801282004003020297277
B1930443700740N11922433WA0127901282004003027313293
B1930453700743N11922436WA0127901283004003032330310
B1930463700749N11922438WA0128001283004003032348322
B1930473700754N11922439WA0128001283004003036359319
B1930483700760N11922438WA0128101285003003036003335
B1930493700765N11922438WA0128201286004003036009358
B1930503700769N11922436WA0128201286004003034023015
B1930513700774N11922432WA0128101286004003034040037
B1930523700778N11922426WA0128001284004003045054054
B1930533700781N11922417WA0127901283004003050070074
B1930543700782N11922408WA0127901284004003049086092
B1930553700781N11922399WA0127901285004003049100108
B1930563700779N11922393WA0128001286004003038113122
B1930573700776N11922387WA0128101287004003038127137
B1930583700773N11922384WA0128201287004003033141150
B1930593700769N11922381WA0128301288004003030154166
B1931003700765N11922380WA0128401289004003027164178
B1931013700761N11922379WA0128501291003003027173188
B1931023700757N11922379WA0128601292004003026183196
B1931033700754N11922380WA0128701293004003023196204
B1931043700752N11922381WA0128801294004003019211216
B1931053700750N11922383WA0128901295003003019222229
B1931063700748N11922386WA0129101296004003018242236
B1931073700748N11922388WA0129201298004003014274249
B1931083700749N11922390WA0129301299004003013309268
B1931093700751N11922392WA0129401299004003017330287
B1931103700754N11922393WA0129301298004003017332301
B1931113700757N11922396WA0129401298004003021316303
B1931123700759N11922400WA0129401299004003029305290
B1931133700762N11922405WA0129601300004003029304316
B1931143700764N11922407WA0129801303004003024321323
B1931153700766N11922409WA0129901303004003024348332
B1931163700771N11922409WA0130001303004003034003346
B1931173700777N11922408WA0130001303004003041018005
B1931183700782N11922404WA0130001304004003041034021
B1931193700786N11922397WA0129901304004003041054037
B1931203700788N11922391WA0129801304004003037079059
B1931213700787N11922384WA0129801303004003037098083
B1931223700786N11922378WA0129701301004003036107114
B1931233700784N11922371WA0129501299004003036110127
B1931243700782N11922364WA0129201296004003041114127
B1931253700779N11922357WA0129201298004003042122149
B1931263700775N11922351WA0129301299004003041126163
B1931273700772N11922345WA0129501302004003040132165
B1931283700768N11922341WA0129601303004003034144175
B1931293700763N11922339WA0129801305004003034159182
B1931303700759N11922338WA0130101308004003031174195
B1931313700756N11922338WA0130301310004003027187203
B1931323700753N11922340WA0130501312004003018208215
B1931333700751N11922342WA0130601313004003018229233
B1931343700750N11922345WA0130801314003003018251243
B1931353700750N11922349WA0130901315004003018273257
B1931363700750N11922352WA0131001316004003016282264
B1931373700751N11922355WA0131001317004003016281263
B1931383700751N11922357WA0131001317004003016282262
B1931393700752N11922361WA0131001316004003016284276
B1931403700753N11922364WA0131001316004003018298291
B1931413700755N11922366WA0130901316003003021321310
B1931423700758N11922368WA0130801314004003021342326
B1931433700763N11922369WA0130701313004003026358343
B1931443700767N11922367WA0130601312004003033018356
B1931453700772N11922363WA0130501311003003038038014
B1931463700776N11922358WA0130501311004003038051038
B1931473700779N11922352WA0130501312004003038059050
B1931483700782N11922341WA0130501311004003033084075
B1931493700782N11922334WA0130401309004003040094099
B1931503700781N11922325WA0130201306004003040101114
B1931513700779N11922317WA0130101305004003044108123
B1931523700776N11922310WA0130001305004003045118135
B1931533700772N11922303WA0130001305004003045127152
B1931543700767N11922297WA0129901305003003045137161
B1931553700763N11922293WA0130001306004003042148168
B1931563700758N11922290WA0130001307004003038160178
B1931573700753N11922289WA0130101308004003032172187
B1931583700748N11922289WA0130201309004003032180198
B1931593700744N11922290WA0130301310004003029191203
B1932003700741N11922292WA0130301310004003026206219
B1932013700739N11922294WA0130401310004003022228228
B1932023700738N11922296WA0130401310004003015261240
B1932033700738N11922299WA0130301309004003017272251
B1932043700738N11922303WA0130201307004003017259253
B1932053700737N11922306WA0130001305004003017242250
B1932063700735N11922309WA0129801303004003022236240
B1932073700733N11922313WA0129601301004003023242251
B1932083700733N11922317WA0129401300004003022257263
B1932093700733N11922321WA0129301299003003021279278
B1932103700734N11922324WA0129201298004003019294294
B1932113700735N11922327WA0129101297004003019299284
B1932123700737N11922330WA0129101296004003017297266
B1932133700737N11922332WA0129001295004003017283256
B1932143700737N11922335WA0128901294004003013260262
B1932153700737N11922338WA0128701292004003017265260
B1932163700737N11922341WA0128501290004003017284269
B1932173700739N11922346WA0128401288003003023297280
B1932183700741N11922350WA0128401289004003027296271
B1932193700742N11922355WA0128501290004003027282249
B1932203700742N11922358WA0128601292004003022257244
B1932213700740N11922362WA0128701293004003021239240
B1932223700738N11922366WA0128801294004003023242260
B1932233700738N11922370WA0129001296004003024261277
B1932243700739N11922374WA0129201298004003024296297
B1932253700742N11922377WA0129301300004003024334320
B1932263700746N11922378WA0129501300004003034016345
B1932273700751N11922374WA0129701302004003036040015
B1932283700754N11922368WA0130001305004003036059039
B1932293700756N11922360WA0130101307004003038077060
B1932313700757N11922352WA0130201306004003046102084
B1932323700755N11922343WA0130301306004003048126117
B1932333700749N11922338WA0130201306004003046143143
B1932343700743N11922334WA0130301307004003045164163
B1932353700738N11922333WA0130401308004003032181183
B1932363700734N11922335WA0130601310004003032205205
B1932373700731N11922339WA0130701311003003027231224
B1932383700729N11922344WA0130801312003003027258244
B1932393700730N11922349WA0131001315004003026289263
B1932403700733N11922352WA0131201317004003027327285
B1932413700738N11922353WA0131301318004003027357312
B1932423700743N11922351WA0131401319004003032021336
B1932433700747N11922346WA0131501321004003038045001
B1932443700750N11922340WA0131601321004003041069031
B1932453700752N11922332WA0131701321004003041091063
B1932463700750N11922324WA0131701322004003044111093
B1932473700745N11922318WA0131801323004003042138120
B1932483700739N11922316WA0131801323004003042173153
B1932493700735N11922319WA0131801325004003035209189
B1932503700732N11922323WA0132001328004003032243223
B1932513700731N11922327WA0132301329004003017281250
B1932523700732N11922329WA0132601329004003017321276
B1932533700735N11922331WA0132801328004003017343303
B1932543700739N11922332WA0132801329004003022353322
B1932553700744N11922331WA0132801330004003034007340
B1932563700750N11922328WA0132801331004003040030002
B1932573700755N11922323WA0132801331004003040054026
B1932583700758N11922315WA0132901333004003044075053
B1932593700757N11922307WA0132901335004003042102079
B1933003700753N11922300WA0132901334004003042129114
B1933013700748N11922298WA0133001335004003040163147
B1933023700743N11922299WA0133101336004003038193184
B1933033700739N11922302WA0133201339004003029218210
B1933043700737N11922305WA0133501342004003029229233
B1933053700735N11922307WA0133701344004003020229234
B1933063700734N11922308WA0133801344004003013218228
B1933073700733N11922309WA0133801344004003014204231
B1933083700730N11922310WA0133701342004003020196226
B1933093700726N11922311WA0133601341004003020192224
B1933103700722N11922312WA0133501341004003023201234
B1933113700719N11922314WA0133501341004003018225247
B1933123700719N11922317WA0133501341004003018263257
B1933133700720N11922321WA0133401340004003018285274
B1933143700721N11922325WA0133401340004003020295286
B1933153700723N11922329WA0133301339004003025300281
B1933163700725N11922333WA0133201338004003026307279
B1933173700728N11922337WA0133201338004003026312272
B1933183700730N11922341WA0133201339004003026305279
B1933193700732N11922345WA0133201339004003026295271
B1933203700734N11922349WA0133301340004003026294269
B1933213700735N11922353WA0133501342004003026303269
B1933223700737N11922356WA0133701344004003020292282
B1933233700737N11922359WA0133901344004003015257275
B1933243700736N11922362WA0133901345004003019240259
B1933253700734N11922365WA0134001346004003019249266
B1933263700734N11922369WA0134201348004003021276283
B1933273700736N11922373WA0134301349004003026307308
B1933283700741N11922376WA0134301349004003033338323
B1933293700746N11922377WA0134401349004003033011347
B1933303700751N11922373WA0134401350004003041035012
B1933313700755N11922366WA0134401350004003047063038
B1933323700756N11922357WA0134301349004003047091069
B1933333700753N11922349WA0134301349004003047119103
B1933343700748N11922346WA0134301350004003043153137
B1933353700744N11922347WA0134401351004003029193175
B1933363700742N11922350WA0134501353004003029244219
B1933373700743N11922354WA0134601354004003022291254
B1933383700745N11922357WA0134701356004003021313288
B1933393700747N11922360WA0134801357004003019314287
B1933403700749N11922362WA0134901357004003020303287
B1933413700750N11922366WA0134901357004003020287284
B1933423700751N11922371WA0134901357004003023277277
B1933433700751N11922376WA0134901357004003026273270
B1933443700751N11922380WA0135001358004003026276268
B1933453700752N11922384WA0135001359004003023284278
B1933463700753N11922388WA0135101360004003023296298
B1933473700756N11922392WA0135201360004003026317316
B1933483700760N11922394WA0135301361004003028338334
B1933493700764N11922395WA0135301361004003028359342
B1933503700770N11922393WA0135301361004003033015355
B1933513700775N11922390WA0135301362004003040028009
B1933523700780N11922386WA0135301362004003040041023
B1933533700784N11922380WA0135301362004003040055037
B1933543700788N11922364WA0135301361004003043084068
B1933553700787N11922357WA0135201361004003040101088
B1933563700785N11922351WA0135201360004003040119110
B1933573700781N11922347WA0135101359004003034145133
B1933583700777N11922347WA0135001358004003029175166
B1933593700774N11922348WA0134901357003003026204203
B1934003700771N11922351WA0134901357004003021232227
B1934013700771N11922355WA0134901357004003021266252
B1934023700771N11922358WA0134901358004003021282263
B1934033700772N11922362WA0134901358004003021281266
B1934043700772N11922366WA0135001358004003019279258
B1934053700773N11922369WA0135001358004003021275261
B1934063700773N11922373WA0135001359004003021270263
B1934073700773N11922377WA0135001359004003021263260
B1934083700772N11922381WA0135101359004003021255259
B1934093700771N11922385WA0135101359004003021242255
B1934103700769N11922389WA0135101359004003024233250
B1934113700767N11922392WA0135101360004003024239262
B1934123700766N11922396WA0135101360003003022264261
B1934133700767N11922400WA0135201360004003022290275
B1934143700769N11922404WA0135201360004003025298283
B1934153700770N11922408WA0135201361004003025301286
B1934163700772N11922411WA0135301362004003023301299
B1934173700774N11922415WA0135301362004003023305301
B1934183700776N11922418WA0135301362004003024312308
B1934193700779N11922421WA0135401362004003024325334
B1934203700783N11922423WA0135301361004003024344345
B1934213700787N11922423WA0135201360004003026002349
B1934223700792N11922422WA0135001358004003033014355
B1934233700797N11922420WA0134901357004003035020001
B1934243700801N11922417WA0134901356004003035021359
B1934253700807N11922415WA0134801356004003035016352
B1934263700812N11922414WA0134701355004003036009324
B1934273700817N11922414WA0134601354004003036356315
B1934293700821N11922415WA0134501353004003033338305
B1934303700824N11922419WA0134401352004003029315298
B1934313700827N11922423WA0134301350004003028301295
B1934323700829N11922428WA0134201350004003029305294
B1934333700832N11922431WA0134201349003003029320312
B1934343700836N11922435WA0134201350004003030331322
B1934353700841N11922437WA0134201350004003035334338
B1934363700846N11922440WA0134301351004003036341316
B1934373700852N11922442WA0134401351004003036346313
B1934383700858N11922443WA0134401351004003039348312
B1934393700864N11922445WA0134501352004003043343311
B1934403700870N11922448WA0134501354004003043334310
B1934413700874N11922452WA0134701355004003040324300
B1934423700878N11922455WA0134901357003003034324295
B1934433700882N11922458WA0135001359004003029325303
B1934443700885N11922462WA0135101359003003029321301
B1934453700888N11922465WA0135101358003003029316306
B1934463700892N11922470WA0135001358004003031312298
B1934473700895N11922474WA0135101359004003032314325
B1934483700899N11922478WA0135101360004003032329338
B1934493700903N11922480WA0135201359004003032357342
B1934503700908N11922478WA0135101358004003032012349
B1934513700914N11922476WA0135001357004003039021008
B1934523700919N11922472WA0134901357004003039028024
B1934533700924N11922468WA0134901356004003039040035
B1934543700927N11922463WA0134801355004003038050043
B1934553700931N11922457WA0134701354004003038060054
B1934563700933N11922450WA0134501352004003038069059
B1934573700934N11922443WA0134501351004003038078072
B1934583700935N11922435WA0134401351004003039090082
B1934593700933N11922429WA0134301350004003037105100
B1935003700932N11922422WA0134201350004003037119116
B1935013700929N11922418WA0134201350004003034130135
B1935023700925N11922413WA0134301350004003034133146
B1935033700922N11922408WA0134401352003003031125147
B1935043700920N11922404WA0134501353004003031116160
B1935053700918N11922400WA0134601354004003027117144
B1935063700917N11922396WA0134501353004003025132150
B1935073700914N11922393WA0134401351004003024142169
B1935083700911N11922391WA0134401352004003024149180
B1935093700907N11922389WA0134501353004003024151183
B1935103700905N11922387WA0134801356004003021147174
B1935113700903N11922385WA0135001359003003020128160
B1935123700901N11922381WA0135201362004003029116144
B1935133700899N11922375WA0135401363004003029113151
B1935143700897N11922368WA0135701364004003037117157
B1935153700894N11922362WA0135901367004003035123155
B1935163700891N11922358WA0136201370004003035128156
B1935173700889N11922354WA0136401372004003028133156
B1935183700886N11922352WA0136501373004003024145166
B1935193700883N11922350WA0136601373004003022162180
B1935203700880N11922350WA0136601373004003022189201
B1935213700877N11922352WA0136601374004003019219219
B1935223700876N11922355WA0136701375003003018255245
B1935233700876N11922357WA0136801377004003014278253
B1935243700877N11922359WA0137001377004003014303257
B1935253700878N11922361WA0137101378004003011324271
B1935263700880N11922362WA0137101379004003011326281
B1935273700882N11922364WA0137101378004003022320285
B1935283700885N11922368WA0137101378004003026314291
B1935293700887N11922371WA0137101379004003024305292
B1935303700889N11922375WA0137301382004003024299284
B1935313700890N11922378WA0137401383004003019290279
B1935323700890N11922381WA0137601384004003019268271
B1935333700889N11922383WA0137601385004003014216259
B1935343700888N11922384WA0137501383004003014167230
B1935353700884N11922380WA0137301381004003032139203
B1935363700880N11922376WA0137201382004003041118157
B1935373700878N11922368WA0137301382004003038104126
B1935383700877N11922361WA0137401385004003038098129
B1935393700876N11922355WA0137601384004003029100112
B1935403700875N11922350WA0137601384004003030106116
B1935413700873N11922344WA0137501382004003030109122
B1935423700872N11922336WA0137401381004003035107125
B1935433700870N11922329WA0137401382004003041104130
B1935443700868N11922322WA0137501384004003041105136
B1935453700867N11922316WA0137501385004003037110128
B1935463700865N11922311WA0137601385004003031119134
B1935473700863N11922308WA0137701386004003025134144
B1935483700860N11922305WA0137701385004003025150171
B1935493700857N11922304WA0137601384004003022165194
B1935503700855N11922304WA0137401382004003019194208
B1935513700853N11922305WA0137101381004003015231236
B1935523700852N11922309WA0137001379004003018259255
B1935533700853N11922313WA0136801378004003018284279
B1935543700855N11922316WA0136701377004003021307277
B1935553700857N11922319WA0136601375004003024323288
B1935563700861N11922322WA0136401373004003024330292
B1935573700864N11922324WA0136201370004003024329284
B1935583700866N11922326WA0135801367004003022322281
B1935593700868N11922329WA0135601364003003022310274
B1936003700870N11922333WA0135301362004003023294275
B1936013700871N11922337WA0135201362004003023274263
B1936023700871N11922341WA0135101361004003023253249
B1936033700869N11922344WA0135101360003003020223243
B1936043700866N11922345WA0135001360004003018199229
B1936053700864N11922346WA0134901359004003018191219
B1936063700861N11922347WA0134801357004003018189209
B1936073700854N11922347WA0134501353004003022179196
B1936083700850N11922347WA0134301351004003029172192
B1936093700845N11922346WA0134101350004003030167192
B1936103700841N11922344WA0134001348004003030163189
B1936113700837N11922342WA0133801346004003030162182
B1936123700832N11922341WA0133501343004003031163181
B1936133700827N11922339WA0133301341004003035165183
B1936143700822N11922338WA0133101341004003035173199
B1936153700817N11922337WA0133001340004003033177188
B1936163700813N11922338WA0133001339004003029180197
B1936173700809N11922338WA0132901338004003027179182
B1936183700805N11922337WA0132801336004003029178202
B1936193700800N11922337WA0132701334003003029175217
B1936203700796N11922337WA0132501333004003029179228
B1936213700792N11922337WA0132301331004003027190229
B1936223700789N11922339WA0132201330004003027208223
B1936233700786N11922342WA0132101329004003025224236
B1936243700783N11922346WA0132001327004003025229235
B1936253700781N11922350WA0131901327004003027225211
B1936263700778N11922353WA0131901327004003027222219
B1936283700775N11922356WA0131901326004003025221229
B1936293700772N11922359WA0131801326004003024221222
B1936303700770N11922362WA0131701325004003025222222
B1936313700767N11922365WA0131601323004003028222222
B1936323700763N11922369WA0131601323004003028223220
B1936333700760N11922373WA0131501322004003028231253
B1936343700759N11922377WA0131401321004003024241251
B1936353700757N11922381WA0131301320004003024244253
B1936363700755N11922385WA0131101318004003024236219
B1936373700753N11922389WA0131001316004003024228231
B1936383700750N11922392WA0130801315004003026224230
B1936393700747N11922396WA0130701313004003027226228
B1936403700745N11922400WA0130501311004003027231238
B1936413700742N11922404WA0130301309004003028232226
B1936423700739N11922409WA0130201308004003032229228
B1936433700735N11922413WA0130101307004003032223221
B1936443700732N11922417WA0130101307004003032220225
B1936453700729N11922420WA0130101307004003029221231
B1936463700726N11922424WA0130001306004003027223226
B1936473700723N11922427WA0129901304004003030222224
B1936483700719N11922431WA0129801303004003030221216
B1936493700715N11922435WA0129701303004003032220219
B1936503700712N11922439WA0129801303004003030221214
B1936513700709N11922443WA0129801303004003030223231
B1936523700706N11922446WA0129801303004003028221213
B1936533700702N11922450WA0129801302004003028219228
B1936543700699N11922453WA0129601301004003030219208
B1936553700696N11922457WA0129401299004003030219228
B1936563700692N11922460WA0129301298004003030221220
B1936573700689N11922464WA0129301297004003030225222
B1936583700686N11922468WA0129101297004003026228225
B1936593700684N11922471WA0129101296004003026228212
B1937003700681N11922475WA0129001295004003025222218
B1937013700678N11922478WA0128901294004003025218214
B1937023700675N11922481WA0128801292004003028216214
B1937033700671N11922484WA0128701292004003028221228
B1937043700668N11922488WA0128601292004003028227226
B1937053700666N11922492WA0128701292004003028236228
B1937063700664N11922496WA0128801294004003028240228
B1937073700662N11922501WA0129001296004003028243247
B1937083700661N11922505WA0129201299004003026248232
B1937093700659N11922509WA0129501301004003024253235
B1937103700658N11922513WA0129601302004003025251255
B1937113700657N11922518WA0129701304004003026256275
B1937123700657N11922523WA0129901306004003025277306
B1937133700658N11922527WA0130001305004003026310321
B1937143700663N11922531WA0130001305004003032332334
B1937153700668N11922532WA0130001305004003035350351
B1937163700673N11922531WA0130101307004003035010004
B1937173700678N11922528WA0130201308004003036039021
B1937183700682N11922521WA0130301308004003042062043
B1937193700683N11922513WA0130501310004003043079071
B1937203700683N11922506WA0130601313004003042095090
B1937213700681N11922500WA0130901315004003038111108
B1937223700679N11922496WA0131101317004003027131126
B1937233700676N11922493WA0131201318004003027147160
B1937243700672N11922491WA0131301319004003027162178
B1937253700668N11922490WA0131401320004003027176194
B1937263700664N11922491WA0131401321004003025193214
B1937273700661N11922493WA0131501321004003025218227
B1937283700660N11922496WA0131601322004003022250244
B1937293700660N11922501WA0131701322004003022278263
B1937303700662N11922505WA0131701323004003024302283
B1937313700665N11922508WA0131701323004003026322297
B1937323700669N11922510WA0131701323004003026338314
B1937333700674N11922512WA0131801323004003031351326
B1937343700679N11922511WA0131801324004003039007341
B1937353700685N11922509WA0131901325004003040024000
B1937363700690N11922505WA0132001327004003039037017
B1937373700694N11922500WA0132201329004003037053032
B1937383700696N11922494WA0132301329004003036076051
B1937393700696N11922487WA0132401329004003037091081
B1937403700695N11922481WA0132501330004003036106100
B1937413700693N11922475WA0132601332004003036121118
B1937423700690N11922470WA0132801334004003029128135
B1937433700687N11922467WA0132901336004003029139146
B1937443700684N11922465WA0133001336004003024162157
B1937453700680N11922465WA0133001335004003024189182
B1937463700677N11922468WA0133001335004003025218203
B1937473700676N11922472WA0132901335004003026253225
B1937483700676N11922477WA0132901334004003026285255
B1937493700678N11922482WA0132901335004003029298281
B1937503700681N11922487WA0133001336004003028304293
B1937513700683N11922491WA0133101337004003028313292
B1937523700687N11922494WA0133101338004003027325317
B1937533700691N11922496WA0133201338004003027343333
B1937543700696N11922496WA0133201338004003036359351
B1937553700702N11922494WA0133201338004003040017013
B1937563700706N11922490WA0133301340004003039041033
B1937573700709N11922484WA0133401341004003039067056
B1937583700710N11922478WA0133501341004003034093079
B1937593700709N11922471WA0133501341004003036098106
B1938003700708N11922465WA0133501341004003036103120
B1938013700706N11922458WA0133501342004003036114131
B1938023700703N11922453WA0133501342004003035131149
B1938033700698N11922449WA0133601342004003035153164
B1938043700693N11922448WA0133601343004003035173178
B1938053700688N11922448WA0133701345004003034187194
B1938063700684N11922450WA0133901348004003032199203
B1938073700680N11922452WA0134101349004003025212214
B1938083700678N11922455WA0134101349004003025228225
B1938093700676N11922459WA0134101348004003024249236
B1938103700676N11922464WA0134001347004003024270252
B1938113700677N11922470WA0134001346004003028290269
B1938123700679N11922475WA0133901347004003032307287
B1938133700687N11922481WA0134001347004003032350318
B1938143700692N11922481WA0134001347004003033005340
B1938153700697N11922478WA0134001347004003033024356
B1938163700701N11922475WA0134001347004003034047017
B1938173700704N11922469WA0134001347004003035065045
B1938183700705N11922462WA0134001347004003035083068
B1938193700704N11922455WA0133901346004003037102090
B1938203700701N11922448WA0133901347004003039118112
B1938213700698N11922442WA0134001348004003039128131
B1938223700694N11922436WA0134101350004003039130145
B1938233700691N11922432WA0134301351004003036130145
B1938243700688N11922427WA0134401352004003032130146
B1938253700685N11922423WA0134401353004003029129149
B1938263700682N11922419WA0134501353004003029133163
B1938273700679N11922416WA0134401352004003028151173
B1938283700675N11922415WA0134301349004003028177190
B1938293700670N11922417WA0134101347004003030206211
B1938303700668N11922422WA0133901346004003030240233
B1938313700668N11922427WA0133901345004003030278258
B1938323700670N11922432WA0133801345004003030304283
B1938333700674N11922435WA0133701344004003031333306
B1938343700679N11922436WA0133601343004003031357330
B1938353700683N11922435WA0133501342004003031020351
B1938363700687N11922431WA0133401340004003031038015
B1938383700691N11922425WA0133301339004003039053036
B1938393700693N11922418WA0133201338004003040075055
B1938403700693N11922411WA0133101338004003040092078
B1938413700692N11922403WA0133101339004003040101103
B1938423700691N11922397WA0133201340004003034102109
B1938433700690N11922391WA0133301341004003034104115
B1938443700688N11922385WA0133301340004003034108120
B1938453700686N11922379WA0133301340004003035111127
B1938463700684N11922372WA0133201340004003040114138
B1938473700681N11922365WA0133301341004003041118138
B1938483700678N11922359WA0133501342004003040125142
B1938493700674N11922353WA0133601344004003039126132
B1938503700672N11922348WA0133701345004003034120130
B1938513700669N11922342WA0133801345004003035113136
B1938523700667N11922335WA0133701344004003035111130
B1938533700665N11922327WA0133701344004003041114141
B1938543700661N11922320WA0133701345004003042123151
B1938553700658N11922315WA0133801346004003042132157
B1938563700654N11922311WA0133901347004003037136159
B1938573700650N11922306WA0133901346004003036138157
B1938583700646N11922302WA0133901346004003040142164
B1938593700640N11922297WA0133901346004003042145169
B1939003700635N11922293WA0134001348004003040145173
B1939013700631N11922289WA0134201350004003040143169
B1939023700627N11922285WA0134401352004003034144167
B1939033700623N11922282WA0134501354004003034146180
B1939043700618N11922279WA0134701355004003033151194
B1939053700614N11922276WA0134901357004003033157201
B1939063700610N11922275WA0135001358004003026168199
B1939073700607N11922275WA0135001359004003026182202
B1939083700604N11922276WA0135101359004003023198210
B1939093700600N11922278WA0135101358004003023212214
B1939103700597N11922280WA0135101358004003026212218
B1939113700593N11922283WA0135101359004003027208234
B1939123700590N11922285WA0135201360004003026210246
B1939133700587N11922288WA0135201360004003024229249
B1939143700587N11922292WA0135201359004003021267259
B1939153700588N11922296WA0135201359004003025296282
B1939163700591N11922300WA0135301360004003025317304
B1939173700595N11922302WA0135401362004003025340320
B1939183700599N11922303WA0135501362004003028002336
B1939193700603N11922301WA0135601363004003032015356
B1939203700608N11922299WA0135601364004003032024010
B1939213700613N11922294WA0135601364004003037038020
B1939223700618N11922289WA0135701365004003044049035
B1939233700621N11922282WA0135701366004003044062050
B1939243700623N11922275WA0135801366004003042079063
B1939253700623N11922268WA0135701365004003042104083
B1939263700620N11922261WA0135601364004003043123111
B1939273700615N11922256WA0135501363004003043148131
B1939283700609N11922252WA0135501364004003043174158
B1939293700604N11922253WA0135701365004003038190183
B1939303700601N11922256WA0136001369004003020217198
B1939313700600N11922258WA0136201371004003020211223
B1939323700598N11922259WA0136301371004003016169218
B1939333700595N11922258WA0136201370004003016156187
B1939343700590N11922255WA0136101368004003036152179
B1939353700585N11922251WA0136001368004003036152179
B1939363700581N11922249WA0136001369004003036166179
B1939373700577N11922249WA0136001368004003028207192
B1939383700575N11922252WA0135801366004003022240227
B1939393700575N11922257WA0135701365004003022266252
B1939403700576N11922260WA0135701365004003022298270
B1939413700578N11922263WA0135701365004003022331292
B1939423700582N11922264WA0135701365004003026353322
B1939433700586N11922264WA0135701365004003028003340
B1939443700591N11922263WA0135601364004003028004339
B1939453700595N11922263WA0135601364004003030000333
B1939463700600N11922263WA0135601364004003030353327
B1939473700604N11922264WA0135601364004003030345319
B1939483700606N11922266WA0135601365004003024331316
B1939493700608N11922268WA0135601364004003018312305
B1939503700610N11922271WA0135501363004003022309294
B1939513700613N11922274WA0135501363004003023311288
B1939523700615N11922277WA0135501364004003022312292
B1939533700617N11922280WA0135601365004003022313296
B1939543700619N11922282WA0135601365004003018323305
B1939553700622N11922284WA0135601364004003020342319
B1939563700625N11922284WA0135501363004003020356330
B1939573700629N11922284WA0135501363004003024355326
B1939583700632N11922285WA0135401362004003023344302
B1939593700635N11922287WA0135401362004003023328303
B1940003700637N11922289WA0135301361004003019309287
B1940013700638N11922293WA0135201360004003019296274
B1940023700639N11922296WA0135201361004003020275268
B1940033700638N11922300WA0135201360004003020240247
B1940043700635N11922302WA0135101359004003020198229
B1940053700631N11922302WA0134901356004003024178204
B1940063700626N11922301WA0134801355004003037166187
B1940073700620N11922298WA0134601354004003037157173
B1940083700616N11922295WA0134601353004003036151163
B1940093700611N11922292WA0134501352004003036148158
B1940103700606N11922288WA0134401351004003038145154
B1940113700602N11922283WA0134301351004003038141151
B1940123700597N11922278WA0134301350004003038137144
B1940133700593N11922273WA0134201350004003039137155
B1940143700589N11922269WA0134201350004003039140156
B1940153700584N11922264WA0134101349004003038143163
B1940163700579N11922260WA0134101348004003038144158
B1940173700575N11922256WA0134001348004003037142155
B1940183700571N11922252WA0134001347004003036143168
B1940193700567N11922249WA0134001347004003035148172
B1940203700558N11922244WA0133801345004003033156171
B1940213700553N11922241WA0133701344004003033153182
B1940223700549N11922238WA0133601343004003033149171
B1940233700545N11922235WA0133501342004003033149173
B1940243700540N11922232WA0133301340004003034153151
B1940253700536N11922229WA0133101337004003035156143
B1940263700531N11922226WA0132901335004003035152146
B1940273700526N11922223WA0132801334004003036144156
B1940283700522N11922218WA0132601332004003036141185
B1940293700518N11922214WA0132401330004003037142178
B1940303700513N11922210WA0132201328004003037147174
B1940313700508N11922207WA0132101327004003037154177
B1940333700503N11922204WA0132001326004003036157180
B1940343700498N11922202WA0131901325004003036157178
B1940353700494N11922199WA0131801323004003035155183
B1940363700489N11922197WA0131601321004003035155189
B1940373700484N11922194WA0131401321004003035157194
B1940383700479N11922192WA0131001317004003035164189
B1940393700474N11922192WA0130701313004003034177206
B1940403700469N11922193WA0130401309004003034187201
B1940413700463N11922194WA0130101307004003039189189
B1940423700457N11922194WA0129901305004003040180180
B1940433700451N11922193WA0129801304004003040169174
B1940443700445N11922191WA0129601302004003041161167
B1940453700439N11922188WA0129401300004003044157177
B1940463700433N11922185WA0129201297004003046157172
B1940473700426N11922182WA0128901293004003044163206
B1940483700420N11922181WA0128501289004003044171206
B1940493700414N11922180WA0128201286004003040177205
B1940503700408N11922180WA0127901283004003040180200
B1940513700403N11922181WA0127701280004003039182199
B1940523700397N11922181WA0127301276004003038186219
B1940533700392N11922183WA0127001273004003034197232
B1940543700388N11922186WA0126601269004003034222243
B1940553700387N11922191WA0126201264004003031255258
B1940563700386N11922198WA0125901265004003031292280
B1940573700388N11922203WA0125801265004003030310296
B1940583700392N11922205WA0125801265004003030327302
B1940593700395N11922207WA0125701263004003022323307
B1941003700397N11922210WA0125501261004003020306304
B1941013700399N11922213WA0125301258004003026300298
B1941023700402N11922219WA0125101255004003033303292
B1941033700404N11922224WA0125101256004003031311316
B1941043700407N11922227WA0125201257004003031314288
B1941053700410N11922230WA0125201257004003020317307
B1941063700412N11922233WA0125201256004003021322313
B1941073700415N11922235WA0125101255004003021328325
B1941083700419N11922237WA0125001253004003026335326
B1941093700424N11922239WA0124901252004003031341320
B1941103700428N11922241WA0124801252004003031345309
B1941113700432N11922242WA0124801251004003028345306
B1941123700435N11922243WA0124701250004003025344311
B1941133700439N11922244WA0124601249004003024343311
B1941143700442N11922245WA0124501247004003024341311
B1941153700446N11922247WA0124301244004003024339311
B1941163700449N11922249WA0124101242004003025339314
B1941173700453N11922250WA0123801240004003024339307
B1941183700456N11922252WA0123601238004003024339320
B1941193700460N11922254WA0123401235004003024339316
B1941203700463N11922255WA0123201233004003025342334
B1941213700468N11922256WA0123001231004003029344326
B1941223700472N11922258WA0122901230004003032346327
B1941233700477N11922259WA0122801229004003031348316
B1941243700481N11922260WA0122801229004003031352312
B1941253700485N11922260WA0122701229004003023354310
B1941263700488N11922261WA0122601227004003023353312
B1941273700491N11922262WA0122401224004003023351325
B1941283700496N11922262WA0122201222004003025352331
B1941293700500N11922263WA0122001220004003030353337
B1941303700504N11922263WA0121901219004003030355324
B1941313700508N11922264WA0121801218004003028356307
B1941323700511N11922264WA0121601216004003024353321
B1941333700515N11922265WA0121401213004003025346320
B1941343700519N11922267WA0121201210004003032344312
B1941353700525N11922269WA0120901208004003032343305
B1941363700530N11922270WA0120801207004003033342296
B1941373700534N11922272WA0120701207004003027339298
B1941383700537N11922274WA0120701206004003027338306
B1941393700540N11922276WA0120601205004003025331306
B1941403700544N11922279WA0120601205004003025324309
B1941413700547N11922282WA0120601205004003024324294
B1941423700550N11922284WA0120601205004003024329299
B1941433700552N11922286WA0120601206004003022329305
B1941443700556N11922289WA0120701206004003022322313
B1941453700559N11922292WA0120701206004003031317307
B1941463700562N11922296WA0120801208004003032316315
B1941473700566N11922300WA0121101211004003031319305
B1941483700569N11922304WA0121401215004003031325306
B1941493700573N11922306WA0121701218004003027331313
B1941503700577N11922308WA0122001220004003027336322
B1941513700580N11922310WA0122101222004003027344311
B1941523700584N11922311WA0122201222004003026351313
B1941533700588N11922311WA0122201222004003028355310
B1941543700593N11922312WA0122101221004003029355309
B1941553700597N11922312WA0122101221004003028351309
B1941563700601N11922313WA0122101221004003028346308
B1941573700604N11922315WA0122101221004003022343309
B1941583700607N11922316WA0122101221004003022339311
B1941593700610N11922318WA0122101220004003021332312
B1942003700613N11922320WA0122001219004003021329311
B1942013700617N11922323WA0121901219004003031329307
B1942023700621N11922325WA0122101220004003031332298
B1942033700624N11922327WA0122201222004003030333304
B1942043700627N11922329WA0122401223004003024323307
B1942053700629N11922332WA0122501224004003016312305
B1942063700630N11922334WA0122501224004003018311295
B1942073700632N11922337WA0122401223004003018314302
B1942083700635N11922340WA0122401224004003021315293
B1942093700637N11922343WA0122601225004003023321301
B1942103700640N11922345WA0122701227004003023326316
B1942113700643N11922347WA0122901229004003022330291
B1942123700646N11922349WA0123101231004003022332290
B1942133700650N11922352WA0123301233004003029333301
B1942143700654N11922354WA0123601236004003029325300
B1942153700656N11922357WA0123901239004003027312296
B1942163700658N11922360WA0124101243004003022303292
B1942173700663N11922365WA0124701248004003026341327
B1942183700668N11922365WA0124901249004003034001342
B1942193700674N11922363WA0125101251004003034016011
B1942203700679N11922360WA0125301254004003039032039
B1942213700683N11922354WA0125501256004003039051049
B1942223700686N11922347WA0125601257004003047067071
B1942233700688N11922338WA0125701258004003051082089
B1942243700687N11922329WA0125801260004003047098107
B1942253700686N11922321WA0125901259004003047128126
B1942263700681N11922318WA0125901258004003038157155
B1942273700677N11922320WA0125901258004003027204185
B1942283700673N11922324WA0125901258004003027263232
B1942293700674N11922328WA0126101261004003025304274
B1942303700677N11922331WA0126601267004003024339303
B1942313700681N11922331WA0126901267004003020006319
B1942323700685N11922331WA0127101267004003020002330
B1942333700688N11922331WA0127101268004003021336326
B1942343700690N11922334WA0127101268004003021307309
B1942353700691N11922338WA0127001269004003021271290
B1942363700690N11922341WA0127101271004003020238268
B1942373700687N11922343WA0127201273004003020207248
B1942383700684N11922344WA0127401275004003020190229
B1942393700681N11922345WA0127501276004003020182213
B1942403700677N11922345WA0127701278004003025175207
B1942413700673N11922343WA0127901280004003029157195
B1942423700669N11922341WA0128101281004003029127172
B1942433700667N11922333WA0128301282004003036107141
B1942443700668N11922324WA0128401284004003048080108
B1942453700671N11922316WA0128501285004003051057071
B1942463700677N11922310WA0128601288004003048033043
B1942473700683N11922307WA0128801291004003047012015
B1942483700688N11922308WA0129101294004003031356352
B1942493700691N11922309WA0129301297004003031333330
B1942503700693N11922311WA0129601298004003019313312
B1942513700694N11922313WA0129701300004003015316290
B1942523700696N11922315WA0129801300004003018323294
B1942533700698N11922317WA0129701300004003020322284
B1942543700700N11922319WA0129701300004003018301276
B1942553700700N11922322WA0129601299004003018267264
B1942563700699N11922326WA0129501297004003021236245
B1942573700696N11922328WA0129401297004003027203229
B1942583700691N11922329WA0129401297004003027180209
B1942593700686N11922327WA0129501298004003031155196
B1943003700682N11922323WA0129601300004003035136174
B1943013700679N11922317WA0129901303004003035121154
B1943023700677N11922311WA0130101305004003035105139
B1943033700677N11922303WA0130201305004003037092120
B1943043700678N11922293WA0130301306004003053081101
B1943063700679N11922284WA0130501307004003053060081
B1943073700685N11922277WA0130701310004003053041053
B1943083700691N11922272WA0130901310004003049013028
B1943093700697N11922272WA0131001312004003040356354
B1943103700702N11922274WA0131201315004003040337332
B1943113700705N11922277WA0131401318004003031320315
B1943123700707N11922279WA0131701318004003020264297
B1943133700706N11922281WA0131701318004003014209253
B1943143700703N11922282WA0131701318004003022200227
B1943153700699N11922284WA0131701319004003022211225
B1943163700697N11922287WA0131901322004003022227246
B1943173700696N11922290WA0132201325004003016260248
B1943183700696N11922293WA0132401325004003019300259
B1943193700698N11922296WA0132401325004003019318290
B1943203700701N11922300WA0132301326004003023327300
B1943213700706N11922302WA0132301326004003031330307
B1943223700710N11922305WA0132301326004003031336304
B1943233700714N11922307WA0132401328004003031339291
B1943243700718N11922309WA0132401329004003029335286
B1943253700720N11922311WA0132501329004003017317271
B1943263700721N11922313WA0132401329004003017279258
B1943273700721N11922317WA0132301327004003017248236
B1943283700718N11922320WA0132201326004003021224222
B1943293700715N11922322WA0132201326004003028195206
B1943303700710N11922322WA0132101326004003033177203
B1943313700705N11922321WA0132201327004003033166182
B1943323700700N11922319WA0132301328004003033160175
B1943333700696N11922317WA0132301328004003032152163
B1943343700692N11922313WA0132201328004003034140153
B1943353700689N11922308WA0132301327004003034116136
B1943363700688N11922300WA0132201326004003035088118
B1943373700691N11922292WA0132101324004003051062086
B1943383700695N11922284WA0131901324004003052039045
B1943393700702N11922280WA0131701322004003051018017
B1943403700709N11922280WA0131501321004003049355352
B1943413700714N11922282WA0131401321004003034343331
B1943423700719N11922284WA0131501322004003034343314
B1943433700723N11922285WA0131501322004003028348310
B1943443700727N11922286WA0131501322004003026347303
B1943453700730N11922287WA0131501321004003024339298
B1943463700733N11922289WA0131501321004003024325295
B1943473700735N11922292WA0131401321004003021315284
B1943483700737N11922295WA0131401321004003020311293
B1943493700739N11922297WA0131401320004003016311294
B1943503700741N11922299WA0131301319004003016316302
B1943513700743N11922301WA0131201317004003016326299
B1943523700746N11922303WA0131001316004003020338303
B1943533700750N11922305WA0131001316004003027348304
B1943543700754N11922306WA0131001317004003027348292
B1943553700757N11922307WA0130901316004003024343313
B1943563700760N11922309WA0130901314004003021336293
B1943573700763N11922311WA0130801313004003023330307
B1943583700766N11922313WA0130601311004003025325262
B1943593700769N11922316WA0130501310004003024320280
B1944003700771N11922319WA0130301309004003024306277
B1944013700772N11922322WA0130201307004003017285267
B1944023700773N11922325WA0130101305004003017281274
B1944033700774N11922328WA0129901304004003017293267
B1944043700775N11922331WA0129901303004003019303281
B1944053700777N11922335WA0129901304004003023309275
B1944063700780N11922338WA0130001305004003023312278
B1944073700782N11922341WA0130101306004003023312289
B1944083700784N11922344WA0130201308004003023313283
B1944093700786N11922347WA0130401308004003019322270
B1944103700789N11922348WA0130601310004003021329274
B1944113700792N11922350WA0130801312004003021332290
B1944123700795N11922352WA0130901313004003023330285
B1944133700799N11922355WA0131101315004003025331303
B1944143700802N11922357WA0131201317004003025344287
B1944153700806N11922357WA0131301318004003025354288
B1944163700810N11922358WA0131401318004003025353287
B1944173700814N11922359WA0131401317004003027344278
B1944183700817N11922360WA0131301317004003027331277
B1944193700820N11922363WA0131301317004003025316284
B1944203700822N11922366WA0131301317004003022310291
B1944213700824N11922368WA0131301317004003016336275
B1944223700830N11922367WA0131201317004003020005277
B1944233700832N11922368WA0131101315004003020337279
B1944243700834N11922371WA0131001313004003019304274
B1944253700835N11922374WA0130901315004003017285263
B1944263700835N11922376WA0131101317004003017274252
B1944273700835N11922378WA0131301319004003012250253
B1944283700835N11922379WA0131401319004003008235250
B1944293700834N11922381WA0131401319004003011243248
B1944303700833N11922383WA0131301319004003016252230
B1944313700832N11922387WA0131401319004003016255243
B1944323700831N11922392WA0131601321004003023256257
B1944333700830N11922396WA0131701323004003023259248
B1944343700830N11922400WA0131901325004003020268266
B1944353700830N11922404WA0131901324004003021282284
B1944363700832N11922408WA0131801321004003021291290
B1944373700834N11922413WA0131501318004003026301296
B1944383700837N11922418WA0131201318004003033313308
B1944393700840N11922422WA0131101318004003033319293
B1944403700844N11922425WA0131001318003003030321296
B1944413700847N11922428WA0131001317003003029321300
B1944423700851N11922432WA0131001317003003034323306
B1944433700855N11922436WA0131101317003003037326293
B1944443700860N11922439WA0131201319003003037329294
B1944453700865N11922443WA0131301320003003037330290
B1944463700869N11922445WA0131401321003003030333313
B1944473700873N11922447WA0131401321003003030337309
B1944483700877N11922449WA0131301319003003029337324
B1944493700881N11922452WA0131201318003003029338313
B1944503700886N11922454WA0131201318003003033340314
B1944513700891N11922456WA0131201318003003033343310
B1944523700895N11922457WA0131101318003003031344301
B1944533700899N11922459WA0131101316003003029340297
B1944543700903N11922461WA0130901314003003033333290
B1944553700908N11922465WA0130801313003003037327288
B1944563700912N11922469WA0130801313003003036318271
B1944573700916N11922474WA0130801314003003036307286
B1944583700918N11922479WA0130901315003003027297282
B1944593700919N11922483WA0130901315003003027295277
B1945003700921N11922487WA0130801314003003023301287
B1945013700923N11922491WA0130701314003003023306298
B1945023700925N11922495WA0130701313003003028307283
B1945033700928N11922499WA0130601313003003028302263
B1945043700929N11922502WA0130701314004003024285243
B1945053700929N11922505WA0130701314003003018260257
B1945063700928N11922507WA0130701314003003016241262
B1945073700927N11922510WA0130801314003003019249256
B1945083700926N11922514WA0130901315003003019264254
B1945093700926N11922518WA0131001315003003020283264
B1945103700928N11922521WA0131201317003003018298270
B1945113700929N11922524WA0131301319004003018316273
B1945123700931N11922526WA0131501321003003018310254
B1945133700932N11922529WA0131601322003003018282237
B1945143700932N11922533WA0131801323004003023246220
B1945153700928N11922536WA0132001325004003027204204
B1945163700924N11922536WA0132101327004003027169178
B1945173700919N11922531WA0132301328004003033137160
B1945183700917N11922523WA0132301328004003045106134
B1945193700918N11922514WA0132301328004003049075095
B1945203700922N11922508WA0132401329003003045045059
B1945223700928N11922505WA0132501331003003045018021
B1945233700933N11922504WA0132601332003003031001353
B1945243700937N11922505WA0132701334003003031345329
B1945253700941N11922507WA0133001337003003030335314
B1945263700945N11922510WA0133201340003003029330301
B1945273700948N11922512WA0133501343003003024329302
B1945283700951N11922514WA0133701344003003024332289
B1945293700954N11922516WA0133901346003003022325288
B1945303700956N11922519WA0134001347003003021304281
B1945313700956N11922523WA0134001347003003019271265
B1945323700955N11922527WA0134001346003003022237248
B1945333700952N11922529WA0134001347003003022204229
B1945343700948N11922529WA0134101349003003026174211
B1945353700944N11922527WA0134301351003003030150190
B1945363700940N11922523WA0134501354003003030134172
B1945373700938N11922519WA0134801356003003029121158
B1945383700937N11922515WA0135001358003003027108147
B1945393700936N11922509WA0135101359003003030094135
B1945403700937N11922503WA0135101358003003035080112
B1945413700939N11922496WA0135101359003003035064086
B1945423700942N11922491WA0135201360003003036046062
B1945433700947N11922488WA0135201360004003035027034
B1945443700952N11922486WA0135301361004003036011008
B1945453700957N11922486WA0135301361003003036358350
B1945463700962N11922487WA0135401362003003036346337
B1945473700967N11922489WA0135601364003003032333326
B1945483700971N11922492WA0135801367003003032327310
B1945493700974N11922495WA0136001369003003030332302
B1945503700978N11922497WA0136101370003003027334301
B1945513700981N11922499WA0136201371003003024322291
B1945523700983N11922503WA0136201370003003024296274
B1945533700983N11922507WA0136101369004003024260260
B1945543700981N11922511WA0136001368003003024224239
B1945553700977N11922513WA0136001369003003026191217
B1945563700973N11922512WA0136101370003003026166198
B1945573700970N11922510WA0136201371003003025157179
B1945583700966N11922509WA0136301371003003025158187
B1945593700963N11922507WA0136301371003003026163190
B1946003700959N11922506WA0136301371003003027174195
B1946013700955N11922506WA0136201371003003027182191
B1946023700951N11922507WA0136201371003003027181191
B1946033700947N11922506WA0136301372003003027167161
B1946043700943N11922503WA0136401372003003030144148
B1946053700940N11922498WA0136401371003003030122136
B1946063700938N11922491WA0136301371003003036101114
B1946073700938N11922483WA0136301371003003045080090
B1946083700941N11922475WA0136301372003003045057065
B1946093700946N11922470WA0136401372003003044035041
B1946103700952N11922467WA0136501373003003041020020
B1946113700958N11922465WA0136501373003003041014004
B1946123700964N11922464WA0136601374003003041010356
B1946133700969N11922463WA0136601375003003038002351
B1946143700974N11922464WA0136701375003003035350342
B1946153700977N11922465WA0136701375003003025333329
B1946163700980N11922468WA0136601374003003025317308
B1946173700983N11922472WA0136601374003003025313293
B1946183700986N11922475WA0136601374003003025316289
B1946193700988N11922478WA0136601375004003023313282
B1946203700990N11922482WA0136601375003003023300271
B1946213700991N11922485WA0136601374004003020281268
B1946223700991N11922489WA0136501373003003020266245
B1946233700990N11922493WA0136501374004003020248238
B1946243700988N11922495WA0136501374003003020226224
B1946253700986N11922497WA0136501374003003018204218
B1946263700983N11922498WA0136501373003003018196219
B1946273700980N11922499WA0136401372003003023196204
B1946283700973N11922502WA0136401372003003023193202
B1946293700970N11922502WA0136401372003003023185199
B1946303700966N11922502WA0136301372003003023177188
B1946313700963N11922502WA0136301372003003022164177
B1946323700960N11922500WA0136301371003003025159163
B1946333700956N11922498WA0136201370003003025160187
B1946343700952N11922497WA0136201370003003026160194
B1946353700949N11922495WA0136301371003003025159196
B1946363700946N11922494WA0136301371003003025162208
B1946373700942N11922493WA0136301371003003022178218
B1946383700940N11922494WA0136201369003003021208232
B1946393700938N11922498WA0136001368003003021243250
B1946403700938N11922503WA0135901367003003029276269
B1946413700940N11922508WA0135901368003003033302283
B1946423700943N11922513WA0136001368004003033322298
B1946433700948N11922517WA0136201370004003035330309
B1946443700952N11922519WA0136401372003003030333304
B1946453700956N11922522WA0136401373003003030334316
B1946463700960N11922524WA0136401372003003030337333
B1946473700965N11922525WA0136301371003003030346340
B1946483700971N11922526WA0136201369003003039356343
B1946493700977N11922526WA0136101368003003041005355
B1946503700983N11922525WA0136001368003003039017014
B1946513700989N11922522WA0136001368003003039030032
B1946523700993N11922517WA0135901366003003041044049
B1946533700996N11922510WA0135701363003003043063064
B1946543700998N11922502WA0135401360003003043083090
B1946553700997N11922494WA0135101358003003043104109
B1946563700994N11922488WA0134901356003003032127132
B1946573700990N11922486WA0134701354003003032154158
B1946583700987N11922485WA0134601354003003025179179
B1946593700985N11922486WA0134701354003003019211201
B1947003700983N11922489WA0134601353003003021233224
B1947013700981N11922493WA0134601352003003026239237
B1947023700980N11922498WA0134501352003003026249239
B1947033700979N11922503WA0134501352003003026258240
B1947043700978N11922508WA0134501352003003027258242
B1947053700977N11922512WA0134501352003003027256248
B1947063700976N11922517WA0134401351003003027261256
B1947073700976N11922521WA0134501351003003025268238
B1947083700976N11922525WA0134401351003003019271240
B1947093700976N11922528WA0134201349003003019263228
B1947103700975N11922532WA0134001346003003019250228
B1947113700973N11922536WA0133801344004003022232226
B1947123700970N11922539WA0133701343004003025212217
B1947133700967N11922540WA0133701343003003025198212
B1947143700964N11922541WA0133701344003003021185200
B1947153700962N11922541WA0133701344003003018167190
B1947163700958N11922539WA0133701343003003024152181
B1947173700955N11922536WA0133601342003003031145179
B1947183700951N11922532WA0133501341003003031144174
B1947193700946N11922528WA0133401340003003035145197
B1947203700942N11922525WA0133401341003003031147194
B1947213700939N11922523WA0133401341004003031153188
B1947223700935N11922521WA0133401341004003027168197
B1947233700932N11922521WA0133401340004003023188205
B1947243700930N11922523WA0133401339004003016215219
B1947253700928N11922525WA0133401340003003018230231
B1947263700926N11922528WA0133501341003003018238237
B1947273700925N11922531WA0133701344003003018247248
B1947283700925N11922534WA0133901346003003016256243
B1947293700924N11922537WA0134101345003003017265242
B1947303700924N11922540WA0134201346003003017265246
B1947313700924N11922544WA0134201346004003018272265
B1947333700925N11922548WA0134201348004003024288288
B1947343700927N11922552WA0134401350004003028312304
B1947353700932N11922554WA0134601352003003028342323
B1947363700937N11922554WA0134701354003003033004344
B1947373700943N11922552WA0134901356004003038024007
B1947383700947N11922547WA0135101358003003038043032
B1947393700950N11922541WA0135201358003003038060052
B1947403700952N11922535WA0135201359003003038076073
B1947413700952N11922527WA0135201358003003038092093
B1947423700951N11922521WA0135201358003003038109111
B1947433700947N11922515WA0135101357003003038137133
B1947443700942N11922512WA0135101357003003038158158
B1947453700937N11922511WA0135201358004003033189177
B1947463700933N11922514WA0135501361003003033212203
B1947473700932N11922517WA0135701364003003026242220
B1947483700931N11922520WA0135901367003003017266241
B1947493700932N11922522WA0136101368003003015283253
B1947503700932N11922525WA0136201369003003016288260
B1947513700933N11922529WA0136301370004003016281270
B1947523700933N11922532WA0136401371003003018276278
B1947533700934N11922537WA0136501372003003023293283
B1947543700937N11922540WA0136501372003003027320296
B1947553700941N11922542WA0136601373003003027342316
B1947563700946N11922543WA0136801374003003032003332
B1947573700952N11922541WA0137001378004003037022355
B1947583700957N11922537WA0137301378003003038051020
B1947593700959N11922530WA0137401379003003038071054
B1948003700960N11922522WA0137501380003003040086084
B1948013700959N11922514WA0137601382003003041101106
B1948023700957N11922508WA0137701384003003041117122
B1948033700954N11922503WA0137801383003003036153141
B1948043700949N11922503WA0137701382003003031183176
B1948053700945N11922505WA0137701382003003028235202
B1948063700943N11922511WA0137901384004003029271239
B1948073700944N11922517WA0138101386003003028277262
B1948083700944N11922521WA0138201386003003023259256
B1948093700944N11922524WA0138201387003003017232251
B1948103700942N11922527WA0138101387003003021242251
B1948113700942N11922532WA0138001386003003021267269
B1948123700943N11922538WA0138001386004003028288281
B1948133700946N11922543WA0138101387003003034310295
B1948143700950N11922547WA0138201389003003034329305
B1948153700954N11922549WA0138201388003003031343328
B1948163700958N11922550WA0138101387003003029352324
B1948173700963N11922551WA0137901385003003032348312
B1948183700968N11922553WA0137701382003003037335311
B1948193700973N11922557WA0137401380003003037320300
B1948203700976N11922562WA0137201378003003037307292
B1948213700978N11922567WA0137001377003003029302287
B1948223700981N11922571WA0136901376003003029298278
B1948233700982N11922576WA0136901376004003028291269
B1948243700983N11922579WA0136801376003003024270246
B1948253700982N11922582WA0136801375003003014238240
B1948263700980N11922583WA0136601372003003017214227
B1948273700977N11922585WA0136301369003003017198209
B1948283700973N11922585WA0136001366003003022181205
B1948293700968N11922584WA0135801363003003036161188
B1948303700963N11922579WA0135501362003003043142170
B1948313700958N11922574WA0135501362003003043127148
B1948323700954N11922567WA0135501363003003043118130
B1948333700952N11922559WA0135501363003003040109115
B1948343700950N11922545WA0135601363003003039096123
B1948353700950N11922538WA0135501363004003038090101
B1948363700950N11922531WA0135501362003003037088102
B1948373700950N11922524WA0135401361003003040093108
B1948383700949N11922516WA0135301361003003041103117
B1948393700948N11922509WA0135301360003003040108142
B1948403700945N11922503WA0135201360003003039116146
B1948413700942N11922497WA0135101358003003036129161
B1948423700938N11922494WA0134901356003003036147183
B1948433700934N11922493WA0134701354003003031179195
B1948443700932N11922495WA0134401350004003023226216
B1948453700932N11922499WA0134101347004003023272239
B1948463700932N11922504WA0133901347003003024288256
B1948473700934N11922508WA0133801347004003024282265
B1948483700934N11922512WA0133801346003003021265264
B1948493700933N11922514WA0133701345003003017258262
B1948503700933N11922518WA0133501343003003018263277
B1948513700932N11922521WA0133401343003003022276270
B1948523700934N11922526WA0133301342003003022289282
B1948533700935N11922530WA0133301342003003022300288
B1948543700937N11922533WA0133301342003003020307296
B1948553700939N11922536WA0133401342003003020312304
B1948563700941N11922538WA0133401342004003020312305
B1948573700944N11922542WA0133401341004003022313293
B1948583700947N11922546WA0133401342004003035326301
B1948593700952N11922550WA0133601343004003035332285
B1949003700956N11922552WA0133801346004003032329286
B1949013700959N11922554WA0133901345004003025304278
B1949023700959N11922557WA0133901345004003019268266
B1949033700958N11922561WA0133801344004003022251246
B1949043700956N11922565WA0133701344004003022235226
B1949053700954N11922567WA0133701344004003022207212
B1949063700950N11922567WA0133701343004003025170197
B1949073700946N11922564WA0133601341004003031144174
B1949083700942N11922560WA0133501342004003031125150
B1949093700940N11922554WA0133601343004003034109131
B1949103700940N11922547WA0133701345004003033085113
B1949113700942N11922541WA0133801345004003035059086
B1949123700947N11922536WA0133701345004003035040053
B1949133700952N11922533WA0133801345004003038027021
B1949143700957N11922530WA0133901347004003039017009
B1949153700963N11922530WA0134101349004003039002357
B1949163700967N11922530WA0134201348004003034339343
B1949173700971N11922534WA0134201348004003031324320
B1949183700975N11922537WA0134201349004003026320305
B1949193700977N11922540WA0134201348004003026327296
B1949203700980N11922542WA0134101347004003021324298
B1949213700982N11922545WA0134001345004003020310292
B1949223700983N11922548WA0133801344004003019289277
B1949233700983N11922551WA0133701343004003019259263
B1949243700981N11922554WA0133701342004003019226244
B1949253700979N11922556WA0133601342004003019198225
B1949263700975N11922556WA0133601343004003021173207
B1949273700972N11922555WA0133701344004003021157190
B1949283700969N11922553WA0133701343004003021149175
B1949293700966N11922551WA0133601341004003025149167
B1949303700962N11922548WA0133501339004003032146162
B1949313700958N11922544WA0133201337004003037144164
B1949323700953N11922539WA0133001335004003037144159
B1949333700948N11922535WA0132901334004003039143158
B1949343700944N11922530WA0132901334004003040134147
B1949353700940N11922524WA0132901335004003043124140
B1949363700937N11922516WA0132901335004003043119143
B1949373700933N11922509WA0133001335004003045119134
B1949383700930N11922502WA0133101337004003045123162
B1949393700926N11922495WA0133301339004003045127160
B1949403700922N11922491WA0133401340004003040138176
B1949413700918N11922488WA0133501340004003035159187
B1949433700913N11922488WA0133601341004003030191201
B1949443700909N11922492WA0133701343004003032221231
B1949453700906N11922496WA0133901343004003031262254
B1949463700907N11922502WA0134301345004003031313283
B1949473700912N11922504WA0134501348004003030346314
B1949483700917N11922503WA0134801351004003033016341
B1949493700922N11922499WA0135001353004003033041009
B1949503700926N11922492WA0135201355004003038060038
B1949513700928N11922484WA0135301357004003045079066
B1949523700929N11922476WA0135301357004003045116088
B1949533700925N11922469WA0135201356004003044151131
B1949543700919N11922466WA0135101357004003044185167
B1949553700911N11922469WA0135301358004003040223199
B1949563700910N11922476WA0135601362004003040260231
B1949573700914N11922481WA0135901365004003030322261
B1949583700918N11922481WA0136001367004003030005308
B1949593700923N11922480WA0136201368004003030024348
B1950003700926N11922478WA0136401370004003030023359
B1950013700931N11922477WA0136601372004003030012354
B1950023700936N11922476WA0136701373004003031007343
B1950033700941N11922475WA0136901376004003034006325
B1950043700945N11922474WA0137101380004003034010320
B1950053700948N11922474WA0137401383004003025005341
B1950063700949N11922474WA0137601382004003015349321
B1950073700950N11922474WA0137601382004003005314308
B1950083700951N11922476WA0137501381003003015304279
B1950093700953N11922480WA0137401380004003015317283
B1950103700957N11922484WA0137401380004003027314285
B1950113700959N11922488WA0137301379004003027304305
B1950123700961N11922492WA0137201379004003027297279
B1950133700963N11922495WA0137101378004003022301302
B1950143700965N11922499WA0137001376004003022311307
B1950153700968N11922503WA0136801375004003030320315
B1950163700972N11922506WA0136701374004003036325307
B1950173700977N11922510WA0136801375004003036327290
B1950183700982N11922514WA0136901376004003036327292
B1950193700986N11922517WA0137101379004003030329298
B1950203700990N11922520WA0137301381004003030334309
B1950213700994N11922522WA0137401381004003030337318
B1950223700998N11922524WA0137501382004003030335301
B1950233701003N11922527WA0137501382004003033328302
B1950243701006N11922531WA0137501383004003033319295
B1950253701009N11922535WA0137501383004003030318278
B1950263701013N11922538WA0137501383004003028325301
B1950273701016N11922540WA0137401381004003029334319
B1950283701020N11922542WA0137301380004003029341328
B1950293701025N11922543WA0137101378004003029344323
B1950303701030N11922545WA0136901376004003031346324
B1950313701035N11922546WA0136701374004003034345312
B1950323701039N11922548WA0136601372004003034341313
B1950333701044N11922550WA0136401371004003033337309
B1950343701048N11922553WA0136301369004003031335302
B1950353701052N11922555WA0136101368004003029335308
B1950363701056N11922557WA0136001367003003029337295
B1950373701059N11922559WA0135901366004003027335297
B1950383701063N11922561WA0135801364004003026328298
B1950393701066N11922564WA0135601363004003027322293
B1950403701072N11922570WA0135501362004003027324295
B1950413701076N11922573WA0135501361004003027324293
B1950423701079N11922576WA0135401361004003026321297
B1950433701081N11922579WA0135401360004003025318296
B1950443701084N11922582WA0135301359004003025315292
B1950453701087N11922586WA0135101358004003025310294
B1950463701089N11922590WA0135001356004003027308294
B1950473701092N11922595WA0134901356004003029309287
B1950483701095N11922599WA0134801355004003029311295
B1950493701098N11922603WA0134801355004003029312278
B1950503701101N11922606WA0134701354004003028312291
B1950513701104N11922611WA0134601352004003030310285
B1950523701107N11922615WA0134501351004003031310286
B1950533701110N11922620WA0134401350004003031310286
B1950543701113N11922624WA0134301348004003032307283
B1950553701116N11922629WA0134101348004003033305281
B1950563701118N11922634WA0134101348004003033305274
B1950573701121N11922638WA0134101348004003030308289
B1950583701124N11922642WA0134101347004003028309273
B1950593701126N11922645WA0134001346004003022309282
B1951003701128N11922649WA0133801344004003023309279
B1951013701130N11922652WA0133701342004003023307296
B1951023701133N11922657WA0133501340004003027302282
B1951033701135N11922662WA0133301338004003031298278
B1951043701137N11922667WA0133201338004003031302288
B1951053701140N11922670WA0133201338004003029318298
B1951063701143N11922673WA0133201338004003026327294
B1951073701146N11922676WA0133101337004003026325291
B1951083701150N11922679WA0133001335004003028319285
B1951093701153N11922683WA0132801333004003028316289
B1951103701156N11922687WA0132701332004003031315293
B1951113701159N11922691WA0132601331004003030312286
B1951123701162N11922695WA0132501330004003030309293
B1951133701165N11922699WA0132401329004003027311293
B1951143701167N11922702WA0132301328004003026317290
B1951153701171N11922706WA0132201326004003028318295
B1951163701174N11922709WA0132001324004003029316294
B1951173701177N11922713WA0131801322004003029316299
B1951183701181N11922717WA0131701321004003031319306
B1951193701184N11922721WA0131501320004003029324314
B1951203701188N11922723WA0131401319004003029327301
B1951213701191N11922726WA0131301317004003029329304
B1951223701195N11922729WA0131101314004003029331309
B1951233701200N11922732WA0130901312004003037334317
B1951243701206N11922735WA0130701311004003040338314
B1951253701211N11922737WA0130701311004003037339312
B1951263701216N11922739WA0130701312004003037339326
B1951273701220N11922741WA0130701312004003028340310
B1951283701224N11922743WA0130701311004003028340296
B1951293701227N11922744WA0130601310004003027334300
B1951303701231N11922747WA0130301306004003027330306
B1951313701235N11922750WA0129901306004003035330309
B1951323701240N11922753WA0129801305004003038332307
B1951333701245N11922756WA0129701304004003038334308
B1951343701251N11922759WA0129601303004003038335305
B1951353701256N11922763WA0129601302004003035333304
B1951363701260N11922766WA0129501301004003035331315
B1951373701265N11922769WA0129301299004003035332318
B1951383701270N11922772WA0129201297004003035333312
B1951393701275N11922775WA0129001295004003038332307
B1951403701280N11922779WA0128901294004003039331311
B1951413701285N11922782WA0128801294004003038332301
B1951423701290N11922785WA0128801293004003037331293
B1951433701294N11922788WA0128801293004003032326305
B1951443701298N11922792WA0128701291004003032323309
B1951453701302N11922795WA0128501289004003031326308
B1951463701306N11922798WA0128301287003003031331313
B1951473701310N11922801WA0128201286004003034332308
B1951483701315N11922805WA0128101285004003038328308
B1951503701320N11922809WA0128001285004003038324312
B1951513701325N11922814WA0128001285004003042326310
B1951523701331N11922818WA0128201286004003037334311
B1951533701336N11922820WA0128501289004003037342317
B1951543701341N11922822WA0128601288004003034343297
B1951553701345N11922823WA0128501286004003034337307
B1951563701350N11922826WA0128201285004003036327302
B1951573701354N11922830WA0128001282004003038320301
B1951583701359N11922835WA0127801281004003038318305
B1951593701363N11922840WA0127701280004003039315305
B1952003701366N11922845WA0127601279004003033309295
B1952013701369N11922850WA0127601278004003033305302
B1952023701371N11922853WA0127501277004003028311304
B1952033701375N11922857WA0127201273004003028316294
B1952043701378N11922862WA0126801269004003037317296
B1952053701383N11922867WA0126501265004003042316303
B1952063701387N11922873WA0126301263004003042312298
B1952073701391N11922879WA0126201263004003042308297
B1952083701395N11922884WA0126201263004003036312293
B1952093701399N11922888WA0126201264004003036324306
B1952103701403N11922891WA0126201264004003032328303
B1952113701407N11922894WA0126201263004003032318290
B1952123701410N11922899WA0126101261004003031303309
B1952133701411N11922904WA0126001260004003031295322
B1952143701413N11922909WA0125901259004003029300329
B1952153701416N11922913WA0125801258004003028315311
B1952163701420N11922916WA0125701258004003033327326
B1952173701424N11922919WA0125601257004003034335317
B1952183701429N11922922WA0125401256004003034337310
B1952193701434N11922924WA0125301254004003035335317
B1952203701439N11922928WA0125101252004003037332314
B1952213701444N11922931WA0125101252004003038331318
B1952223701449N11922934WA0125001251004003038333329
B1952233701454N11922937WA0125001252004003038335311
B1952243701459N11922939WA0125001252004003032337301
B1952253701463N11922942WA0125001251004003032339315
B1952263701468N11922944WA0124901250004003032336317
B1952273701473N11922947WA0124801249004003035335328
B1952283701478N11922950WA0124801248004003039339323
B1952293701484N11922952WA0124801249004003039342298
B1952303701489N11922954WA0124801248004003037340318
B1952313701493N11922957WA0124701248004003034336314
B1952323701498N11922959WA0124601247004003034334318
B1952333701503N11922962WA0124501246004003034337307
B1952343701507N11922964WA0124501245004003034342314
B1952353701512N11922966WA0124401245004003034342306
B1952363701516N11922968WA0124301244004003029335320
B1952373701520N11922971WA0124201242004003029325299
B1952383701523N11922974WA0124001240004003029316319
B1952393701527N11922979WA0123801238004003030314311
B1952403701530N11922983WA0123701236004003035313291
B1952413701534N11922988WA0123601236004003035314297
B1952423701537N11922992WA0123701237004003033315282
B1952433701540N11922995WA0123801238004003029314292
B1952443701542N11922998WA0123901239004003022312291
B1952453701544N11923002WA0123801238004003024309292
B1952463701550N11923011WA0123601235004003030306288
B1952473701553N11923016WA0123501234004003033303284
B1952483701555N11923021WA0123501235004003031301269
B1952493701558N11923025WA0123501236004003031303284
B1952503701560N11923029WA0123601236004003027307271
B1952513701562N11923033WA0123601235004003027307294
B1952523701565N11923038WA0123501234004003027302270
B1952533701567N11923043WA0123401232004003033295271
B1952543701569N11923049WA0123301232004003033292263
B1952553701571N11923054WA0123301233004003033292279
B1952563701572N11923059WA0123301233004003030293269
B1952573701574N11923064WA0123301233004003029293286
B1952583701576N11923069WA0123301233004003029292271
B1952593701578N11923074WA0123301233004003029291286
B1953003701579N11923079WA0123301233004003028293285
B1953013701581N11923084WA0123301232004003028296290
B1953023701583N11923088WA0123201231004003028299273
B1953033701585N11923093WA0123101231004003029300275
B1953043701587N11923098WA0123101231004003028300265
B1953053701589N11923102WA0123101230004003028301270
B1953063701592N11923106WA0123101230004003027304275
B1953073701594N11923111WA0123001229004003030306285
B1953083701597N11923116WA0123001229004003030307280
B1953093701600N11923121WA0122901228004003033305281
B1953103701603N11923126WA0122901228004003034303278
B1953113701606N11923131WA0122801227004003035304283
B1953123701609N11923137WA0122801227004003035304280
B1953133701612N11923142WA0122901228004003035307277
B1953143701615N11923146WA0122901228004003030312277
B1953153701618N11923150WA0122901229004003030313290
B1953163701621N11923154WA0122901228004003028311289
B1953173701624N11923158WA0122801227004003028309284
B1953183701627N11923163WA0122701225004003032307286
B1953193701630N11923168WA0122601225004003032306278
B1953203701632N11923172WA0122501224003003031306280
B1953213701635N11923176WA0122501224004003030306282
B1953223701637N11923181WA0122501223003003027307289
B1953233701640N11923185WA0122401222004003028306286
B1953243701642N11923189WA0122301221004003028300289
B1953253701644N11923195WA0122101219004003030292287
B1953263701645N11923201WA0122001219003003032287282
B1953273701647N11923206WA0122001219004003032289280
B1953283701648N11923211WA0122101220004003029294279
B1953293701650N11923215WA0122101220004003028296275
B1953303701652N11923220WA0122101220004003026295282
B1953313701654N11923225WA0122101220004003030292281
B1953323701656N11923230WA0122201221004003030297299
B1953333701658N11923235WA0122401222004003030315305
B1953343701661N11923237WA0122701224004003024328298
B1953353701664N11923239WA0122801225004003024325288
B1953363701667N11923242WA0122801225004003022310295
B1953373701668N11923246WA0122801225004003022294290
B1953383701669N11923250WA0122801225004003023284288
B1953393701670N11923254WA0122801226004003025280271
B1953403701671N11923259WA0123001227004003024280251
B1953413701671N11923263WA0123101230004003024280255
B1953423701672N11923266WA0123301230004003016283261
B1953433701673N11923268WA0123401231004003016292266
B1953443701674N11923271WA0123501232004003016305283
B1953453701676N11923273WA0123601232004003016312304
B1953463701677N11923275WA0123701233004003011291258
B1953473701676N11923277WA0123701234004003014252259
B1953483701675N11923280WA0123801236004003014246270
B1953493701674N11923284WA0124001238004003018262259
B1953503701675N11923287WA0124201241004003019282261
B1953513701676N11923290WA0124501245004003019295265
B1953523701677N11923293WA0124801249004003017298249
B1953533701678N11923295WA0125201253004003013285263
B1953543701678N11923296WA0125501255004003009261272
B1953563701677N11923298WA0125701257004003010260253
B1953573701677N11923300WA0125901259004003010268248
B1953583701677N11923303WA0126101260004003014266253
B1953593701677N11923306WA0126301263004003016258274
B1954003701676N11923309WA0126501266004003016254274
B1954013701676N11923311WA0126701266004003013266276
B1954023701676N11923313WA0126701266004003013280280
B1954033701677N11923316WA0126701265004003013280287
B1954043701677N11923320WA0126501263004003021279281
B1954053701678N11923324WA0126401264004003023278280
B1954063701678N11923329WA0126401264004003022275297
B1954073701678N11923332WA0126501265004003022259265
B1954083701675N11923334WA0126801268004003021211239
B1954093701672N11923337WA0127101270004003021216269
B1954103701672N11923338WA0127401273004003016266283
B1954113701672N11923340WA0127601274004003014315284
B1954123701674N11923342WA0127701276004003017308271
B1954133701676N11923345WA0127801276004003019281277
B1954143701676N11923349WA0127901277004003019272266
B1954153701677N11923354WA0128001279004003022284285
B1954163701679N11923359WA0128101281004003032299290
B1954173701682N11923364WA0128401285004003032307272
B1954183701684N11923368WA0128701289004003029308278
B1954193701686N11923371WA0129001292004003025305285
B1954203701688N11923375WA0129301295004003023301283
B1954213701690N11923379WA0129501297004003025294271
B1954223701691N11923384WA0129601299004003025285270
B1954233701692N11923390WA0129801300004003029273271
B1954243701691N11923396WA0129901302004003031260289
B1954253701690N11923401WA0130201306004003031253271
B1954263701689N11923405WA0130501309004003025263288
B1954273701689N11923408WA0130701311004003019274284
B1954283701690N11923411WA0130801312004003017275283
B1954293701690N11923415WA0130801311004003020271293
B1954303701690N11923419WA0130801312004003020271311
B1954313701690N11923423WA0130901313004003022283303
B1954323701692N11923426WA0131001314004003021311306
B1954333701695N11923428WA0131201315004003022339317
B1954343701699N11923429WA0131201316004003022346319
B1954353701702N11923429WA0131201316004003022353345
B1954363701705N11923429WA0131201317004003020003346
B1954373701708N11923428WA0131301317004003024018354
B1954383701712N11923425WA0131401318004003024032011
B1954393701715N11923421WA0131501319004003030045048
B1954403701718N11923416WA0131601320004003034054056
B1954413701721N11923410WA0131601321004003036066066
B1954423701722N11923403WA0131701321004003036079074
B1954433701722N11923394WA0131701322004003041091097
B1954443701721N11923386WA0131801322004003047103108
B1954453701718N11923379WA0131901324003003047122124
B1954463701715N11923374WA0131901323004003039145142
B1954473701710N11923372WA0131901322004003033165165
B1954483701705N11923373WA0131801322004003032185188
B1954493701700N11923375WA0131801322004003032202208
B1954503701697N11923378WA0131801322004003031222226
B1954513701694N11923383WA0131801323004003029234242
B1954523701691N11923390WA0131801322004003023241257
B1954533701689N11923394WA0131701321004003023248262
B1954543701689N11923399WA0131501319004003023264268
B1954553701689N11923403WA0131401318004003024284281
B1954563701690N11923409WA0131401318004003031301288
B1954573701693N11923414WA0131601320004003032314311
B1954583701697N11923418WA0131801322004003031320297
B1954593701700N11923421WA0132101326004003028319335
B1955003701703N11923424WA0132401328004003027313322
B1955013701706N11923427WA0132601330004003024312315
B1955023701709N11923430WA0132701332004003028322317
B1955033701713N11923433WA0132901333004003028336342
B1955043701718N11923434WA0133001335004003033358004
B1955053701723N11923431WA0133201337004003036029025
B1955063701727N11923426WA0133301338004003038053048
B1955073701729N11923419WA0133401340004003038065055
B1955083701731N11923412WA0133601342004003040070073
B1955093701732N11923404WA0133701344004003041083078
B1955103701733N11923396WA0133801343003003045106095
B1955113701730N11923388WA0133901344004003045129119
B1955123701724N11923381WA0134101346004003045141148
B1955133701719N11923378WA0134501351004003032146159
B1955143701716N11923376WA0134801355004003032153168
B1955153701713N11923375WA0135001355004003022163174
B1955163701710N11923375WA0135001355003003021187192
B1955173701707N11923377WA0135101355004003021230216
B1955183701706N11923382WA0135201356004003026261250
B1955193701707N11923387WA0135301359004003024280273
B1955203701708N11923390WA0135501363004003024298287
B1955213701710N11923394WA0135901366004003024308298
B1955223701713N11923397WA0136101367004003031322305
B1955233701718N11923401WA0136101367004003031340317
B1955243701723N11923402WA0136201369004003036354330
B1955253701729N11923401WA0136501372004003036012343
B1955263701733N11923398WA0136801376004003036025356
B1955273701737N11923396WA0137101376004003032023001
B1955283701741N11923394WA0137301376004003026007358
B1955293701744N11923394WA0137401377004003026353340
B1955303701748N11923395WA0137501379004003027351330
B1955313701752N11923396WA0137601381004003026356325
B1955323701756N11923396WA0137801383004003025359321
B1955333701759N11923397WA0137801383004003021349318
B1955343701762N11923398WA0137701382004003023333311
B1955353701765N11923401WA0137601381004003023321301
B1955363701767N11923404WA0137401380004003023310287
B1955373701769N11923408WA0137301378004003024303290
B1955383701771N11923412WA0137201377004003027307298
B1955393701774N11923415WA0137101377004003026310330
B1955403701776N11923418WA0137101377004003026316319
B1955413701779N11923421WA0137101377004003021330310
B1955423701782N11923422WA0137001376004003026340310
B1955433701786N11923424WA0136901374004003026340309
B1955443701790N11923426WA0136701373004003029331319
B1955453701794N11923429WA0136601373004003025320287
B1955463701796N11923432WA0136601372004003025313289
B1955473701798N11923436WA0136401371004003025303274
B1955483701800N11923441WA0136301369004003026288264
B1955493701800N11923447WA0136001366004003030265251
B1955503701798N11923452WA0135901365004003030240243
B1955513701795N11923455WA0135901365004003028208224
B1955533701791N11923455WA0135801364004003028183209
B1955543701787N11923455WA0135701364004003031175202
B1955553701782N11923455WA0135601362004003031176206
B1955563701777N11923455WA0135401360004003031179203
B1955573701772N11923455WA0135201358004003032179186
B1955583701766N11923454WA0135101357004003041173168
B1955593701760N11923453WA0135001357004003041153159
B1956003701755N11923448WA0135101358004003041137141
B1956013701752N11923441WA0135101359004003040121132
B1956023701750N11923434WA0135201359004003038112117
B1956033701748N11923428WA0135201359004003038109110
B1956043701746N11923421WA0135201359004003038105104
B1956053701745N11923414WA0135101358004003038100095
B1956063701744N11923406WA0135001356004003042095078
B1956073701744N11923398WA0134901355004003044089085
B1956083701745N11923390WA0134801354004003044079072
B1956093701747N11923382WA0134701354004003044068052
B1956103701750N11923376WA0134701354004003039064054
B1956113701752N11923369WA0134601353004003040062060
B1956123701756N11923362WA0134601352004003040059053
B1956133701759N11923355WA0134401350004003042056037
B1956143701763N11923348WA0134301349004003048054044
B1956153701768N11923341WA0134201348004003048048020
B1956163701773N11923335WA0134101347004003046042010
B1956173701777N11923331WA0134001346004003042039000
B1956183701782N11923326WA0133901344004003041036026
B1956193701787N11923322WA0133701343004003041028359
B1956203701792N11923319WA0133701341004003039021016
B1956213701797N11923318WA0133601340004003036013345
B1956223701803N11923317WA0133401338004003037009358
B1956233701808N11923316WA0133201339004003038352348
E195623TPCWaypoint ROCK reached
B1956243701814N11923318WA0133301339003003038339308
B1956253701819N11923321WA0133501341004003038337348
B1956263701822N11923322WA0133701344004003026341321
B1956273701826N11923324WA0133901346004003026342342
B1956283701828N11923325WA0134101347004003021340321
B1956293701831N11923327WA0134101346004003021339310
B1956303701835N11923329WA0134001344004003027328290
B1956313701838N11923333WA0133801343004003033307285
B1956323701840N11923340WA0133601341004003033280261
B1956333701840N11923347WA0133601343004003036245248
B1956343701837N11923353WA0133901345003003035222215
B1956353701833N11923356WA0134301350004003035211226
B1956363701830N11923358WA0134701354004003028207225
B1956373701827N11923359WA0135001356004003019208214
B1956383701824N11923361WA0135201358004003022203203
B1956393701820N11923362WA0135301359004003030189192
B1956403701815N11923362WA0135301359004003030170174
B1956413701810N11923360WA0135401360004003034142159
B1956423701807N11923354WA0135501360004003038122133
B1956433701805N11923347WA0135601361004003039098113
B1956443701806N11923339WA0135701363004003039076086
B1956453701809N11923333WA0135901366004003039055059
B1956463701813N11923329WA0136101368004003033035034
B1956473701817N11923328WA0136201369004003033007012
B1956483701820N11923328WA0136301369004003026334346
B1956493701823N11923331WA0136401370004003025310316
B1956503701824N11923335WA0136501372004003019281298
B1956513701823N11923338WA0136601374004003020253277
B1956523701821N11923342WA0136701375004003020235257
B1956533701818N11923345WA0136801376004003023218244
B1956543701815N11923347WA0136901377004003025197231
B1956553701811N11923347WA0136901377004003029169212
B1956563701806N11923343WA0136901376004003029144184
B1956573701799N11923330WA0137001377004003045097124
B1956583701800N11923322WA0137101379004003041081097
B1956593701803N11923315WA0137201380004003041059078
B1957003701807N11923310WA0137301381004003038044051
B1957013701811N11923305WA0137401382004003036039033
B1957023701814N11923302WA0137601383004003031030027
B1957033701818N11923301WA0137601383004003024005014
B1957043701821N11923302WA0137601383004003025343345
B1957053701824N11923304WA0137701384004003025321325
B1957063701826N11923308WA0137801387004003025297308
B1957073701826N11923312WA0138001388004003021263289
B1957083701824N11923316WA0138101390004003025237265
B1957093701821N11923320WA0138301391004003025218242
B1957103701817N11923322WA0138401393004003027198228
B1957113701813N11923322WA0138501394004003029176209
B1957123701809N11923320WA0138601395004003032159187
B1957133701804N11923317WA0138601396004003032144163
B1957143701801N11923312WA0138701397004003035129147
B1957153701798N11923305WA0138801397004003040110129
B1957163701796N11923298WA0138701396004003046091106
B1957173701797N11923289WA0138701395004003046078084
B1957183701800N11923281WA0138501394004003046061068
B1957193701805N11923275WA0138501393004003045039048
B1957203701811N11923271WA0138401392004003045017024
B1957213701817N11923271WA0138301391004003041356002
B1957223701821N11923273WA0138201391004003035341342
B1957233701825N11923275WA0138201391004003025335327
B1957243701828N11923276WA0138201391004003025337319
B1957253701831N11923278WA0138101390004003025337312
B1957263701835N11923280WA0138101389004003025329307
B1957273701838N11923284WA0138001388004003024312303
B1957283701839N11923288WA0137901387004003024283285
B1957293701839N11923292WA0137701386004003024254270
B1957303701837N11923296WA0137701387004003025236255
B1957313701835N11923301WA0137901388004003028235237
B1957323701833N11923305WA0138201393004003028241234
B1957333701831N11923309WA0138601396004003025247243
B1957343701830N11923312WA0138801398004003022246251
B1957353701828N11923316WA0138901399004003022241230
B1957363701827N11923320WA0138901398004003025242250
B1957373701825N11923325WA0138801397004003025247240
B1957383701824N11923330WA0138801397004003027250244
B1957393701822N11923335WA0138801397004003030246210
B1957403701820N11923340WA0138801397004003030235219
B1957413701817N11923344WA0138801398004003029222214
B1957423701813N11923347WA0138901399004003029213214
B1957433701810N11923349WA0139001401004003026208202
B1957443701806N11923351WA0139201402004003026196210
B1957453701803N11923351WA0139401404004003024178199
B1957463701799N11923350WA0139501404004003024163187
B1957473701795N11923348WA0139601406004003028146172
B1957483701793N11923343WA0139701407004003029121153
B1957493701792N11923337WA0139901408004003029091126
B1957503701795N11923330WA0139901408004003033063089
B1957513701799N11923325WA0140001409004003045038052
B1957523701806N11923322WA0140101410004003047015025
B1957533701813N11923322WA0140101411004003046351000
B1957543701819N11923324WA0140201411004003046320337
B1957563701822N11923330WA0140401414004003034299309
B1957573701823N11923335WA0140601416004003034278289
B1957583701822N11923340WA0140701418004003027266271
B1957593701822N11923345WA0140801419004003024264264
B1958003701821N11923350WA0140901420004003027260251
B1958013701820N11923355WA0141001421004003028257248
B1958023701820N11923360WA0141201423004003027267251
B1958033701820N11923365WA0141401425004003026278260
B1958043701821N11923369WA0141601427004003024280255
B1958053701821N11923374WA0141701430004003026272254
B1958063701821N11923379WA0142001432004003024263227
B1958073701819N11923382WA0142301435003003024232232
B1958083701817N11923384WA0142401434004003023191210
B1958093701813N11923384WA0142501435004003029174190
B1958103701808N11923382WA0142601435004003029158172
B1958113701804N11923379WA0142701437004003034134152
B1958123701802N11923372WA0142801439004003036105126
B1958133701803N11923365WA0142801439004003042073098
B1958143701807N11923358WA0142901439004003042050061
B1958153701812N11923352WA0143201441004003042032036
B1958163701817N11923349WA0143401444004003037022017
B1958173701822N11923347WA0143501445004003037009006
B1958183701827N11923347WA0143601445004003034358349
B1958193701832N11923348WA0143601445004003034348336
B1958203701837N11923351WA0143601446004003038333313
B1958213701842N11923355WA0143601446004003039317301
B1958223701846N11923361WA0143601447004003038300293
B1958233701848N11923368WA0143801449004003038295281
B1958243701850N11923373WA0144101453004003028291270
B1958253701850N11923378WA0144301456004003028277272
B1958263701850N11923382WA0144501458004003025259255
B1958273701849N11923387WA0144701460004003025248241
B1958283701847N11923392WA0144901461004003032242241
B1958293701844N11923397WA0145301466004003032234217
B1958303701841N11923400WA0145701471004003029219218
B1958313701838N11923402WA0146101474004003024204206
B1958323701834N11923404WA0146301477004003030194208
B1958333701829N11923405WA0146501479004003036186185
B1958343701823N11923405WA0146701482004003036175172
B1958353701817N11923403WA0147101486004003039164168
B1958363701812N11923400WA0147501491004003036153156
B1958373701808N11923397WA0147901495004003036143153
B1958383701804N11923392WA0148201498004003034135142
B1958393701801N11923388WA0148501500004003034129138
B1958403701798N11923382WA0148701502004003039119127
B1958413701796N11923375WA0148801503004003040106115
B1958423701795N11923367WA0148801503004003040087099
B1958433701798N11923360WA0148701502004003041064082
B1958443701802N11923354WA0148701501004003042045055
B1958453701807N11923350WA0148701501004003042031033
B1958463701812N11923348WA0148701502004003038010022
B1958473701817N11923348WA0148801502004003036342343
B1958483701822N11923351WA0148901504004003031327320
B1958493701824N11923356WA0149001506004003031299301
B1958503701825N11923361WA0149101507004003031282284
B1958513701826N11923367WA0149301509004003031284279
B1958523701827N11923372WA0149501512004003027285271
B1958533701828N11923377WA0149701514004003027275252
B1958543701827N11923382WA0149801515004003027263252
B1958553701826N11923388WA0150001517004003028256244
B1958563701825N11923394WA0150201518004003034249227
B1958573701822N11923400WA0150701520004003034229220
B1958583701819N11923401WA0151201528004003027199209
B1958593701815N11923402WA0151801533004003027180213
B1959003701810N11923401WA0152201537004003027174239
B1959013701807N11923401WA0152501539004003027181226
B1959023701804N11923401WA0152601539004003021202220
B1959033701798N11923406WA0152601540004003019212217
B1959043701794N11923408WA0152601540004003033204202
B1959053701789N11923410WA0152701542004003036188182
B1959063701783N11923409WA0152701542004003036169170
B1959073701778N11923406WA0152801543004003038152169
B1959083701772N11923402WA0152801544004003043136149
B1959093701767N11923396WA0153001546004003046134130
B1959103701763N11923390WA0153101548004003046128116
B1959113701759N11923383WA0153301548004003042111108
B1959123701758N11923377WA0153301547004003042093093
B1959133701759N11923369WA0153201546004003043077076
B1959143701761N11923362WA0153001545004003043060055
B1959153701765N11923358WA0153001545004003038030038
B1959163701769N11923358WA0152901543004003029348008
B1959173701772N11923361WA0152801544004003027312323
B1959183701774N11923365WA0152901545004003027288292
B1959193701774N11923369WA0153101548004003024250273
B1959203701772N11923372WA0153201549004003022223244
B1959213701769N11923375WA0153301550004003025213230
B1959223701766N11923378WA0153401552004003028221230
B1959233701763N11923382WA0153601553004003028230239
B1959243701760N11923387WA0153701556004003032232239
B1959253701757N11923391WA0154101560004003027222241
B1959263701754N11923394WA0154401564004003027214228
B1959273701751N11923396WA0154601564004003024215244
B1959283701749N11923399WA0154601564004003023225240
B1959293701747N11923402WA0154601564004003024231239
B1959303701744N11923406WA0154601563004003025221199
B1959313701741N11923407WA0154601563004003025195193
B1959323701736N11923407WA0154501563004003028179181
B1959333701730N11923406WA0154501563004003038169181
B1959343701725N11923404WA0154501563004003038159166
B1959353701720N11923401WA0154401562004003038147145
B1959363701715N11923396WA0154301561004003039133125
B1959373701712N11923389WA0154201559004003044118115
B1959383701710N11923380WA0154101558004003046101099
B1959393701710N11923372WA0153901556004003045085081
B1959403701712N11923365WA0153801555004003045064062
B1959413701716N11923360WA0153601553004003034036039
B1959423701721N11923358WA0153401551004003034010013
B1959433701725N11923359WA0153201549004003032353348
B1959443701728N11923360WA0153101548004003027342332
B1959453701731N11923361WA0153001547004003021331323
B1959463701734N11923364WA0152901546004003024321314
B1959473701737N11923367WA0152801546004003024315304
B1959483701739N11923371WA0152801545004003025310289
B1959493701742N11923375WA0152801545004003029308290
B1959503701744N11923379WA0152901547004003032305298
B1959513701747N11923385WA0153201551004003032304300
B1959523701750N11923390WA0153601556004003032309328
B1959533701753N11923393WA0154101561004003019320297
B1959543701754N11923394WA0154401560004003019339304
B1959553701755N11923394WA0154501560004003007299314
B1959563701755N11923394WA0154501560004003007290281
B1959573701756N11923397WA0154201559004003020294274
B1959583701757N11923401WA0153901559004003029297287
B1959593701760N11923407WA0153701559004003029298286
B2000003701762N11923412WA0153701559004003029288281
B2000013701763N11923417WA0153601557004003030280279
B2000023701763N11923423WA0153501555004003034276270
B2000033701764N11923430WA0153501555004003034272288
B2000043701763N11923435WA0153401555004003034263278
B2000053701762N11923440WA0153401554004003023251255
B2000073701761N11923444WA0153301553004003024245265
B2000083701759N11923449WA0153001552004003024239257
B2000093701756N11923453WA0152701548004003029236253
B2000103701754N11923458WA0152501548004003031244282
B2000113701752N11923464WA0152401547004003031267305
B2000123701753N11923469WA0152201545004003029289309
B2000133701755N11923474WA0151901544004003029310316
B2000143701759N11923479WA0151701544004003034322323
B2000153701763N11923482WA0151501544004003034334331
B2000163701768N11923484WA0151301541004003033346340
B2000173701773N11923484WA0151201539004003031003345
B2000183701778N11923482WA0151001536004003031013355
B2000193701783N11923480WA0150801532004003032018006
B2000203701788N11923478WA0150601528004003032017011
B2000213701794N11923475WA0150301524004003034018006
B2000223701799N11923473WA0150001521004003038019011
B2000233701805N11923470WA0149701518004003040018006
B2000243701811N11923468WA0149501515004003040014009
B2000253701817N11923466WA0149301513004003041019011
B2000263701822N11923462WA0149201512004003043031033
B2000273701827N11923457WA0149101511004003043043052
B2000283701831N11923451WA0149101510004003043053053
B2000293701835N11923444WA0149001510004003043058056
B2000303701838N11923437WA0149001509004003045058047
B2000313701842N11923430WA0149001509004003045055039
B2000323701846N11923423WA0149101510004003045052028
B2000333701850N11923417WA0149201511004003045051029
B2000343701854N11923410WA0149301513004003041051019
B2000353701858N11923405WA0149401514004003041049024
B2000363701862N11923399WA0149601515004003041046028
B2000373701867N11923394WA0149701516004003042043017
B2000383701872N11923388WA0149901517004003041041033
B2000393701876N11923384WA0150301519004003041038024
B2000403701880N11923381WA0150701523004003035033004
B2000413701883N11923379WA0151001527004003028025002
B2000423701886N11923377WA0151301530004003024019010
B2000433701890N11923376WA0151501532004003025005350
B2000443701893N11923377WA0151801535004003025346320
B2000453701897N11923379WA0152001537004003025328295
B2000463701899N11923383WA0152201539004003023305276
B2000473701900N11923387WA0152301541004003023277253
B2000483701899N11923391WA0152501542004003023247235
B2000493701896N11923394WA0152601544004003024212215
B2000503701892N11923394WA0152701545004003029171196
B2000513701887N11923390WA0152701545004003039138169
B2000523701884N11923383WA0152701545004003039115134
B2000533701881N11923375WA0152901546004003046085110
B2000543701883N11923367WA0153101548004003042069078
B2000553701887N11923361WA0153301551004003042051062
B2000563701891N11923357WA0153601555004003037042040
B2000573701894N11923354WA0153901558004003032033029
B2000583701898N11923352WA0154201560004003026021017
B2000593701902N11923351WA0154301562004003028004358
B2001003701907N11923352WA0154501564004003028344341
B2001013701910N11923355WA0154601565004003029321322
B2001023701912N11923360WA0154701567004003027292302
B2001033701911N11923364WA0154801568004003027253280
B2001043701908N11923368WA0154901569004003027227251
B2001053701905N11923371WA0155001570004003027209232
B2001063701901N11923372WA0155201572004003024192216
B2001073701897N11923372WA0155301573004003027179201
B2001083701893N11923371WA0155401574004003027160179
B2001093701885N11923361WA0155501574004003038123143
B2001103701883N11923353WA0155601576004003046101120
B2001113701882N11923345WA0155601576004003046073094
B2001123701885N11923337WA0155701576004003046054064
B2001133701890N11923331WA0155801577004003046037042
B2001143701895N11923328WA0156001580004003038021024
B2001153701901N11923327WA0156201583004003038007006
B2001163701905N11923328WA0156401585004003033351351
B2001173701908N11923330WA0156601587004003027334335
B2001183701911N11923332WA0156701587004003022315317
B2001193701913N11923336WA0156801588004003022300299
B2001203701915N11923340WA0156901589004003022276288
B2001213701914N11923344WA0157001590004003023251270
B2001223701912N11923348WA0157101590004003029206251
B2001233701907N11923349WA0157201591004003034179216
B2001243701902N11923346WA0157301592004003034157192
B2001253701897N11923342WA0157301593004003036138172
B2001263701893N11923336WA0157401593004003042123151
B2001273701891N11923328WA0157401594004003044107133
B2001283701890N11923319WA0157401594004003044089114
B2001293701892N11923311WA0157401595004003044070092
B2001303701896N11923304WA0157501595004003042053068
B2001313701900N11923300WA0157501596004003042036047
B2001323701905N11923297WA0157601597004003038019026
B2001333701909N11923297WA0157701598004003034000006
B2001343701913N11923298WA0157801599004003025338345
B2001353701915N11923301WA0157901600004003025307319
B2001363701916N11923306WA0157901601004003024283294
B2001373701916N11923310WA0158001601004003024271273
B2001383701916N11923315WA0158101603004003023258258
B2001393701914N11923318WA0158101604004003023237247
B2001403701912N11923321WA0158201605004003021214230
B2001413701908N11923322WA0158301605004003021193214
B2001423701904N11923322WA0158301605004003031181196
B2001433701899N11923322WA0158401606004003032170180
B2001443701894N11923320WA0158501608004003031157165
B2001453701891N11923317WA0158601609004003031144154
B2001463701887N11923313WA0158701609004003031136145
B2001473701884N11923308WA0158701610004003034130137
B2001483701881N11923302WA0158701609004003034122113
B2001493701878N11923295WA0158701609004003037108103
B2001503701878N11923287WA0158601609004003045092087
B2001513701879N11923278WA0158701609004003046076068
B2001523701882N11923271WA0158801611004003045063054
B2001533701885N11923265WA0158901612004003042053041
B2001543701888N11923261WA0158901613004003029042033
B2001553701892N11923259WA0159001613004003029026019
B2001563701896N11923258WA0158901612004003028004359
B2001573701900N11923259WA0158801611004003028340331
B2001583701904N11923264WA0158701609004003033314309
B2001593701905N11923269WA0158701609004003033284292
B2002003701905N11923273WA0158701610004003028258274
B2002013701904N11923277WA0158801611004003022260260
B2002023701904N11923280WA0158801610004003018272270
B2002033701904N11923284WA0158701610004003021282272
B2002043701905N11923289WA0158701611004003021285276
B2002053701906N11923293WA0158801611004003023291294
B2002063701908N11923296WA0158801612004003025302292
B2002073701911N11923300WA0158801611004003028308289
B2002083701913N11923305WA0158801611004003027305307
B2002093701916N11923308WA0158901612004003027300273
B2002103701917N11923312WA0159001613004003019302284
B2002113701919N11923314WA0159101613004003019312289
B2002133701921N11923317WA0159101614004003019307284
B2002143701922N11923320WA0159101614004003020290263
B2002153701922N11923324WA0159201615004003018268238
B2002163701921N11923327WA0159201615004003019241230
B2002173701919N11923330WA0159201615004003019210211
B2002183701915N11923330WA0159201615004003022183201
B2002193701910N11923329WA0159201615004003033163185
B2002203701905N11923326WA0159201616004003035147166
B2002213701901N11923322WA0159201616004003035135148
B2002223701898N11923316WA0159201615004003035126134
B2002233701895N11923310WA0159101614004003037117117
B2002243701893N11923303WA0159001611004003043105104
B2002253701892N11923295WA0158701611004003043083082
B2002263701894N11923286WA0158501611004003049061058
B2002273701899N11923279WA0158401611004003047044036
B2002283701904N11923275WA0158401611004003047027018
B2002293701910N11923273WA0158401611004003041012003
B2002303701914N11923274WA0158401611004003034354347
B2002313701918N11923275WA0158301610004003023328330
B2002323701920N11923278WA0158201608004003023306301
B2002333701922N11923283WA0158101607004003023289290
B2002343701923N11923287WA0158201607004003023282283
B2002353701923N11923291WA0158301609004003020279283
B2002363701924N11923294WA0158401609004003020276285
B2002373701924N11923298WA0158301608004003019275291
B2002383701924N11923302WA0158201606004003019275275
B2002393701924N11923307WA0158101605004003028277268
B2002403701925N11923312WA0158101606004003028276259
B2002413701925N11923316WA0158201606004003026272266
B2002423701925N11923320WA0158201606004003021267264
B2002433701925N11923323WA0158101605004003019259264
B2002443701924N11923327WA0158001604004003020250282
B2002453701923N11923330WA0157901602004003020242253
B2002463701921N11923334WA0157801601004003020240254
B2002473701920N11923337WA0157701599004003018245241
B2002483701919N11923339WA0157401597004003018247257
B2002493701918N11923342WA0157201594004003018240253
B2002503701916N11923346WA0156901591004003018232253
B2002513701913N11923349WA0156701589004003027225246
B2002523701910N11923353WA0156501587004003029225261
B2002533701907N11923357WA0156401586004003027229261
B2002543701905N11923361WA0156401586004003026235259
B2002553701903N11923364WA0156301584004003023237246
B2002563701902N11923368WA0156101582004003026238241
B2002573701899N11923373WA0155801579004003026238238
B2002583701897N11923378WA0155701578004003029239237
B2002593701895N11923383WA0155601577004003030240248
B2003003701893N11923387WA0155501576004003030241246
B2003013701891N11923391WA0155501576004003027241253
B2003023701889N11923396WA0155401575004003027242253
B2003033701887N11923400WA0155201573004003028243250
B2003043701885N11923405WA0155101573004003028240271
B2003053701883N11923409WA0155101572004003028236268
B2003063701880N11923414WA0155001570004003028239250
B2003073701878N11923419WA0154901568004003030246257
B2003083701877N11923425WA0154701567004003032248245
B2003093701875N11923430WA0154601565004003032248244
B2003103701873N11923436WA0154401564004003032248253
B2003113701872N11923441WA0154201562004003030247242
B2003123701870N11923446WA0154001559004003030247263
B2003133701868N11923451WA0153701557004003030243252
B2003143701865N11923457WA0153501554004003031240250
B2003153701861N11923468WA0153201551004003032243250
B2003163701859N11923473WA0153201551004003032243257
B2003173701857N11923477WA0153101551004003030242254
B2003183701855N11923482WA0153101550004003026244268
B2003193701854N11923486WA0153001549004003026250264
B2003203701853N11923491WA0152801547004003028251274
B2003213701851N11923496WA0152701545004003028242246
B2003223701848N11923500WA0152501544004003028228236
B2003233701845N11923504WA0152401543004003028222241
B2003243701842N11923507WA0152301542004003028227260
B2003253701840N11923511WA0152201540004003028235249
B2003263701838N11923516WA0152001539004003028236238
B2003273701835N11923520WA0151901536004003029229224
B2003283701832N11923524WA0151701534004003030225235
B2003293701829N11923528WA0151601533004003030227241
B2003303701826N11923532WA0151401532004003030232249
B2003313701824N11923537WA0151301530004003028237245
B2003323701822N11923541WA0151101528004003029241250
B2003333701820N11923546WA0150901526004003029243253
B2003343701818N11923551WA0150701524004003029247262
B2003353701816N11923557WA0150501522004003032255252
B2003363701816N11923563WA0150401520004003033263258
B2003373701815N11923569WA0150201518004003032267255
B2003383701815N11923575WA0150101517004003032269259
B2003393701815N11923580WA0149801515004003031270261
B2003403701815N11923586WA0149701512004003032271267
B2003413701816N11923593WA0149401510004003032273259
B2003423701816N11923599WA0149201507004003034273254
B2003433701816N11923606WA0149001505004003036272269
B2003443701816N11923613WA0148701503004003036272265
B2003453701817N11923620WA0148501500004003036272272
B2003463701817N11923626WA0148301498004003036272278
B2003473701817N11923633WA0148101497004003034270262
B2003483701817N11923639WA0148001495004003034268251
B2003493701817N11923645WA0147801492004003033266251
B2003503701816N11923651WA0147501490004003033266246
B2003513701816N11923657WA0147401489004003035265266
B2003523701816N11923664WA0147301487004003037264266
B2003533701815N11923671WA0147201486004003037261273
B2003543701814N11923678WA0147101485004003038259274
B2003553701812N11923685WA0147001484004003035257254
B2003563701811N11923691WA0146901483004003035255275
B2003573701810N11923696WA0146801482004003031251256
B2003583701809N11923701WA0146601480004003030250266
B2003593701807N11923707WA0146401478004003033249257
B2004003701805N11923713WA0146301476004003035248265
B2004013701803N11923719WA0146201476004003034249264
B2004023701801N11923724WA0146201476004003034252267
B2004033701801N11923729WA0146101476004003028256264
B2004043701800N11923734WA0146001473004003029259262
B2004053701799N11923740WA0145801471004003029258259
B2004063701798N11923747WA0145701470004003033257260
B2004073701797N11923753WA0145601469004003035259270
B2004083701796N11923759WA0145601469004003035261269
B2004093701795N11923765WA0145501469004003032262273
B2004113701795N11923771WA0145501468004003031260274
B2004123701794N11923777WA0145401467004003034258270
B2004133701793N11923784WA0145301466004003036258275
B2004143701792N11923790WA0145201466004003036259272
B2004153701791N11923797WA0145301466004003036261276
B2004163701790N11923803WA0145301466004003032261269
B2004173701789N11923809WA0145201466004003033262270
B2004183701789N11923815WA0145101464004003033263267
B2004193701788N11923822WA0145001464004003035263267
B2004203701787N11923828WA0145001464004003035263262
B2004213701787N11923835WA0145101465004003035262260
B2004223701786N11923840WA0145101465004003032262263
B2004233701786N11923846WA0145101464004003031262267
B2004243701785N11923852WA0145001463004003034263274
B2004253701784N11923859WA0145001463004003035263272
B2004263701784N11923865WA0145001463004003034264269
B2004273701783N11923871WA0145001463004003034264271
B2004283701783N11923877WA0145001463004003031265267
B2004293701783N11923883WA0145001462004003032265271
B2004303701782N11923889WA0144901461004003032266269
B2004313701782N11923896WA0144801461004003034266269
B2004323701782N11923902WA0144701460004003034265262
B2004333701781N11923908WA0144601459004003034264261
B2004343701781N11923914WA0144601458004003033263266
B2004353701780N11923920WA0144501457004003033263269
B2004363701779N11923927WA0144301456004003034263265
B2004373701779N11923933WA0144301455004003035262268
B2004383701778N11923940WA0144201454004003035263265
B2004393701778N11923946WA0144101453004003035264271
B2004403701777N11923953WA0144101453004003035265269
B2004413701777N11923959WA0144001452004003035267271
B2004423701777N11923965WA0144001452004003034268261
B2004433701777N11923972WA0143901451004003033267274
B2004443701776N11923978WA0143801450004003034264271
B2004453701776N11923985WA0143701449004003036261273
B2004463701775N11923992WA0143601448004003036264279
B2004473701775N11923999WA0143501447004003038269269
B2004483701775N11924006WA0143501447004003036270273
B2004493701775N11924012WA0143501447004003036269269
B2004503701775N11924018WA0143401446004003034268274
B2004513701775N11924024WA0143301445004003034270281
B2004523701775N11924031WA0143201443004003035273280
B2004533701776N11924038WA0143101442004003036275280
B2004543701776N11924044WA0143001441004003035275279
B2004553701777N11924051WA0142901441004003035275283
B2004563701777N11924057WA0142901440004003033277283
B2004573701778N11924063WA0142801439004003034279281
B2004583701779N11924070WA0142701437004003034279279
B2004593701780N11924077WA0142501436004003036278278
B2005003701780N11924084WA0142401435004003038276284
B2005013701781N11924091WA0142401435004003038277287
B2005023701782N11924097WA0142401434004003037279287
B2005033701783N11924104WA0142301434004003035281281
B2005043701784N11924110WA0142201433004003035280282
B2005053701785N11924117WA0142101431004003036278276
B2005063701786N11924123WA0142001430004003036277279
B2005073701786N11924130WA0141901429004003037276283
B2005083701787N11924137WA0141801429004003036277277
B2005093701788N11924144WA0141801428004003036277289
B2005103701788N11924150WA0141701427004003036277281
B2005113701789N11924157WA0141601426004003036278278
B2005123701790N11924164WA0141501425004003036278272
B2005133701791N11924170WA0141401424004003036278276
B2005143701791N11924177WA0141301423004003036276273
B2005153701792N11924184WA0141201422004003036275280
B2005163701793N11924191WA0141101421004003037277279
B2005173701793N11924197WA0141001420004003037279278
B2005183701794N11924204WA0140801418004003036280286
B2005193701795N11924210WA0140701417004003036279279
B2005203701797N11924224WA0140401414004003036279294
B2005213701798N11924230WA0140301412004003036282292
B2005223701799N11924237WA0140101411004003036285295
B2005233701801N11924243WA0140001410004003036285287
B2005243701802N11924250WA0139901409004003037285281
B2005253701804N11924257WA0139801408004003037285288
B2005263701805N11924263WA0139701407004003037287299
B2005273701807N11924269WA0139701406004003035291300
B2005283701809N11924275WA0139601405004003034294304
B2005293701812N11924281WA0139501404004003035297290
B2005303701814N11924287WA0139301402004003037298288
B2005313701817N11924293WA0139201401004003037297284
B2005323701819N11924299WA0139101401004003037294286
B2005333701821N11924305WA0139001400004003037292294
B2005343701823N11924311WA0138901399004003037292289
B2005353701826N11924318WA0138801398004003037292292
B2005363701828N11924324WA0138701398004003037292287
B2005373701830N11924330WA0138601397004003037292290
B2005383701832N11924337WA0138601396004003036293298
B2005393701834N11924343WA0138501395004003036293290
B2005403701836N11924349WA0138401393004003036291292
B2005413701838N11924356WA0138301392004003038287281
B2005423701839N11924363WA0138201391004003039283285
B2005433701841N11924371WA0138201391004003039281281
B2005443701842N11924377WA0138101390004003038282289
B2005453701843N11924384WA0138101390004003036282288
B2005463701844N11924390WA0138001389004003037282280
B2005473701845N11924398WA0137901387004003039280269
B2005483701846N11924405WA0137701386004003039281278
B2005493701848N11924411WA0137701386004003039282277
B2005503701849N11924418WA0137701386004003034282280
B2005513701850N11924424WA0137601385004003034281281
B2005523701851N11924430WA0137501383004003034281287
B2005533701852N11924437WA0137301381004003035284303
B2005543701854N11924444WA0137201380004003037286297
B2005553701856N11924450WA0137101378004003038289307
B2005563701858N11924457WA0137001378004003038292312
B2005573701860N11924463WA0137001378004003038296313
B2005583701863N11924469WA0136901378004003036302313
B2005593701866N11924474WA0136901378004003036307308
B2006003701870N11924479WA0136901378004003034310314
B2006013701873N11924483WA0136901377004003033314316
B2006033701877N11924488WA0136901376004003033319317
B2006043701881N11924491WA0136801375004003033326319
B2006053701885N11924494WA0136601374004003033330324
B2006063701890N11924497WA0136501373004003035331322
B2006073701895N11924501WA0136401372004003035331326
B2006083701899N11924504WA0136401372004003035334334
B2006093701904N11924506WA0136401372004003034336337
B2006103701908N11924508WA0136301372004003033338333
B2006113701913N11924510WA0136301372004003032341331
B2006123701917N11924512WA0136301371004003032346343
B2006133701922N11924513WA0136301371004003031349351
B2006143701926N11924514WA0136201370004003031347350
B2006153701931N11924516WA0136201369004003033342326
B2006163701936N11924518WA0136201369004003033340326
B2006173701940N11924520WA0136201369004003033344334
B2006183701944N11924521WA0136101369004003029348325
B2006193701948N11924522WA0136101369004003027348329
B2006203701952N11924523WA0136101368004003030345326
B2006213701957N11924524WA0136001368004003030344325
B2006223701962N11924526WA0136101369004003034346335
B2006233701967N11924528WA0136201371004003029344310
B2006243701970N11924529WA0136401373004003029339303
B2006253701973N11924531WA0136501373004003023337325
B2006263701976N11924532WA0136601373004003022342327
B2006273701980N11924532WA0136601373004003029355004
B2006283701985N11924532WA0136601373004003034011014
B2006293701990N11924529WA0136601374004003034026031
B2006303701994N11924525WA0136701375004003034036033
B2006313701997N11924522WA0136801376004003031040022
B2006323702001N11924518WA0136801376004003031033011
B2006333702006N11924516WA0136701374004003031016352
B2006343702011N11924516WA0136601373004003033356340
B2006353702017N11924517WA0136601374004003038344315
B2006363702022N11924519WA0136601375004003038341326
B2006373702026N11924521WA0136701376004003033340320
B2006383702030N11924523WA0136701376004003029340325
B2006393702034N11924524WA0136701375004003027344336
B2006403702038N11924525WA0136701374004003029352351
B2006413702043N11924526WA0136601374004003029356356
B2006423702048N11924526WA0136501372004003032357353
B2006433702053N11924527WA0136501372004003036357007
B2006443702059N11924527WA0136401372004003036358006
B2006453702064N11924527WA0136401372004003034002354
B2006463702069N11924526WA0136401371004003033004009
B2006473702073N11924526WA0136401371004003032003353
B2006483702078N11924525WA0136301370004003032002003
B2006493702083N11924525WA0136101368004003032002341
B2006503702088N11924525WA0135901365004003034002000
B2006513702093N11924525WA0135601362004003031355354
B2006523702098N11924526WA0135301361004003031347344
B2006533702102N11924527WA0135001358004003031346341
B2006543702107N11924529WA0134701356004003031343326
B2006553702111N11924531WA0134501355004003027324329
B2006563702113N11924535WA0134401353004003027307324
B2006573702115N11924540WA0134201350004003027296325
B2006583702117N11924545WA0134001348004003028297302
B2006593702119N11924550WA0133901347004003030295302
B2007003702120N11924555WA0133801346004003030286298
B2007013702121N11924561WA0133701344004003030275298
B2007023702121N11924567WA0133601343004003031269288
B2007033702121N11924573WA0133401341004003032267283
B2007043702121N11924579WA0133201340004003032267281
B2007053702120N11924584WA0133101338004003030264276
B2007063702120N11924590WA0132901335004003030263277
B2007073702119N11924596WA0132701333004003033263276
B2007083702119N11924602WA0132601333004003036261274
B2007093702117N11924609WA0132601332004003036257269
B2007103702116N11924616WA0132601333004003036252267
B2007113702114N11924621WA0132601333004003031246271
B2007123702112N11924626WA0132601332004003031242257
B2007133702110N11924631WA0132501332004003031238259
B2007143702107N11924637WA0132301330004003032235256
B2007153702103N11924642WA0132201329004003038233258
B2007163702100N11924648WA0132101328004003039232265
B2007173702096N11924654WA0132101328004003038230269
B2007183702092N11924659WA0132101328004003037227261
B2007193702089N11924664WA0132101327004003034228253
B2007203702086N11924669WA0132001326004003034232251
B2007213702083N11924674WA0131901324004003034234240
B2007223702080N11924679WA0131701322004003035233255
B2007233702077N11924684WA0131601322004003033225244
B2007243702073N11924688WA0131401320004003033220244
B2007253702069N11924692WA0131301318004003033216242
B2007263702060N11924699WA0130901314004003034208235
B2007273702055N11924702WA0130901313004003038206229
B2007283702049N11924705WA0130801313004003039204243
B2007293702044N11924707WA0130901314004003039200237
B2007303702038N11924709WA0131001316004003039194227
B2007313702033N11924711WA0131201317004003038190228
B2007323702027N11924711WA0131301319004003038187218
B2007333702022N11924713WA0131401320004003038192225
B2007343702017N11924715WA0131501320004003035205228
B2007353702014N11924719WA0131501320004003033222241
B2007363702011N11924724WA0131401318004003032246252
B2007373702012N11924729WA0131201316004003030274264
B2007383702014N11924735WA0131101315004003030299281
B2007393702016N11924738WA0131001315004003030317294
B2007403702019N11924740WA0131001314004003025331307
B2007413702022N11924742WA0130801312004003020332301
B2007423702024N11924744WA0130601309004003022314297
B2007433702026N11924749WA0130301306004003030295279
B2007443702028N11924754WA0130201307004003030274265
B2007453702027N11924761WA0130101307004003031259249
B2007463702025N11924766WA0130101307004003031242250
B2007473702023N11924770WA0130101306004003025233243
B2007483702020N11924773WA0129901304004003025233237
B2007493702018N11924777WA0129701302004003025232233
B2007503702015N11924781WA0129501299004003026222228
B2007513702011N11924784WA0129201295004003029211210
B2007523702006N11924787WA0128901293004003036199202
B2007533702001N11924788WA0128701291004003036186202
B2007543701995N11924788WA0128601290004003036175188
B2007553701990N11924787WA0128501288004003036168177
B2007563701985N11924785WA0128301287004003035167178
B2007573701980N11924784WA0128101284004003034167185
B2007583701975N11924783WA0128001283004003036166180
B2007593701969N11924781WA0127801281004003036163195
B2008003701964N11924778WA0127601279004003036157179
B2008013701960N11924776WA0127501277004003036154175
B2008023701955N11924773WA0127201274004003036154171
B2008033701950N11924770WA0126901271004003038155178
B2008043701944N11924767WA0126601267004003038156170
B2008053701939N11924764WA0126201264004003039158173
B2008063701934N11924761WA0125901261004003039158176
B2008073701928N11924759WA0125701258004003036160178
B2008083701924N11924757WA0125401255004003036162187
B2008093701919N11924756WA0125101252004003034167190
B2008103701914N11924755WA0124801248004003033171188
B2008113701909N11924754WA0124401245004003033170170
B2008123701904N11924753WA0124101241004003035170180
B2008133701899N11924752WA0123801239004003035172185
B2008143701894N11924751WA0123601236004003034179193
B2008153701889N11924752WA0123301233004003032186201
B2008163701885N11924753WA0123101231004003031188184
B2008173701880N11924754WA0122801227004003031185180
B2008183701875N11924754WA0122601227004003033182204
B2008193701870N11924754WA0122301225004003033180186
B2008203701865N11924754WA0122201223004003033180188
B2008213701860N11924754WA0122001222004003033177178
B2008223701856N11924754WA0121901220004003031176180
B2008233701851N11924753WA0121701218004003033173182
B2008243701845N11924752WA0121601217004003033169184
B2008253701840N11924750WA0121601216004003035163172
B2008263701835N11924748WA0121501216004003035155168
B2008273701831N11924745WA0121401215004003037150174
B2008283701826N11924741WA0121201213004003039149166
B2008293701820N11924738WA0121101212004003039154178
B2008303701815N11924735WA0121001210004003039159173
B2008313701809N11924733WA0120901209004003039162185
B2008323701804N11924730WA0120901208004003039162170
B2008333701798N11924728WA0120701207004003038160186
B2008343701793N11924726WA0120601205004003038160188
B2008353701787N11924723WA0120401203004003039161176
B2008363701782N11924721WA0120301203004003039160188
B2008373701777N11924719WA0120301202004003038159187
B2008383701772N11924717WA0120101200004003036160192
B2008393701767N11924714WA0119901198004003036162188
B2008403701762N11924712WA0119801196004003038161189
B2008413701756N11924710WA0119601194004003038161199
B2008423701751N11924708WA0119401192004003038160200
B2008433701745N11924705WA0119201189004003038163188
B2008443701740N11924704WA0119001187004003039167191
B2008453701734N11924702WA0118901186004003039166190
B2008463701728N11924700WA0118701184004003039160170
B2008473701723N11924697WA0118601183004003039158158
B2008483701717N11924694WA0118401181004003040158168
B2008493701712N11924692WA0118301179004003040160165
B2008503701706N11924690WA0118101177004003040165174
B2008513701700N11924688WA0118001176004003036169165
B2008523701695N11924687WA0117801175004003036168191
B2008533701690N11924686WA0117701173004003035164177
B2008543701685N11924683WA0117501170004003035161182
B2008553701679N11924681WA0117201167004003042162167
B2008563701672N11924679WA0117001165004003045165172
B2008573701666N11924676WA0116901165004003045164164
B2008583701659N11924674WA0116901165004003045158182
B2008593701653N11924670WA0116901165004003042155169
B2009003701648N11924668WA0116801164004003042159187
B2009013701642N11924666WA0116701162004003039164193
B2009023701636N11924664WA0116501161004003039165194
B2009033701630N11924662WA0116401159004003041162176
B2009043701625N11924659WA0116301158004003041160186
B2009053701619N11924657WA0116201157004003040159184
B2009063701614N11924654WA0116101156004003038158176
B2009073701609N11924652WA0116001155004003036155170
B2009083701604N11924648WA0115901153004003036152166
B2009093701600N11924645WA0115701151004003036150176
B2009103701595N11924641WA0115501150004003038149178
B2009113701589N11924638WA0115401149004003040150181
B2009123701584N11924634WA0115401148004003040148163
B2009133701580N11924630WA0115201147004003039145157
B2009143701575N11924626WA0115101145004003038143166
B2009153701570N11924622WA0114801142004003040145187
B2009163701565N11924618WA0114601140004003041148181
B2009173701560N11924614WA0114401138004003041149180
B2009183701554N11924610WA0114301136004003041154167
B2009193701549N11924608WA0114101135004003035164179
B2009203701544N11924607WA0113901133004003035172186
E200920TPCWaypoint KNOB reached
B2009213701539N11924606WA0113801130004003034174183
B2009223701534N11924606WA0113501128004003034173181
B2009233701528N11924605WA0113301125004003038172194
B2009243701522N11924604WA0113101123004003038170195
B2009253701517N11924603WA0112801121004003038170199
B2009263701512N11924601WA0112601119004003037165191
B2009273701507N11924599WA0112501116004003036158186
B2009283701502N11924596WA0112201114004003037155177
B2009293701496N11924593WA0111901111004003037159180
B2009303701491N11924591WA0111801109004003037167208
B2009313701487N11924590WA0111601108004003034169187
B2009323701483N11924590WA0111401106004003028168196
B2009333701479N11924588WA0111201103004003028167198
B2009343701475N11924587WA0110901100004003028165198
B2009353701470N11924586WA0110601096004003028165198
B2009363701466N11924585WA0110201093004003029167194
B2009373701462N11924583WA0109901089004003031166186
B2009383701457N11924582WA0109601089004003031166204
B2009393701452N11924580WA0109301086004003033166194
B2009403701447N11924579WA0109101083004003034166195
B2009413701442N11924577WA0108801080004003035166198
B2009423701437N11924576WA0108501077004003034170205
B2009433701432N11924576WA0108301074004003034177208
B2009443701426N11924576WA0108001072004003036179193
B2009453701421N11924575WA0107901070004003037176204
B2009463701415N11924574WA0107701068004003036166205
B2009473701410N11924572WA0107501067004003036161187
B2009483701405N11924570WA0107401065004003038167179
B2009493701399N11924569WA0107201062004003042174179
B2009503701392N11924568WA0107101063004003042167181
B2009513701385N11924565WA0107101063004003048161191
B2009523701379N11924562WA0107201064004003043155194
B2009533701373N11924559WA0107301065004003043158208
B2009543701368N11924557WA0107301064004003037171209
B2009553701363N11924557WA0107101063004003035190208
B2009563701358N11924559WA0107001061004003035200221
B2009573701354N11924562WA0106901060004003035208236
B2009583701350N11924565WA0106801059004003034216240
B2009593701347N11924569WA0106701058004003030231248
B2010003701346N11924573WA0106601056004003022250253
B2010013701346N11924576WA0106501055004003022272268
B2010023701347N11924580WA0106401054004003019297285
B2010033701349N11924582WA0106301053004003019323299
B2010043701352N11924583WA0106201051004003021338322
B2010053701355N11924585WA0106101050004003023346331
B2010063701359N11924585WA0106101050004003023351320
B2010073701363N11924586WA0106101050004003027353330
B2010083701368N11924587WA0106201051004003027352329
B2010093701371N11924587WA0106301052004003027348320
B2010103701374N11924588WA0106401053004003022343319
B2010113701376N11924589WA0106401053004003018322315
B2010123701378N11924592WA0106501053004003021313305
B2010133701380N11924596WA0106401053004003022308274
B2010143701382N11924599WA0106501053004003021304286
B2010153701383N11924602WA0106501054004003020295272
B2010163701384N11924604WA0106601054004003014277264
B2010173701383N11924607WA0106501053004003017261254
B2010183701382N11924611WA0106401052004003017249234
B2010193701380N11924616WA0106301051004003024231226
B2010203701376N11924619WA0106301051004003033211208
B2010213701371N11924621WA0106301051004003035192195
B2010233701366N11924621WA0106301051004003035175187
B2010243701360N11924619WA0106301052004003037160175
B2010253701355N11924616WA0106401053004003037146162
B2010263701352N11924611WA0106501053004003037132148
B2010273701349N11924605WA0106501054004003037119134
B2010283701347N11924598WA0106501053004003037102113
B2010293701347N11924591WA0106501053004003039084091
B2010303701349N11924584WA0106401053004003039060066
B2010313701353N11924580WA0106501053004003037038037
B2010323701357N11924578WA0106501054004003034019016
B2010333701361N11924577WA0106501054004003023003357
B2010343701364N11924578WA0106501054004003023347339
B2010353701366N11924579WA0106501053004003019332329
B2010363701368N11924581WA0106401052004003017316317
B2010373701370N11924584WA0106301051004003019300307
B2010383701370N11924588WA0106201050004003020281295
B2010393701370N11924591WA0106101049004003020266284
B2010403701370N11924595WA0106001048004003020254275
B2010413701369N11924599WA0105801046004003019248269
B2010423701368N11924602WA0105701044004003019246267
B2010433701367N11924605WA0105501042004003019254273
B2010443701367N11924609WA0105301040004003019269284
B2010453701367N11924612WA0105101037004003019286299
B2010463701369N11924615WA0104901035004003019303304
B2010473701371N11924618WA0104701034004003019310307
B2010483701372N11924621WA0104501032004003019313310
B2010493701374N11924623WA0104301030004003018315311
B2010503701376N11924625WA0104101028004003019320299
B2010513701379N11924628WA0103901025004003019325318
B2010523701382N11924630WA0103801024004003022330296
B2010533701385N11924632WA0103601022004003021333306
B2010543701387N11924633WA0103401020004003021330288
B2010553701390N11924636WA0103201018004003020318288
B2010563701392N11924639WA0103001016004003020304291
B2010573701393N11924643WA0102901014004003023291280
B2010583701394N11924647WA0102801013004003023281291
B2010593701394N11924651WA0102701012004003022273272
B2011003701394N11924654WA0102601011004003020272277
B2011013701394N11924658WA0102401010004003018272280
B2011023701394N11924661WA0102301009004003018270266
B2011033701394N11924664WA0102101006004003017265267
B2011043701394N11924667WA0101901004004003017258260
B2011053701393N11924671WA0101701001004003020250248
B2011063701392N11924674WA0101500999004003021237230
B2011073701389N11924677WA0101300997004003021218218
B2011083701385N11924679WA0101000993004003024197205
B2011093701379N11924680WA0100600990004003042181196
B2011103701372N11924679WA0100400990004003048160173
B2011113701365N11924675WA0100200990004003046147165
B2011123701360N11924670WA0100200990004003046140159
B2011133701356N11924665WA0100100988004003039139151
B2011143701351N11924660WA0100000986004003041143151
B2011153701346N11924655WA0099800984004003041144163
B2011163701340N11924650WA0099600982004003044143159
B2011173701334N11924645WA0099400980004003045146181
B2011183701329N11924642WA0099300979004003045152179
B2011193701323N11924639WA0099200978004003042159181
B2011203701317N11924636WA0099100976004003041163177
B2011213701311N11924634WA0098900974004003043163172
B2011223701305N11924632WA0098700972004003043162184
B2011233701299N11924629WA0098500970004003043162178
B2011243701293N11924627WA0098300968004003042163180
B2011253701287N11924625WA0098100966004003041165167
B2011263701281N11924624WA0097900963004003042166170
B2011273701275N11924622WA0097700960004003042165156
B2011283701268N11924619WA0097400958004003045162159
B2011293701261N11924616WA0097200956004003048159159
B2011303701254N11924613WA0097100956004003048158158
B2011313701248N11924609WA0097000955004003045155146
B2011323701243N11924606WA0096900954004003043150158
B2011333701238N11924601WA0096800951004003042144139
B2011343701233N11924596WA0096600949004003043142149
B2011353701228N11924591WA0096400947004003043144141
B2011363701222N11924587WA0096100944004003044147130
B2011373701217N11924583WA0095900942004003044148128
B2011383701207N11924573WA0095600938004003042141139
B2011393701202N11924568WA0095500937004003042142148
B2011403701195N11924562WA0095400937004003048142163
B2011413701189N11924557WA0095400937004003048142162
B2011423701183N11924552WA0095600939004003048149140
B2011433701177N11924548WA0095800941004003045153171
B2011443701172N11924544WA0096000943004003044149125
B2011453701166N11924539WA0096100944004003044142146
B2011463701162N11924534WA0096200945004003042138153
B2011473701157N11924530WA0096200945004003042143129
B2011483701152N11924526WA0096200945004003041148128
B2011493701146N11924521WA0096200944004003041146130
B2011503701140N11924516WA0096200943004003046142134
B2011513701135N11924510WA0096100943004003048139122
B2011523701130N11924504WA0096100944004003048138121
B2011533701125N11924499WA0096200943004003045139134
B2011543701120N11924494WA0096100942004003042138140
B2011553701116N11924489WA0096000941004003040137143
B2011563701111N11924483WA0095800939004003044134137
B2011573701107N11924477WA0095600936004003044130108
B2011583701102N11924470WA0095300933004003047128119
B2011593701098N11924463WA0095100931004003047128145
B2012003701094N11924456WA0094900929004003047129138
B2012013701090N11924451WA0094700928004003043129139
B2012023701086N11924445WA0094500925004003040129143
B2012033701082N11924439WA0094300922004003043126142
B2012043701078N11924432WA0094000920004003045125142
B2012053701074N11924425WA0093800918004003045126148
B2012063701070N11924418WA0093600915004003046130153
B2012073701064N11924411WA0093400913004003051136150
B2012083701058N11924405WA0093200911004003054142142
B2012093701052N11924399WA0093100910004003053143157
B2012103701046N11924393WA0093100909004003053140150
B2012113701041N11924388WA0093000908004003045140137
B2012123701036N11924383WA0092800906004003045139160
B2012133701031N11924377WA0092600903004003045138138
B2012143701025N11924371WA0092300900004003046138158
B2012153701019N11924365WA0092100898004003050137167
B2012163701014N11924358WA0091800896004003050134150
B2012173701010N11924352WA0091700895004003048131145
B2012183701005N11924346WA0091800896004003045131151
B2012193701001N11924340WA0091800895004003042133168
B2012203700996N11924335WA0091700895004003042137127
B2012213700992N11924330WA0091700895004003041132154
B2012223700989N11924323WA0091700894004003041123121
B2012233700985N11924315WA0091600893004003050120120
B2012243700981N11924306WA0091500892004003050119168
B2012253700978N11924299WA0091600894004003049120127
B2012263700974N11924292WA0091900896004003049124144
B2012273700970N11924286WA0092000898004003040127127
B2012283700967N11924280WA0092200899004003040127153
B2012293700963N11924274WA0092300900004003040122152
B2012303700960N11924266WA0092400902004003041117146
B2012313700957N11924258WA0092600903004003048116146
B2012323700954N11924250WA0093000907004003048117142
B2012333700951N11924243WA0093300912004003046120145
B2012343700948N11924237WA0093700915004003041123147
B2012353700944N11924232WA0094000918004003036126137
B2012363700941N11924226WA0094200920004003040130148
B2012373700936N11924220WA0094400922004003040132148
B2012383700932N11924215WA0094400923004003041137150
B2012393700927N11924211WA0094500924004003033152155
B2012413700923N11924209WA0094600924004003033171174
B2012423700919N11924209WA0094800926004003028175197
B2012433700916N11924209WA0095100930004003023166206
B2012443700916N11924208WA0095300932004003007134202
B2012453700916N11924207WA0095500934004003007045271
B2012463700918N11924207WA0095600935004003007018332
B2012473700920N11924205WA0095800936004003015034329
B2012483700924N11924201WA0096000938004003036049355
B2012493700927N11924194WA0096100939004003048059033
B2012503700931N11924185WA0096300941004003048058049
B2012513700936N11924176WA0096600943004003050060056
B2012523700938N11924169WA0097000949004003045071075
B2012533700940N11924161WA0097300949004003045092074
B2012543700939N11924152WA0097500950004003045108096
B2012553700935N11924144WA0097600952004003048117115
B2012563700931N11924137WA0097800955004003045127128
B2012573700927N11924131WA0098000958004003045132140
B2012583700923N11924127WA0098200960004003038138145
B2012593700919N11924124WA0098300961004003033154155
B2013003700915N11924123WA0098300962004003028178180
B2013013700911N11924125WA0098500964004003028198208
B2013023700908N11924127WA0098800967004003026216228
B2013033700908N11924129WA0098900969004003018295243
B2013043700909N11924130WA0099000969004003018353297
B2013053700913N11924130WA0099100970004003027006335
B2013063700918N11924129WA0099300971004003027023339
B2013073700922N11924125WA0099600975004003028039009
B2013083700925N11924121WA0099700975004003025051004
B2013093700927N11924118WA0099800975004003025048010
B2013103700930N11924114WA0099700975004003025038023
B2013113700935N11924109WA0099600974004003032038032
B2013123700939N11924104WA0099500975004003048052045
B2013133700943N11924095WA0099600976004003051065053
B2013143700945N11924086WA0099600977004003051079066
B2013153700946N11924076WA0099600977004003052088088
B2013163700945N11924066WA0099600978004003055094099
B2013173700943N11924055WA0099700978004003062101108
B2013183700941N11924044WA0099700979004003062110126
B2013193700938N11924033WA0100000980004003062118141
B2013203700933N11924027WA0100300984004003044128149
B2013213700929N11924021WA0100500984004003044145155
B2013223700924N11924018WA0100600984005003036163174
B2013233700919N11924018WA0100600984004003035176199
B2013243700913N11924019WA0100600986004003036192212
B2013253700908N11924021WA0100800989004003036200236
B2013263700904N11924024WA0101000992004003033208246
B2013273700903N11924026WA0101200994004003026230248
B2013283700903N11924029WA0101300995004003014275263
B2013293700904N11924031WA0101500996004003018311289
B2013303700907N11924033WA0101600999004003018333308
B2013313700910N11924033WA0101901002004003018010321
B2013323700912N11924031WA0102201005004003022041334
B2013333700915N11924027WA0102401004004003033053358
B2013343700918N11924022WA0102501006004003033056028
B2013353700921N11924014WA0102701007004003038065026
B2013363700922N11924005WA0102701008004003050083054
B2013373700921N11923995WA0102701008004003056098082
B2013383700919N11923984WA0102801010004003056112103
B2013393700914N11923976WA0103001012004003056125123
B2013403700909N11923970WA0103101015004003043142140
B2013413700904N11923967WA0103301017004003043160166
B2013423700898N11923966WA0103401018004003039171192
B2013433700894N11923966WA0103501020004003034177205
B2013443700886N11923968WA0103601020004003026203230
B2013453700883N11923971WA0103501018004003027227247
B2013463700882N11923976WA0103401018004003027254260
B2013473700881N11923981WA0103501019004003027281275
B2013483700883N11923984WA0103601021004003019309289
B2013493700885N11923986WA0103801022004003019329308
B2013503700887N11923987WA0104001024004003014338320
B2013513700890N11923988WA0104201026004003014341325
B2013523700893N11923989WA0104301028004003024357328
B2013533700898N11923987WA0104501031004003029018341
B2013543700902N11923985WA0104801032004003029041356
B2013553700905N11923979WA0105001035004003034055011
B2013563700907N11923971WA0105201037004003041072027
B2013573700909N11923963WA0105301037004003048092051
B2013583700908N11923954WA0105301037004003048110082
B2013593700904N11923945WA0105301038004003054121108
B2014003700898N11923937WA0105501040004003051135125
B2014013700892N11923932WA0105601042004003051147146
B2014023700887N11923929WA0105701043004003045156163
B2014033700881N11923927WA0105701043004003038167177
B2014043700876N11923927WA0105601042004003035181199
B2014053700871N11923928WA0105501040004003038194222
B2014063700865N11923930WA0105501041004003036206234
B2014073700861N11923934WA0105601043004003036215244
B2014083700857N11923938WA0105801046004003027219249
B2014093700854N11923940WA0106001048004003027213257
B2014103700852N11923942WA0106201051004003023207253
B2014113700849N11923943WA0106501053004003021202253
B2014123700846N11923945WA0106601054004003016202251
B2014133700845N11923946WA0106601054004003016229257
B2014143700845N11923948WA0106701054004003014270271
B2014153700846N11923951WA0106701056004003014303295
B2014163700848N11923953WA0107001059004003015343310
B2014173700850N11923952WA0107201062004003018028324
B2014183700853N11923949WA0107401061004003018050351
B2014193700856N11923945WA0107401061004003027049355
B2014203700860N11923940WA0107301060004003035041357
B2014213700864N11923936WA0107301060004003037033004
B2014223700869N11923932WA0107301060004003037035353
B2014233700873N11923927WA0107401062004003038048025
B2014243700876N11923920WA0107501063004003041060054
B2014253700879N11923914WA0107601064004003041065056
B2014263700881N11923907WA0107701066004003037073059
B2014273700881N11923900WA0107801066004003037086070
B2014283700880N11923892WA0107901067004003045101084
B2014293700878N11923884WA0108001068004003047113104
B2014303700874N11923876WA0108001069004003047120116
B2014313700871N11923868WA0108101069004003047118118
B2014323700868N11923860WA0108201070004003049116122
B2014333700864N11923852WA0108201070004003049122143
B2014343700859N11923846WA0108201070004003048134157
B2014353700853N11923841WA0108101069004003047150161
B2014363700847N11923838WA0108101068004003045160180
B2014373700841N11923836WA0108001067004003045169208
B2014383700835N11923836WA0107801065004003040181210
B2014393700831N11923837WA0107501063004003035198223
B2014403700826N11923840WA0107401061004003030212236
B2014413700824N11923844WA0107401062004003030230252
B2014423700823N11923846WA0107401062004003023256264
B2014433700823N11923848WA0107501062004003014300259
B2014443700824N11923849WA0107501063004003010332287
B2014453700826N11923850WA0107401062004003012325295
B2014463700827N11923852WA0107401062004003012316287
B2014473700828N11923854WA0107301061004003012302291
B2014483700829N11923856WA0107201060004003011293291
B2014493700830N11923858WA0107201059004003011302286
B2014503700831N11923859WA0107201059004003011307283
B2014513700831N11923860WA0107101059004003010279284
B2014523700831N11923861WA0107101058004003006245281
B2014533700830N11923863WA0107001057004003010235273
B2014543700829N11923864WA0106901057004003010237284
B2014553700828N11923866WA0106901057004003012227261
B2014563700826N11923868WA0107001058004003015216246
B2014573700824N11923870WA0107101059004003016197250
B2014583700822N11923870WA0107101059004003016190243
B2014593700819N11923871WA0107101059004003018194240
B2015003700816N11923872WA0107201060004003020202249
B2015013700813N11923874WA0107301061004003020204252
B2015023700811N11923875WA0107401063004003019202242
B2015043700809N11923877WA0107501064004003018210251
B2015053700807N11923878WA0107601064004003013214269
B2015063700805N11923879WA0107601065004003013206295
B2015073700803N11923880WA0107601065004003013203292
B2015083700801N11923881WA0107701066004003015204290
B2015093700799N11923883WA0107801068004003013205288
B2015103700798N11923884WA0108001069004003013238277
B2015113700799N11923884WA0108101070004003006310287
B2015123700801N11923885WA0108001069004003006343310
B2015133700803N11923886WA0108101070004003017355322
B2015143700806N11923885WA0108201071004003022010336
B2015153700810N11923883WA0108301073004003022025359
B2015163700814N11923880WA0108501075004003028037008
B2015173700818N11923875WA0108701077004003034047029
B2015183700821N11923870WA0108901079004003034055034
B2015193700823N11923864WA0109001080004003034062055
B2015203700825N11923858WA0109101081004003035072061
B2015213700826N11923850WA0109101081004003044084074
B2015223700826N11923841WA0109201081004003052098091
B2015233700824N11923831WA0109201081004003052109113
B2015243700820N11923822WA0109201081004003056121125
B2015253700814N11923814WA0109301082004003049132137
B2015263700809N11923809WA0109301084004003049141149
B2015273700805N11923805WA0109401084004003042147160
B2015283700800N11923802WA0109401084004003037153173
B2015293700796N11923801WA0109401084004003026163186
B2015303700793N11923801WA0109301083004003026182212
B2015313700791N11923802WA0109201082004003019204226
B2015323700790N11923803WA0109201082004003014225251
B2015333700789N11923805WA0109201081004003010227275
B2015343700788N11923806WA0109101081004003010232280
B2015353700788N11923807WA0109101080004003009259282
B2015363700787N11923809WA0109101081004003009261280
B2015373700787N11923812WA0109201082004003012252255
B2015383700786N11923814WA0109401083004003012259279
B2015393700786N11923814WA0109701086004003006268264
B2015403700786N11923815WA0109901088004003005262276
B2015413700786N11923817WA0110001090004003010261269
B2015423700786N11923819WA0110201091004003013263280
B2015433700785N11923822WA0110401094004003013248296
B2015443700784N11923823WA0110501096004003013225313
B2015453700783N11923824WA0110601096004003006216301
B2015463700783N11923825WA0110501095004003006308307
B2015473700785N11923826WA0110301093004003006336322
B2015483700788N11923826WA0110201092004003014359330
B2015493700791N11923825WA0110201091004003024026343
B2015503700797N11923817WA0110001090004003031051008
B2015513700800N11923813WA0109901089004003031044001
B2015523700803N11923810WA0109801088004003028027356
B2015533700807N11923809WA0109701087004003026011336
B2015543700811N11923808WA0109601086004003026358328
B2015553700813N11923809WA0109601085004003023339322
B2015563700815N11923811WA0109401084004003018311311
B2015573700816N11923814WA0109201082004003015299296
B2015583700818N11923816WA0109101081004003016300288
B2015593700819N11923819WA0109001080004003015303291
B2016003700820N11923821WA0108901078004003015296284
B2016013700820N11923823WA0108701076004003014283284
B2016023700821N11923826WA0108401072004003018280280
B2016033700821N11923830WA0108201073004003018281285
B2016043700822N11923836WA0108101071004003026287278
B2016053700824N11923840WA0108001072004003023288288
B2016063700824N11923844WA0108101073004003023268289
B2016073700824N11923847WA0108001071004003021239282
B2016083700821N11923851WA0108001070004003021231271
B2016093700819N11923855WA0108001069004003025233265
B2016103700817N11923858WA0108001070004003025239274
B2016113700815N11923862WA0108001071004003023242256
B2016123700814N11923865WA0108101071004003020243255
B2016133700813N11923868WA0108101071004003018242246
B2016143700812N11923871WA0108101071004003019243249
B2016153700810N11923875WA0108101070004003019247253
B2016163700809N11923878WA0108101070004003021250256
B2016173700808N11923882WA0108201071004003019246271
B2016183700807N11923885WA0108201072004003019242231
B2016193700806N11923887WA0108201072004003017249247
B2016203700805N11923890WA0108201072004003015249245
B2016213700804N11923893WA0108101070004003018235250
B2016223700802N11923896WA0107901068004003025225248
B2016233700799N11923899WA0107801069004003025219254
B2016243700795N11923903WA0108001069004003025213234
B2016253700793N11923904WA0108101071004003020202240
B2016263700790N11923905WA0108201072004003020193230
B2016273700787N11923906WA0108201071004003020200223
B2016283700784N11923908WA0108201070004003020204218
B2016293700781N11923910WA0108101070004003027204237
B2016303700777N11923912WA0108001069004003028201208
B2016313700773N11923913WA0108001069004003027198242
B2016323700770N11923915WA0108001069004003025194209
B2016333700767N11923915WA0107901068004003022190220
B2016343700763N11923916WA0107801067004003024181232
B2016353700759N11923915WA0107801067004003024175195
B2016363700755N11923915WA0107801067004003027175204
B2016373700751N11923914WA0107901068004003027173203
B2016383700747N11923914WA0108001069004003029173209
B2016393700742N11923913WA0108101069004003029174215
B2016403700739N11923913WA0108001069004003029176230
B2016413700735N11923913WA0107901068004003022184230
B2016423700732N11923913WA0107701067004003023193211
B2016433700728N11923915WA0107501064004003023196238
B2016443700724N11923916WA0107301062004003025193240
B2016453700720N11923917WA0107101060004003028191251
B2016463700716N11923918WA0107001059004003028196239
B2016473700713N11923920WA0107001060004003026207244
B2016483700710N11923923WA0107101060004003025210252
B2016493700707N11923924WA0107201062004003020206230
B2016503700705N11923926WA0107201062004003020200247
B2016513700702N11923927WA0107201062004003020193232
B2016523700698N11923927WA0107201061004003023186245
B2016533700694N11923928WA0107201061004003027183243
B2016543700690N11923928WA0107201062004003027187258
B2016553700686N11923929WA0107301063004003027193259
B2016563700683N11923931WA0107401063004003024199252
B2016573700680N11923932WA0107401064004003023206243
B2016583700676N11923935WA0107401064004003026209243
B2016593700673N11923937WA0107401064004003026206242
B2017003700669N11923939WA0107501064004003027206240
B2017013700666N11923942WA0107501064004003026210235
B2017023700662N11923945WA0107501064004003026214246
B2017033700659N11923947WA0107401063004003025215246
B2017043700656N11923949WA0107301062004003024205247
B2017053700653N11923951WA0107201061004003025194229
B2017063700649N11923952WA0107201060004003030191236
B2017073700644N11923953WA0107101060004003030196232
B2017083700639N11923956WA0107201060004003032206243
B2017093700636N11923958WA0107301062004003025213244
B2017103700634N11923961WA0107301062004003025218242
B2017123700632N11923963WA0107301062004003019220237
B2017133700629N11923965WA0107201060004003019218253
B2017143700626N11923968WA0107101059004003025217248
B2017153700623N11923971WA0107001058004003027219242
B2017163700620N11923974WA0107001059004003025217227
B2017173700618N11923976WA0107001059004003024214235
B2017183700616N11923978WA0107001058004003017217235
B2017193700614N11923980WA0106901057004003017226250
B2017203700612N11923983WA0106801056004003017229255
B2017213700610N11923985WA0106701055004003018225272
B2017223700608N11923987WA0106601054004003017207237
B2017233700606N11923988WA0106301052004003018194242
B2017243700603N11923989WA0106101049004003018192246
B2017253700600N11923990WA0105801046004003021192255
B2017263700596N11923991WA0105601044004003023195266
B2017273700593N11923993WA0105301041004003023202247
B2017283700590N11923995WA0105101038004003023210270
B2017293700587N11923997WA0104801035004003024212238
B2017303700584N11924000WA0104601033004003024212236
B2017313700580N11924001WA0104301030004003024201213
B2017323700577N11924002WA0104101028004003024188214
B2017333700573N11924003WA0103901025004003025179209
B2017343700568N11924002WA0103601022004003031173219
B2017353700563N11924001WA0103401020004003034173211
B2017363700558N11924001WA0103301019004003034175219
B2017373700553N11924000WA0103101018004003034175224
B2017383700549N11924000WA0103001016004003029174228
B2017393700545N11923999WA0102801014004003029174241
B2017403700541N11923999WA0102601012004003028180237
B2017413700537N11924000WA0102401010004003026190235
B2017423700533N11924001WA0102201007004003026201244
B2017433700530N11924004WA0102001005004003028211253
B2017443700526N11924007WA0101901004004003027219260
B2017453700524N11924010WA0101701003004003027228263
B2017463700522N11924014WA0101601002004003023238265
B2017473700521N11924018WA0101501001004003023244270
B2017483700519N11924022WA0101400999004003023247270
B2017493700518N11924026WA0101300998004003023248273
B2017503700517N11924030WA0101200997004003023250275
B2017513700516N11924034WA0101100996004003023254288
B2017523700515N11924038WA0101000995004003023256283
B2017533700515N11924042WA0100900994004003022259280
B2017543700514N11924046WA0100800993004003023262274
B2017553700514N11924051WA0100700991004003024263287
B2017563700513N11924060WA0100400989004003024261293
B2017573700512N11924064WA0100300988004003023267298
B2017583700513N11924067WA0100200986004003021278300
B2017593700513N11924071WA0100000984004003022282301
B2018003700514N11924076WA0099900982004003022278303
B2018013700514N11924080WA0099700980004003023280315
B2018023700516N11924085WA0099500979004003025292320
B2018033700518N11924088WA0099300977004003025309324
B2018043700521N11924091WA0099200975004003025320323
B2018053700523N11924094WA0099000973004003024322320
B2018063700526N11924097WA0098800970004003024324322
B2018073700529N11924099WA0098500970004003025329319
B2018083700533N11924101WA0098300967004003025334321
B2018093700537N11924103WA0098100965004003026339319
B2018103700541N11924105WA0097900963004003027345314
B2018113700545N11924106WA0097800961004003027347307
B2018123700548N11924107WA0097600959004003026343305
B2018133700552N11924109WA0097300957004003026332306
B2018143700555N11924112WA0097100954004003029321303
B2018153700558N11924116WA0096900952004003031316300
B2018163700562N11924120WA0096800951004003031314299
B2018173700565N11924125WA0096800950004003031312299
B2018183700568N11924128WA0096700951004003026311297
B2018193700570N11924132WA0096800951004003026310294
B2018203700572N11924135WA0096800950004003023304296
B2018213700573N11924138WA0096700949004003019298293
B2018223700574N11924141WA0096600948004003022300290
B2018233700576N11924145WA0096600948004003026308292
B2018243700579N11924149WA0096500948004003025314292
B2018253700582N11924151WA0096500948004003025315299
B2018263700583N11924154WA0096500948004003016304293
B2018273700584N11924156WA0096500948004003016290291
B2018283700585N11924158WA0096500947004003011283283
B2018293700585N11924160WA0096400946004003011281285
B2018303700586N11924163WA0096300945004003016281279
B2018313700586N11924166WA0096300945004003016285284
B2018323700587N11924168WA0096200944004003015287277
B2018333700587N11924171WA0096100942004003015288271
B2018343700588N11924174WA0095900940004003021289274
B2018353700589N11924179WA0095800938004003024282269
B2018363700589N11924183WA0095700938004003022260265
B2018373700588N11924186WA0095600937004003022237254
B2018383700586N11924189WA0095600937004003016222247
B2018393700585N11924190WA0095600937004003016213243
B2018403700582N11924191WA0095500936004003016196247
B2018413700579N11924192WA0095400934004003017185239
B2018423700575N11924192WA0095300933004003027186238
B2018433700571N11924193WA0095200933004003027195227
B2018443700568N11924195WA0095200933004003025196224
B2018453700566N11924195WA0095200933004003020175207
B2018463700563N11924194WA0095100932004003022154203
B2018473700560N11924191WA0094900929004003029139188
B2018483700556N11924187WA0094700927004003029132170
B2018493700552N11924181WA0094500926004003035129163
B2018503700549N11924176WA0094400925004003037129165
B2018513700545N11924171WA0094300924004003037129161
B2018523700542N11924165WA0094200922004003037127158
B2018533700539N11924160WA0094100921004003037123152
B2018543700536N11924154WA0094000920004003036114127
B2018553700535N11924147WA0093900919004003038105111
B2018563700534N11924140WA0093800918004003038099086
B2018573700533N11924133WA0093800917004003038096090
B2018583700532N11924126WA0093600916004003038096081
B2019003700532N11924119WA0093500915004003038095108
B2019013700531N11924112WA0093400915004003038089103
B2019023700532N11924105WA0093400914004003036082096
B2019033700533N11924099WA0093300913004003037075077
B2019043700535N11924092WA0093200912004003038072069
B2019053700537N11924085WA0093200911004003038070063
B2019063700539N11924078WA0093100911004003038069074
B2019073700541N11924072WA0093000910004003037069058
B2019083700543N11924066WA0092900909004003037069068
B2019093700545N11924059WA0092800908004003037068076
B2019103700547N11924052WA0092800907004003038068085
B2019113700549N11924045WA0092700906004003038070093
B2019123700551N11924039WA0092600905004003038073095
B2019133700552N11924032WA0092500904004003036075084
B2019143700553N11924026WA0092300902004003036076076
B2019153700555N11924018WA0092200901004003040078076
B2019163700556N11924011WA0092000899004003040077061
B2019173700557N11924004WA0091900898004003039072069
B2019183700559N11923998WA0091800896004003038068062
B2019193700562N11923991WA0091600894004003040068079
B2019203700563N11923984WA0091300891004003040074085
B2019213700565N11923976WA0091100889004003040079098
B2019223700566N11923969WA0090900887004003040080082
B2019233700567N11923961WA0090700885004003041078078
B2019243700568N11923954WA0090600884004003043074068
B2019253700570N11923946WA0090500883004003043068064
B2019263700573N11923939WA0090500883004003043060047
B2019273700577N11923933WA0090400882004003040054048
B2019283700580N11923927WA0090300881004003041052048
B2019293700584N11923920WA0090200879004003041053055
B2019303700588N11923913WA0090100878004003043054044
B2019313700593N11923906WA0090000877004003049052045
B2019323700597N11923899WA0089900877004003049048021
B2019333700602N11923893WA0089900877004003049044021
B2019343700607N11923887WA0089900876004003046040016
B2019353700613N11923882WA0089800875004003045036010
B2019363700619N11923877WA0089700874004003048032002
B2019373700625N11923873WA0089600873004003046026338
B2019383700631N11923870WA0089600874004003046017350
B2019393700636N11923869WA0089600874004003036009329
B2019403700641N11923869WA0089600873004003036001340
B2019413700645N11923869WA0089400871004003030354329
B2019423700649N11923870WA0089300869004003030353337
B2019433700654N11923870WA0089000866004003034356333
B2019443700660N11923871WA0088800864004003034354322
B2019453700665N11923872WA0088600862004003034349318
B2019463700669N11923873WA0088400860004003033345319
B2019473700674N11923875WA0088200858004003036342315
B2019483700680N11923877WA0088100856004003038340312
B2019493700685N11923880WA0088000855004003037337300
B2019503700690N11923883WA0087900855004003037332294
B2019513700694N11923886WA0087800854004003032324290
B2019523700697N11923890WA0087700853004003032318286
B2019533700701N11923894WA0087600852004003030319302
B2019543700704N11923897WA0087500850004003030322297
B2019553700708N11923901WA0087300847004003033324301
B2019563700712N11923905WA0087100845004003033320291
B2019573700715N11923909WA0086900843004003033310264
B2019583700717N11923913WA0086700841004003029291250
B2019593700717N11923917WA0086500839004003019261241
B2020003700716N11923920WA0086200836004003020234228
B2020013700714N11923923WA0086000836004003020218213
B2020023700708N11923924WA0085900836004003020162193
B2020033700705N11923921WA0085800835004003025130175
B2020043700703N11923916WA0085700833004003033108145
B2020053700702N11923909WA0085700833004003033094118
B2020063700703N11923902WA0085700833004003035078102
B2020073700705N11923896WA0085700833004003038060081
B2020083700709N11923890WA0085600831004003041046058
B2020093700714N11923885WA0085500830004003041035039
B2020103700720N11923882WA0085400829004003041022025
B2020113700725N11923881WA0085300827004003035004008
B2020123700730N11923881WA0085000826004003035342344
B2020133700735N11923885WA0084700823004003035327322
B2020143700739N11923890WA0084500820004003036313305
B2020153700741N11923895WA0084200817004003031296293
B2020163700742N11923900WA0084000815004003031271277
B2020173700740N11923905WA0083900814004003027244257
B2020183700738N11923907WA0083900814004003024205237
B2020193700735N11923906WA0083800813004003019150210
B2020203700732N11923904WA0083600812004003032107176
B2020213700732N11923896WA0083500809004003032091123
B2020223700732N11923888WA0083400809004003041071104
B2020233700735N11923881WA0083400809004003042056076
B2020243700740N11923874WA0083300808004003044037058
B2020253700746N11923870WA0083200806004003042023033
B2020263700752N11923868WA0083100805004003042010015
B2020273700758N11923868WA0082900803004003039359359
B2020283700764N11923869WA0082700801004003040350341
B2020293700770N11923871WA0082600799004003040342334
B2020303700775N11923874WA0082500799004003040330323
B2020313700779N11923878WA0082500798004003032318311
B2020323700782N11923882WA0082500798004003032311295
B2020333700784N11923885WA0082500798004003027303289
B2020343700784N11923887WA0082400797004003018279279
B2020353700784N11923889WA0082200794004003010244255
B2020363700783N11923891WA0081900791004003011224224
B2020373700781N11923891WA0081700789004003011186211
B2020383700779N11923890WA0081500787004003014154190
B2020393700776N11923887WA0081200784004003028133175
B2020403700773N11923883WA0081100785004003029125171
B2020413700771N11923879WA0081100784004003028127179
B2020423700769N11923877WA0081000783004003021165181
B2020433700769N11923877WA0080700782004003012265204
B2020443700769N11923880WA0080500781004003023290250
B2020453700771N11923885WA0080300782004003023313275
B2020463700774N11923888WA0080300781004003023330256
B2020473700777N11923889WA0080200779004003012336268
B2020483700778N11923890WA0079900778004003012238253
B2020493700776N11923891WA0079600773004003012191212
B2020503700773N11923892WA0079400773004003017155193
B2020513700769N11923889WA0079300773004003023133186
B2020523700767N11923886WA0079400774004003023127180
B2020533700767N11923885WA0079400771004003012197177
B2020543700766N11923885WA0079200769004003012255219
B2020553700766N11923889WA0078800770004003025287242
B2020563700768N11923894WA0078700768004003029309278
B2020573700772N11923897WA0078700767004003028332284
B2020583700776N11923899WA0078600765004003028341297
B2020593700778N11923900WA0078300762004003013308306
B2021003700779N11923902WA0078000761004003017260253
B2021023700778N11923905WA0077700761004003017224231
B2021033700775N11923907WA0077500761004003019165210
B2021043700770N11923906WA0077300753004003033123178
B2021053700768N11923899WA0077000751004003036105152
B2021063700767N11923892WA0076900752004003033104144
B2021073700766N11923889WA0076800748004003026172147
B2021083700765N11923890WA0076500746004003019243197
B2021093700764N11923894WA0076200746004003034294240
B2021103700767N11923901WA0076100745004003034324281
B2021113700773N11923905WA0076100745004003035338290
B2021123700777N11923906WA0076100743004003024346303
B2021133700780N11923908WA0075700739004003024289301
B2021143700779N11923910WA0075300737004003020212258
B2021153700776N11923911WA0075000736004003020164206
B2021163700772N11923909WA0074800736004003026126178
B2021173700770N11923904WA0074800735003003026101165
B2021183700769N11923900WA0074700733004003024095147
B2021193700769N11923897WA0074500731004003018112142
B2021203700768N11923895WA0074200726004003014130156
B2021213700766N11923892WA0074000722004003018135173
B2021223700764N11923890WA0073800719004003018142179
B2021233700762N11923889WA0073600716004003018156181
B2021243700760N11923888WA0073400713004003012159187
B2021253700758N11923887WA0073200711004003014151182
B2021263700756N11923885WA0073100707004003014142176
B2021273700754N11923883WA0072900705004003017138176
B2021283700752N11923882WA0072800702004003016146189
B2021293700750N11923880WA0072700701004003016160184
B2021303700748N11923880WA0072600699004003016164205
B2021313700746N11923879WA0072500697004003014156194
B2021323700744N11923878WA0072400695004003012157204
B2021333700743N11923878WA0072200693004003012177209
B2021343700741N11923878WA0072100692004003012198195
B2021353700740N11923879WA0072100691004003011228201
B2021363700739N11923881WA0072100691004003012250209
B2021373700738N11923884WA0072100689004003017248232
B2021383700737N11923887WA0072000689004003017245238
B2021393700736N11923891WA0072100689004003020257270
B2021403700736N11923894WA0072200690004003019277277
B2021413700738N11923898WA0072200690004003021300283
B2021423700740N11923901WA0072200689004003021316286
B2021433700743N11923904WA0072100688004003025324283
B2021443700748N11923907WA0072000686004003035329292
B2021453700753N11923911WA0071900686004003038333288
B2021463700758N11923914WA0071900685004003038333293
B2021473700763N11923917WA0071800684004003039330298
B2021483700768N11923921WA0071700683004003038326294
B2021493700772N11923925WA0071600681004003038322296
B2021503700776N11923929WA0071500680004003035322285
B2021513700780N11923933WA0071400678004003033312284
B2021523700782N11923939WA0071100675004003031293274
B2021533700782N11923944WA0070900673004003031266256
B2021543700781N11923948WA0070900674004003029231239
B2021553700779N11923950WA0070900675004003020207217
B2021563700778N11923950WA0071000675004003007188204
B2021573700777N11923950WA0071000675004003008178197
B2021583700775N11923950WA0070900673004003008169189
B2021593700773N11923949WA0070900672004003013151178
B2022003700770N11923946WA0070900673004003022117167
B2022013700770N11923941WA0071000673004003026088142
B2022023700771N11923936WA0070900674004003026077130
B2022033700772N11923931WA0070900673004003026081119
B2022043700772N11923928WA0070800673004003013103121
B2022053700771N11923926WA0070600670004003015122152
B2022063700769N11923924WA0070400668004003015126157
B2022073700768N11923921WA0070300667004003017120167
B2022083700767N11923918WA0070200666004003003114174
B2022093700766N11923919WA0070000665004003006243168
B2022103700766N11923920WA0069700662004003006226213
B2022113700765N11923921WA0069500659004003007213211
B2022123700764N11923922WA0069400660004003010227217
B2022133700763N11923924WA0069400659004003013228233
B2022143700762N11923925WA0069400660004003010220245
B2022153700761N11923925WA0069600661004003006220215
B2022163700761N11923925WA0069600659004003002220208
B2022173700761N11923926WA0069500657004003005244212
B2022183700760N11923927WA0069400658004003005194197
B2022193700758N11923927WA0069400658004003012167185
B2022203700756N11923926WA0069500659004003017146198
B2022213700754N11923924WA0069600661004003017140172
B2022223700752N11923922WA0069700661004003016135220
B2022233700751N11923921WA0069700661004003011132200
B2022243700750N11923920WA0069700660004003010168203
B2022253700748N11923921WA0069600659004003014207198
B2022263700747N11923923WA0069500658004003014247240
B2022273700747N11923925WA0069400658004003014283244
B2022283700747N11923927WA0069400657004003011311233
B2022293700749N11923928WA0069200655004003011314250
B2022303700750N11923930WA0069100653004003011278251
B2022313700749N11923933WA0068900652004003011262257
B2022323700749N11923937WA0068900651004003024275254
B2022333700750N11923942WA0068900651004003028287278
B2022343700752N11923947WA0068900651004003025293252
B2022353700753N11923951WA0068900652004003025291244
B2022363700754N11923954WA0068900652004003019281233
B2022373700754N11923958WA0068900652004003019272232
B2022383700754N11923961WA0068900652004003019251226
B2022393700753N11923963WA0068900652004003016218215
B2022403700752N11923963WA0068900652004003010182198
B2022413700750N11923963WA0068800651004003013173198
B2022423700748N11923963WA0068700649004003013176190
B2022433700745N11923963WA0068500648004003015176186
B2022443700742N11923962WA0068500648004003025161176
B2022453700738N11923960WA0068700649004003025135168
B2022463700737N11923956WA0068900652004003025110187
B2022473700736N11923952WA0069000652004003023090174
B2022483700737N11923948WA0069000652004003017089153
B2022493700737N11923945WA0069000651004003017106144
B2022503700736N11923942WA0068800649004003017112154
B2022513700734N11923938WA0068700647004003021112160
B2022523700733N11923934WA0068500646004003025109163
B2022533700732N11923929WA0068400646004003025109156
B2022543700731N11923926WA0068300645004003022112158
B2022553700730N11923924WA0068100643004003017121155
B2022563700728N11923922WA0067900640004003011137163
B2022573700727N11923921WA0067800639004003011151168
B2022583700726N11923920WA0067600637004003009186184
B2022593700726N11923921WA0067400635004003005186207
B2023003700725N11923921WA0067200633004003002186218
B2023013700725N11923921WA0066900632004003008276216
B2023023700726N11923923WA0066800629004003008289236
B2023043700727N11923926WA0066600628004003013295226
B2023053700727N11923928WA0066500627004003010291240
B2023063700727N11923929WA0066400626004003010282222
B2023073700728N11923930WA0066300625004003007289231
B2023083700728N11923932WA0066100623004003007295225
B2023093700729N11923933WA0065900621004003011276233
B2023103700728N11923936WA0065700618004003013257230
B2023113700728N11923938WA0065600619004003012262215
B2023123700728N11923940WA0065500618004003012280253
B2023133700729N11923942WA0065500618004003010289238
B2023143700729N11923944WA0065400616004003011273236
B2023153700729N11923946WA0065200615004003011254220
B2023163700728N11923947WA0065100614004003011248237
B2023173700728N11923949WA0065000612004003006258230
B2023183700728N11923950WA0064800609004003008282221
B2023193700728N11923952WA0064500606004003008265232
B2023203700728N11923955WA0064300603004003012247222
B2023213700727N11923957WA0064100602004003012239240
B2023223700726N11923958WA0064100601004003012244229
B2023233700726N11923959WA0064000600004003006244223
B2023243700726N11923960WA0063800599004003004265218
B2023253700726N11923961WA0063600596004003008257223
B2023263700726N11923963WA0063300594004003011248231
B2023273700725N11923965WA0063200591004003011247222
B2023283700724N11923967WA0062900590004003013251219
B2023293700724N11923970WA0062700589004003013252218
B2023303700723N11923971WA0062600587004003013251216
B2023313700723N11923972WA0062500585004003009246229
B2023323700722N11923974WA0062400583004003009248220
B2023333700722N11923976WA0062100580004003014251231
B2023343700721N11923978WA0061900581004003014246209
B2023353700720N11923980WA0061800580004003012242194
B2023363700720N11923980WA0061800580004003004242175
B2023373700721N11923980WA0061900579004003001242149
B2023383700720N11923979WA0061900579004003001242171
B2023393700720N11923979WA0061900579004003001098167
B2023403700720N11923978WA0061900578004003003098170
B2023413700721N11923978WA0061900578004003001098174
B2023423700721N11923978WA0061900578004003001098178
B2023433700721N11923978WA0061900578004003000098187
B2023443700721N11923978WA0061900578004003000098191
B2023453700721N11923978WA0061900578004003000098194
B2023463700721N11923978WA0061900578004003000098197
B2023473700721N11923978WA0061900578004003000098201
B2023483700721N11923978WA0061900578004003000098203
B2023493700721N11923978WA0061900578004003000098205
B2023503700721N11923978WA0061900578004003000098206
B2023513700721N11923978WA0061900578004003000098220
B2023523700721N11923978WA0061900578004003001098208
B2023533700721N11923977WA0061900578004003003098210
B2023543700721N11923977WA0061900578004003003098211
B2023553700721N11923976WA0061900578004003003098212
B2023563700721N11923976WA0061900578004003002098211
B2023573700721N11923975WA0061900578004003002098212
B2023583700721N11923975WA0061900578004003003098212
B2023593700721N11923974WA0061900577004003003098214
B2024003700721N11923974WA0061900577004003003098214
B2024013700721N11923974WA0061900577004003001098214
B2024023700721N11923974WA0061900577004003002098214
B2024033700721N11923974WA0061900577004003001098212
B2024043700721N11923974WA0061900577004003000098214
B2024053700721N11923974WA0061900577004003000098214
B2024063700721N11923974WA0061900577004003001098214
GJtyscw0rKtZxnojPmjdPgwcuHyptpCAUt1+eWFMlMjhENvhhFIBu6lPGkCIiQPRH
G0T9jQ/YZ2UQwxRkwdD/FbwlE1dhloq5WEd68vNn8KhPOLkGd/TJXXVnw03f7nLb+
Gns/4d6fqHG/73n9gVd4w/lpJ2fxyeof9J5apqabAqP8=
