AXFH000
HFDTE280826
HFPLTPILOT:KaranS
HFGTYGLIDERTYPE:Niviuk Hiko P
HFDTM100GPSDATUM:WGS84
HFRFWFIRMWAREVERSION:9.7.1
HFRHWHARDWAREVERSION:iPhone 17 Pro
HFFTYFRTYPE:Flyskyhy,9.7.1
HFGPS:Internal
HFPRSVARIO:XC Tracer
HFCCLCOMPETITIONCLASS:Paraglider,EN-B
HFTZNTIMEZONE:-7
HFSITSITE:Dunlap,US
I053638FXA3941VXA4244GSP4547CCO4850HDT
B1909183645905N11905883WA0141701417001003000066078
B1909193645905N11905883WA0141701417001003000066084
B1909203645905N11905883WA0141701417001003000066068
B1909213645905N11905883WA0141701417001003000066063
B1909223645905N11905883WA0141701416001003001066053
B1909233645905N11905883WA0141701416001003001148358
B1909243645905N11905882WA0141701416002003000148327
B1909253645905N11905882WA0141701416002003000148317
B1909263645905N11905882WA0141701416002003000148315
B1909273645905N11905882WA0141701416002003000148314
B1909283645905N11905882WA0141601416001003000148332
B1909293645905N11905883WA0141601416001003000148016
B1909303645905N11905883WA0141601416001003000148009
B1909313645905N11905883WA0141601416001003000148035
B1909323645905N11905882WA0141601416001003001148026
B1909333645905N11905882WA0141601416001003000148035
B1909343645905N11905882WA0141601416001003000148028
B1909353645905N11905883WA0141601416001003001148353
B1909363645905N11905883WA0141601416001003000148015
B1909373645904N11905883WA0141601416001003001230011
B1909383645904N11905883WA0141601416002003002167059
B1909393645904N11905882WA0141601416002003003119018
B1909403645904N11905882WA0141601417002003003153209
B1909413645903N11905882WA0141601416002003003177172
B1909423645902N11905883WA0141501416002003005226087
B1909433645901N11905884WA0141501415002003008227071
B1909443645900N11905886WA0141301415002003008222112
B1909453645898N11905888WA0141001414003003009217143
B1909463645895N11905891WA0141001415003003016220168
B1909473645892N11905895WA0141401417003003018219206
B1909483645889N11905897WA0141701417003003017194218
B1909493645886N11905896WA0141901418003003018171194
B1909503645883N11905895WA0142201417003003018168237
B1909513645882N11905895WA0142201418002003018186216
B1909523645880N11905896WA0142201417002003016219220
B1909533645878N11905898WA0142101418003003016222213
B1909543645876N11905900WA0142101418003003018213203
B1909553645873N11905902WA0142201419003003018198191
B1909563645870N11905901WA0142301421002003017169173
B1909573645867N11905899WA0142501423002003017145155
B1909583645865N11905896WA0142601423003003022131163
B1909593645861N11905890WA0142801424003003025122152
B1910003645858N11905883WA0142901425003003025115175
B1910013645856N11905876WA0143101426003003026114168
B1910023645854N11905872WA0143101425003003024122167
B1910033645852N11905869WA0143001425004003024173163
B1910043645849N11905870WA0142901426004003024189189
B1910053645845N11905871WA0142901428004003024179191
B1910063645841N11905871WA0143101430004003025164183
B1910073645838N11905870WA0143301433004003025154193
B1910083645834N11905868WA0143401435004003025157199
B1910093645831N11905867WA0143501435004003023182197
B1910103645829N11905869WA0143501435004003020219200
B1910113645827N11905873WA0143601436004003021257232
B1910123645827N11905877WA0143601436005003021289261
B1910133645830N11905880WA0143701439004003021321293
B1910143645833N11905882WA0143801439004003024353318
B1910153645837N11905881WA0144001440004003027002320
B1910163645842N11905881WA0144101441004003027004321
B1910173645846N11905880WA0144301444004003031007318
B1910183645850N11905879WA0144501446004003025007330
B1910193645854N11905879WA0144601446004003025003336
B1910203645857N11905879WA0144501445004003021347333
B1910213645860N11905881WA0144401444004003021327319
B1910223645862N11905885WA0144401444004003023300301
B1910233645863N11905889WA0144501445004003023265280
B1910243645861N11905891WA0144601448004003020227253
B1910253645859N11905893WA0144801450004003019195224
B1910263645855N11905893WA0145001451004003021177195
B1910273645852N11905892WA0145001452004003026166178
B1910283645847N11905890WA0145101453004003026157171
B1910293645842N11905887WA0145201454004003032150164
B1910303645837N11905883WA0145201455004003037148176
B1910313645833N11905880WA0145301456004003037145171
B1910323645830N11905877WA0145401457004003031144167
B1910333645827N11905874WA0145301456004003027148166
B1910343645823N11905872WA0145101455004003026167173
B1910353645819N11905872WA0144801451004003028186191
B1910363645815N11905874WA0144501451004003028210213
B1910373645811N11905877WA0144401450004003028237234
B1910383645810N11905882WA0144301449004003021264259
B1910393645812N11905886WA0144101447004003021308277
B1910403645815N11905888WA0143901445004003021335306
B1910413645820N11905890WA0143801444004003027343331
B1910423645825N11905892WA0143801444004003032342329
B1910433645829N11905894WA0143801444004003032338324
B1910443645833N11905896WA0143901445004003029334317
B1910453645835N11905898WA0143901445004003024330314
B1910463645838N11905900WA0143901445004003022328318
B1910473645841N11905903WA0143901444004003024326315
B1910483645844N11905905WA0143701442004003024323314
B1910493645847N11905909WA0143601441004003026318314
B1910503645851N11905913WA0143501440004003030316321
B1910513645854N11905916WA0143401440004003030321329
B1910523645857N11905919WA0143401439004003029328324
B1910533645861N11905922WA0143501439004003029332305
B1910543645864N11905924WA0143401438004003024330295
B1910553645867N11905926WA0143301437004003025318297
B1910563645870N11905931WA0143201435004003025303294
B1910573645872N11905935WA0143101436004003029295297
B1910583645874N11905940WA0143201437004003029295298
B1910593645875N11905944WA0143301439004003021297298
B1911003645877N11905947WA0143401439004003021304304
B1911013645879N11905950WA0143401438004003020313310
B1911023645881N11905953WA0143201436004003020314309
B1911033645884N11905957WA0143001434004003030311295
B1911043645887N11905962WA0143001435004003030304299
B1911053645889N11905965WA0143001435004003027298288
B1911063645890N11905968WA0143101436004003020297280
B1911073645891N11905970WA0143001435004003015298282
B1911083645891N11905972WA0142901433004003014294279
B1911093645893N11905975WA0142701431004003019293289
B1911103645894N11905979WA0142501428004003019294261
B1911113645895N11905983WA0142401427004003023294278
B1911123645897N11905987WA0142301426004003023294272
B1911133645898N11905991WA0142201426004003023300277
B1911143645900N11905994WA0142201425004003022312263
B1911153645903N11905996WA0142101424004003021317282
B1911163645905N11905999WA0141901422004003022306285
B1911173645906N11906003WA0141601418004003027296287
B1911183645908N11906008WA0141501419004003027293287
B1911193645910N11906013WA0141401419004003028296287
B1911203645912N11906017WA0141401419004003026299291
B1911213645914N11906021WA0141501419004003026301286
B1911223645916N11906025WA0141401418004003024299283
B1911233645917N11906029WA0141301416004003024295273
B1911243645919N11906034WA0141201415004003028293278
B1911253645921N11906039WA0141201415004003028291276
B1911263645922N11906043WA0141201415004003028286277
B1911273645923N11906048WA0141201415004003026283269
B1911283645924N11906053WA0141101414004003026282272
B1911293645925N11906057WA0141101414004003026286276
B1911303645926N11906062WA0141101414005003025287271
B1911313645927N11906066WA0141001413004003025286262
B1911323645928N11906071WA0141001413004003028284266
B1911333645929N11906076WA0140901412005003029281259
B1911343645930N11906081WA0140901412004003029282264
B1911353645931N11906086WA0141001413004003029285286
B1911363645932N11906091WA0141101414004003023289256
B1911373645933N11906094WA0141101414004003023292265
B1911383645934N11906098WA0141101414004003021284261
B1911393645934N11906103WA0141001412004003021270261
B1911403645934N11906108WA0140901411005003031268255
B1911413645934N11906114WA0140901412004003031269257
B1911423645934N11906119WA0141001414004003031272254
B1911433645934N11906124WA0141201416004003027274258
B1911443645935N11906127WA0141401417004003018272260
B1911453645935N11906130WA0141501418004003018273270
B1911463645935N11906134WA0141601419004003017277274
B1911473645935N11906137WA0141601419004003017281277
B1911483645936N11906141WA0141501419004003023280288
B1911493645937N11906145WA0141601419004003023279298
B1911503645937N11906149WA0141601419004003022280263
B1911513645938N11906153WA0141501417004003021278273
B1911523645938N11906157WA0141301416004003024266250
B1911533645937N11906162WA0141201414004003028257260
B1911543645936N11906167WA0141101413004003028250234
B1911553645934N11906173WA0141001412004003030248259
B1911563645933N11906178WA0141001412004003031251255
B1911573645931N11906184WA0140901412004003031254255
B1911583645930N11906189WA0140901412004003030260275
B1911593645930N11906194WA0140901412005003029264278
B1912003645930N11906199WA0140901412004003026266258
B1912013645929N11906204WA0140901412005003026264240
B1912023645929N11906208WA0140901411004003023259248
B1912033645928N11906211WA0140701408004003020256263
B1912043645928N11906214WA0140401405004003022260290
B1912053645927N11906219WA0140001401004003029269288
B1912063645928N11906225WA0139801401004003029276293
B1912073645928N11906232WA0139701402005003032280312
B1912083645929N11906238WA0139801402004003029278297
B1912093645930N11906243WA0139901402004003029274299
B1912103645930N11906247WA0139901402004003027274280
B1912113645931N11906252WA0139901402005003025279297
B1912123645932N11906257WA0139901402005003027285295
B1912133645933N11906262WA0139901401004003035286284
B1912143645935N11906269WA0139901401005003035285293
B1912153645936N11906276WA0140001402004003037283291
B1912163645937N11906283WA0140201404004003033283292
B1912173645939N11906288WA0140401407004003033290289
B1912183645940N11906292WA0140701409005003028297296
B1912193645943N11906297WA0140901411004003028302306
B1912203645945N11906302WA0141001413004003030310320
B1912213645949N11906306WA0141101414004003032319318
B1912223645953N11906309WA0141301415004003032325309
B1912233645957N11906313WA0141401417004003034322289
B1912243645961N11906317WA0141601418004003032310283
B1912253645963N11906322WA0141701419004003032294272
B1912263645964N11906327WA0141801419004003029276262
B1912273645963N11906331WA0141701419004003027252245
B1912283645961N11906334WA0141701419004003021217232
B1912293645958N11906336WA0141601419004003025171210
B1912303645953N11906334WA0141701419004003025158166
B1912313645949N11906331WA0141901420004003026148155
B1912323645947N11906328WA0142101422004003022132145
B1912333645945N11906324WA0142201424004003024119130
B1912343645943N11906319WA0142301425004003024114139
B1912353645941N11906314WA0142401426005003027118141
B1912363645938N11906310WA0142401427004003030127141
B1912373645935N11906305WA0142601428004003031132144
B1912383645932N11906301WA0142701430004003031131147
B1912393645929N11906297WA0142901431004003031136166
B1912403645925N11906294WA0142901431004003028152176
B1912413645922N11906292WA0142801430005003030194191
B1912423645917N11906296WA0142601429004003030220218
B1912433645914N11906301WA0142701430004003032254248
B1912443645913N11906308WA0142901431004003026281266
B1912453645916N11906312WA0143101435004003026305287
B1912463645918N11906314WA0143401437004003021320292
B1912473645921N11906316WA0143501438005003020322303
B1912483645924N11906319WA0143701440004003025323307
B1912493645927N11906322WA0143801441004003027324324
B1912503645930N11906324WA0144001444005003027328326
B1912513645934N11906327WA0144201446004003027336326
B1912523645939N11906329WA0144301447004003031342316
B1912533645943N11906330WA0144501449004003031342302
B1912543645947N11906333WA0144601451005003031329288
B1912553645950N11906337WA0144801451004003030307283
B1912563645952N11906342WA0144901452004003027287267
B1912573645952N11906346WA0144901454004003027267258
B1912583645950N11906350WA0145001454005003024242242
B1912593645948N11906353WA0145001454004003022209225
B1913003645944N11906353WA0144901453004003027174205
B1913013645939N11906350WA0144901453004003034150173
B1913023645935N11906346WA0145001453004003034138142
B1913033645931N11906341WA0145101454004003034127138
B1913043645929N11906335WA0145301456005003034118116
B1913053645927N11906329WA0145401457005003037106104
B1913063645927N11906321WA0145501458005003041093092
B1913073645928N11906313WA0145501458005003041077080
B1913083645931N11906306WA0145601460004003044057062
B1913093645937N11906300WA0145701461004003047035041
B1913103645943N11906298WA0145901463004003044009018
B1913113645949N11906299WA0146101465004003044343354
B1913123645954N11906303WA0146301467004003039322329
B1913133645956N11906307WA0146401469004003033310310
B1913143645958N11906310WA0146501470004003027295299
B1913153645959N11906314WA0146601470004003021282285
B1913163645959N11906318WA0146601470004003023279268
B1913173645960N11906322WA0146601471004003023285275
B1913183645961N11906326WA0146601470005003023291275
B1913193645963N11906330WA0146601470004003021294272
B1913203645964N11906334WA0146501469004003024288266
B1913213645965N11906339WA0146401468005003029276259
B1913223645965N11906345WA0146301467004003029266249
B1913233645964N11906351WA0146301467004003033260253
B1913243645963N11906357WA0146301467004003033254253
B1913253645961N11906363WA0146301467004003033247250
B1913263645959N11906368WA0146401468005003033249278
B1913273645958N11906374WA0146501469004003031260275
B1913283645958N11906378WA0146501469005003028273269
B1913293645959N11906383WA0146501469004003024284264
B1913303645960N11906387WA0146401468004003025288264
B1913313645961N11906392WA0146301467004003025285257
B1913323645962N11906398WA0146301467004003028277241
B1913333645962N11906403WA0146301467004003028273271
B1913343645962N11906408WA0146301467004003028268273
B1913353645962N11906413WA0146201465004003027266290
B1913363645962N11906419WA0146001463004003027270281
B1913373645962N11906424WA0145801461004003029272272
B1913383645962N11906429WA0145501458005003029262276
B1913393645961N11906434WA0145301456005003029245260
B1913403645958N11906439WA0144901452004003029240254
B1913413645956N11906444WA0144701449004003033239258
B1913423645953N11906450WA0144501447004003035234255
B1913433645950N11906455WA0144301445004003035233246
B1913443645947N11906460WA0144101444004003035231232
B1913453645944N11906464WA0143901443004003026220212
B1913463645941N11906466WA0143701442004003026191197
B1913473645937N11906465WA0143501437004003026173177
B1913483645932N11906463WA0143201434004003029163170
B1913493645926N11906461WA0143001435004003042152162
B1913503645920N11906456WA0143101435004003042141162
B1913513645916N11906451WA0143101437004003040133149
B1913523645914N11906446WA0143201437004003035121143
B1913533645912N11906441WA0143201436005003031118142
B1913543645909N11906436WA0143101436004003032118137
B1913553645907N11906430WA0143101436004003032117137
B1913563645904N11906425WA0143101436004003035118138
B1913573645902N11906419WA0143201436004003036118160
B1913583645899N11906413WA0143301437004003036117135
B1913593645897N11906407WA0143401438005003036116130
B1914003645894N11906400WA0143501439004003038113154
B1914013645892N11906394WA0143801440004003037108138
B1914023645891N11906387WA0144001442004003037110152
B1914033645889N11906381WA0144201443004003037126164
B1914043645885N11906377WA0144301444004003033144174
B1914053645880N11906376WA0144401444004003031167179
B1914063645876N11906375WA0144501445004003033180197
B1914073645870N11906376WA0144501446004003033193208
B1914083645866N11906379WA0144601448004003034208225
B1914093645862N11906383WA0144801450004003035224236
B1914103645859N11906388WA0145001453004003035243253
B1914113645859N11906391WA0145201455005003026285267
B1914123645860N11906394WA0145301455004003016328284
B1914133645863N11906395WA0145301455004003017342313
B1914143645866N11906395WA0145201454004003022355326
B1914153645870N11906395WA0145201453005003022002344
B1914163645875N11906394WA0145201454004003029008352
B1914173645880N11906393WA0145201455004003033013002
B1914183645885N11906391WA0145401457004003033014008
B1914193645889N11906390WA0145601458004003032014008
B1914203645894N11906388WA0145701459004003032020008
B1914213645899N11906385WA0145801460004003040035016
B1914223645904N11906380WA0145901461005003041048035
B1914233645907N11906373WA0146001462004003040061050
B1914243645909N11906366WA0146101464004003040071066
B1914253645911N11906359WA0146301465004003041073077
B1914263645912N11906351WA0146401467004003041075080
B1914273645913N11906344WA0146501468004003041084082
B1914283645913N11906336WA0146601470004003041098092
B1914293645911N11906329WA0146801471005003040114108
B1914303645907N11906323WA0146901472004003040132125
B1914313645903N11906319WA0147001474005003038148143
B1914323645897N11906317WA0147201475005003037161160
B1914333645892N11906315WA0147301477005003037171172
B1914343645887N11906315WA0147401478004003037186181
B1914353645882N11906318WA0147401479004003035207194
B1914363645879N11906322WA0147501479004003033230212
B1914373645877N11906327WA0147501480004003030248232
B1914383645876N11906332WA0147601480005003030265246
B1914393645877N11906337WA0147701481004003028290260
B1914403645880N11906341WA0147701481005003028320280
B1914413645885N11906344WA0147801482004003033344306
B1914423645890N11906344WA0147801483004003033004331
B1914433645894N11906342WA0147901484004003033022352
B1914443645899N11906339WA0148001485004003033032012
B1914453645903N11906335WA0148201486004003034035024
B1914463645907N11906332WA0148401488005003034036028
B1914473645911N11906328WA0148501490004003034040029
B1914483645914N11906323WA0148601491005003034048033
B1914493645917N11906317WA0148701491004003037061044
B1914503645919N11906311WA0148701492004003037076060
B1914513645919N11906304WA0148801492004003037093079
B1914523645918N11906298WA0148801493004003036108098
B1914533645915N11906292WA0148801493005003033121117
B1914543645912N11906287WA0148801493004003033134132
B1914553645908N11906284WA0148801492005003033148146
B1914563645903N11906282WA0148701491004003035165161
B1914573645897N11906282WA0148601490004003039185176
B1914583645891N11906284WA0148501490004003040207193
B1914593645887N11906289WA0148501491004003039229214
B1915003645886N11906295WA0148701492005003037257233
B1915013645886N11906301WA0148801493005003030283256
B1915023645889N11906306WA0148901494004003030304278
B1915033645891N11906310WA0149001495005003029313294
B1915043645894N11906314WA0149101496004003029309294
B1915053645897N11906318WA0149201497004003032301287
B1915063645899N11906324WA0149301499004003032296293
B1915073645901N11906329WA0149601501005003032293291
B1915083645903N11906334WA0149801504004003031297305
B1915093645905N11906338WA0149901505004003029314316
B1915103645909N11906341WA0150101507004003031332331
B1915113645913N11906343WA0150301509004003029346340
B1915123645917N11906343WA0150501511004003029000349
B1915133645922N11906342WA0150701514004003028013353
B1915143645925N11906340WA0150801514004003029032020
B1915153645929N11906336WA0150801514005003031046030
B1915163645932N11906331WA0150801514004003031056050
B1915173645934N11906324WA0150701513004003034065058
B1915183645936N11906317WA0150801514004003039071074
B1915193645938N11906309WA0150801515004003041079093
B1915203645938N11906302WA0150901517004003041087113
B1915213645938N11906295WA0151101519005003039094115
B1915223645937N11906288WA0151301521004003037096106
B1915233645937N11906282WA0151501522004003035091115
B1915243645937N11906276WA0151601523004003034084109
B1915253645938N11906270WA0151701524004003034089118
B1915263645936N11906264WA0151701524004003032111120
B1915273645933N11906259WA0151601522004003032130138
B1915283645929N11906255WA0151501521004003032146150
B1915293645925N11906253WA0151501522004003035156170
B1915303645920N11906251WA0151501523004003035167180
B1915313645915N11906251WA0151601523004003033179191
B1915323645911N11906251WA0151501522004003029205201
B1915333645908N11906254WA0151301521004003029223224
B1915343645905N11906259WA0151201519004003032238238
B1915353645904N11906266WA0151001518005003035259248
B1915363645904N11906273WA0150901518004003034283266
B1915373645906N11906279WA0151001519005003034303286
B1915383645909N11906282WA0151201521004003030319303
B1915393645913N11906284WA0151301522004003024335316
B1915403645916N11906286WA0151501523004003025342327
B1915413645920N11906287WA0151601524005003025346335
B1915423645924N11906288WA0151701525004003027358339
B1915433645929N11906286WA0151801525005003033018352
B1915443645934N11906282WA0151801526004003038039012
B1915453645937N11906276WA0151901526004003038056034
B1915463645939N11906269WA0152101529004003038072051
B1915473645941N11906263WA0152101529004003033087068
B1915483645940N11906257WA0152201530004003033091084
B1915493645940N11906251WA0152401531004003033089092
B1915503645941N11906244WA0152401531005003033084091
B1915513645941N11906238WA0152501532005003032082095
B1915523645942N11906233WA0152501532004003032085090
B1915533645941N11906227WA0152501532005003032096096
B1915543645940N11906221WA0152401531004003032103103
B1915553645939N11906215WA0152301530004003034109107
B1915563645937N11906209WA0152301531004003034113113
B1915573645935N11906203WA0152301531004003033114118
B1915583645933N11906198WA0152401531004003032108124
B1915593645932N11906192WA0152401531004003033101121
B1916003645931N11906186WA0152301531004003035100119
B1916013645930N11906179WA0152301531004003035102118
B1916023645928N11906173WA0152301530004003035103112
B1916033645927N11906167WA0152201530004003036103118
B1916043645926N11906160WA0152201530004003037103118
B1916053645925N11906153WA0152201530004003036101112
B1916063645924N11906147WA0152201530005003035096112
B1916073645924N11906141WA0152201530005003034093097
B1916083645923N11906134WA0152101529004003037095108
B1916093645922N11906127WA0152001528005003037098115
B1916103645922N11906120WA0151901527005003038099110
B1916113645920N11906113WA0151801526004003040100116
B1916123645920N11906105WA0151701524004003041097123
B1916133645919N11906098WA0151601523004003040095117
B1916143645918N11906091WA0151401521004003039099115
B1916153645917N11906084WA0151101518004003037106129
B1916163645915N11906078WA0150901515004003038111126
B1916173645912N11906071WA0150701513004003038112129
B1916183645910N11906065WA0150501511004003038112123
B1916193645908N11906059WA0150301509004003036116132
B1916203645905N11906053WA0150101508005003036121131
B1916213645903N11906048WA0150001506004003034122142
B1916223645900N11906043WA0149801504004003032121142
B1916233645898N11906037WA0149601501004003035120137
B1916243645895N11906031WA0149301499004003038120135
B1916253645892N11906025WA0149101497004003038120132
B1916263645889N11906019WA0149001495004003040120134
B1916273645886N11906012WA0148801494004003040118128
B1916283645883N11906005WA0148701493004003040113123
B1916293645881N11905999WA0148601491004003038109119
B1916303645880N11905992WA0148501490004003037108125
B1916313645878N11905986WA0148301488004003040108128
B1916323645876N11905978WA0148101486004003042107131
B1916333645874N11905970WA0148001485004003042107130
B1916343645872N11905962WA0147901484004003044106129
B1916353645870N11905954WA0147801483004003044104134
B1916363645869N11905946WA0147701481005003044102124
B1916373645867N11905938WA0147601480004003044102124
B1916383645866N11905931WA0147401479005003043103117
B1916393645864N11905923WA0147301477004003042105115
B1916403645862N11905916WA0147101475004003043108116
B1916413645860N11905908WA0146901473004003043111118
B1916423645858N11905901WA0146801473004003043111118
B1916433645856N11905894WA0146701471004003039111118
B1916443645854N11905888WA0146601470004003039112118
B1916453645851N11905881WA0146401468004003039119120
B1916463645847N11905875WA0146201466004003041131129
B1916473645842N11905870WA0146201464005003042142138
B1916483645837N11905866WA0146001463004003042149151
B1916493645832N11905862WA0145901462004003039153155
B1916503645827N11905860WA0145701461004003036159166
B1916513645822N11905858WA0145601459004003037161167
B1916523645816N11905856WA0145501458004003038163176
B1916533645811N11905855WA0145501458004003037170180
B1916543645806N11905854WA0145501458005003035179193
B1916553645802N11905855WA0145401457004003028184204
B1916563645798N11905855WA0145301456004003028189206
B1916573645794N11905857WA0145201455005003027195214
B1916583645790N11905858WA0145101454005003027199218
B1916593645786N11905860WA0145001453004003029202215
B1917003645782N11905863WA0145001453004003029207227
B1917013645778N11905866WA0144901452004003029210223
B1917023645775N11905868WA0144901452004003029210228
B1917033645772N11905871WA0144901452004003025210234
B1917043645769N11905873WA0144901452004003025211227
B1917053645766N11905875WA0144801450004003024216231
B1917063645763N11905878WA0144601449004003024218245
B1917073645760N11905881WA0144501447004003026215254
B1917083645756N11905884WA0144301445004003027210240
B1917093645753N11905886WA0144101443004003027206230
B1917103645749N11905888WA0144001442004003027203217
B1917113645745N11905890WA0143801440004003029195188
B1917123645740N11905890WA0143601438004003031181181
B1917133645736N11905889WA0143501436004003031166161
B1917143645731N11905887WA0143301435005003033151149
B1917153645727N11905882WA0143201434005003035139146
B1917163645723N11905877WA0143101433004003037131151
B1917173645720N11905872WA0143001432004003037126143
B1917183645717N11905866WA0142901430004003038120135
B1917193645714N11905859WA0142801429004003039114134
B1917203645712N11905852WA0142601427004003041112136
B1917213645709N11905845WA0142601428005003041113124
B1917223645707N11905839WA0142601428004003039112133
B1917233645705N11905832WA0142501427004003037109116
B1917243645704N11905826WA0142501427004003037106123
B1917253645702N11905819WA0142501426005003041105122
B1917263645700N11905811WA0142501427004003041108127
B1917273645698N11905804WA0142601428004003041112138
B1917283645696N11905799WA0142701429004003037111121
B1917293645695N11905793WA0142701429004003033106130
B1917303645694N11905787WA0142601428004003033103129
B1917313645692N11905780WA0142501426004003037105127
B1917323645690N11905773WA0142301425004003037112128
B1917333645687N11905766WA0142301425004003041117136
B1917343645684N11905760WA0142301425004003041118128
B1917353645682N11905753WA0142401426004003037114127
B1917363645680N11905747WA0142401426004003038109130
B1917373645678N11905740WA0142301425004003038105129
B1917383645677N11905733WA0142201424004003039105116
B1917393645675N11905726WA0142101422004003040109125
B1917403645672N11905718WA0141901420004003043115140
B1917413645668N11905711WA0141801419004003043122144
B1917423645665N11905705WA0141601418004003043129144
B1917433645660N11905699WA0141501416004003042134148
B1917443645656N11905694WA0141401415004003041137148
B1917453645651N11905689WA0141201413004003040139149
B1917463645647N11905685WA0141101412005003040141150
B1917473645642N11905680WA0140901410005003040142158
B1917483645637N11905676WA0140801408004003040143159
B1917493645632N11905671WA0140601407004003041146165
B1917503645627N11905667WA0140601406004003041147167
B1917513645621N11905663WA0140601407004003041148175
B1917523645617N11905660WA0140601407004003039150174
B1917533645613N11905657WA0140601407004003036153170
B1917543645608N11905655WA0140601407004003031156170
B1917553645604N11905652WA0140501405004003034154168
B1917563645599N11905649WA0140401403004003037150163
B1917573645594N11905645WA0140201402004003037146166
B1917583645589N11905640WA0140101400004003040142157
B1917593645584N11905635WA0139901398004003044139161
B1918003645579N11905629WA0139801397004003044134153
B1918013645576N11905624WA0139701396004003042127148
B1918023645572N11905618WA0139501394004003040126143
B1918033645568N11905612WA0139201391005003040132140
B1918043645564N11905607WA0139001389004003041142142
B1918053645558N11905603WA0138801387004003041151153
B1918063645552N11905599WA0138701386004003043149163
B1918073645547N11905595WA0138601385004003041144166
B1918083645542N11905590WA0138501383004003041144161
B1918093645537N11905587WA0138301382004003039150160
B1918103645532N11905584WA0138201379004003039157164
B1918113645526N11905581WA0138001378004003038162164
B1918123645521N11905580WA0137901377004003038164180
B1918133645516N11905578WA0137801376004003037164178
B1918143645511N11905577WA0137601375004003033171175
B1918153645507N11905577WA0137601374004003032184184
B1918163645502N11905579WA0137601374004003032197199
B1918173645499N11905581WA0137601374004003030204211
B1918183645496N11905583WA0137501373004003025207215
B1918193645492N11905585WA0137401372005003025205216
B1918203645489N11905587WA0137301371004003028199222
B1918213645484N11905588WA0137201369004003028193211
B1918223645480N11905589WA0137001367005003029192209
B1918233645476N11905591WA0136801365004003030198215
B1918243645471N11905593WA0136501362004003030202222
B1918253645467N11905595WA0136301360005003030203239
B1918263645463N11905597WA0136001357005003029203239
B1918273645460N11905600WA0135701353004003029212237
B1918283645457N11905604WA0135301349004003029228247
B1918293645455N11905608WA0135001345004003030245256
B1918303645453N11905614WA0134701345004003029260253
B1918313645453N11905618WA0134501344004003028261247
B1918323645451N11905623WA0134301341004003025243246
B1918333645449N11905626WA0134101338004003028218234
B1918343645444N11905629WA0133801336004003028205224
B1918353645440N11905632WA0133701335004003033206233
B1918363645436N11905635WA0133601334004003029218230
B1918373645433N11905638WA0133501333004003029232246
B1918383645432N11905642WA0133301331004003024244248
B1918393645431N11905646WA0133101328004003021247251
B1918403645429N11905649WA0132901326004003024239238
B1918413645427N11905653WA0132701323005003029224227
B1918423645423N11905656WA0132501321004003029204209
B1918433645417N11905657WA0132301319004003031180195
B1918443645412N11905655WA0132201317004003039159176
B1918453645407N11905651WA0132001316004003040145155
B1918463645402N11905646WA0131801314004003040137142
B1918473645398N11905640WA0131701312004003040134144
B1918483645394N11905635WA0131601311004003041134146
B1918493645389N11905630WA0131401309004003042136150
B1918503645385N11905624WA0131201307004003042138149
B1918513645380N11905619WA0131001305004003043139157
B1918523645375N11905614WA0130801303004003043140167
B1918533645370N11905609WA0130701302005003043143158
B1918543645364N11905604WA0130601301005003043145167
B1918553645359N11905600WA0130501300004003043145153
B1918563645354N11905596WA0130401299005003041146159
B1918573645349N11905591WA0130301297004003042146155
B1918583645344N11905587WA0130101295004003042144159
B1918593645339N11905582WA0130001294004003042141151
B1919003645334N11905577WA0129901293004003042135156
B1919013645330N11905571WA0129801293004003042131145
B1919023645326N11905566WA0129801293004003040132149
B1919033645322N11905561WA0129701292004003039135157
B1919043645318N11905555WA0129601291004003039134159
B1919053645314N11905550WA0129501289004003040132157
B1919063645310N11905544WA0129401288004003040132152
B1919073645306N11905539WA0129301287004003040133151
B1919083645301N11905534WA0129201286004003040132145
B1919093645298N11905528WA0129101284004003041128142
B1919103645294N11905522WA0128901283004003041124149
B1919113645291N11905515WA0128901283004003041123149
B1919123645287N11905509WA0128901283004003040123137
B1919133645284N11905503WA0129001283004003040126160
B1919143645281N11905498WA0129001283004003036130141
B1919153645277N11905494WA0129001283004003035133154
B1919163645274N11905489WA0129001283004003036136161
B1919173645269N11905485WA0129001283004003038143154
B1919183645264N11905481WA0129001283004003038148162
B1919193645259N11905477WA0128901282004003040145162
B1919203645254N11905472WA0128801281004003040140152
B1919213645250N11905467WA0128701280004003041138160
B1919223645245N11905462WA0128501278004003041139164
B1919233645240N11905457WA0128401277004003043142166
B1919243645234N11905453WA0128301275004003043144173
B1919253645229N11905449WA0128201275004003040146175
B1919263645225N11905445WA0128101274004003040148176
B1919273645220N11905442WA0128101273004003038153173
B1919283645215N11905439WA0128001273005003036158174
B1919293645210N11905437WA0128001273004003035159171
B1919303645206N11905435WA0128001273004003031155173
B1919313645202N11905432WA0128001272004003032150166
B1919323645197N11905429WA0127901271004003032148172
B1919333645193N11905425WA0127901270004003034146169
B1919343645188N11905421WA0127801270004003035145171
B1919353645184N11905417WA0127801270005003036143169
B1919363645180N11905413WA0127801270004003036140165
B1919373645176N11905409WA0127801271004003036139165
B1919383645172N11905404WA0127901271004003036138155
B1919393645168N11905400WA0128001272004003037136165
B1919403645164N11905395WA0128001273004003036132158
B1919413645160N11905390WA0128101273004003036132170
B1919423645157N11905386WA0128001272004003035145165
B1919433645153N11905383WA0127901272004003031173181
B1919443645149N11905385WA0127801270004003029195195
B1919453645145N11905388WA0127601269004003028215222
B1919463645142N11905391WA0127601268004003028230233
B1919473645140N11905395WA0127501268004003025240245
B1919483645139N11905399WA0127501267004003022243237
B1919493645137N11905402WA0127401266004003022242249
B1919503645136N11905406WA0127301265004003023244240
B1919513645134N11905410WA0127101263004003025247237
B1919523645133N11905415WA0127001262004003025251245
B1919533645132N11905419WA0126901261004003025251238
B1919543645131N11905424WA0126801260004003024251250
B1919553645130N11905428WA0126601258004003026253243
B1919563645129N11905433WA0126401256004003028256257
B1919573645128N11905439WA0126301254004003028255245
B1919583645126N11905443WA0126201253004003028249236
B1919593645125N11905448WA0126101252004003028246250
B1920003645123N11905453WA0126101252005003027245256
B1920013645121N11905457WA0126001252004003027245252
B1920023645120N11905462WA0126001251004003026246249
B1920033645118N11905466WA0126001251004003026247247
B1920043645117N11905470WA0125901250004003025248248
B1920053645115N11905475WA0125801249004003026249246
B1920063645114N11905479WA0125701248004003028247249
B1920073645112N11905484WA0125601247004003028245252
B1920083645110N11905489WA0125501247004003028244249
B1920093645109N11905493WA0125501247004003025244247
B1920103645107N11905497WA0125401246004003025243244
B1920113645106N11905501WA0125401246004003023240243
B1920123645104N11905505WA0125301244004003023239249
B1920133645102N11905509WA0125101243004003025240246
B1920143645100N11905513WA0125001242004003027239246
B1920153645098N11905517WA0124901241004003027234245
B1920163645095N11905521WA0124901240004003027227229
B1920173645092N11905524WA0124801239004003028223235
B1920183645089N11905528WA0124701237004003030222232
B1920193645085N11905532WA0124601237004003030223229
B1920203645083N11905536WA0124601236004003030226223
B1920213645080N11905539WA0124601237004003025233256
B1920223645078N11905543WA0124701238004003025237234
B1920233645077N11905546WA0124901240004003022242237
B1920243645076N11905549WA0125001240004003019244232
B1920253645074N11905552WA0125001240004003019245231
B1920263645073N11905556WA0125001241004003024249258
B1920273645072N11905561WA0125201243004003024256309
B1920283645072N11905565WA0125401245004003024274325
B1920293645073N11905568WA0125501244004003019308326
B1920303645076N11905570WA0125501244004003023338325
B1920313645080N11905572WA0125401244004003023340320
B1920323645084N11905574WA0125501244004003028333309
B1920333645088N11905577WA0125501244004003027315295
B1920343645089N11905581WA0125501244004003027291287
B1920353645089N11905586WA0125401244004003025265273
B1920363645088N11905589WA0125401244004003022249260
B1920373645087N11905592WA0125401243004003018236248
B1920383645085N11905595WA0125301242004003020229237
B1920393645082N11905598WA0125201241004003020223230
B1920403645079N11905601WA0125001239004003023220232
B1920413645076N11905605WA0124901238004003027225232
B1920423645074N11905608WA0124801238004003027235243
B1920433645072N11905612WA0124801237005003024239248
B1920443645071N11905615WA0124701236004003022233259
B1920453645069N11905618WA0124601235004003022231240
B1920463645067N11905622WA0124501234004003025237250
B1920473645065N11905626WA0124401233004003024244263
B1920483645064N11905630WA0124301231004003024252232
B1920493645063N11905634WA0124101229004003021254235
B1920503645062N11905638WA0123901227004003023246237
B1920513645060N11905642WA0123701225004003023237229
B1920523645057N11905646WA0123601224004003026232235
B1920533645055N11905650WA0123601225005003026228235
B1920543645052N11905653WA0123701226004003026221214
B1920553645050N11905655WA0123801227004003022216216
B1920563645047N11905658WA0123901228004003022212211
B1920573645043N11905660WA0124001229004003028201206
B1920583645038N11905661WA0124201231005003031192218
B1920593645034N11905662WA0124301233004003031189209
B1921003645029N11905663WA0124501235004003031189207
B1921013645025N11905664WA0124701236004003027198224
B1921023645022N11905666WA0124801238005003027211234
B1921033645019N11905669WA0124901237004003025228247
B1921043645018N11905673WA0125001238004003024246267
B1921053645017N11905678WA0125001238004003026260284
B1921063645017N11905683WA0125101239005003029278293
B1921073645019N11905688WA0125301241005003029302310
B1921083645023N11905691WA0125401243004003029332326
B1921093645027N11905693WA0125601244005003029010344
B1921103645031N11905690WA0125801246004003031034017
B1921113645034N11905685WA0126001248004003031055035
B1921123645036N11905678WA0126201250004003034074057
B1921133645036N11905671WA0126301252005003038093079
B1921143645033N11905665WA0126401253005003038118100
B1921153645029N11905660WA0126501254004003037144127
B1921163645024N11905659WA0126601255004003036170155
B1921173645020N11905660WA0126701256004003031196182
B1921183645016N11905663WA0126701257004003031217208
B1921193645013N11905667WA0126801258004003031227230
B1921203645010N11905671WA0127001260004003030230240
B1921213645007N11905676WA0127201262004003029236249
B1921223645006N11905680WA0127301264004003029246257
B1921233645005N11905684WA0127401264004003024263265
B1921243645006N11905687WA0127401264004003020282270
B1921253645007N11905691WA0127401263004003021288286
B1921263645008N11905695WA0127401263004003024292305
B1921273645010N11905699WA0127301263004003024294308
B1921283645011N11905703WA0127401264004003026301322
B1921293645014N11905707WA0127501265004003026320333
B1921303645018N11905708WA0127501266004003026346342
B1921313645022N11905708WA0127601266004003031009358
B1921323645027N11905706WA0127601266004003031024019
B1921333645031N11905702WA0127701267004003034041032
B1921343645034N11905696WA0127801269004003036058047
B1921353645036N11905690WA0128101271004003038073061
B1921363645037N11905683WA0128301274004003038085075
B1921373645036N11905676WA0128501277005003038100086
B1921383645034N11905670WA0128701279004003036121103
B1921393645030N11905665WA0128901281004003036140126
B1921403645024N11905662WA0129101283005003042155148
B1921413645018N11905660WA0129301285004003042170164
B1921423645012N11905660WA0129601288004003042187180
B1921433645007N11905662WA0129701290005003040207198
B1921443645003N11905665WA0129801290004003033223219
B1921453645001N11905669WA0129901289005003022236238
B1921463645000N11905673WA0129901289004003024245258
B1921473644999N11905678WA0129801288004003024255270
B1921483644999N11905683WA0129701287004003028271279
B1921493645000N11905688WA0129701288004003028293289
B1921503645002N11905691WA0129701288005003024316304
B1921513645005N11905694WA0129701288005003024331324
B1921523645009N11905695WA0129701288005003024342339
B1921533645013N11905696WA0129701288005003024352352
B1921543645017N11905697WA0129801288005003027002004
B1921553645022N11905695WA0129901290005003033014008
B1921563645026N11905693WA0130101293005003034030022
B1921573645029N11905688WA0130301296004003033050032
B1921583645031N11905683WA0130601299005003032068048
B1921593645032N11905677WA0130901302004003030080062
B1922003645032N11905672WA0131101304005003033090073
B1922013645032N11905665WA0131301306004003035098085
B1922023645030N11905659WA0131601308004003035112095
B1922033645027N11905653WA0131701310004003036125110
B1922043645024N11905648WA0131801310004003038143127
B1922053645018N11905645WA0131901310004003037159148
B1922063645013N11905644WA0131901311004003037172167
B1922073645008N11905645WA0131901312004003036185183
B1922083645004N11905647WA0131901312004003032207196
B1922093645000N11905650WA0131901311004003027238221
B1922103645000N11905654WA0131801310004003024261254
B1922113645001N11905659WA0131701310004003024281279
B1922123645002N11905662WA0131701309004003023306298
B1922133645005N11905665WA0131601309004003023330310
B1922143645009N11905667WA0131601309004003029346313
B1922153645014N11905668WA0131801310004003030343325
B1922163645018N11905670WA0132101311004003029327303
B1922173645020N11905674WA0132401315004003026309301
B1922183645022N11905677WA0132601316004003022295299
B1922193645023N11905681WA0132601316004003022288301
B1922203645024N11905685WA0132601316004003021297310
B1922213645026N11905688WA0132601316004003021316320
B1922223645029N11905691WA0132501315005003026338335
B1922233645033N11905691WA0132301315004003027001354
B1922243645037N11905689WA0132301314004003027029009
B1922253645040N11905685WA0132301315005003027053027
B1922263645041N11905680WA0132301316004003026076055
B1922273645041N11905675WA0132401317005003027093077
B1922283645040N11905669WA0132301316004003027106093
B1922293645038N11905664WA0132301315004003031119107
B1922303645034N11905659WA0132301315004003035129120
B1922313645030N11905654WA0132301315004003038136133
B1922323645026N11905649WA0132201314004003038141141
B1922333645020N11905645WA0132201314004003040152147
B1922343645014N11905643WA0132201315004003043165160
B1922353645008N11905642WA0132401317004003043178174
B1922363645003N11905643WA0132501319005003039192188
B1922373644999N11905645WA0132701319005003032217203
B1922383644997N11905650WA0132701319005003028239230
B1922393644995N11905655WA0132701319005003029258255
B1922403644995N11905660WA0132801320004003028264269
B1922413644995N11905664WA0132801321005003026263274
B1922423644994N11905668WA0132901322004003022260288
B1922433644994N11905673WA0132901322004003024266291
B1922443644995N11905677WA0132801321004003024285293
B1922453644997N11905682WA0132801320005003026308305
B1922463645000N11905685WA0132701321005003028330321
B1922473645004N11905687WA0132801322004003028341332
B1922483645008N11905688WA0132901323004003027347332
B1922493645012N11905689WA0133001324004003026347336
B1922503645016N11905690WA0133101325004003027345341
B1922513645020N11905691WA0133201325004003029348342
B1922523645025N11905692WA0133201325004003029356333
B1922533645029N11905692WA0133301326004003030003333
B1922543645033N11905692WA0133301328004003026352311
B1922553645036N11905694WA0133301328005003026323300
B1922563645039N11905697WA0133401327004003026281274
B1922573645038N11905704WA0133301326004003029259257
B1922583645035N11905710WA0133201326004003037234237
B1922593645030N11905715WA0133201327004003037208219
B1923003645025N11905716WA0133401328004003037186200
B1923013645020N11905715WA0133501330004003036168183
B1923023645015N11905713WA0133701332005003032156166
B1923033645011N11905710WA0133901334005003032147152
B1923043645007N11905707WA0134001335004003032142136
B1923053645003N11905703WA0134101335004003032135123
B1923063645001N11905698WA0134001334004003033122117
B1923073644999N11905692WA0133901333004003035104104
B1923083644999N11905685WA0133801332004003035083086
B1923093645001N11905679WA0133801332004003035066065
B1923103645004N11905674WA0133801333004003028044047
B1923113645008N11905672WA0133701332004003028015026
B1923123645012N11905673WA0133701331004003028349002
B1923133645015N11905675WA0133601331004003027328341
B1923143645018N11905678WA0133601331004003024307325
B1923153645019N11905683WA0133601330004003025285309
B1923163645020N11905688WA0133501330005003025274287
B1923173645019N11905693WA0133501329005003028265275
B1923183645018N11905698WA0133501329004003029253260
B1923193645016N11905703WA0133401328004003031239249
B1923203645013N11905708WA0133301327004003031229242
B1923213645009N11905713WA0133301327005003034221229
B1923223645005N11905717WA0133201327004003038211223
B1923233644999N11905720WA0133401329004003038196201
B1923243644994N11905720WA0133601331004003036177191
B1923253644990N11905719WA0133701332004003033164171
B1923263644985N11905717WA0133701331004003030164172
B1923273644981N11905716WA0133601330004003030168173
B1923283644976N11905715WA0133501330004003030168194
B1923293644971N11905714WA0133301328004003032168194
B1923303644966N11905713WA0133201326004003035175208
B1923313644961N11905713WA0133001325004003035186199
B1923323644956N11905714WA0132901325004003035193212
B1923333644951N11905716WA0132801323004003033195205
B1923343644946N11905717WA0132601321004003033192222
B1923353644941N11905718WA0132401318004003035186208
B1923363644935N11905718WA0132101315005003038182192
B1923373644929N11905719WA0131901313005003038179201
B1923383644924N11905718WA0131801312004003039175204
B1923393644918N11905717WA0131701311004003039172183
B1923403644913N11905716WA0131501309004003035172198
B1923413644908N11905716WA0131301306005003035177190
B1923423644902N11905716WA0131001303004003035179185
B1923433644897N11905716WA0130701300005003036178195
B1923443644891N11905715WA0130501298004003038175193
B1923453644885N11905714WA0130301295004003037172197
B1923463644880N11905714WA0130001292005003037173186
B1923473644874N11905713WA0129701289004003037175193
B1923483644869N11905713WA0129501287005003037176172
B1923493644863N11905712WA0129201286004003038174183
B1923503644857N11905711WA0128901283004003041171181
B1923513644851N11905710WA0128701281004003041170191
B1923523644845N11905708WA0128501278004003041170186
B1923533644839N11905707WA0128301276004003041170182
B1923543644832N11905706WA0128201276004003042170184
B1923553644826N11905705WA0128101275004003039172176
B1923563644821N11905704WA0128001274004003039173192
B1923573644815N11905703WA0127901273004003037174176
B1923583644810N11905703WA0127801270004003037174192
B1923593644804N11905702WA0127601268004003037174189
B1924003644799N11905701WA0127301265004003036175185
B1924013644793N11905701WA0127101265004003038176191
B1924023644787N11905700WA0126801264004003038178179
B1924033644780N11905700WA0126601261004003043178183
B1924043644774N11905700WA0126301259004003043175187
B1924053644768N11905699WA0126201258004003041173176
B1924063644762N11905699WA0126201257004003041176187
B1924073644757N11905699WA0126101256004003038182189
B1924083644752N11905699WA0126001255004003034183199
B1924093644748N11905699WA0125901253004003031180196
B1924103644743N11905699WA0125801251004003032180191
B1924113644738N11905700WA0125601248004003036181190
B1924123644732N11905700WA0125301246004003036182182
B1924133644726N11905700WA0125201245004003038182179
B1924143644721N11905700WA0125101244004003038179169
B1924153644716N11905700WA0125001243004003033177173
B1924163644711N11905700WA0125001242004003033176170
B1924173644706N11905699WA0124901240004003032176174
B1924183644701N11905699WA0124701238004003032175174
B1924193644696N11905698WA0124401236004003032174179
B1924203644691N11905698WA0124201233004003034174180
B1924213644686N11905697WA0124001231004003035173186
B1924223644681N11905696WA0123801229004003035173178
B1924233644676N11905696WA0123601227004003035175179
B1924243644670N11905695WA0123501225004003036178178
B1924253644665N11905695WA0123301224004003036178182
B1924263644660N11905695WA0123201222004003035177171
B1924273644655N11905695WA0123101221004003033178176
B1924283644650N11905695WA0122901219004003032178179
B1924293644645N11905695WA0122701217004003033177181
B1924303644640N11905694WA0122501215004003033175178
B1924313644635N11905693WA0122401214004003034173178
B1924323644630N11905692WA0122301212004003032171176
B1924333644626N11905691WA0122201212004003032168174
B1924343644621N11905690WA0122101210004003031165172
B1924353644617N11905689WA0122001209004003031164174
B1924363644612N11905686WA0122001208004003033156174
B1924373644608N11905683WA0122001209004003035143185
B1924383644603N11905679WA0122201210004003035139142
B1924393644599N11905675WA0122401213004003035143160
B1924403644595N11905671WA0122601215004003033143169
B1924413644591N11905667WA0122901217004003033141169
B1924423644587N11905663WA0123001218005003033147177
B1924433644582N11905661WA0123201219004003036163189
B1924443644576N11905661WA0123201220004003035185204
B1924453644572N11905663WA0123201220004003035212221
B1924463644569N11905667WA0123001219004003030237241
B1924473644569N11905672WA0122801216004003029272261
B1924483644571N11905678WA0122701214004003031292289
B1924493644574N11905683WA0122501212004003031308306
B1924503644577N11905686WA0122301211004003029325323
B1924513644581N11905689WA0122201211005003029346342
B1924523644586N11905690WA0122001209004003037357355
B1924533644592N11905689WA0122001208004003040004007
B1924543644599N11905688WA0122101209004003037011352
B1924553644603N11905687WA0122201212004003037017335
B1924563644607N11905685WA0122401214004003024025337
B1924573644609N11905683WA0122601215004003024018013
B1924583644612N11905682WA0122601214004003022007342
B1924593644617N11905682WA0122501212004003022353329
B1925003644622N11905684WA0122301211005003035345342
B1925013644627N11905686WA0122201210005003037339334
B1925023644631N11905689WA0122201210005003035332300
B1925033644634N11905692WA0122101209004003031320300
B1925043644637N11905695WA0121901207004003025296286
B1925053644637N11905700WA0121501203004003029275283
B1925063644636N11905706WA0121301199004003029249262
B1925073644634N11905712WA0121001199004003033229244
B1925083644630N11905717WA0120901200004003032229230
B1925093644627N11905721WA0120901199004003032231249
B1925103644624N11905725WA0120901198004003029236258
B1925113644622N11905730WA0120901198004003029242254
B1925123644620N11905735WA0120901198004003036251244
B1925133644619N11905743WA0120901198004003042258245
B1925143644617N11905750WA0121001198005003041257222
B1925153644615N11905757WA0121301202004003041247228
B1925163644612N11905763WA0121501204004003035232221
B1925173644609N11905767WA0121701205004003035218221
B1925183644605N11905769WA0121901207004003033207214
B1925193644600N11905772WA0122001208004003031203215
B1925203644596N11905774WA0122101209004003031207220
B1925213644592N11905777WA0122201210004003031213222
B1925223644589N11905781WA0122301210004003030220213
B1925233644585N11905784WA0122501211004003030226220
B1925243644582N11905788WA0122701212004003032221218
B1925253644578N11905792WA0122901214004003032217223
B1925263644574N11905795WA0123101217004003031212218
B1925273644571N11905798WA0123201218005003031213210
B1925283644567N11905802WA0123301219005003033214212
B1925293644562N11905805WA0123501221005003034208216
B1925303644557N11905808WA0123601223005003034204202
B1925313644552N11905811WA0123801225004003038206201
B1925323644547N11905814WA0124101226005003031211203
B1925333644544N11905817WA0124401229004003031216219
B1925343644542N11905820WA0124701232004003025223239
B1925353644540N11905823WA0124901234005003023229247
B1925363644537N11905826WA0125001236005003026220243
B1925373644534N11905829WA0125301238005003033215226
B1925383644529N11905833WA0125701243004003033216239
B1925393644525N11905837WA0126101248005003033218209
B1925403644522N11905841WA0126501253005003032217224
B1925413644518N11905844WA0126901257005003030215207
B1925423644514N11905847WA0127201259005003030214219
B1925433644511N11905850WA0127401262005003029214238
B1925443644507N11905853WA0127501261005003029211224
B1925453644503N11905856WA0127501261004003029208206
B1925463644499N11905858WA0127401261004003030206197
B1925473644495N11905861WA0127301260004003030202206
B1925483644491N11905862WA0127201258005003030192190
B1925493644486N11905863WA0127101258004003030183191
B1925503644482N11905863WA0127001257004003030179205
B1925513644477N11905862WA0126901256005003031177197
B1925523644472N11905862WA0126801256004003035174190
B1925533644467N11905861WA0126901256004003035171193
B1925543644461N11905860WA0126901257005003035169184
B1925553644456N11905859WA0127001258004003035171208
B1925563644452N11905858WA0127001258004003030174181
B1925573644447N11905858WA0127001257004003030174193
B1925583644443N11905857WA0126901256004003030174185
B1925593644438N11905857WA0126801255005003031175184
B1926003644433N11905856WA0126701255004003032179195
B1926013644428N11905857WA0126701254004003032181208
B1926023644424N11905857WA0126601254004003032188219
B1926033644419N11905858WA0126501253004003030204221
B1926043644415N11905861WA0126301252004003030223232
B1926053644412N11905867WA0126101250004003032235241
B1926063644409N11905873WA0126001250004003036253257
B1926073644409N11905880WA0126001250005003036268273
B1926083644410N11905886WA0126001250004003033285287
B1926093644412N11905891WA0125901249004003032296305
B1926103644415N11905896WA0125801248004003031303318
B1926113644418N11905901WA0125601246004003033310321
B1926123644422N11905906WA0125501244004003036317335
B1926133644427N11905910WA0125401243004003036325345
B1926143644431N11905913WA0125401242004003037335356
B1926153644437N11905915WA0125301242004003037347003
B1926163644442N11905915WA0125301241004003035001012
B1926173644447N11905914WA0125201241004003035017020
B1926183644451N11905911WA0125101240004003033034031
B1926193644454N11905907WA0125001239004003032046043
B1926203644457N11905902WA0124901238004003032060053
B1926213644458N11905895WA0124801237004003035076063
B1926223644458N11905889WA0124801236004003035092079
B1926233644457N11905883WA0124701236004003034108092
B1926243644455N11905878WA0124601235005003032122105
B1926253644452N11905874WA0124601235004003031131117
B1926263644449N11905870WA0124501234005003029139128
B1926273644445N11905867WA0124401233005003030147141
B1926283644441N11905864WA0124401233004003030152151
B1926293644437N11905861WA0124401232004003030156155
B1926303644433N11905860WA0124301232004003030160158
B1926313644429N11905858WA0124301231004003030165167
B1926323644424N11905857WA0124301231004003029169173
B1926333644420N11905856WA0124201231004003029174177
B1926343644415N11905856WA0124201230004003035177182
B1926353644409N11905856WA0124101230004003037177183
B1926363644404N11905855WA0124201230004003035178200
B1926373644399N11905855WA0124201231004003035179191
B1926383644395N11905856WA0124201230004003025183187
B1926393644392N11905856WA0124101229004003025188195
B1926403644388N11905857WA0124001228004003024188196
B1926413644384N11905858WA0123801226004003024188197
B1926423644379N11905859WA0123701224005003035188194
B1926433644374N11905860WA0123601225005003035188201
B1926443644369N11905860WA0123601224004003035187195
B1926453644364N11905861WA0123501224004003034185185
B1926463644360N11905862WA0123401223005003030184182
B1926473644355N11905862WA0123301222004003032182176
B1926483644350N11905862WA0123201220004003032175149
B1926493644345N11905861WA0123101219004003032168153
B1926503644341N11905859WA0123101219004003028158121
B1926513644338N11905856WA0123001219005003030143138
B1926523644334N11905852WA0123001218004003030128115
B1926533644332N11905846WA0123001219004003033117097
B1926543644330N11905840WA0123201220005003034103083
B1926553644330N11905833WA0123301221004003034085071
B1926563644332N11905828WA0123401222004003034061057
B1926573644336N11905823WA0123501223004003034041039
B1926583644340N11905821WA0123601225005003026024025
B1926593644343N11905819WA0123701226004003026013015
B1927003644347N11905819WA0123801226004003026358006
B1927013644351N11905820WA0123801226004003026340353
B1927023644356N11905824WA0123801226004003033326338
B1927033644359N11905828WA0123801226004003033319323
B1927043644363N11905832WA0123801226004003033317320
B1927053644366N11905836WA0123701225004003031313307
B1927063644369N11905840WA0123501224004003028303294
B1927073644370N11905845WA0123301222004003028291287
B1927083644372N11905850WA0123201221004003028280281
B1927093644372N11905856WA0123001219004003030274268
B1927103644372N11905862WA0122901218004003033264256
B1927113644371N11905868WA0122801218004003033253243
B1927123644369N11905872WA0122801217004003031243234
B1927133644366N11905877WA0122701216004003029235228
B1927143644363N11905881WA0122601214004003030228225
B1927153644360N11905885WA0122401212004003031224227
B1927163644356N11905889WA0122301211004003031223227
B1927173644353N11905893WA0122201210004003031226216
B1927183644350N11905897WA0122101209005003030232228
B1927193644348N11905902WA0122001207004003032236220
B1927203644345N11905908WA0121701205004003032239229
B1927213644342N11905914WA0121601203005003037238225
B1927223644339N11905920WA0121601203004003035234224
B1927233644336N11905925WA0121501202004003035233225
B1927243644333N11905929WA0121401201004003032232228
B1927253644330N11905934WA0121201199005003032230232
B1927263644327N11905939WA0121101197004003034227226
B1927273644323N11905943WA0120901195004003034227226
B1927283644320N11905948WA0120701193004003034231227
B1927293644317N11905953WA0120601191004003034233245
B1927303644313N11905959WA0120401190004003036231231
B1927313644310N11905964WA0120401190004003036232239
B1927323644307N11905969WA0120301189004003036235221
B1927333644305N11905974WA0120201188005003033234209
B1927343644302N11905978WA0120101187005003028225204
B1927353644298N11905981WA0119901184004003031215191
B1927363644294N11905984WA0119701182004003031210192
B1927373644290N11905987WA0119501181004003032205176
B1927383644286N11905988WA0119301179004003030193173
B1927393644281N11905989WA0119201177004003030177165
B1927403644277N11905987WA0119001175004003030161156
B1927413644272N11905984WA0118901174004003031152144
B1927423644269N11905981WA0118801174004003030141130
B1927433644266N11905977WA0118801173004003030129132
B1927443644264N11905973WA0118801173004003028124128
B1927453644261N11905969WA0118701172004003027130133
B1927463644258N11905965WA0118601172004003027139149
B1927473644255N11905962WA0118601172004003029139143
B1927483644252N11905958WA0118701173004003029135135
B1927493644250N11905955WA0118701173004003026130114
B1927503644248N11905952WA0118701173004003023128111
B1927513644246N11905948WA0118601172004003022120092
B1927523644245N11905945WA0118601172004003020093080
B1927533644246N11905941WA0118501170004003024066072
B1927543644249N11905937WA0118401169004003024047050
B1927553644253N11905933WA0118301169004003029031034
B1927563644257N11905932WA0118401170005003029012018
B1927573644261N11905932WA0118501170004003029359010
B1927583644265N11905932WA0118501170004003028356014
B1927593644270N11905932WA0118401169005003028358018
B1928003644274N11905932WA0118301168004003029358022
B1928013644279N11905932WA0118201167004003032359011
B1928023644284N11905932WA0118101166004003032003004
B1928033644288N11905932WA0118001165004003031359334
B1928043644293N11905933WA0118001164004003030345326
B1928053644297N11905936WA0117801162004003030327317
B1928063644301N11905941WA0117701161004003038315309
B1928073644304N11905947WA0117601161004003038303298
B1928083644306N11905952WA0117701161004003036286276
B1928093644306N11905958WA0117601161004003031263262
B1928103644304N11905963WA0117501159004003031240245
B1928113644300N11905967WA0117301157004003034223226
B1928123644297N11905972WA0117301158004003035213211
B1928133644292N11905974WA0117301159004003034206210
B1928143644288N11905976WA0117401159004003030198210
B1928153644285N11905977WA0117401159005003026195213
B1928163644281N11905979WA0117201157004003028200206
B1928173644277N11905981WA0117101155004003032205200
B1928183644272N11905984WA0117001154004003032205180
B1928193644268N11905986WA0116901154004003032196173
B1928203644264N11905986WA0117001154004003030178157
B1928213644260N11905985WA0116901153004003026156147
B1928223644257N11905982WA0116801153004003027129136
B1928233644255N11905977WA0116701152004003027117119
B1928243644253N11905973WA0116601152004003027110118
B1928253644252N11905968WA0116601151004003026107118
B1928263644251N11905964WA0116501150004003023108114
B1928273644250N11905960WA0116501149004003025110120
B1928283644248N11905955WA0116401148004003025111117
B1928293644247N11905950WA0116301148004003026109119
B1928303644246N11905946WA0116301147004003025109106
B1928313644245N11905942WA0116201147004003025109108
B1928323644244N11905938WA0116201146004003023106101
B1928333644243N11905934WA0116001144004003023105108
B1928343644242N11905929WA0115901142004003025106122
B1928353644240N11905925WA0115801141004003025112119
B1928363644239N11905920WA0115601139004003025117122
B1928373644237N11905916WA0115501138004003027114110
B1928383644236N11905911WA0115401137004003027103081
B1928393644236N11905906WA0115301137004003027085067
B1928403644238N11905901WA0115201135004003026058051
B1928413644241N11905898WA0115101134004003026031029
B1928423644244N11905898WA0115001132004003026000017
B1928433644249N11905899WA0114701129004003030345358
B1928443644253N11905900WA0114501127004003030345015
B1928453644258N11905902WA0114201126004003031355000
B1928463644262N11905902WA0113901123004003030004010
B1928473644267N11905901WA0113601120004003030000355
B1928483644271N11905902WA0113401117004003030347343
B1928493644276N11905904WA0113001113004003031336335
B1928503644281N11905908WA0112801110004003035329316
B1928513644285N11905911WA0112501108004003035321306
B1928523644288N11905916WA0112301106004003034309290
B1928533644291N11905922WA0112001102004003034296283
B1928543644292N11905928WA0111701099004003036285281
B1928553644293N11905935WA0111401096004003038281268
B1928563644295N11905942WA0111201096004003038281273
B1928573644296N11905949WA0111101096004003039284269
B1928583644298N11905956WA0111201096004003034289291
B1928593644299N11905961WA0111301097004003034287249
B1929003644300N11905966WA0111301096004003030281282
B1929013644300N11905970WA0111201094004003026276272
B1929023644301N11905975WA0111101093004003024273274
B1929033644301N11905980WA0110901091004003027275266
B1929043644301N11905985WA0110701089004003027277276
B1929053644302N11905991WA0110601087004003030277282
B1929063644303N11905996WA0110501086004003029279272
B1929073644304N11906001WA0110401084004003029284283
B1929083644305N11906006WA0110201082004003029291284
B1929093644307N11906011WA0110001080004003029300287
B1929103644310N11906016WA0109801078004003034308312
B1929113644314N11906021WA0109701078004003037312301
B1929123644318N11906026WA0109701078004003034313281
B1929133644320N11906030WA0109701078004003034307262
B1929143644322N11906035WA0109701077005003024284256
B1929153644322N11906039WA0109601077004003024260245
B1929163644320N11906043WA0109301074004003024237234
B1929173644317N11906047WA0109201073004003028224215
B1929183644313N11906051WA0109201072004003030212204
B1929193644309N11906053WA0109101072004003030200198
B1929203644305N11906054WA0109101071004003028191190
B1929213644301N11906055WA0109001070004003028188184
B1929223644296N11906056WA0108901069004003030185194
B1929233644292N11906056WA0108901069004003030179194
B1929243644287N11906055WA0108901069004003030175197
B1929253644283N11906054WA0108801069004003030168187
B1929263644278N11906053WA0108801068004003031163173
B1929273644274N11906051WA0108801068004003032159160
B1929283644269N11906048WA0108801068004003032155173
B1929293644265N11906045WA0108801068004003033150173
B1929303644260N11906042WA0108701067004003033151181
B1929313644256N11906039WA0108601066004003033159170
B1929323644250N11906038WA0108501066004003033170186
B1929333644245N11906037WA0108601066004003033173184
B1929343644241N11906036WA0108701066004003030173193
B1929353644237N11906036WA0108701067004003030178195
B1929363644233N11906037WA0108701067004003027192198
B1929373644230N11906039WA0108601066004003025212206
B1929383644227N11906043WA0108501064004003025231222
B1929393644226N11906047WA0108501064004003025253240
B1929403644227N11906051WA0108401063004003022284258
B1929413644228N11906054WA0108301062004003022306286
B1929423644232N11906057WA0108401063004003026327309
B1929433644235N11906060WA0108401063004003026346332
B1929443644238N11906060WA0108501063005003025001350
B1929453644242N11906059WA0108501063004003024012353
B1929463644245N11906058WA0108401062004003022011355
B1929473644249N11906058WA0108301060004003023352355
B1929483644252N11906060WA0108101057004003023329338
B1929493644256N11906064WA0107901056004003028313318
B1929503644258N11906068WA0107901057004003026298302
B1929513644258N11906073WA0107901058004003026276288
B1929523644257N11906077WA0108001058004003023253268
B1929533644256N11906081WA0108101059004003023241244
B1929543644253N11906085WA0108101059004003025235234
B1929553644251N11906089WA0108101059004003026231226
B1929563644249N11906092WA0108101059004003027226217
B1929573644245N11906096WA0108001058004003027219210
B1929583644241N11906099WA0107901057004003031213200
B1929593644236N11906103WA0107901057004003034206181
B1930003644231N11906104WA0108001058004003033192161
B1930013644227N11906105WA0108101058004003033165151
B1930023644223N11906102WA0108101058004003033139138
B1930033644220N11906096WA0108101057004003033122123
B1930043644218N11906089WA0108101057004003037104114
B1930053644217N11906082WA0108201059005003037096106
B1930063644216N11906075WA0108301060004003037097112
B1930073644215N11906069WA0108401061005003034106121
B1930083644213N11906064WA0108301060004003032120133
B1930093644209N11906059WA0108201058004003032136138
B1930103644205N11906055WA0108101057004003040149153
B1930113644199N11906052WA0108001058004003041156160
B1930123644194N11906049WA0108101059004003040164169
B1930133644189N11906049WA0108201061005003036179176
B1930143644185N11906050WA0108301061004003026197188
B1930153644182N11906053WA0108401061004003026218203
B1930163644179N11906056WA0108301061005003026237220
B1930173644178N11906061WA0108301061004003027259237
B1930183644179N11906066WA0108301061005003027277258
B1930193644180N11906071WA0108401062004003027294275
B1930203644183N11906075WA0108601064004003027315292
B1930213644186N11906077WA0108701066004003026339319
B1930223644190N11906078WA0108801067004003026358349
B1930233644194N11906077WA0108901067004003026016013
B1930243644197N11906074WA0108901067004003026035034
B1930253644201N11906069WA0108901067004003030053056
B1930263644203N11906063WA0108901067005003038072072
B1930273644203N11906055WA0108901067004003039091089
B1930283644201N11906049WA0109001068004003038109105
B1930293644198N11906043WA0109101069004003037128120
B1930303644194N11906039WA0109101069004003034143137
B1930313644190N11906036WA0109101069004003034157149
B1930323644185N11906035WA0109101069004003033173162
B1930333644180N11906036WA0109101069004003032187176
B1930343644176N11906037WA0109101068004003030197188
B1930353644172N11906040WA0109001068005003030207196
B1930363644168N11906043WA0109001068004003030221206
B1930373644166N11906047WA0108901067004003029240218
B1930383644165N11906053WA0108801066004003030257235
B1930393644165N11906059WA0108701065004003031275256
B1930403644166N11906064WA0108801066005003030292274
B1930413644168N11906068WA0108801067004003028306292
B1930423644171N11906071WA0108901067004003025318309
B1930433644174N11906074WA0108901067005003027329318
B1930443644178N11906076WA0108901067004003027339328
B1930453644183N11906078WA0108901067004003030343336
B1930463644187N11906079WA0108901067005003028348335
B1930473644191N11906080WA0108901067004003028352330
B1930483644195N11906080WA0108801067004003026354329
B1930493644199N11906081WA0108801066004003026351327
B1930503644203N11906082WA0108701066004003030347331
B1930513644208N11906083WA0108701066004003030343330
B1930523644212N11906085WA0108701066004003029338325
B1930533644215N11906087WA0108801066004003028334323
B1930543644219N11906090WA0108801066004003029333323
B1930553644223N11906092WA0108801066004003030334329
B1930563644227N11906094WA0108901068005003029337331
B1930573644231N11906096WA0109001070004003027342331
B1930583644235N11906097WA0109201071004003025348320
B1930593644238N11906097WA0109201071004003025351317
B1931003644242N11906099WA0109201071004003025343314
B1931013644246N11906101WA0109201070005003026325302
B1931023644248N11906105WA0109101069004003026305292
B1931033644249N11906110WA0109001068004003027286278
B1931043644250N11906115WA0109001067004003027267262
B1931053644248N11906121WA0108801066004003030243243
B1931063644244N11906125WA0108701066004003034217224
B1931073644239N11906127WA0108701065004003036193202
B1931083644234N11906127WA0108701065004003035172183
B1931093644229N11906124WA0108601064004003035151166
B1931103644225N11906119WA0108601063004003036132148
B1931113644223N11906113WA0108501063004003036114131
B1931123644222N11906107WA0108501063004003036097114
B1931133644222N11906100WA0108501063004003036079098
B1931143644225N11906095WA0108401062004003034056080
B1931153644229N11906090WA0108401061004003034036056
B1931163644233N11906088WA0108301061004003034017034
B1931173644238N11906088WA0108401062004003032353012
B1931183644241N11906090WA0108401062004003025328346
B1931193644243N11906094WA0108401061004003025302319
B1931203644244N11906098WA0108301060004003024286289
B1931213644245N11906103WA0108101059004003024275271
B1931223644245N11906108WA0108101059004003026265258
B1931233644244N11906112WA0108101058005003026246244
B1931243644241N11906117WA0108001057004003026228229
B1931253644237N11906120WA0107801055004003029216213
B1931263644233N11906124WA0107701054004003034210209
B1931273644228N11906126WA0107701055004003034199196
B1931283644223N11906127WA0107801055004003034186174
B1931293644218N11906127WA0107701055004003035177163
B1931303644213N11906126WA0107701054004003037167167
B1931313644207N11906123WA0107601054005003038158147
B1931323644202N11906121WA0107601054005003038148144
B1931333644198N11906116WA0107701054004003038140135
B1931343644194N11906111WA0107701055004003037134129
B1931353644190N11906106WA0107701055005003037128126
B1931363644187N11906100WA0107701055004003037123117
B1931373644184N11906095WA0107701055004003036119114
B1931383644182N11906089WA0107601054004003036114100
B1931393644180N11906082WA0107601054005003036103090
B1931403644179N11906076WA0107601054004003036095096
B1931413644179N11906069WA0107601054005003035093098
B1931423644179N11906063WA0107501053005003033097117
B1931433644178N11906057WA0107501052004003033102111
B1931443644177N11906051WA0107401051004003033099091
B1931453644176N11906045WA0107201050004003033095080
B1931463644176N11906039WA0107101049004003034089065
B1931473644177N11906032WA0107001048004003034082061
B1931483644178N11906026WA0107001048004003034067053
B1931493644182N11906021WA0107001047004003034048041
B1931503644186N11906018WA0106901047004003032030032
B1931513644190N11906016WA0106901046004003032018024
B1931523644194N11906014WA0106801045004003030017017
B1931533644198N11906012WA0106701044004003030020021
B1931543644203N11906010WA0106601044004003031021024
B1931553644207N11906008WA0106601043004003031019024
B1931563644212N11906006WA0106601043004003031021021
B1931573644216N11906004WA0106501043004003033025013
B1931583644221N11906001WA0106501043005003033026016
B1931593644225N11905998WA0106601043004003032024007
B1932003644229N11905996WA0106601043004003032022004
B1932013644234N11905994WA0106601043004003032018355
B1932023644239N11905993WA0106601044004003032012343
B1932033644243N11905992WA0106701044004003031003335
B1932043644248N11905992WA0106701045004003031355332
B1932053644252N11905993WA0106701045004003030350322
B1932063644256N11905994WA0106801046004003027346323
B1932073644259N11905996WA0106801046004003026334308
B1932083644262N11905999WA0106901046004003027318296
B1932093644265N11906003WA0106901046004003027308292
B1932103644267N11906007WA0106901047004003027304298
B1932113644270N11906011WA0107001047004003026307315
B1932123644272N11906015WA0107001048004003026313318
B1932133644275N11906018WA0107101048004003025316294
B1932143644278N11906021WA0107101049004003025310284
B1932153644279N11906025WA0107201050004003025293265
B1932163644280N11906030WA0107201050004003024270254
B1932173644279N11906034WA0107301051004003026249243
B1932183644276N11906039WA0107301051005003026232227
B1932193644273N11906042WA0107401051004003028217212
B1932203644269N11906045WA0107401051004003029195193
B1932213644264N11906045WA0107401051004003034177178
B1932223644259N11906043WA0107401050004003035157164
B1932233644255N11906039WA0107301050004003035141146
B1932243644251N11906034WA0107301049004003036127132
B1932253644248N11906028WA0107201049004003036106118
B1932263644248N11906021WA0107101048004003036088098
B1932273644250N11906015WA0107101047004003036065080
B1932283644254N11906010WA0107101048004003034042056
B1932293644258N11906007WA0107101049005003033026032
B1932303644262N11906006WA0107201049004003030013016
B1932313644265N11906005WA0107301050004003024003002
B1932323644269N11906005WA0107301050004003024356346
B1932333644273N11906006WA0107301050004003024351336
B1932343644277N11906007WA0107301050004003026343326
B1932353644281N11906009WA0107301050004003028333316
B1932363644284N11906012WA0107401050004003026319307
B1932373644287N11906016WA0107501052004003026310303
B1932383644289N11906019WA0107601053005003026308297
B1932393644291N11906023WA0107801055004003026311300
B1932403644294N11906026WA0108001057004003024308289
B1932413644295N11906029WA0108101058004003020292274
B1932423644295N11906033WA0108201059004003023270259
B1932433644295N11906038WA0108201059004003023246238
B1932443644292N11906042WA0108301060004003027229222
B1932453644288N11906045WA0108401061004003030205205
B1932463644282N11906046WA0108601063004003035179184
B1932473644277N11906044WA0108701064004003035150163
B1932483644274N11906039WA0108701065004003035125139
B1932493644271N11906033WA0108801064005003035100116
B1932503644272N11906026WA0108701064004003034084091
B1932513644274N11906021WA0108701065004003034062074
B1932523644278N11906016WA0108801065004003034038051
B1932533644282N11906014WA0108801065005003034019026
B1932543644287N11906013WA0108901067004003031006008
B1932553644291N11906013WA0109101069004003031358354
B1932563644295N11906014WA0109301071004003027345346
B1932573644298N11906016WA0109401072005003024326333
B1932583644301N11906019WA0109501073005003026313312
B1932593644303N11906023WA0109601074004003028304299
B1933003644305N11906028WA0109601075004003027293285
B1933013644306N11906033WA0109701075004003027283277
B1933023644307N11906038WA0109701075004003029274263
B1933033644306N11906044WA0109601074004003032263250
B1933043644305N11906050WA0109601074004003032250245
B1933053644302N11906057WA0109701075004003037236228
B1933063644298N11906061WA0109901076004003035220214
B1933073644294N11906064WA0109801076004003035195206
B1933083644289N11906064WA0109701074004003032171190
B1933093644284N11906061WA0109601073004003032163179
B1933103644278N11906059WA0109601073004003039164174
B1933113644273N11906057WA0109601074004003039164161
B1933123644267N11906055WA0109601075004003038158144
B1933133644263N11906052WA0109701075004003035145138
B1933143644259N11906047WA0109601074005003036131131
B1933153644256N11906041WA0109701074004003036120115
B1933163644255N11906035WA0109701076005003036108105
B1933173644254N11906030WA0109801076004003032092094
B1933183644255N11906025WA0109801076004003027073081
B1933193644257N11906020WA0109701075004003030058063
B1933203644260N11906015WA0109601074004003030051049
B1933213644264N11906010WA0109601075004003034045038
B1933223644268N11906006WA0109701076004003034039029
B1933233644272N11906002WA0109901078004003034034027
B1933243644275N11906000WA0110001079004003032029012
B1933253644279N11905997WA0110101080005003028023001
B1933263644283N11905996WA0110201081005003029016353
B1933273644287N11905995WA0110301081004003029004343
B1933283644292N11905996WA0110301082004003029347330
B1933293644296N11905998WA0110401083004003029333328
B1933303644300N11906001WA0110401083005003028324337
B1933313644302N11906004WA0110401083004003028316309
B1933323644305N11906007WA0110301082005003024308304
B1933333644307N11906012WA0110201081004003024299317
B1933343644309N11906018WA0110201079004003036294318
B1933353644311N11906024WA0110101080004003036296307
B1933363644314N11906029WA0110001081004003036299303
B1933373644316N11906034WA0110101082004003032296274
B1933383644317N11906039WA0110101081004003029281261
B1933393644317N11906045WA0110001078004003032263253
B1933403644315N11906052WA0109801076004003032251242
B1933413644313N11906058WA0109601074004003036240233
B1933423644309N11906063WA0109401073004003036226218
B1933433644305N11906067WA0109301072004003037213205
B1933443644300N11906070WA0109201071004003037204204
B1933453644294N11906073WA0109201070004003038197202
B1933463644289N11906074WA0109201071004003037195178
B1933473644284N11906076WA0109201071004003037191189
B1933483644279N11906076WA0109201070004003034182181
B1933493644273N11906076WA0109201070004003034170191
B1933503644268N11906074WA0109201069004003036164188
B1933513644263N11906072WA0109101069004003036163185
B1933523644258N11906070WA0109201070004003036164194
B1933533644254N11906069WA0109201071005003033163195
B1933543644250N11906067WA0109301071004003026159181
B1933553644246N11906065WA0109301071004003026159175
B1933563644242N11906064WA0109201070004003026160170
B1933573644238N11906062WA0109101069004003028160158
B1933583644234N11906060WA0109001068004003030150137
B1933593644231N11906056WA0109001068004003031132115
B1934003644229N11906050WA0109001067004003031112093
B1934013644228N11906045WA0108901066004003031092075
B1934023644229N11906039WA0108701064004003030071065
B1934033644232N11906034WA0108501063004003032055048
B1934043644235N11906030WA0108401061005003032044035
B1934053644239N11906025WA0108301060005003034038030
B1934063644244N11906022WA0108201060005003035030006
B1934073644248N11906019WA0108201059004003035021007
B1934083644253N11906018WA0108101059004003035013002
B1934093644258N11906017WA0108201060004003034008345
B1934103644263N11906016WA0108201060004003032002344
B1934113644267N11906017WA0108201060005003028355342
B1934123644271N11906018WA0108201060004003028349337
B1934133644275N11906019WA0108201059004003027345334
B1934143644278N11906020WA0108101059004003027342340
B1934153644282N11906022WA0108101058004003029342336
B1934163644287N11906023WA0108001058004003030348349
B1934173644291N11906024WA0108101059004003029354347
B1934183644295N11906024WA0108101059005003029353324
B1934193644298N11906025WA0108101058005003022338315
B1934203644301N11906027WA0107901058004003028317313
B1934213644304N11906032WA0107701055004003028308302
B1934223644308N11906038WA0107601055004003034304296
B1934233644310N11906043WA0107501055004003033301289
B1934243644312N11906049WA0107401055004003033287272
B1934253644312N11906054WA0107301053004003031271266
B1934263644311N11906060WA0107201051004003031257257
B1934273644310N11906067WA0107001049004003037252257
B1934283644308N11906074WA0106901049004003037251256
B1934293644306N11906079WA0106801047004003035251257
B1934303644305N11906085WA0106601046004003033250257
B1934313644303N11906090WA0106401044004003030246249
B1934323644301N11906095WA0106301042005003030241259
B1934333644299N11906099WA0106201040005003029238245
B1934343644297N11906104WA0106001039005003028237251
B1934353644294N11906108WA0105901037004003028238253
B1934363644293N11906113WA0105701035004003028243256
B1934373644291N11906117WA0105501033004003028247262
B1934383644289N11906122WA0105401032004003028247253
B1934393644288N11906127WA0105201030004003028247249
B1934403644286N11906132WA0105101028004003028243261
B1934413644284N11906137WA0104901027004003028237250
B1934423644281N11906141WA0104801025004003028235241
B1934433644279N11906146WA0104601024004003030236250
B1934443644276N11906150WA0104501023004003030235243
B1934453644274N11906154WA0104401022004003029232239
B1934463644271N11906158WA0104301020004003027228235
B1934473644268N11906162WA0104201019004003028227238
B1934483644266N11906166WA0104001017004003030228238
B1934493644263N11906170WA0103801015004003030230239
B1934503644260N11906174WA0103701014004003030230239
B1934513644257N11906178WA0103501012004003028228234
B1934523644254N11906182WA0103401011004003030226231
B1934533644251N11906186WA0103201009004003030225232
B1934543644248N11906190WA0103001007004003030226232
B1934553644245N11906194WA0102801005004003029227241
B1934563644242N11906198WA0102601003004003029230243
B1934573644240N11906202WA0102501002004003027234246
B1934583644238N11906206WA0102301001004003026239242
B1934593644236N11906210WA0102100998004003027240249
B1935003644233N11906215WA0101900996004003029237239
B1935013644231N11906220WA0101600993004003029235239
B1935023644228N11906225WA0101500991004003031235247
B1935033644226N11906229WA0101300990004003029234242
B1935043644223N11906233WA0101200989004003029234240
B1935053644221N11906238WA0101100987004003029233238
B1935063644218N11906242WA0100900985004003029232251
B1935073644215N11906247WA0100800984004003030232255
B1935083644213N11906251WA0100800983004003030237263
B1935093644211N11906256WA0100700982004003029246272
B1935103644210N11906260WA0100600981005003027252260
B1935113644209N11906265WA0100400980004003027253255
B1935123644207N11906270WA0100300978004003030251255
B1935133644206N11906276WA0100100976004003030251261
B1935143644204N11906281WA0100000975004003030253277
B1935153644203N11906286WA0100000975004003028254272
B1935163644202N11906291WA0099800973004003028256266
B1935173644201N11906297WA0099700971004003028257256
B1935183644200N11906302WA0099500970005003030255242
B1935193644198N11906308WA0099400968005003034247226
B1935203644196N11906314WA0099200967004003034235224
B1935213644192N11906318WA0099200966004003034224217
B1935223644189N11906322WA0099100965004003033219220
B1935233644185N11906326WA0099000964004003032216214
B1935243644181N11906329WA0098900964004003034213200
B1935253644176N11906332WA0098800964004003034203199
B1935263644171N11906333WA0098800963005003034186172
B1935273644167N11906332WA0098700962004003030169159
B1935283644162N11906330WA0098600961004003031157154
B1935293644158N11906328WA0098500959004003031154160
B1935303644154N11906326WA0098400958004003031156168
B1935313644150N11906323WA0098300956004003031158161
B1935323644145N11906321WA0098100955004003032155162
B1935333644141N11906318WA0098000954004003032150147
B1935343644137N11906315WA0097800952004003033143129
B1935353644133N11906310WA0097700951004003033136119
B1935363644130N11906306WA0097500950004003033128107
B1935373644127N11906301WA0097400948004003032121099
B1935383644125N11906296WA0097300947004003031115112
B1935393644123N11906291WA0097200945004003030111111
B1935403644122N11906286WA0097000943004003030108115
B1935413644121N11906280WA0096800940004003030106128
B1935423644119N11906274WA0096500937004003032107132
B1935433644117N11906268WA0096300936004003035110114
B1935443644116N11906262WA0096200934004003035110111
B1935453644115N11906257WA0096000933004003032098083
B1935463644115N11906251WA0095800930004003031077067
B1935473644117N11906245WA0095600927004003035064065
B1935483644120N11906240WA0095400927004003035059068
B1935493644122N11906234WA0095300926004003035061090
B1935503644124N11906229WA0095200925004003032065084
B1935513644126N11906224WA0095000923005003030068077
B1935523644128N11906218WA0094800920004003033070078
B1935533644129N11906212WA0094600918004003033073077
B1935543644130N11906206WA0094400916004003034075071
B1935553644132N11906200WA0094200915004003032077061
B1935563644133N11906194WA0094000913004003032075060
B1935573644134N11906189WA0093800910005003032068067
B1935583644136N11906183WA0093700908005003033064078
B1935593644139N11906177WA0093500906004003036067071
B1936003644141N11906171WA0093300906004003036073071
B1936013644142N11906165WA0093200905004003034070043
B1936023644144N11906160WA0093100903004003031057029
B1936033644147N11906157WA0092900900004003031038021
B1936043644152N11906154WA0092700897004003033026010
B1936053644156N11906152WA0092500896004003033018002
B1936063644161N11906150WA0092300894004003033012007
B1936073644165N11906150WA0092200893004003031008005
B1936083644170N11906149WA0092100893004003031011016
B1936093644174N11906146WA0092100893004003030026020
B1936103644177N11906144WA0092100892004003029033031
B1936113644181N11906140WA0092100891004003029032019
B1936123644185N11906137WA0092000890004003032029024
B1936133644190N11906134WA0091900890004003034030021
B1936143644194N11906131WA0091900890004003032032020
B1936153644198N11906128WA0091900889004003032034031
B1936163644201N11906125WA0091700888004003028035030
B1936173644205N11906121WA0091600886004003030037032
B1936183644208N11906118WA0091400884004003030039038
B1936193644212N11906114WA0091300883004003030043038
B1936203644215N11906110WA0091200881005003030048049
B1936213644218N11906105WA0091000879005003031052048
B1936223644220N11906101WA0090900877004003031055049
B1936233644223N11906095WA0090700875004003032056032
B1936243644226N11906090WA0090500874005003032054029
B1936253644229N11906086WA0090300872004003032050033
B1936263644232N11906081WA0090200870004003032048049
B1936273644235N11906076WA0090000868005003032050045
B1936283644238N11906071WA0089700865004003035049043
B1936293644242N11906066WA0089500863004003037045027
B1936303644247N11906062WA0089400861004003037041020
B1936313644251N11906057WA0089200860004003037040012
B1936323644254N11906054WA0089200860004003032036010
B1936333644258N11906051WA0089200859004003032027359
B1936343644263N11906049WA0089000857004003031018357
B1936353644268N11906047WA0088900856004003031013357
B1936363644272N11906046WA0088700854004003032012358
B1936373644277N11906045WA0088600853003003032012354
B1936383644281N11906044WA0088500852004003031010348
B1936393644286N11906043WA0088300850004003030007339
B1936403644290N11906042WA0088200849004003029003336
B1936413644294N11906042WA0088100847004003029359333
B1936423644298N11906043WA0088000846004003028349308
B1936433644301N11906044WA0087900844004003024329310
B1936443644303N11906048WA0087600842004003022307305
B1936453644305N11906052WA0087400839004003025295297
B1936463644306N11906056WA0087200838004003025297297
B1936473644308N11906060WA0087100837004003025307311
B1936483644311N11906062WA0087100836004003021318329
B1936493644313N11906065WA0087000835004003021327337
B1936503644316N11906066WA0086800833004003021337331
B1936513644319N11906068WA0086600831004003021342321
B1936523644323N11906069WA0086500830004003024344314
B1936533644326N11906070WA0086300828004003024342315
B1936543644330N11906072WA0086200827004003024333312
B1936553644333N11906075WA0086000825004003026323316
B1936563644336N11906078WA0085800823004003023316307
B1936573644338N11906081WA0085600821004003023313299
B1936583644340N11906084WA0085400818004003022307298
B1936593644342N11906087WA0085200816004003021302289
B1937003644343N11906091WA0084900813004003021300287
B1937013644345N11906094WA0084700810004003023296278
B1937023644346N11906099WA0084400807004003023278253
B1937033644345N11906103WA0084200804004003023253238
B1937043644342N11906108WA0083900802004003030226227
B1937053644339N11906111WA0083800802004003030205208
B1937063644335N11906112WA0083800802004003028182195
B1937073644332N11906112WA0083700801004003024160178
B1937083644328N11906109WA0083500800004003025155169
B1937093644325N11906107WA0083300798004003027158172
B1937103644321N11906105WA0083200796004003027154178
B1937113644317N11906102WA0083100795004003029144163
B1937123644314N11906098WA0082900793004003028138164
B1937133644311N11906095WA0082700791004003028140168
B1937143644308N11906092WA0082500788004003026145163
B1937153644304N11906090WA0082300786004003026153179
B1937163644301N11906088WA0082200785004003026154179
B1937173644297N11906086WA0082100784004003028156178
B1937183644293N11906084WA0082100784004003027162177
B1937193644290N11906083WA0082100784004003027168180
B1937203644286N11906082WA0082100784004003022168180
B1937213644283N11906081WA0082100784004003022170186
B1937223644280N11906081WA0082100784004003022173193
B1937233644276N11906080WA0082100783004003023170195
B1937243644273N11906079WA0082100783004003025163172
B1937253644269N11906078WA0082000782004003026166165
B1937263644265N11906077WA0081900781004003025171183
B1937273644262N11906076WA0081700779004003025171202
B1937283644258N11906076WA0081500777004003023176216
B1937293644255N11906077WA0081300773004003025195214
B1937303644251N11906079WA0080900769004003025221231
B1937313644248N11906084WA0080700770004003030242246
B1937323644246N11906089WA0080600770004003025269269
B1937333644247N11906094WA0080600770004003025294283
B1937343644249N11906097WA0080500769004003022319304
B1937353644252N11906099WA0080300766004003019319291
B1937363644254N11906102WA0080000763004003019304293
B1937373644255N11906105WA0079700759004003021289290
B1937383644256N11906109WA0079400756004003021287300
B1937393644257N11906113WA0079200754004003023299288
B1937403644260N11906117WA0079000752004003025309301
B1937413644262N11906120WA0078800750004003026309287
B1937423644265N11906124WA0078600748004003026303274
B1937433644266N11906129WA0078500746004003027289270
B1937443644267N11906135WA0078400745004003029271264
B1937453644266N11906140WA0078300744004003029254248
B1937463644264N11906144WA0078200743004003027233235
B1937473644262N11906146WA0078100743004003024209223
B1937483644259N11906147WA0078000741004003019189208
B1937493644256N11906147WA0077900740004003019172195
B1937503644253N11906146WA0077800739004003019156178
B1937513644250N11906144WA0077700738004003020147172
B1937523644247N11906141WA0077600737004003026150162
B1937533644243N11906139WA0077500736004003028160173
B1937543644239N11906137WA0077500735004003028163169
B1937553644235N11906136WA0077600737004003029163182
B1937563644231N11906135WA0077700738004003026168195
B1937573644228N11906134WA0077800739004003026172195
B1937583644225N11906134WA0077800740004003022175201
B1937593644222N11906133WA0077900740004003020172189
B1938003644219N11906133WA0078000741004003021169196
B1938013644216N11906132WA0078100742004003021171197
B1938023644213N11906132WA0078100743004003021180194
B1938033644211N11906132WA0078300744004003017204234
B1938043644209N11906135WA0078300744004003018228245
B1938053644207N11906138WA0078300745004003025238246
B1938063644205N11906143WA0078400745004003025243248
B1938073644203N11906147WA0078500747004003028244244
B1938083644201N11906152WA0078700749004003026242254
B1938093644200N11906156WA0078800750004003026249271
B1938103644200N11906160WA0078900751004003022273292
B1938113644200N11906164WA0078900750004003022295298
B1938123644203N11906168WA0078900749004003029310307
B1938133644206N11906172WA0078800749004003031319316
B1938143644210N11906176WA0078900750004003030327318
B1938153644214N11906178WA0078900751004003030333296
B1938163644217N11906180WA0078900751004003027326288
B1938173644219N11906183WA0078800749004003021302286
B1938183644220N11906187WA0078700747004003021282275
B1938193644220N11906190WA0078500746004003018256260
B1938203644219N11906192WA0078400744004003018231247
B1938213644217N11906195WA0078200743004003022210230
B1938223644213N11906196WA0078100742004003025191217
B1938233644209N11906196WA0078100742004003025174194
B1938243644205N11906195WA0078100742004003026166186
B1938253644202N11906194WA0078100743004003024162184
B1938263644198N11906192WA0078100742004003024155160
B1938273644195N11906189WA0078000741004003024134135
B1938283644193N11906184WA0077800738004003026114113
B1938293644192N11906177WA0077700736004003040092087
B1938303644193N11906170WA0077600737004003041067065
B1938313644196N11906164WA0077500737004003040050040
B1938323644201N11906160WA0077500736004003037034031
B1938333644206N11906157WA0077400735004003037025025
B1938343644211N11906154WA0077300734004003038022019
B1938353644217N11906151WA0077200733004003038021005
B1938363644222N11906149WA0077200732004003039018000
B1938373644228N11906147WA0077200732004003038016002
B1938383644233N11906145WA0077200732004003038014000
B1938393644238N11906144WA0077100732004003036011348
B1938403644244N11906143WA0077000731004003035002326
B1938413644249N11906144WA0076900729004003036343313
B1938423644254N11906147WA0076800729004003036321305
B1938433644258N11906151WA0076800729004003034312297
B1938443644260N11906155WA0076800730004003031314288
B1938453644263N11906158WA0076800730004003022317275
B1938463644265N11906161WA0076700729004003022301268
B1938473644266N11906164WA0076500728004003019267261
B1938483644264N11906168WA0076300724004003019242237
B1938493644262N11906172WA0076100725004003024216226
B1938503644258N11906174WA0076100725004003024183202
B1938513644255N11906172WA0076100724004003022153193
B1938523644252N11906170WA0076000722004003022143181
B1938533644250N11906168WA0075800720004003019150187
B1938543644247N11906166WA0075600718004003019158180
B1938553644244N11906165WA0075400715004003019159185
B1938563644241N11906163WA0075200713004003020156176
B1938573644238N11906161WA0075000711004003025153180
B1938583644235N11906159WA0074800709004003026150165
B1938593644231N11906157WA0074700707004003026145173
B1939003644228N11906154WA0074600706004003026143186
B1939013644225N11906151WA0074500705004003026148192
B1939023644221N11906149WA0074400703004003026162194
B1939033644218N11906148WA0074300702004003024171195
B1939043644215N11906148WA0074200701004003022175197
B1939053644212N11906148WA0074100700004003021175198
B1939063644208N11906147WA0074000699004003023174194
B1939073644205N11906147WA0073900699004003023174200
B1939083644201N11906147WA0073900699004003025178211
B1939093644197N11906147WA0074000699004003023188212
B1939103644194N11906148WA0074000700004003023200217
B1939113644191N11906150WA0074000699004003023211222
B1939123644187N11906153WA0074100699004003025219230
B1939133644184N11906157WA0074100700004003029226222
B1939143644182N11906161WA0074100701004003029227226
B1939153644178N11906165WA0074200702004003028219217
B1939163644175N11906167WA0074300703004003027207206
B1939173644171N11906169WA0074400703004003026200218
B1939183644168N11906171WA0074400704004003027205235
B1939193644164N11906174WA0074500705004003026222252
B1939203644163N11906178WA0074600705004003026253262
B1939213644162N11906182WA0074600705004003028284266
B1939223644164N11906188WA0074500704004003032300298
B1939233644168N11906192WA0074500704004003032318309
B1939243644173N11906195WA0074500704004003033339325
B1939253644178N11906196WA0074400704004003035001343
B1939263644183N11906194WA0074400703004003036018003
B1939273644188N11906191WA0074400703004003035031020
B1939283644192N11906187WA0074400703004003034043035
B1939293644195N11906183WA0074300703004003030046035
B1939303644198N11906179WA0074200701004003030040034
B1939313644202N11906176WA0074100699004003030026025
B1939323644207N11906174WA0074000697004003033018012
B1939333644212N11906172WA0073800697004003033016002
B1939343644216N11906171WA0073700696004003033009356
B1939353644220N11906171WA0073600695004003029351347
B1939363644224N11906172WA0073400694004003026316325
B1939373644225N11906177WA0073100690004003026280289
B1939383644224N11906182WA0072900688004003026241261
B1939393644221N11906186WA0072800688004003026204232
B1939403644216N11906187WA0072800688004003029186204
B1939413644212N11906187WA0072800688004003026178192
B1939423644208N11906187WA0072700687004003026176191
B1939433644205N11906187WA0072700686004003023174188
B1939443644202N11906186WA0072500684004003023172181
B1939453644198N11906186WA0072400682004003026175191
B1939463644194N11906185WA0072300681004003029180207
B1939473644189N11906186WA0072200680004003029190208
B1939483644185N11906187WA0072100679004003029198200
B1939493644182N11906189WA0072000678004003026197200
B1939503644178N11906190WA0071900677004003026190196
B1939513644174N11906191WA0071800676004003026186200
B1939523644169N11906191WA0071800676004003029186222
B1939533644165N11906192WA0071800676004003028186220
B1939543644161N11906193WA0071800676004003028189209
B1939553644157N11906194WA0071800676004003026195209
B1939563644153N11906195WA0071800675004003026200218
B1939573644150N11906197WA0071700674004003027206232
B1939583644146N11906200WA0071700674004003027218247
B1939593644144N11906204WA0071600673004003025243263
B1940003644144N11906208WA0071500671004003025282277
B1940013644146N11906213WA0071400671004003032329304
B1940023644150N11906215WA0071300672004003037003339
B1940033644156N11906213WA0071400673004003037029004
B1940043644161N11906208WA0071500675004003037036028
B1940053644165N11906205WA0071600675004003029026012
B1940063644170N11906203WA0071600674004003029357000
B1940073644174N11906204WA0071500673004003027329329
B1940083644176N11906208WA0071400673004003026305301
B1940093644177N11906213WA0071400672004003023269280
B1940103644175N11906217WA0071400672004003023230250
B1940113644172N11906219WA0071400672004003023197222
B1940123644169N11906219WA0071500672004003023168195
B1940133644166N11906218WA0071400672004003019162183
B1940143644163N11906217WA0071300671004003019171181
B1940153644160N11906217WA0071200670004003019175178
B1940163644156N11906216WA0071200669004003022164186
B1940173644153N11906214WA0071200669004003023150195
B1940183644150N11906212WA0071200669004003023152199
B1940193644147N11906211WA0071100668004003021170195
B1940203644145N11906210WA0071100668004003018181191
B1940213644142N11906210WA0071100668004003016174197
B1940223644140N11906210WA0071100667004003016180214
B1940233644138N11906211WA0070900666004003016216217
B1940243644136N11906215WA0070700663004003018243236
B1940253644135N11906220WA0070600663004003024270259
B1940263644136N11906224WA0070500663004003026299281
B1940273644139N11906228WA0070300662004003029329301
B1940283644144N11906230WA0070100659004003029343322
B1940293644149N11906231WA0070000657004003034350331
B1940303644155N11906232WA0069900657004003034353324
B1940313644159N11906233WA0069800657004003034344316
B1940323644162N11906235WA0069700655004003027311306
B1940333644163N11906239WA0069600652004003020265276
B1940343644162N11906243WA0069400652004003026227249
B1940353644158N11906246WA0069300652004003026213223
B1940363644155N11906248WA0069300652004003025204217
B1940373644152N11906249WA0069300651004003021193215
B1940383644149N11906250WA0069300651004003018191216
B1940393644147N11906251WA0069200649004003018206225
B1940403644145N11906253WA0069100647004003018229231
B1940413644143N11906256WA0068900645004003018253239
B1940423644143N11906260WA0068700643004003022268259
B1940433644143N11906264WA0068700643004003022276268
B1940443644144N11906268WA0068600643004003020282266
B1940453644145N11906271WA0068600642004003017281272
B1940463644145N11906274WA0068500641004003018274261
B1940473644145N11906277WA0068400640004003019272260
B1940483644145N11906281WA0068300639004003018275260
B1940493644145N11906284WA0068200638004003018276266
B1940503644146N11906287WA0068100637004003019272264
B1940513644146N11906291WA0068100636004003021270261
B1940523644146N11906296WA0067900635004003021271252
B1940533644146N11906300WA0067800635004003021271250
B1940543644146N11906303WA0067800635004003015263251
B1940553644145N11906306WA0067800634004003015254250
B1940563644145N11906308WA0067700631004003014263275
B1940573644145N11906311WA0067400632004003014272286
B1940583644145N11906313WA0067500633004003008297283
B1940593644146N11906313WA0067500632004003008330338
B1941003644146N11906313WA0067500632004003006305347
B1941013644147N11906314WA0067500632004003005298281
B1941023644147N11906315WA0067500632004003004328283
B1941033644148N11906315WA0067500631004003004328270
B1941043644148N11906314WA0067500631004003003328274
B1941053644148N11906314WA0067500630004003000328268
B1941063644148N11906314WA0067500630004003001328264
B1941073644148N11906314WA0067500630004003000328263
B1941083644148N11906314WA0067500630004003001328260
B1941093644148N11906315WA0067500630004003001328256
B1941103644149N11906315WA0067500630004003004341257
B1941113644149N11906315WA0067500630004003004341261
B1941123644149N11906315WA0067500629004003003341262
B1941133644149N11906315WA0067500630004003000341261
B1941143644149N11906315WA0067500630004003001341262
B1941153644150N11906315WA0067500630004003003341260
B1941163644151N11906315WA0067500630004003003359259
B1941173644151N11906314WA0067500630004003003359260
B1941183644151N11906315WA0067500630004003001359255
B1941193644151N11906315WA0067500629004003000359256
B1941203644151N11906315WA0067500630004003001359256
B1941213644151N11906315WA0067500629004003000359259
B1941223644151N11906315WA0067500629004003000359256
B1941233644151N11906315WA0067500629004003000359257
B1941243644151N11906315WA0067500629004003001359258
B1941253644151N11906315WA0067500629004003001359257
B1941263644151N11906315WA0067500629004003000359258
B1941273644151N11906315WA0067500629004003000359258
B1941283644151N11906315WA0067500629004003000359258
B1941293644151N11906315WA0067500629004003001359257
B1941303644151N11906315WA0067500629004003000359257
B1941313644151N11906315WA0067500629004003001359257
GO/NOQQs5GtvlpDXlFt+b9D4yrkuXq+SZEat3d4FR1y9eJ0Kh+NVecXYf4Ttn5rWx
GSxAaRCQ8ulibAZWRzyf7Y5De5a0HbYWD5s1Pw3R6L0KQiciC9ZShkrBkpzHDChlK
Gq6ecYuzKDti0ktzNFeJ4ZrPHzbDsB0dyRAm25+vkyFs=
