AXFH000
HFDTE260726
HFPLTPILOT:KaranS
HFGTYGLIDERTYPE:Phi Symphonia 2
HFDTM100GPSDATUM:WGS84
HFRFWFIRMWAREVERSION:9.7
HFRHWHARDWAREVERSION:iPhone 17 Pro
HFFTYFRTYPE:Flyskyhy,9.7
HFGPS:Internal
HFPRSVARIO:XC Tracer
HFCCLCOMPETITIONCLASS:Paraglider
HFTZNTIMEZONE:-7
HFSITSITE:Tollhouse,US
I053638FXA3941VXA4244GSP4547CCO4850HDT
C260726193534260726000104TASK
C0000000N00000000ETAKEOFF
C3700930N11922401W00004009999999000000360000STARTAREA TOLLLN
C3701998N11923196W00000000000400000000360000TURNAREA ROCK
C3702346N11924055W00000000000400000000360000TURNAREA Waypoint
C3701330N11924626W00000000000400000000360000TURNAREA KNOB
C3700122N11924745W00000000000400000000360000TURNAREA LODGE
C3700840N11924023W00000000000400000000360000FINISHAREA TOLLLZ
C0000000N00000000ELANDING
B1936033700898N11922398WA0124201242001003000329031
B1936043700898N11922398WA0124201242001003000329034
B1936053700898N11922398WA0124201242001003000329038
B1936063700898N11922398WA0124201242002003000233065
B1936073700898N11922397WA0124201242001003007073086
B1936083700899N11922396WA0124201242002003007072031
B1936093700899N11922395WA0124201242002003007076029
B1936103700899N11922395WA0124201242003003006102052
B1936113700898N11922395WA0124201242003003003102025
B1936123700898N11922396WA0124201242003003003102033
B1936133700898N11922396WA0124201242003003001102016
B1936143700898N11922396WA0124201242003003001263003
B1936153700898N11922397WA0124201242002003002259007
B1936163700898N11922397WA0124201242002003002259008
B1936173700898N11922397WA0124201242002003001259349
B1936183700898N11922397WA0124201242002003000259018
B1936193700898N11922397WA0124201242002003002014013
B1936203700899N11922397WA0124201242002003003054359
B1936213700899N11922396WA0124201243003003003073256
B1936223700899N11922395WA0124201243003003003073062
B1936233700899N11922394WA0124201243003003003051049
B1936243700898N11922394WA0124101243003003003051119
B1936253700898N11922395WA0124101243003003003232170
B1936263700897N11922397WA0124001243003003005230309
B1936273700896N11922399WA0124001243003003010210120
B1936283700893N11922400WA0124001242003003012204025
B1936293700891N11922401WA0124001242003003012213171
B1936303700889N11922403WA0124201243003003014216078
B1936313700887N11922405WA0124301244003003015208159
B1936323700885N11922406WA0124601244002003015197087
B1936333700882N11922407WA0124701244002003015199050
B1936343700880N11922408WA0124801245002003016204198
B1936353700877N11922410WA0124801245002003018215202
B1936363700874N11922413WA0124901246002003019212209
B1936373700871N11922415WA0125101247002003019201210
B1936383700868N11922416WA0125101247003003020190204
B1936393700865N11922416WA0125101247003003020186208
B1936403700862N11922417WA0124901247004003022207207
B1936413700858N11922419WA0124701247004003022225213
B1936423700855N11922423WA0124601247004003029230228
B1936433700853N11922427WA0124701248004003023233217
B1936443700852N11922431WA0124801250004003023239229
B1936453700850N11922433WA0124901250004003019226223
B1936463700848N11922435WA0124801249004003018216217
B1936473700845N11922437WA0124601246004003023209215
B1936483700842N11922439WA0124401244004003026202191
B1936493700838N11922441WA0124201244004003026190193
B1936503700833N11922441WA0124101243004003030180175
B1936513700829N11922441WA0124001243004003030177197
B1936523700824N11922441WA0123901242004003030183209
B1936533700820N11922442WA0123801241004003028196197
B1936543700816N11922444WA0123601239004003028198195
B1936553700811N11922445WA0123501237004003031192186
B1936563700806N11922446WA0123401236004003034184165
B1936573700801N11922445WA0123401236004003034171177
B1936583700797N11922444WA0123301236004003031162157
B1936593700793N11922442WA0123301236004003028158178
B1937003700790N11922440WA0123201235004003028156177
B1937013700785N11922438WA0123201233004003028162204
B1937023700781N11922438WA0123101232004003028177202
B1937033700778N11922439WA0122901230004003027199214
B1937043700774N11922442WA0122701228004003027219231
B1937053700771N11922446WA0122601228004003029246239
B1937063700770N11922451WA0122401228004003029265254
B1937073700771N11922457WA0122301226004003029279268
B1937083700772N11922462WA0122301226004003027289269
B1937093700774N11922467WA0122201225004003028289262
B1937103700775N11922472WA0122101223004003028288265
B1937113700777N11922478WA0122001222004003030286279
B1937123700778N11922483WA0121901221004003031290279
B1937133700781N11922488WA0121901221004003031298290
B1937143700783N11922493WA0121901221004003031305288
B1937153700786N11922497WA0121901221004003030314299
B1937163700789N11922500WA0121801220004003025323319
B1937173700792N11922502WA0121801219004003025326319
B1937183700796N11922505WA0121701218004003025328338
B1937193700799N11922508WA0121601218004003027335338
B1937203700804N11922510WA0121401215004003035343347
B1937213700810N11922511WA0121201214004003035347340
B1937223700815N11922512WA0121201214004003035346321
B1937233700820N11922514WA0121201213004003034342319
B1937243700824N11922516WA0121201213004003033342315
B1937253700829N11922518WA0121101212004003033343336
B1937263700833N11922519WA0121101212004003031341292
B1937273700836N11922522WA0121101212004003027327284
B1937283700839N11922525WA0121101212004003025308290
B1937293700841N11922530WA0121101212004003028294281
B1937303700842N11922535WA0121201214004003028291283
B1937313700844N11922540WA0121401216004003030293273
B1937323700846N11922546WA0121501217004003033294288
B1937333700848N11922552WA0121701219004003033295276
B1937343700850N11922557WA0121801220004003033296267
B1937353700853N11922563WA0122001222004003035300270
B1937363700855N11922569WA0122201224004003031294253
B1937373700856N11922574WA0122301225004003031277237
B1937383700855N11922578WA0122501226004003027241226
B1937393700851N11922581WA0122501226004003027205204
B1937403700847N11922581WA0122601226004003029177176
B1937413700843N11922578WA0122601227004003029143154
B1937423700841N11922575WA0122601227004003029101132
B1937433700840N11922569WA0122501226004003029071095
B1937443700843N11922561WA0122401225004003041042065
B1937453700849N11922556WA0122201225004003043013034
B1937463700855N11922557WA0122101225004003041355005
B1937473700861N11922560WA0122201225004003041333346
B1937483700866N11922564WA0122301227004003033325324
B1937493700870N11922567WA0122501229004003033327314
B1937503700874N11922570WA0122701231004003030335314
B1937513700878N11922571WA0122901233004003028340321
B1937523700882N11922573WA0123101233004003027339326
B1937533700886N11922575WA0123201233004003028337327
B1937543700890N11922578WA0123301235004003028332326
B1937553700894N11922580WA0123401235004003028323318
B1937563700896N11922584WA0123501236004003024312306
B1937573700899N11922587WA0123501237004003024300289
B1937583700899N11922590WA0123601238004003020281280
B1937593700899N11922593WA0123701238004003015250262
B1938003700897N11922595WA0123701237004003016232234
B1938013700895N11922597WA0123601236004003020222220
B1938023700893N11922600WA0123401236004003020210206
B1938033700888N11922602WA0123401236004003027201207
B1938043700884N11922604WA0123501237004003029187199
B1938053700880N11922603WA0123501237004003029169181
B1938063700876N11922601WA0123601238004003029157178
B1938073700872N11922598WA0123701239004003029151170
B1938083700868N11922595WA0123801241004003029147156
B1938093700865N11922592WA0123901243004003029141165
B1938103700861N11922589WA0124101242004003029132139
B1938113700859N11922584WA0124101242004003029124135
B1938123700857N11922579WA0124001241004003031111107
B1938133700856N11922573WA0124001240004003034093084
B1938143700857N11922566WA0123901240004003034073062
B1938153700860N11922559WA0123901239004003038055050
B1938163700865N11922554WA0123801239004003039039024
B1938173700870N11922551WA0123801239004003039024012
B1938183700875N11922549WA0123701238004003038009001
B1938193700881N11922549WA0123601236004003038356350
B1938203700887N11922550WA0123501237004003041347343
B1938213700893N11922552WA0123501238004003041342326
B1938223700898N11922554WA0123701238004003036336322
B1938233700901N11922557WA0123901240004003030330322
B1938243700903N11922559WA0124001240004003019324308
B1938253700905N11922561WA0124001239004003019324297
B1938263700907N11922563WA0123901238004003017324298
B1938273700909N11922565WA0123701236004003017321285
B1938283700911N11922568WA0123501234004003022313282
B1938293700913N11922571WA0123301232004003023301273
B1938303700915N11922576WA0123101230004003023291270
B1938313700916N11922580WA0122901227004003025282253
B1938323700916N11922585WA0122701226004003023267238
B1938333700915N11922589WA0122601224004003025248236
B1938343700913N11922593WA0122401222004003025237219
B1938353700910N11922597WA0122201222004003026230216
B1938363700908N11922601WA0122101221004003025225239
B1938373700905N11922604WA0122001221004003025221235
B1938383700902N11922607WA0122001220004003025219225
B1938393700899N11922610WA0121901220004003026218218
B1938403700896N11922612WA0121801218004003024208180
B1938413700892N11922613WA0121601216004003026186177
B1938423700888N11922612WA0121401213004003026158161
B1938433700884N11922608WA0121101210004003031138141
B1938443700881N11922602WA0120901209004003036118137
B1938453700879N11922595WA0120801208004003036108135
B1938463700877N11922589WA0120801207004003035109145
B1938473700876N11922583WA0120701207004003034112132
B1938483700874N11922577WA0120601206004003035112140
B1938493700872N11922571WA0120601205004003035109147
B1938503700870N11922566WA0120501204004003034109142
B1938513700868N11922560WA0120401203004003033115140
B1938523700865N11922555WA0120201201004003034124139
B1938533700862N11922550WA0120001199004003036135145
B1938543700858N11922545WA0120001198005003036140153
B1938553700853N11922541WA0119901198004003037141172
B1938563700849N11922536WA0119801196004003036139164
B1938573700845N11922532WA0119601195004003036139162
B1938583700841N11922528WA0119501193004003036140159
B1938593700836N11922523WA0119501194004003037139155
B1939003700832N11922518WA0119601195004003039135152
B1939013700827N11922512WA0119801197004003038129154
B1939023700824N11922507WA0120101200004003038125157
B1939033700822N11922502WA0120401202004003036124149
B1939043700819N11922496WA0120601203004003035126147
B1939053700815N11922491WA0120801205004003036125151
B1939063700812N11922486WA0121001208004003036127155
B1939073700809N11922482WA0121201210004003034144154
B1939083700805N11922480WA0121301210004003030179171
B1939093700802N11922482WA0121401210004003027212199
B1939103700798N11922486WA0121601211004003027238225
B1939113700797N11922490WA0121701213004003023270244
B1939123700798N11922493WA0121901213004003016302266
B1939133700800N11922495WA0122101215004003020321285
B1939143700804N11922497WA0122201217004003027331302
B1939153700808N11922500WA0122401219004003027350317
B1939163700812N11922499WA0122501220004003027009338
B1939173700816N11922497WA0122801224004003027018354
B1939183700820N11922496WA0123001227004003029016340
B1939193700824N11922495WA0123201229004003029010332
B1939203700828N11922494WA0123301231004003029000322
B1939213700831N11922495WA0123401232004003018341312
B1939223700832N11922497WA0123401232004003018299294
B1939233700832N11922500WA0123401232004003016259268
B1939243700831N11922503WA0123301232004003016234242
B1939253700828N11922505WA0123301232004003020202227
B1939263700824N11922505WA0123301232004003024172205
B1939273700821N11922504WA0123301233004003024158184
B1939283700817N11922502WA0123301233004003026155175
B1939293700814N11922500WA0123301233004003023155172
B1939303700811N11922498WA0123401233004003023152171
B1939313700808N11922495WA0123401234004003023146158
B1939323700805N11922492WA0123301233004003023135148
B1939333700803N11922489WA0123301233004003023124123
B1939343700802N11922484WA0123201232004003027105111
B1939353700802N11922478WA0123101231004003027083093
B1939363700804N11922471WA0123001229004003033064066
B1939373700807N11922464WA0123001230004003045046040
B1939383700813N11922460WA0123001231004003045029021
B1939393700819N11922458WA0123101232004003042009006
B1939403700825N11922458WA0123201233004003039351348
B1939413700830N11922460WA0123301233004003033340331
B1939423700834N11922462WA0123501236004003033335321
B1939433700838N11922465WA0123801237004003028336317
B1939443700841N11922467WA0124001239004003025333313
B1939453700844N11922469WA0124201241004003024330309
B1939463700847N11922471WA0124301243004003024329305
B1939473700850N11922473WA0124401245004003024327303
B1939483700853N11922476WA0124501245004003024322308
B1939493700855N11922478WA0124501245004003019318305
B1939503700857N11922481WA0124501245004003019313278
B1939513700858N11922483WA0124401244004003017296272
B1939523700859N11922486WA0124201241004003017263248
B1939533700857N11922490WA0123901239004003022239244
B1939543700854N11922493WA0123701237004003027216213
B1939553700850N11922495WA0123501235004003027200203
B1939563700845N11922497WA0123501235004003032189209
B1939573700841N11922497WA0123601236004003028181203
B1939583700837N11922497WA0123601236004003028175194
B1939593700834N11922496WA0123601236004003026165190
B1940003700829N11922494WA0123501235004003026159175
B1940013700825N11922492WA0123401234004003034155187
B1940023700820N11922489WA0123401235004003037155207
B1940033700815N11922486WA0123401235004003035158185
B1940043700810N11922484WA0123401235004003035164192
B1940053700805N11922483WA0123401234004003032170187
B1940063700801N11922482WA0123301233004003033171203
B1940073700796N11922481WA0123201232004003032168191
B1940083700791N11922480WA0123001230004003032165182
B1940093700786N11922478WA0122901228004003034159163
B1940103700781N11922475WA0122701226004003037150165
B1940113700777N11922471WA0122501224004003037142160
B1940123700773N11922466WA0122301222004003037136161
B1940133700769N11922462WA0122101220004003035137164
B1940143700765N11922458WA0122001218004003035147178
B1940153700761N11922455WA0121801217004003032158180
B1940163700756N11922454WA0121801216004003031172214
B1940173700752N11922454WA0121601216004003026194232
B1940183700749N11922457WA0121501214004003027216235
B1940193700746N11922461WA0121301212004003027234258
B1940203700745N11922465WA0121101210004003027258270
B1940213700746N11922470WA0120901208004003024284277
B1940223700748N11922474WA0120701206004003024297289
B1940233700749N11922477WA0120601206004003023303296
B1940243700751N11922480WA0120401204004003020306293
B1940253700753N11922483WA0120301204004003022312291
B1940263700756N11922487WA0120101201004003030318297
B1940273700760N11922491WA0120001202004003030316314
B1940283700763N11922496WA0120101203004003032313289
B1940293700766N11922500WA0120201205004003028312317
B1940303700769N11922503WA0120401206004003028315297
B1940313700772N11922507WA0120501205004003028317318
B1940323700775N11922510WA0120501205004003029320330
B1940333700779N11922513WA0120501205004003027323321
B1940343700782N11922516WA0120501205004003027323322
B1940353700785N11922520WA0120601206004003027318320
B1940363700788N11922523WA0120601206004003028320317
B1940373700793N11922526WA0120701207004003034332321
B1940383700798N11922528WA0120901209004003035346325
B1940393700803N11922529WA0121001211004003034002339
B1940403700807N11922528WA0121101212004003031011350
B1940413700811N11922527WA0121201212004003029006343
B1940423700816N11922527WA0121101211004003035357345
B1940433700822N11922528WA0121101210004003035351336
B1940443700829N11922529WA0121101211004003042352338
B1940453700835N11922530WA0121201211004003043358335
B1940463700841N11922530WA0121501215004003043000324
B1940473700847N11922530WA0121801218004003039357327
B1940483700852N11922531WA0122001220004003036350307
B1940493700856N11922532WA0122201222004003031342318
B1940503700860N11922535WA0122401224004003031330299
B1940513700863N11922538WA0122601226004003029316291
B1940523700865N11922541WA0122901229004003025293277
B1940533700865N11922545WA0123001231004003018258259
B1940543700862N11922547WA0123201233004003019207231
B1940553700860N11922548WA0123401233004003019150201
B1940563700855N11922544WA0123601234004003030121160
B1940573700855N11922534WA0123701234004003045087126
B1940583700858N11922526WA0123801234004003051061084
B1940593700862N11922517WA0123801235004003051026053
B1941003700870N11922514WA0124101236004003051004015
B1941013700876N11922515WA0124401241004003038350352
B1941023700882N11922517WA0124801246004003038348334
B1941033700886N11922518WA0125101250004003032354329
B1941043700891N11922519WA0125401253004003030351322
B1941053700895N11922521WA0125601255004003026338317
B1941063700898N11922524WA0125701256004003026319304
B1941073700900N11922528WA0125801257004003026300290
B1941083700902N11922533WA0125801258004003026283277
B1941093700901N11922538WA0125901260004003027262264
B1941103700900N11922542WA0126101262004003024246251
B1941113700898N11922546WA0126301265004003024238238
B1941123700897N11922549WA0126501267004003021230233
B1941133700895N11922551WA0126701268004003018218213
B1941143700893N11922552WA0126701269004003016196209
B1941153700890N11922552WA0126701268004003021175196
B1941163700886N11922551WA0126701268004003021160182
B1941173700882N11922548WA0126701268003003027148173
B1941183700878N11922544WA0126801269004003033140166
B1941193700875N11922540WA0126901271003003033134168
B1941203700872N11922536WA0127001271004003032134170
B1941213700868N11922532WA0127001272003003031140171
B1941223700864N11922528WA0127101272004003032144154
B1941233700861N11922525WA0127201273004003032140127
B1941243700858N11922520WA0127501276003003031123111
B1941253700857N11922514WA0127701279004003031099105
B1941263700857N11922506WA0127901280004003044082085
B1941273700860N11922498WA0128001282004003045064064
B1941283700864N11922491WA0128201284004003044048044
B1941293700869N11922487WA0128401286004003043032030
B1941303700874N11922484WA0128501287004003039017016
B1941313700880N11922482WA0128701289004003039011358
B1941323700885N11922482WA0128901292004003038002350
B1941333700890N11922483WA0129101293004003035347341
B1941343700893N11922485WA0129201294003003025324326
B1941353700895N11922489WA0129201295003003026300300
B1941363700896N11922494WA0129301296004003026287277
B1941373700897N11922498WA0129501299004003026278261
B1941383700897N11922501WA0129701301004003013262257
B1941393700896N11922503WA0129801302003003013246249
B1941403700896N11922505WA0129901302003003013251255
B1941413700895N11922509WA0129901302004003015265255
B1941423700895N11922512WA0129901302003003020272258
B1941433700895N11922516WA0129901303004003020260238
B1941443700893N11922519WA0129901303004003019232233
B1941453700891N11922521WA0129901303004003019204210
B1941463700886N11922521WA0129901303004003028180197
B1941473700882N11922520WA0129901303004003033159180
B1941483700877N11922516WA0129901303003003033138164
B1941493700874N11922511WA0130001304004003033125146
B1941503700872N11922506WA0130001305004003032121138
B1941513700869N11922500WA0130001304004003033119131
B1941523700867N11922495WA0130001304004003033114119
B1941533700866N11922488WA0129901303003003035103109
B1941543700865N11922480WA0129901302004003044090094
B1941553700867N11922471WA0129801302004003046073078
B1941563700870N11922464WA0129701301004003046054061
B1941573700875N11922457WA0129701301004003049036041
B1941583700881N11922453WA0129801302004003045025020
B1941593700887N11922451WA0129901304004003045012008
B1942003700893N11922450WA0130001304004003040000355
B1942013700898N11922451WA0130101305004003036351343
B1942023700902N11922452WA0130101306004003028342329
B1942033700906N11922455WA0130101306004003028333312
B1942043700909N11922457WA0130101305003003025324298
B1942053700912N11922461WA0130001304003003025315292
B1942063700914N11922465WA0129901304004003027301277
B1942073700916N11922469WA0130001304004003027284262
B1942083700916N11922474WA0130001305004003025269256
B1942093700915N11922478WA0130101306003003023262265
B1942103700915N11922482WA0130101306004003021266258
B1942113700915N11922485WA0130101305003003021269242
B1942123700915N11922489WA0130101306004003021257227
B1942133700913N11922492WA0130101306004003019229217
B1942143700910N11922494WA0130101305004003022199204
B1942153700906N11922493WA0130101305004003027173190
B1942163700902N11922492WA0130001305004003027157180
B1942173700899N11922489WA0130001305004003029143172
B1942183700895N11922485WA0130001305004003030135173
B1942193700892N11922481WA0130101305004003030133162
B1942203700889N11922476WA0130101306004003030130162
B1942213700886N11922471WA0130101306003003031127159
B1942223700883N11922466WA0130101306004003035126167
B1942233700880N11922461WA0130101307004003035127158
B1942243700877N11922456WA0130201308004003034128170
B1942253700873N11922451WA0130401309004003034129172
B1942263700870N11922445WA0130601310004003037134186
B1942273700866N11922441WA0130901315003003037138194
B1942283700863N11922439WA0131301319004003031145192
B1942293700861N11922437WA0131601322004003023145171
B1942303700858N11922434WA0132001326004003023139168
B1942313700855N11922431WA0132301326004003030124144
B1942323700853N11922424WA0132501328004003030108153
B1942333700852N11922417WA0132601330004003038103157
B1942343700850N11922409WA0132701330004003039106147
B1942353700848N11922403WA0132701331003003039112148
B1942363700846N11922397WA0132801332004003036117149
B1942373700844N11922392WA0132901333004003033121156
B1942383700841N11922388WA0133001334003003026128159
B1942393700839N11922385WA0133101335004003026144169
B1942403700837N11922384WA0133101335004003020175182
B1942413700835N11922385WA0133101336004003015221207
B1942423700835N11922387WA0133201337004003010279235
B1942433700836N11922389WA0133301338003003015319260
B1942443700839N11922391WA0133401339004003015337285
B1942453700842N11922392WA0133501341003003020346302
B1942463700845N11922392WA0133601342004003022349320
B1942473700849N11922393WA0133701343004003026354325
B1942483700853N11922393WA0133701343004003026356320
B1942493700859N11922394WA0133701343004003032353308
B1942503700864N11922396WA0133801344004003032341296
B1942513700866N11922399WA0133901346004003032313285
B1942523700866N11922401WA0134001346004003021255269
B1942533700864N11922403WA0134001346004003016210238
B1942543700862N11922405WA0134101347004003018188217
B1942553700859N11922405WA0134201349004003018180208
B1942563700856N11922404WA0134301349004003018174201
B1942573700854N11922403WA0134501351004003018158188
B1942583700851N11922400WA0134701353004003028138162
B1942593700848N11922395WA0134801354004003036116134
B1943003700847N11922387WA0135001355004003036097106
B1943013700848N11922378WA0135101356004003044077087
B1943023700851N11922368WA0135201358004003054060058
B1943033700855N11922360WA0135401359004003054038038
B1943043700861N11922356WA0135601362004003050024015
B1943053700867N11922355WA0135801364004003044009001
B1943063700872N11922355WA0136001366004003031004347
B1943073700876N11922355WA0136101367004003031003335
B1943083700880N11922355WA0136101367004003027358335
B1943093700884N11922356WA0136101366004003026342325
B1943103700887N11922358WA0136001366004003022317310
B1943113700888N11922362WA0135901365004003022287286
B1943123700888N11922365WA0135901366004003019249265
B1943133700886N11922367WA0135901366004003016209241
B1943143700883N11922367WA0135901366004003016186219
B1943153700880N11922367WA0136001367004003021175209
B1943163700877N11922367WA0136101368004003021174215
B1943173700874N11922366WA0136201370004003021177212
B1943183700872N11922367WA0136401372004003019191210
B1943193700870N11922368WA0136501374004003014207214
B1943203700868N11922369WA0136701376004003014199205
B1943213700865N11922369WA0136901378004003014168195
B1943223700862N11922366WA0137001378004003018143183
B1943233700859N11922363WA0137201379004003033128190
B1943243700856N11922358WA0137401381004003033130167
B1943253700853N11922354WA0137401381004003031145172
B1943263700850N11922352WA0137401381004003025167184
B1943273700846N11922353WA0137401381004003024196202
B1943283700844N11922356WA0137501383004003024224220
B1943293700842N11922360WA0137701385004003024253236
B1943303700842N11922364WA0137901385004003023283252
B1943313700843N11922367WA0138101386004003019306270
B1943323700845N11922370WA0138201387004003019317284
B1943333700847N11922371WA0138201387004003017325295
B1943343700850N11922373WA0138101387004003017329306
B1943353700853N11922375WA0137901385004003028334308
B1943363700858N11922378WA0137801384004003032337318
B1943373700863N11922380WA0137801384004003032338326
B1943383700867N11922382WA0137801385004003033340328
B1943393700872N11922384WA0137901386004003035341335
B1943403700877N11922386WA0138001388004003037344331
B1943413700883N11922387WA0138201390004003037351337
B1943423700888N11922388WA0138401392004003037355342
B1943433700893N11922388WA0138501393004003030355337
B1943443700897N11922389WA0138501394004003030349320
B1943453700901N11922390WA0138501394004003029344330
B1943463700905N11922392WA0138501393004003029342308
B1943473700909N11922394WA0138401392004003028338316
B1943483700913N11922396WA0138201390004003028331318
B1943493700916N11922399WA0138001387004003027321331
B1943503700920N11922403WA0137701387004003027322335
B1943513700924N11922405WA0137401384004003031334338
B1943523700928N11922407WA0137101380004003035347333
B1943533700934N11922408WA0136901378004003035353335
B1943543700940N11922409WA0136801376004003037354343
B1943553700945N11922409WA0136601375004003037354335
B1943563700951N11922410WA0136501374004003038354339
B1943573700957N11922411WA0136401373004003038354334
B1943583700962N11922411WA0136301372004003038353330
B1943593700968N11922412WA0136201371004003037351335
B1944003700973N11922414WA0136101369004003038348321
B1944013700979N11922415WA0135901368004003038347334
B1944023700986N11922417WA0135801365004003041345329
B1944033700992N11922420WA0135601364004003043343331
B1944043700998N11922422WA0135601364004003043342336
B1944053701004N11922424WA0135601364004003043343329
B1944063701010N11922426WA0135601365004003042343323
B1944073701015N11922429WA0135701366004003039337326
B1944083701020N11922432WA0135801366004003039333336
B1944093701026N11922436WA0135801366004003039333347
B1944103701032N11922439WA0135801367004003041337339
B1944113701038N11922442WA0135901368004003044342335
B1944123701044N11922444WA0136001369004003044344319
B1944133701049N11922446WA0136101371004003041342324
B1944143701054N11922448WA0136301373004003037338323
B1944153701059N11922450WA0136501375004003033342331
B1944163701064N11922450WA0136701377004003034000332
B1944173701069N11922449WA0137001381004003034011319
B1944183701074N11922448WA0137301384004003034006300
B1944193701078N11922448WA0137601384004003023345279
B1944203701080N11922450WA0137701383004003023280269
B1944213701077N11922455WA0137701384004003023234253
B1944223701074N11922459WA0137901385004003025220228
B1944233701071N11922462WA0138101386004003021221245
B1944253701069N11922465WA0138401387004003021219217
B1944263701067N11922466WA0138601388004003016202203
B1944273701064N11922466WA0138701389004003016192202
B1944283701061N11922467WA0138701390004003022190191
B1944293701058N11922467WA0138701391004003025184195
B1944303701054N11922467WA0138701392004003025177202
B1944313701049N11922466WA0138801393004003028174213
B1944323701045N11922466WA0138901395004003027182219
B1944333701042N11922467WA0139101396004003027193221
B1944343701038N11922468WA0139201397004003024213250
B1944353701036N11922471WA0139301399004003023228269
B1944363701035N11922476WA0139501401004003022256288
B1944373701036N11922480WA0139501402004003022283295
B1944383701037N11922484WA0139601403004003022302303
B1944393701040N11922487WA0139701404004003023315309
B1944403701042N11922490WA0139701405004003022326315
B1944413701045N11922491WA0139801406004003022344319
B1944423701049N11922491WA0139901408004003022011325
B1944433701052N11922489WA0140001408004003023030345
B1944443701056N11922485WA0140201410004003037041009
B1944453701060N11922480WA0140401413004003038051043
B1944463701063N11922473WA0140701417004003037068056
B1944473701064N11922466WA0141001417004003037091079
B1944483701063N11922459WA0141001417004003039112112
B1944493701060N11922453WA0141101417004003039122142
B1944503701056N11922449WA0141101419004003038138151
B1944513701052N11922445WA0141101419004003033164168
B1944523701048N11922446WA0141101419004003029182189
B1944533701043N11922447WA0141201420004003031196205
B1944543701039N11922450WA0141201421004003029211216
B1944553701036N11922454WA0141201422004003029232228
B1944563701034N11922458WA0141301423004003024247243
B1944573701034N11922462WA0141401423004003024261255
B1944583701034N11922466WA0141401424004003023275264
B1944593701035N11922471WA0141501425004003023288274
B1945003701036N11922475WA0141601426004003023300283
B1945013701039N11922478WA0141701428004003023310292
B1945023701041N11922481WA0141801429004003023318300
B1945033701044N11922484WA0142001431004003024324305
B1945043701047N11922486WA0142101432004003022334311
B1945053701050N11922487WA0142201433004003022344318
B1945063701052N11922487WA0142101433004003016352326
B1945073701054N11922488WA0142001431004003016351324
B1945083701057N11922489WA0141801429004003022340318
B1945093701060N11922492WA0141501426004003027321308
B1945103701063N11922496WA0141301424004003027302311
B1945113701065N11922501WA0141201424004003028292312
B1945123701067N11922506WA0141201424004003026298299
B1945133701069N11922509WA0141101424004003026307298
B1945143701071N11922514WA0141101424004003026307264
B1945153701074N11922518WA0141101424004003028302287
B1945163701076N11922523WA0141101424004003027297289
B1945173701077N11922527WA0141101423004003028298294
B1945183701080N11922531WA0141101423004003028306304
B1945193701085N11922539WA0141101423004003028312287
B1945203701088N11922543WA0141101424004003026312287
B1945213701091N11922546WA0141201425004003026314293
B1945223701093N11922550WA0141301426004003025313307
B1945233701095N11922553WA0141401427004003024310306
B1945243701098N11922556WA0141501428004003023313326
B1945253701100N11922558WA0141601429004003019329341
B1945263701103N11922559WA0141601429004003021345339
B1945273701107N11922560WA0141601428004003021351319
E194527TPCWaypoint TOLLLN reached
B1945283701112N11922561WA0141501427004003028344307
B1945293701117N11922564WA0141501427004003035331301
B1945303701121N11922568WA0141501427004003037316301
B1945313701125N11922573WA0141801429004003037314306
B1945323701129N11922577WA0142101433004003035317304
B1945333701132N11922581WA0142401436004003033324297
B1945343701136N11922584WA0142701439004003031325294
B1945353701139N11922587WA0142901441004003024315280
B1945363701141N11922591WA0143101441004003024288273
B1945373701141N11922595WA0143101442004003021258258
B1945383701139N11922598WA0143201443004003020226242
B1945393701136N11922599WA0143301445004003020191221
B1945403701132N11922598WA0143401446004003025159198
B1945413701129N11922595WA0143501446004003025137166
B1945423701125N11922589WA0143601446004003032121138
B1945433701123N11922581WA0143601447004003045105112
B1945443701123N11922572WA0143501446004003047085090
B1945453701126N11922564WA0143601447004003047062067
B1945463701131N11922558WA0143601447004003047038044
B1945473701137N11922555WA0143701449004003045013020
B1945483701144N11922555WA0143901452004003045355358
B1945493701149N11922557WA0144101455004003041350341
B1945503701154N11922557WA0144401457004003036356335
B1945513701158N11922557WA0144501458004003031001334
B1945523701163N11922557WA0144501458004003033358337
B1945533701168N11922557WA0144601459004003033348324
B1945543701173N11922560WA0144601460004003034338315
B1945553701177N11922563WA0144701461004003032329312
B1945563701181N11922566WA0144801462004003032322304
B1945583701184N11922570WA0144901463004003029321330
B1945593701188N11922573WA0145001463004003029321325
B1946003701192N11922577WA0145001463004003034325317
B1946013701197N11922581WA0145101464004003034326308
B1946023701200N11922584WA0145201465004003034317283
B1946033701203N11922588WA0145201465004003030286270
B1946043701202N11922592WA0145101464004003027251249
B1946053701199N11922597WA0144901462004003029231239
B1946063701196N11922601WA0144901462004003028215227
B1946073701192N11922603WA0144901462004003028202235
B1946083701189N11922605WA0144901462004003024203230
B1946093701185N11922607WA0144801461004003025219238
B1946103701183N11922611WA0144701460004003025238248
B1946113701182N11922616WA0144601459004003027259260
B1946123701182N11922621WA0144501458004003029274270
B1946133701183N11922627WA0144501458004003029285276
B1946143701185N11922632WA0144401457004003028293284
B1946153701186N11922636WA0144401457004003027300294
B1946163701188N11922640WA0144201456004003025302296
B1946173701190N11922644WA0144101454004003027300301
B1946183701192N11922649WA0144001453004003027297295
B1946193701194N11922653WA0143901452004003027299304
B1946203701196N11922657WA0143901452004003024305304
B1946213701199N11922660WA0143801451004003024312307
B1946223701201N11922664WA0143601449004003024316312
B1946233701204N11922667WA0143401447004003025317309
B1946243701208N11922671WA0143301445004003031316310
B1946253701211N11922675WA0143201444004003031313307
B1946263701214N11922679WA0143101444004003030306295
B1946273701215N11922683WA0143001443004003027298295
B1946283701217N11922687WA0142901442004003024296301
B1946293701219N11922691WA0142901441004003024297303
B1946303701220N11922696WA0142701439004003024296298
B1946313701222N11922700WA0142601438004003026292295
B1946323701224N11922705WA0142501437004003029291291
B1946333701225N11922710WA0142401436004003030292309
B1946343701227N11922715WA0142401436004003029296309
B1946353701229N11922720WA0142301435004003029303315
B1946363701232N11922724WA0142201435004003028308311
B1946373701235N11922728WA0142101434004003028310314
B1946383701237N11922732WA0142101432004003028307302
B1946393701240N11922737WA0142001431004003029304312
B1946403701242N11922742WA0141901431004003030300307
B1946413701244N11922747WA0141801430004003030297305
B1946423701247N11922752WA0141801429004003030298312
B1946433701249N11922757WA0141701428004003031302311
B1946443701252N11922762WA0141701428004003030303309
B1946453701254N11922766WA0141701428004003030303314
B1946463701257N11922771WA0141601428004003029306318
B1946473701259N11922775WA0141601427004003028309319
B1946483701262N11922779WA0141501426004003028307307
B1946493701264N11922783WA0141301424004003028301310
B1946503701266N11922788WA0141201422004003028299317
B1946513701269N11922793WA0141001421004003029305322
B1946523701272N11922797WA0140901419004003029314313
B1946533701275N11922800WA0140701418004003029316318
B1946543701278N11922804WA0140501415004003029315308
B1946553701282N11922808WA0140301412004003030315321
B1946563701285N11922813WA0140001409004003035318322
B1946573701289N11922817WA0139801409004003036318310
B1946583701293N11922822WA0139601409004003035316317
B1946593701297N11922826WA0139501407004003035313298
B1947003701299N11922830WA0139401406004003026311301
B1947013701302N11922833WA0139201405004003026310305
B1947023701304N11922837WA0139001404004003026312298
B1947033701307N11922840WA0138801401004003026314301
B1947043701311N11922845WA0138601399004003034315295
B1947053701314N11922850WA0138501398004003034311291
B1947063701318N11922854WA0138501397004003034309308
B1947073701321N11922858WA0138401397004003032312303
B1947083701324N11922862WA0138401396004003028317317
B1947093701327N11922865WA0138301395004003028317296
B1947103701330N11922869WA0138301393004003028309301
B1947113701332N11922874WA0138101391004003028301298
B1947123701334N11922879WA0138001390004003028297300
B1947133701336N11922883WA0137701387004003028294299
B1947143701337N11922888WA0137501384004003028295298
B1947153701339N11922894WA0137301382004003030296311
B1947163701342N11922898WA0137101380004003030300317
B1947173701344N11922903WA0136901378004003030304304
B1947183701346N11922907WA0136701378004003028302300
B1947193701348N11922912WA0136401375004003028296313
B1947203701350N11922917WA0136201374004003031294309
B1947213701352N11922922WA0136001374004003033299320
B1947223701355N11922928WA0135701373004003033313308
B1947233701359N11922932WA0135501370004003033317308
B1947243701362N11922936WA0135301366004003031309286
B1947253701364N11922942WA0134901363004003032297302
B1947263701366N11922946WA0134801360004003031294307
B1947273701368N11922951WA0134701358004003029304303
B1947283701371N11922954WA0134501355004003026313304
B1947293701374N11922957WA0134301352004003025312306
B1947303701376N11922961WA0134001349004003026308303
B1947313701379N11922965WA0133701346004003026308311
B1947323701381N11922969WA0133501343004003026312311
B1947333701384N11922972WA0133201339004003026314309
B1947343701387N11922976WA0132901336004003028311308
B1947353701389N11922980WA0132601333004003030307308
B1947363701392N11922985WA0132401331004003030307314
B1947373701395N11922989WA0132301330004003030307314
B1947383701397N11922993WA0132101328004003028304304
B1947393701399N11922997WA0131901326004003024298296
B1947403701400N11923001WA0131701323004003026295298
B1947413701402N11923006WA0131401320004003026297292
B1947423701404N11923011WA0131101317004003028298296
B1947433701407N11923016WA0130901314004003029297294
B1947443701409N11923021WA0130601311004003030298299
B1947453701411N11923025WA0130401309004003030302309
B1947463701414N11923030WA0130201307004003029306313
B1947473701416N11923034WA0129901304004003029309315
B1947483701419N11923038WA0129701302004003029313311
B1947493701423N11923042WA0129401299004003030315308
B1947503701426N11923046WA0129201297004003030316307
B1947513701429N11923050WA0129101295004003030315300
B1947523701432N11923054WA0128901294004003028311297
B1947533701435N11923058WA0128801292004003028311293
B1947543701437N11923061WA0128601291004003026314307
B1947553701440N11923064WA0128501289004003026318306
B1947563701444N11923068WA0128401287004003028319321
B1947573701447N11923071WA0128201285004003028317312
B1947583701450N11923075WA0128001284004003027317312
B1947593701453N11923078WA0127801282004003027326316
B1948003701457N11923081WA0127601279004003032334295
B1948013701462N11923083WA0127401277004003032332290
B1948023701466N11923087WA0127201274004003032321286
B1948033701469N11923091WA0126901272004003031314286
B1948043701472N11923095WA0126701270004003031317295
B1948053701476N11923098WA0126601269004003031319311
B1948063701479N11923102WA0126401267004003030315267
B1948073701481N11923105WA0126201265004003025303276
B1948083701482N11923109WA0125901261004003021294278
B1948093701483N11923113WA0125601257004003024296291
B1948103701485N11923117WA0125201254004003024301293
B1948113701488N11923121WA0125001251004003027307294
B1948123701491N11923125WA0124701249004003026312285
B1948133701493N11923128WA0124501247004003026317289
B1948143701496N11923131WA0124401245004003025320294
B1948153701499N11923134WA0124201243004003024319298
B1948163701502N11923137WA0124001241004003025317314
B1948173701504N11923140WA0123901240004003025317321
B1948183701507N11923143WA0123701238004003025320311
B1948193701510N11923146WA0123601237004003025320304
B1948203701513N11923149WA0123501235004003024316303
B1948213701515N11923152WA0123301233004003025312313
B1948223701518N11923156WA0123101232004003025310308
B1948233701520N11923159WA0122901230004003025310300
B1948243701523N11923163WA0122701227004003025309296
B1948253701525N11923166WA0122501225004003025311290
B1948263701527N11923170WA0122301223004003025309283
B1948273701530N11923174WA0122001220004003025301274
B1948283701531N11923178WA0121801218004003024291282
B1948293701532N11923182WA0121601215004003024284285
B1948303701533N11923187WA0121301213004003024286287
B1948313701534N11923191WA0121101211004003024292286
B1948323701535N11923195WA0120901209004003023291269
B1948333701536N11923199WA0120801207004003023286269
B1948343701537N11923204WA0120601204004003023282267
B1948353701538N11923208WA0120401202004003023280274
B1948363701539N11923212WA0120201200004003023282262
B1948373701540N11923216WA0120001198004003024289291
B1948383701541N11923220WA0119801197004003024299283
B1948393701543N11923224WA0119601194004003024306292
B1948403701546N11923228WA0119401192004003027304280
B1948413701548N11923233WA0119101189004003029298291
B1948423701550N11923238WA0118901187004003029294279
B1948433701551N11923243WA0118701185004003029296309
B1948443701554N11923247WA0118501182004003027301304
B1948453701556N11923251WA0118201179004003028306288
B1948463701559N11923256WA0117901176004003028304281
B1948473701561N11923261WA0117701174004003030297273
B1948483701562N11923266WA0117501171004003029289273
B1948493701563N11923271WA0117301169004003029285281
B1948503701565N11923276WA0117001167004003028289284
B1948513701566N11923280WA0116801164004003026296289
B1948523701569N11923284WA0116601162004003026301285
B1948533701571N11923289WA0116401160004003027304287
B1948543701573N11923293WA0116301159004003027303297
B1948553701575N11923297WA0116201157004003027300286
B1948563701577N11923301WA0116101156004003025298290
B1948573701579N11923305WA0115901155004003025294294
B1948583701580N11923310WA0115801154004003025288295
B1948593701581N11923314WA0115801154004003025284275
B1949003701581N11923318WA0115801154004003022278262
B1949013701581N11923322WA0115801154004003022269280
B1949023701581N11923325WA0115701153004003018265249
B1949033701581N11923329WA0115501150004003018270266
B1949043701581N11923333WA0115301147004003022271261
B1949053701581N11923337WA0114901143004003026268272
B1949063701581N11923342WA0114601140004003026270288
B1949073701582N11923348WA0114301138004003028280304
B1949083701583N11923352WA0114101136004003028292299
B1949093701585N11923357WA0114001134004003028293301
B1949103701586N11923361WA0113901133004003026284278
B1949113701587N11923366WA0113801132004003026287264
B1949123701589N11923372WA0113901132004003033293276
B1949133701591N11923378WA0113901133004003035291271
B1949143701592N11923384WA0114001134004003034289265
B1949153701594N11923389WA0114201137004003034289277
B1949163701596N11923394WA0114401139004003029292279
B1949173701597N11923399WA0114601141004003029297299
B1949183701600N11923404WA0114801143004003029301293
B1949193701603N11923409WA0115001145004003031305300
B1949203701606N11923414WA0115101147004003036310282
B1949213701610N11923419WA0115301149004003038315293
B1949223701614N11923424WA0115601151004003037316269
B1949233701618N11923429WA0115801154004003037311263
B1949243701621N11923434WA0116101157004003034301261
B1949253701622N11923440WA0116301159004003034283255
B1949263701621N11923445WA0116501162004003031259247
B1949273701620N11923450WA0116901163004003029231231
B1949283701617N11923452WA0117301168004003023195217
B1949293701614N11923450WA0117701173004003023156195
B1949303701612N11923447WA0118101178004003020123170
B1949313701611N11923443WA0118501181004003020094143
B1949323701612N11923437WA0118701183004003024070113
B1949333701616N11923431WA0118901185004003040052072
B1949343701621N11923426WA0119101187004003045031045
B1949353701628N11923423WA0119301190004003045011022
B1949363701635N11923423WA0119701194004003048357000
B1949373701642N11923425WA0120101199004003048345345
B1949383701647N11923428WA0120601204004003038333331
B1949393701651N11923432WA0120901208004003038321316
B1949403701655N11923437WA0121301211004003038311304
B1949413701658N11923443WA0121601215004003038301293
B1949423701660N11923449WA0121901218004003038285282
B1949433701659N11923454WA0122201222004003024255266
B1949443701657N11923456WA0122501224004003024201233
B1949453701653N11923455WA0122701226004003024161196
B1949463701650N11923453WA0123001227004003024127168
B1949473701647N11923448WA0123401229004003028102145
B1949483701648N11923441WA0123801234004003033085123
B1949493701650N11923434WA0124301239004003038066105
B1949503701654N11923427WA0124601244004003038048083
B1949513701660N11923422WA0125101249004003045032063
B1949523701667N11923419WA0125501254004003047015040
B1949533701674N11923419WA0125901259004003044359018
B1949543701680N11923421WA0126301263004003044345357
B1949553701685N11923424WA0126701267004003040330338
B1949563701689N11923428WA0127001270004003037314318
B1949573701691N11923433WA0127201272004003034294297
B1949583701691N11923439WA0127301274004003028271274
B1949593701690N11923443WA0127501276004003028239247
B1950003701687N11923445WA0127701278004003022203220
B1950013701685N11923445WA0127901279004003020180207
B1950023701682N11923445WA0128101279004003016181186
B1950033701680N11923445WA0128301282004003016183180
B1950043701678N11923445WA0128501285004003016175172
B1950053701675N11923444WA0128701288004003017153159
B1950063701672N11923440WA0129001290004003030128143
B1950073701670N11923433WA0129201294004003037105117
B1950083701669N11923426WA0129501294004003037073096
B1950093701672N11923419WA0129901299004003043055072
B1950103701678N11923413WA0130201303004003046036053
B1950113701684N11923410WA0130601308004003046021032
B1950123701690N11923409WA0131001313004003044004016
B1950133701696N11923409WA0131401317004003041349354
B1950143701700N11923412WA0131701321004003032332336
B1950153701704N11923415WA0132001324004003032320311
B1950163701707N11923419WA0132301327004003030308297
B1950173701709N11923423WA0132501327004003026288282
B1950183701709N11923427WA0132501328004003020268262
B1950193701708N11923430WA0132601329004003021252242
B1950203701707N11923434WA0132701331004003021246229
B1950213701705N11923438WA0132801332004003022249230
B1950223701704N11923442WA0133001333004003018249235
B1950233701703N11923445WA0133201335004003018251229
B1950243701703N11923447WA0133301337004003017251222
B1950253701702N11923449WA0133301337004003013232201
B1950263701701N11923450WA0133301336004003010200197
B1950273701699N11923450WA0133101335004003016171179
B1950283701696N11923448WA0132901333004003016152166
B1950293701692N11923445WA0132801334004003027133140
B1950303701687N11923438WA0133001336004003041116128
B1950313701685N11923431WA0133401337004003041099099
B1950323701686N11923424WA0133701341004003037085132
B1950333701687N11923418WA0133801344004003033075092
B1950343701689N11923412WA0134001345004003035076098
B1950353701690N11923405WA0134101346004003041076069
B1950363701692N11923397WA0134201348004003041066066
B1950373701695N11923389WA0134501349004003046058059
B1950383701699N11923382WA0134801354004003044053051
B1950393701704N11923376WA0135201358004003044048060
B1950403701708N11923371WA0135601362004003040045051
B1950413701712N11923365WA0135901365004003040044060
B1950423701717N11923359WA0136201368004003043052076
B1950433701719N11923352WA0136401371004003043068090
B1950443701720N11923345WA0136601373004003041087107
B1950453701719N11923339WA0136801374004003038110125
B1950463701716N11923333WA0136901375004003032126144
B1950473701712N11923331WA0137001377004003032154155
B1950483701708N11923330WA0137101379004003028174180
B1950493701705N11923331WA0137401382004003025201209
B1950503701702N11923334WA0137601385004003022227235
B1950513701701N11923337WA0137901389004003022250242
B1950523701701N11923340WA0138301393004003018277248
B1950533701702N11923342WA0138601393004003015290255
B1950543701702N11923345WA0138801395004003015280264
B1950553701702N11923348WA0139001397004003018265263
B1950563701702N11923352WA0139201398004003018271259
B1950573701703N11923357WA0139401401004003023296265
B1950583701705N11923361WA0139701402004003030334283
B1950593701711N11923362WA0139901405004003033350317
B1951003701716N11923362WA0140101408004003033000335
B1951013701721N11923361WA0140301410004003034008348
B1951023701727N11923359WA0140401412004003040018358
B1951033701733N11923355WA0140601414004003047028014
B1951043701739N11923350WA0140801416004003047040029
B1951053701743N11923342WA0140901419004003049059045
B1951063701745N11923333WA0141101421004003046085068
B1951073701743N11923326WA0141301422004003046112100
B1951083701739N11923320WA0141401424004003042140129
B1951093701734N11923318WA0141601426004003038166157
B1951103701731N11923320WA0141701428004003023200180
B1951113701729N11923322WA0141901429004003023234208
B1951123701728N11923327WA0142101432004003023257231
B1951133701727N11923331WA0142401433004003022267245
B1951143701728N11923335WA0142701437004003022277255
B1951153701729N11923339WA0143001441004003022288266
B1951163701730N11923343WA0143301444004003020293275
B1951173701731N11923346WA0143501446004003020293270
B1951183701733N11923351WA0143801449004003028293285
B1951193701735N11923356WA0144001451004003032296291
B1951203701737N11923361WA0144301455004003031296287
B1951213701739N11923366WA0144601459004003031297280
B1951223701741N11923370WA0144901459004003025291268
B1951233701742N11923375WA0145001459004003025274244
B1951243701741N11923380WA0145001459004003025255232
B1951253701738N11923385WA0144901458004003030230215
B1951263701733N11923389WA0144801458004003038203201
B1951273701727N11923390WA0144701457004003041182191
B1951283701721N11923388WA0144701457004003041164175
B1951293701716N11923384WA0144601456004003041138154
B1951303701713N11923378WA0144401454004003042113130
B1951313701712N11923369WA0144301453004003043090110
B1951323701714N11923362WA0144201452004003042063084
B1951333701718N11923357WA0144101452004003040045057
B1951343701723N11923353WA0144101452004003035034032
B1951353701727N11923349WA0144101453004003039034015
B1951363701732N11923345WA0144201455004003039027021
B1951373701739N11923341WA0144601456004003046013004
B1951383701746N11923340WA0145101458004003046008352
B1951393701750N11923339WA0145501464004003025007014
B1951403701753N11923339WA0145901464004003025016340
B1951413701755N11923338WA0146101464004003020017345
B1951423701758N11923337WA0146201466004003020006329
B1951433701764N11923338WA0146201467004003029350307
B1951443701770N11923339WA0146101469004003040328294
B1951453701774N11923345WA0146201471004003040305281
B1951463701776N11923352WA0146201472004003037280264
B1951473701775N11923357WA0146301474004003031254249
B1951483701772N11923360WA0146401476004003025218234
B1951493701769N11923363WA0146301475004003028180213
B1951503701764N11923362WA0146101474004003035146187
B1951513701760N11923357WA0146101475004003035120157
B1951523701757N11923349WA0146201476004003038100130
B1951533701757N11923341WA0146401479004003038089106
B1951543701758N11923336WA0146601481004003027079095
B1951553701759N11923331WA0146701483004003027079085
B1951563701760N11923326WA0146801483004003026084077
B1951573701760N11923321WA0146901484004003026085079
B1951583701761N11923315WA0147001485004003028076084
B1951593701763N11923310WA0147101486004003032059064
B1952003701767N11923305WA0147201488004003034044046
B1952013701771N11923302WA0147301489004003032031027
B1952023701774N11923300WA0147401490004003031020013
B1952033701778N11923299WA0147401490004003027013356
B1952043701782N11923298WA0147401490004003028006346
B1952053701787N11923298WA0147401489004003032356337
B1952063701792N11923299WA0147201487004003032345318
B1952073701797N11923302WA0147201487004003033334310
B1952083701800N11923305WA0147101487004003033319296
E195208TPCWaypoint ROCK reached
B1952093701803N11923310WA0147101486004003029302288
B1952103701805N11923315WA0147101486004003030285279
B1952113701805N11923321WA0147101486004003030274271
B1952123701805N11923326WA0147001486004003030272273
B1952133701805N11923331WA0147001485004003029271284
B1952143701805N11923336WA0146901484004003027269265
B1952153701805N11923342WA0146701482004003028267252
B1952163701804N11923347WA0146601481004003028256239
B1952173701802N11923351WA0146501480004003028236217
B1952183701799N11923355WA0146401478004003031215215
B1952193701794N11923357WA0146201476004003033196198
B1952203701789N11923358WA0146001475004003033181191
B1952213701784N11923357WA0145901474004003035167179
B1952223701779N11923354WA0145801473004003035156165
B1952233701774N11923351WA0145701471004003035146159
B1952243701770N11923347WA0145501469004003035139151
B1952253701766N11923342WA0145301468004003037134143
B1952263701762N11923336WA0145201466004003042129137
B1952273701758N11923329WA0145201466004003042124120
B1952283701755N11923323WA0145101465004003042120125
B1952293701751N11923315WA0145001465004003042120113
B1952303701748N11923308WA0145001465004003047117130
B1952313701745N11923300WA0145201466004003047113118
B1952323701742N11923292WA0145301468004003047112106
B1952333701740N11923284WA0145401469004003044111100
B1952343701738N11923277WA0145501470004003042103077
B1952353701738N11923269WA0145601470004003044090065
B1952363701739N11923260WA0145601470004003044077056
B1952373701742N11923252WA0145601470004003047066055
B1952383701746N11923243WA0145601471004003051057045
B1952393701750N11923236WA0145701472004003051049040
B1952403701755N11923230WA0145901474004003049041029
B1952413701761N11923225WA0146001476004003045033024
B1952423701766N11923222WA0146201476004003037022016
B1952433701771N11923220WA0146301477004003037016004
B1952443701776N11923219WA0146401478004003036007358
B1952453701781N11923219WA0146501478004003034356350
B1952463701785N11923220WA0146501479004003031346342
B1952473701790N11923221WA0146701481004003031348331
B1952483701794N11923222WA0146901484004003031359345
B1952493701799N11923221WA0147101485004003032009342
B1952503701804N11923220WA0147201486004003033010338
B1952513701809N11923220WA0147201486004003033357338
B1952523701814N11923222WA0147201485004003033337327
B1952533701818N11923226WA0147201486004003034314315
B1952543701820N11923231WA0147201487004003030294295
B1952553701821N11923236WA0147201487004003030279275
B1952563701821N11923240WA0147201488004003025272281
B1952573701821N11923244WA0147201487004003022263252
B1952583701820N11923248WA0147201487004003024251238
B1952593701818N11923252WA0147101485004003025233222
B1953003701815N11923255WA0147001484004003025211211
B1953013701811N11923257WA0146801483004003027189203
B1953023701806N11923256WA0146801482004003034173191
B1953033701801N11923254WA0146701482004003035157171
B1953043701796N11923251WA0146701483004003035145165
B1953053701792N11923246WA0146701482004003036140161
B1953063701787N11923242WA0146701482004003037139156
B1953073701783N11923238WA0146601481004003037138147
B1953083701779N11923233WA0146601480004003037135143
B1953093701775N11923226WA0146601480004003040127121
B1953103701771N11923218WA0146601481004003048121143
B1953113701767N11923211WA0146701482004003048109136
B1953123701766N11923203WA0146901484004003044105101
B1953133701764N11923195WA0147101486004003043103102
B1953143701764N11923188WA0147201486004003039097095
B1953153701763N11923181WA0147201486004003044088084
B1953163701764N11923172WA0147201485004003044079051
B1953173701766N11923163WA0147201486004003049069037
B1953183701769N11923155WA0147301488004003041061025
B1953193701773N11923151WA0147401489004003041048021
B1953203701776N11923147WA0147501490004003032040020
B1953213701780N11923144WA0147501489004003031032015
B1953223701784N11923141WA0147401489004003032021007
B1953233701789N11923140WA0147401488004003032011358
B1953243701794N11923139WA0147401489004003032355348
B1953253701798N11923140WA0147301489004003031345335
B1953263701802N11923142WA0147301489004003026332324
B1953273701805N11923145WA0147401489004003026316314
B1953283701806N11923149WA0147401489004003023295283
B1953293701807N11923151WA0147401490004003019280272
B1953303701807N11923154WA0147401490004003013275260
B1953313701807N11923156WA0147501491004003013286274
B1953323701808N11923158WA0147501490004003013291286
B1953333701809N11923161WA0147501490004003013289294
B1953343701809N11923163WA0147401489004003015287270
B1953353701810N11923166WA0147301488004003018283275
B1953363701810N11923170WA0147201487004003018279262
B1953373701811N11923174WA0147101486004003021272259
B1953383701810N11923178WA0147101486004003021264262
B1953393701810N11923182WA0147201487004003021260280
B1953403701810N11923186WA0147201488004003019271302
B1953413701811N11923189WA0147201487004003019291309
B1953423701813N11923193WA0147201487004003024307311
B1953433701815N11923196WA0147101486004003027317313
B1953443701819N11923199WA0147101486004003027325317
B1953453701823N11923202WA0147101487004003027331323
B1953463701826N11923204WA0147101487004003026334318
B1953473701830N11923206WA0147101486004003027332313
B1953483701834N11923209WA0147001485004003027329318
B1953493701838N11923212WA0147001485004003031328339
B1953503701841N11923215WA0147001486004003031327326
B1953513701844N11923217WA0147001485004003023327313
B1953523701847N11923220WA0146901484004003023325300
B1953533701850N11923222WA0146701482004003023321301
B1953543701853N11923225WA0146501479004003023315292
B1953553701856N11923229WA0146301477004003026312290
B1953563701858N11923234WA0146201476004003030306286
B1953573701861N11923239WA0146101476004003030299284
B1953583701862N11923244WA0146101476004003030293289
B1953593701864N11923248WA0146101476004003028290285
B1954003701865N11923253WA0146101476004003028289277
B1954013701867N11923258WA0146201476004003026284286
B1954023701867N11923263WA0146201477004003026278257
B1954033701868N11923267WA0146301477004003026278267
B1954043701868N11923272WA0146301477004003024279286
B1954053701869N11923275WA0146101477004003022273286
B1954063701869N11923279WA0145901474004003022268272
B1954073701868N11923284WA0145701471004003026267278
B1954083701868N11923289WA0145401468004003026266286
B1954093701868N11923295WA0145201466004003030267284
B1954103701868N11923301WA0145001465004003031269270
B1954113701868N11923307WA0144901464004003028266268
B1954123701867N11923312WA0144901464004003028260258
B1954133701866N11923316WA0144801462004003025256259
B1954143701865N11923321WA0144601460004003025258266
B1954153701865N11923326WA0144501458004003026264280
B1954163701865N11923331WA0144301456004003030272291
B1954173701866N11923337WA0144201455004003031281300
B1954183701867N11923342WA0144101455004003030288304
B1954193701868N11923347WA0144101455004003029292302
B1954203701870N11923351WA0144101455004003025292300
B1954213701871N11923355WA0144001453004003023291292
B1954223701872N11923359WA0143801452004003024292291
B1954233701874N11923363WA0143701450004003024293299
B1954243701875N11923367WA0143501449004003024292280
B1954253701876N11923372WA0143401447004003023287262
B1954263701877N11923376WA0143201445004003023275248
B1954273701877N11923380WA0143001443004003023258246
B1954283701875N11923384WA0142801441004003023246241
B1954293701873N11923389WA0142601439004003026242246
B1954303701871N11923393WA0142501438004003026239252
B1954313701869N11923397WA0142501437004003026235240
B1954323701867N11923401WA0142401436004003026232246
B1954333701864N11923405WA0142201435004003028231237
B1954343701862N11923409WA0142101433004003028230248
B1954353701859N11923413WA0142001431004003028230244
B1954363701856N11923417WA0141801430004003028230243
B1954373701854N11923421WA0141701429004003027229246
B1954383701851N11923425WA0141701429004003027225236
B1954393701848N11923428WA0141601428004003025220231
B1954403701845N11923430WA0141501427004003024215230
B1954413701842N11923433WA0141401425004003025212231
B1954423701839N11923435WA0141201424004003026208228
B1954433701835N11923437WA0141101422004003026204221
B1954443701831N11923439WA0141001421004003027200214
B1954453701827N11923441WA0140801420004003028197213
B1954463701823N11923442WA0140801419004003028196229
B1954473701820N11923444WA0140701418004003027200241
B1954483701816N11923446WA0140501416004003026211246
B1954493701813N11923449WA0140401414004003026224244
B1954503701811N11923453WA0140201413004003026233247
B1954513701809N11923457WA0140101412004003025236252
B1954523701807N11923461WA0140001411004003024240253
B1954533701806N11923464WA0140001410004003022245264
B1954543701804N11923468WA0139901409004003022250266
B1954553701803N11923472WA0139801408004003022254269
B1954563701803N11923476WA0139601407004003022254256
B1954573701802N11923480WA0139601407004003023252257
B1954583701800N11923484WA0139601407004003023252261
B1954593701800N11923488WA0139601408004003022259283
B1955003701800N11923493WA0139601408004003022267285
B1955013701799N11923496WA0139601408004003022261270
B1955023701798N11923501WA0139601407004003024245254
B1955033701796N11923505WA0139501407004003024230248
B1955043701792N11923509WA0139501406004003030225253
B1955053701789N11923513WA0139501407004003031221252
B1955063701785N11923516WA0139501407004003031216248
B1955073701782N11923519WA0139601407004003027209224
B1955083701779N11923521WA0139601407004003027212235
B1955093701775N11923525WA0139601407004003033220243
B1955103701771N11923529WA0139601406004003034226255
B1955113701768N11923534WA0139501406004003033230213
B1955123701765N11923538WA0139501406004003032227233
B1955133701761N11923543WA0139501406004003033221213
B1955143701757N11923546WA0139501406004003033217235
B1955153701753N11923550WA0139401405004003033213233
B1955163701750N11923553WA0139301403004003030210239
B1955173701745N11923556WA0139101401004003033207218
B1955183701740N11923559WA0139001399004003038208229
B1955193701735N11923562WA0138901399004003038207211
B1955203701730N11923566WA0138901399004003038208215
B1955213701726N11923568WA0139001400004003029209210
B1955223701723N11923571WA0139001401004003029209229
B1955233701720N11923573WA0139001400004003025210224
B1955243701717N11923576WA0138801399004003025212227
B1955253701712N11923579WA0138701396004003033214237
B1955263701708N11923583WA0138601397004003033215242
B1955273701705N11923586WA0138601397004003030218264
B1955283701703N11923589WA0138501396004003025227258
B1955293701700N11923592WA0138501395004003027233260
B1955303701698N11923597WA0138501395004003031241257
B1955313701696N11923602WA0138501396004003028249266
B1955323701696N11923606WA0138501396004003028266269
B1955333701697N11923610WA0138501395004003017290274
B1955343701698N11923613WA0138401394004003019295290
B1955353701699N11923616WA0138201391004003019297288
B1955363701701N11923620WA0138001389004003022301302
B1955373701703N11923624WA0137801389004003023305300
B1955383701705N11923627WA0137601387004003023312312
B1955393701708N11923629WA0137401385004003023324317
B1955403701712N11923632WA0137301383004003024332314
B1955413701716N11923634WA0137201382004003028331300
B1955423701719N11923637WA0137201382004003028323288
B1955433701721N11923641WA0137101381004003026304276
B1955443701722N11923645WA0137001379004003022276265
B1955453701721N11923649WA0136801377004003026251252
B1955463701719N11923653WA0136601375004003029228236
B1955473701715N11923657WA0136501374004003029209224
B1955483701710N11923659WA0136401373004003032196213
B1955493701705N11923660WA0136301373004003032189202
B1955503701700N11923661WA0136301372004003032184191
B1955513701696N11923660WA0136201371004003031177181
B1955523701691N11923659WA0136001369004003031164176
B1955533701686N11923657WA0135801367004003032156170
B1955543701682N11923653WA0135601364004003037150159
B1955553701677N11923649WA0135401363004003038146153
B1955563701672N11923645WA0135301362004003038141145
B1955573701668N11923640WA0135201361004003038135143
B1955583701664N11923635WA0135101361004003038129133
B1955593701661N11923629WA0135001360004003039126148
B1956003701658N11923623WA0134801358004003039124132
B1956013701654N11923617WA0134701356004003039125129
B1956023701651N11923611WA0134501356004003039122126
B1956033701648N11923604WA0134401353004003040116132
B1956043701645N11923597WA0134201351004003044116136
B1956053701642N11923589WA0134201351004003044120147
B1956063701639N11923582WA0134301351004003044120132
B1956073701636N11923576WA0134401352004003041116093
B1956083701634N11923569WA0134401353004003039107093
B1956093701633N11923562WA0134401352004003040100101
B1956103701632N11923554WA0134301350004003043099103
B1956113701631N11923546WA0134201349004003043102100
B1956123701629N11923538WA0134101348004003044102103
B1956133701628N11923529WA0134101347004003046101103
B1956143701627N11923521WA0133901346004003047100106
B1956153701625N11923512WA0133801345004003047100111
B1956163701624N11923503WA0133701344004003047102111
B1956173701622N11923495WA0133601343004003047103118
B1956183701620N11923486WA0133501342004003047105128
B1956193701618N11923478WA0133501341004003047107128
B1956203701616N11923470WA0133401341004003047113147
B1956213701613N11923463WA0133401340004003044124143
B1956223701608N11923458WA0133301339004003043135156
B1956233701603N11923452WA0133201339004003043145167
B1956243701598N11923449WA0133201339004003040152180
B1956253701592N11923446WA0133201338004003040160183
B1956263701587N11923444WA0133101338004003039163186
B1956273701581N11923441WA0133001337004003039159181
B1956283701575N11923439WA0133101337004003041158198
B1956293701569N11923437WA0133001337004003037166204
B1956303701564N11923436WA0132901336004003037181214
B1956313701560N11923437WA0132801334004003032188194
B1956323701556N11923438WA0132701333004003029183202
B1956333701551N11923438WA0132501331004003029175198
B1956343701546N11923437WA0132301328004003036173208
B1956353701540N11923437WA0132101326004003037178212
B1956363701535N11923437WA0131901324004003036184210
B1956373701530N11923438WA0131801323004003035188218
B1956383701526N11923439WA0131701322004003032194251
B1956393701523N11923441WA0131501320004003024204259
B1956403701520N11923443WA0131301317004003024226275
B1956413701519N11923447WA0131001313004003022255283
B1956423701519N11923451WA0130701313004003022301291
B1956433701522N11923454WA0130401310004003023329311
B1956443701527N11923455WA0130201309004003028353321
B1956453701531N11923455WA0130101307004003028003335
B1956463701535N11923455WA0130001305004003026002340
B1956473701539N11923455WA0129801303004003026358337
B1956483701544N11923455WA0129601302004003028355336
B1956493701548N11923456WA0129601301004003027354326
B1956503701552N11923456WA0129501300004003027353319
B1956513701555N11923456WA0129501300004003024352314
B1956523701559N11923457WA0129401299004003024351314
B1956533701563N11923458WA0129301299004003024351314
B1956543701566N11923459WA0129301299004003024351320
B1956553701569N11923459WA0129301299004003021352314
B1956563701572N11923460WA0129301298004003019353318
B1956573701575N11923460WA0129101296004003024355323
B1956583701579N11923460WA0129001295004003028357310
B1956593701584N11923460WA0128901294004003028356301
B1957003701587N11923462WA0128801293004003028344287
B1957013701590N11923464WA0128701292004003022317292
B1957023701591N11923468WA0128601291004003025298285
B1957033701593N11923472WA0128601291004003024295286
B1957043701594N11923476WA0128701292004003024299270
B1957053701596N11923479WA0128801293004003020296265
B1957063701597N11923482WA0128801292004003024288286
B1957073701598N11923487WA0128901293004003024289288
B1957083701600N11923492WA0129001294004003027300308
B1957093701603N11923496WA0129101296004003026310314
B1957103701605N11923499WA0129301297004003026313300
B1957113701608N11923502WA0129401298004003024314308
B1957123701610N11923505WA0129401299004003022318311
B1957133701613N11923508WA0129501299004003023324315
B1957143701616N11923511WA0129501299004003030324341
B1957153701620N11923514WA0129601299004003030325311
B1957163701624N11923517WA0129701301004003030334006
B1957173701627N11923517WA0129801302004003022357359
B1957183701630N11923516WA0129801302004003025010006
B1957193701634N11923515WA0129801302004003025016004
B1957203701639N11923513WA0129801302004003028020357
B1957213701643N11923511WA0129801302004003029021352
B1957223701647N11923510WA0129801302004003029015348
B1957233701650N11923509WA0129901302004003026008353
B1957243701654N11923508WA0129801302004003026012353
B1957253701659N11923506WA0129701301004003031018352
B1957263701663N11923504WA0129601300004003033018359
B1957273701668N11923502WA0129501299004003033017337
B1957283701674N11923500WA0129401298004003036019000
B1957293701679N11923497WA0129301297004003041021358
B1957303701685N11923494WA0129301296004003042021352
B1957313701691N11923491WA0129301297004003042021001
B1957323701697N11923488WA0129301298004003043022016
B1957333701703N11923485WA0129401299004003041024012
B1957343701709N11923482WA0129501300004003041027013
B1957353701714N11923478WA0129601301004003040030010
B1957363701719N11923474WA0129701302004003040033017
B1957373701724N11923469WA0129801303004003043035018
B1957383701729N11923465WA0129901303004003043038003
B1957393701734N11923460WA0130001304004003042040005
B1957403701738N11923455WA0130001305004003040039347
B1957413701743N11923451WA0130101305004003038031336
B1957423701748N11923449WA0130001304004003038015322
B1957433701753N11923449WA0130001303004003036352315
B1957443701758N11923452WA0129901303004003034327299
B1957453701760N11923456WA0129901303004003027303288
B1957463701762N11923460WA0130001304004003027286278
B1957473701762N11923463WA0130101306004003020270279
B1957483701761N11923464WA0130301307004003012263289
B1957493701761N11923466WA0130301306004003010265280
B1957503701761N11923468WA0130201306004003015279280
B1957513701762N11923471WA0130101305004003015282263
B1957523701763N11923476WA0130101305004003019285266
B1957533701764N11923480WA0130101306004003026284265
B1957543701764N11923485WA0130301309004003026267284
B1957553701762N11923488WA0130601311004003023230229
B1957563701759N11923489WA0130801313004003020191217
B1957573701756N11923489WA0130901314004003020167202
B1957583701752N11923487WA0131001314004003028162191
B1957593701748N11923485WA0131101316004003029157171
B1958003701744N11923483WA0131201317004003029147156
B1958013701741N11923479WA0131301318004003029129141
B1958023701739N11923473WA0131301318004003030110129
B1958033701738N11923465WA0131301318004003042090104
B1958043701739N11923457WA0131401319004003046074076
B1958053701742N11923449WA0131601322004003043062057
B1958063701745N11923443WA0131901323004003043050042
B1958073701749N11923439WA0132201326004003034044032
B1958083701752N11923436WA0132401325004003028034024
B1958093701756N11923433WA0132501326004003032027013
B1958103701761N11923431WA0132501327004003032015006
B1958113701766N11923430WA0132601328004003036000352
B1958123701771N11923432WA0132701329004003036335338
B1958133701774N11923436WA0132801331004003029304315
B1958143701775N11923442WA0132901332004003029275286
B1958153701773N11923446WA0133001334004003027239264
B1958163701770N11923448WA0133301337004003025209238
B1958173701766N11923449WA0133501341004003025190220
B1958183701762N11923450WA0133901344004003026182194
B1958193701759N11923450WA0134101347004003026177192
B1958203701755N11923449WA0134301349004003026160174
B1958213701751N11923445WA0134401350004003027141155
B1958223701748N11923440WA0134501350004003031124142
B1958233701746N11923433WA0134601351004003041111120
B1958243701744N11923426WA0134801352004003042087095
B1958253701746N11923419WA0135001354004003041063068
B1958263701751N11923414WA0135101355004003040032043
B1958273701757N11923412WA0135201356004003039008011
B1958283701762N11923412WA0135301357004003034352346
B1958293701766N11923414WA0135501360004003034337329
B1958303701769N11923417WA0135701363004003029317314
B1958313701770N11923420WA0135901365004003023287294
B1958323701770N11923423WA0136101368004003018241269
B1958333701767N11923425WA0136301369004003019201236
B1958343701764N11923425WA0136401370004003027181206
B1958353701759N11923424WA0136401370004003027167183
B1958363701754N11923422WA0136601372004003031152174
B1958373701751N11923418WA0136701374004003032136150
B1958383701747N11923414WA0136801374004003031116136
B1958393701746N11923408WA0136901374004003034104116
B1958403701745N11923400WA0136801373004003034093103
B1958413701746N11923392WA0136801373004003041081095
B1958423701748N11923384WA0136801373004003041067081
B1958433701751N11923378WA0136901374004003038059081
B1958443701754N11923372WA0136901375004003038058069
B1958453701757N11923366WA0136901375004003038056039
B1958463701760N11923361WA0136901375004003035052026
B1958473701765N11923356WA0136901375004003035040028
B1958483701770N11923352WA0136801373004003046031023
B1958493701777N11923347WA0136801374004003053030024
B1958503701784N11923342WA0136801375004003053030039
B1958513701791N11923337WA0137101376004003053030035
B1958523701797N11923333WA0137401380004003050032025
B1958533701802N11923328WA0137601383004003044036034
B1958543701807N11923322WA0137901386004003045039022
B1958553701813N11923317WA0138201389004003045040036
B1958563701818N11923311WA0138501393004003047040037
B1958573701824N11923305WA0138901397004003047040049
B1958583701829N11923299WA0139201401004003047042046
B1958593701834N11923293WA0139601404004003047045023
B1959003701838N11923288WA0139901408004003045041006
B1959013701843N11923284WA0140101411004003042025344
B1959023701849N11923282WA0140301410004003039359333
B1959033701855N11923284WA0140401411004003040341314
B1959043701859N11923288WA0140501413004003040316296
B1959053701862N11923293WA0140801414004003035281275
B1959063701860N11923297WA0141001417004003026238248
B1959073701857N11923298WA0141301420004003024183221
B1959083701852N11923296WA0141401422004003031151187
B1959093701849N11923290WA0141601424004003039123157
B1959103701847N11923282WA0141701425004003039096130
B1959113701849N11923273WA0141901426004003045072101
B1959123701854N11923265WA0142001428004003050051072
B1959133701860N11923261WA0142101430004003045027045
B1959143701866N11923259WA0142301432004003045007018
B1959153701871N11923261WA0142401434004003039347355
B1959163701876N11923263WA0142601436004003036334331
B1959173701879N11923266WA0142801438004003033322316
B1959183701881N11923270WA0143101442004003024308303
B1959193701883N11923273WA0143401445004003024286285
B1959203701882N11923277WA0143601448004003020258269
B1959213701881N11923281WA0143901451004003020243244
B1959223701879N11923283WA0144201454004003020226235
B1959233701876N11923285WA0144501457004003018189224
B1959243701873N11923283WA0144701458004003027154200
B1959253701869N11923279WA0144801459004003027132166
B1959263701866N11923272WA0144901460004003038115139
B1959273701865N11923264WA0145001462004003043096120
B1959283701865N11923255WA0145201464004003047082100
B1959293701867N11923246WA0145301465004003047074085
B1959303701869N11923238WA0145401466004003047068074
B1959313701873N11923230WA0145501467004003047059067
B1959323701877N11923224WA0145701469004003047042055
B1959333701884N11923220WA0145801470004003045018035
B1959343701890N11923220WA0146001472004003045359006
B1959353701895N11923222WA0146201475004003043338344
B1959363701900N11923225WA0146401475004003035309320
B1959373701899N11923228WA0146701478004003022279291
B1959383701899N11923232WA0147001482004003017289263
B1959393701901N11923235WA0147301485004003021309272
B1959403701904N11923238WA0147501487004003021324291
B1959413701907N11923240WA0147801491004003023330286
B1959423701910N11923242WA0148001493004003023330282
B1959433701911N11923244WA0148201495004003014320269
B1959443701912N11923246WA0148301496004003014284257
B1959453701912N11923248WA0148301496004003013232239
B1959463701909N11923249WA0148401496004003013198214
B1959473701906N11923249WA0148401497004003018170199
B1959483701902N11923247WA0148401498004003028149181
B1959493701899N11923243WA0148501499004003030136166
B1959503701896N11923239WA0148601500004003030132162
B1959513701893N11923234WA0148701500004003031131155
B1959523701889N11923230WA0148701500004003032131154
B1959533701886N11923224WA0148701500004003037129167
B1959543701882N11923219WA0148701501004003039128169
B1959553701878N11923213WA0148901502004003037131175
B1959563701875N11923209WA0149001504004003037139179
B1959573701871N11923206WA0149101505004003032143174
B1959583701868N11923203WA0149101505004003029143175
B1959593701864N11923199WA0149201506004003031144169
B2000003701860N11923196WA0149201507004003029145167
B2000013701857N11923193WA0149401508004003029139156
B2000023701854N11923189WA0149501509004003029126142
B2000033701852N11923184WA0149501509004003034114118
B2000043701851N11923177WA0149501509004003038100107
B2000053701851N11923169WA0149501509004003038085085
B2000063701853N11923161WA0149401508004003042067067
B2000073701857N11923155WA0149401507004003045046045
B2000083701863N11923150WA0149301507004003043024021
B2000093701869N11923150WA0149301507004003043000358
B2000103701873N11923151WA0149401508004003036343333
B2000113701876N11923153WA0149501511004003028327314
B2000123701878N11923155WA0149701512004003020310295
B2000133701878N11923157WA0149801513004003007281276
B2000143701878N11923158WA0149901514004003008241244
B2000153701877N11923160WA0149901514004003008234235
B2000163701876N11923161WA0149901514004003011240236
B2000173701875N11923163WA0150001515004003011253237
B2000183701875N11923164WA0150001515004003006272242
B2000193701875N11923165WA0150001515004003006258225
B2000203701874N11923165WA0149901514004003006194225
B2000213701872N11923166WA0149801512004003010192217
B2000223701870N11923166WA0149701511004003015188206
B2000233701867N11923166WA0149601511004003015172191
B2000243701865N11923165WA0149501510004003019152169
B2000253701862N11923162WA0149301507004003019141159
B2000263701858N11923157WA0149001503004003029133147
B2000273701854N11923151WA0148801501004003040125152
B2000283701850N11923143WA0148601500004003045119149
B2000293701847N11923136WA0148501499004003045116155
B2000303701845N11923129WA0148301497004003042114140
B2000313701842N11923122WA0148101494004003042113139
B2000323701839N11923113WA0147901492004003046113134
B2000333701836N11923104WA0147701490004003053114150
B2000343701833N11923095WA0147501489004003053115167
B2000353701829N11923087WA0147501488004003050118140
B2000363701826N11923081WA0147501488004003045121153
B2000373701823N11923075WA0147501488004003041122174
B2000383701820N11923068WA0147401487004003040121157
B2000393701817N11923062WA0147201485004003041121171
B2000403701813N11923055WA0147101484004003041124160
B2000413701809N11923048WA0146901482004003043126159
B2000423701805N11923042WA0146801481004003043128150
B2000433701802N11923035WA0146701480004003043125127
B2000443701799N11923028WA0146701479004003044112108
B2000453701796N11923020WA0146701478004003044087092
B2000463701799N11923010WA0146501475004003050069063
B2000473701804N11923002WA0146301473004003053049041
B2000483701809N11922995WA0146101473004003043024020
B2000493701815N11922994WA0146001472004003043010353
B2000503701819N11922995WA0145901471004003034355341
B2000513701822N11922996WA0145701469004003024343325
B2000523701825N11922998WA0145601467004003020335305
B2000533701828N11923000WA0145401467004003021325298
B2000543701832N11923006WA0145101463004003021308273
B2000553701834N11923008WA0145001463004003019309261
B2000563701835N11923010WA0144901462004003014300279
B2000573701835N11923011WA0144801460004003008276262
B2000583701835N11923013WA0144601457004003009254254
B2000593701834N11923015WA0144201453004003009246265
B2001003701833N11923017WA0143901450004003011252272
B2001013701833N11923020WA0143601446004003015254266
B2001023701832N11923024WA0143401447004003017256260
B2001033701831N11923026WA0143301446004003017256254
B2001043701831N11923029WA0143301445004003016252264
B2001053701830N11923031WA0143201444004003014251264
B2001063701830N11923034WA0143101442004003013267258
B2001073701830N11923037WA0142901440004003017286258
B2001083701831N11923040WA0142801439004003017293269
B2001093701832N11923042WA0142701438004003017302267
B2001103701834N11923044WA0142601437004003013325271
B2001113701835N11923045WA0142501435004003013328271
B2001123701837N11923047WA0142301433004003015309293
B2001133701838N11923049WA0142201432004003017293274
B2001143701839N11923053WA0142201431004003017289282
B2001153701840N11923056WA0142101431004003018289272
B2001163701841N11923059WA0142001430004003019288281
B2001173701842N11923063WA0141901428004003023286273
B2001183701843N11923067WA0141801427004003024289272
B2001193701844N11923072WA0141701427004003023295265
B2001203701846N11923075WA0141701426004003023296270
B2001213701847N11923079WA0141701426004003022291262
B2001223701848N11923083WA0141701426004003022283260
B2001233701848N11923087WA0141701427004003022280259
B2001243701849N11923091WA0141801427004003022291264
B2001253701851N11923094WA0141801428004003019303269
B2001263701852N11923096WA0141801428004003017302276
B2001273701853N11923099WA0141801427004003017296276
B2001283701854N11923102WA0141801427004003018296285
B2001293701856N11923104WA0141801428004003017300283
B2001303701857N11923107WA0141901428004003017306283
B2001313701858N11923109WA0141901429004003015309301
B2001323701859N11923110WA0141901428004003011307292
B2001333701860N11923112WA0141801426004003013303281
B2001343701862N11923115WA0141601424004003013299285
B2001353701863N11923118WA0141401423004003017298266
B2001363701864N11923121WA0141401422004003018302276
B2001373701866N11923123WA0141401423004003014309264
B2001383701867N11923125WA0141401422004003014309270
B2001393701868N11923127WA0141301421004003013302274
B2001403701869N11923129WA0141301420004003013297265
B2001413701871N11923133WA0141201420004003017296268
B2001423701872N11923137WA0141201420004003028299268
B2001433701875N11923142WA0141301422004003028306283
B2001443701877N11923145WA0141501425004003026316270
B2001453701880N11923148WA0141701427004003026320281
B2001463701883N11923151WA0142001429004003026322287
B2001473701886N11923154WA0142101431004003026322265
B2001483701889N11923157WA0142301432004003026319268
B2001493701892N11923160WA0142401434004003025314256
B2001503701895N11923164WA0142501435004003025312266
B2001513701897N11923168WA0142601436004003025310260
B2001523701899N11923171WA0142601436004003024306259
B2001533701901N11923175WA0142601436004003024297254
B2001543701902N11923179WA0142701437004003023282256
B2001553701902N11923183WA0142801439004003022266247
B2001563701902N11923187WA0143101439004003022253239
B2001573701900N11923190WA0143301442004003018245248
B2001583701899N11923193WA0143501445004003018243251
B2001593701898N11923195WA0143701447004003016252252
B2002003701898N11923199WA0143801448004003016261248
B2002013701898N11923202WA0143901449004003018268248
B2002023701898N11923206WA0144001450004003021267244
B2002043701897N11923210WA0144101452004003022266251
B2002053701897N11923214WA0144401454004003021255253
B2002063701896N11923217WA0144601457004003019236260
B2002073701894N11923218WA0144801459004003012218256
B2002083701893N11923220WA0145001460004003013229240
B2002093701892N11923222WA0145301463004003013246244
B2002103701891N11923225WA0145601466004003016263270
B2002113701892N11923228WA0145901470004003016279256
B2002123701892N11923231WA0146101470004003015293260
B2002133701893N11923233WA0146301471004003015296266
B2002143701894N11923236WA0146301472004003015291262
B2002153701895N11923240WA0146401473004003017279263
B2002163701895N11923244WA0146601475004003021271271
B2002173701895N11923248WA0146801476004003018270252
B2002183701895N11923250WA0147001480004003018284262
B2002193701896N11923252WA0147201480004003012304246
B2002203701896N11923253WA0147401483004003009299235
B2002213701897N11923255WA0147601484004003009268220
B2002223701896N11923258WA0147701486004003016241228
B2002233701894N11923260WA0147901489004003021212216
B2002243701891N11923262WA0148301490004003021190211
B2002253701887N11923262WA0148601496004003022176201
B2002263701884N11923261WA0149101500004003022163183
B2002273701881N11923259WA0149301500004003027151173
B2002283701877N11923256WA0149301500004003030141141
B2002293701874N11923251WA0149301500004003030127133
B2002303701872N11923244WA0149301501004003035108125
B2002313701871N11923237WA0149301502004003039094103
B2002323701871N11923228WA0149401503004003047082088
B2002333701873N11923219WA0149601506004003048071068
B2002343701881N11923205WA0150001511004003047046041
B2002353701886N11923200WA0150201513004003046035025
B2002363701891N11923197WA0150401516004003034024012
B2002373701895N11923195WA0150601518004003034012355
B2002383701899N11923195WA0150701519004003028002341
B2002393701903N11923195WA0150701519004003025358326
B2002403701906N11923196WA0150701519005003025353319
B2002413701910N11923196WA0150701520005003026349312
B2002423701913N11923198WA0150901520004003030329310
B2002433701917N11923202WA0151301523005003028312300
B2002443701919N11923206WA0151801529004003028307288
B2002453701920N11923211WA0152301534004003021310283
B2002463701922N11923214WA0152701534004003019315283
B2002473701924N11923217WA0153001536004003021318285
B2002483701927N11923221WA0153301540004003021317285
B2002493701930N11923225WA0153601545004003026315278
B2002503701932N11923229WA0153901551004003026307264
B2002513701934N11923232WA0154201551004003016291258
B2002523701934N11923234WA0154601551004003016271246
B2002533701933N11923236WA0154801550004003013232232
B2002543701931N11923239WA0154701549004003013218228
B2002553701929N11923240WA0154401549004003014208213
B2002563701925N11923241WA0154101550004003022205215
B2002573701921N11923243WA0153901551004003028199213
B2002583701916N11923244WA0153701550004003028197217
B2002593701911N11923246WA0153601550004003031197220
B2003003701906N11923248WA0153401548004003031195199
B2003013701902N11923249WA0153301548004003029189182
B2003023701897N11923248WA0153201545004003031171162
B2003033701893N11923245WA0152901543004003031150156
B2003043701888N11923239WA0152701541004003037133147
B2003053701884N11923233WA0152401541004003045116130
B2003063701881N11923225WA0152201541004003044111107
B2003073701879N11923217WA0152001541005003046105098
B2003083701878N11923209WA0151701539005003044088089
B2003093701879N11923202WA0151401538004003042072070
B2003103701883N11923196WA0151101535006004037025053
B2003113701888N11923195WA0150801534006004046346357
B2003123701896N11923198WA0150801534005004048327323
B2003133701906N11923206WA0151001532004004046319306
B2003143701911N11923212WA0151301531004003038324301
B2003153701914N11923214WA0151601532004003025337304
B2003163701916N11923215WA0151801531004003016332305
B2003173701919N11923217WA0151701530004003018334288
B2003183701921N11923219WA0151501527004003018317290
B2003193701923N11923222WA0151301525004003021303284
B2003203701925N11923227WA0151201526004003025281283
B2003213701925N11923232WA0151201526004003029265264
B2003223701924N11923238WA0151401527004003029245259
B2003233701922N11923240WA0151601530004003025237234
B2003243701921N11923242WA0151701529004003015250264
B2003253701921N11923243WA0151601528004003006269270
B2003263701921N11923244WA0151401525004003009265248
B2003273701921N11923246WA0151101522004003014261264
B2003283701920N11923249WA0150801518004003014263254
B2003293701920N11923253WA0150501518004003019266260
B2003303701920N11923259WA0150301517004003024263254
B2003313701919N11923264WA0150301517004003027253248
B2003323701917N11923268WA0150301517004003027242249
B2003333701915N11923272WA0150201516004003024234268
B2003343701913N11923275WA0150101514004003022233256
B2003353701912N11923278WA0149901512004003022239261
B2003363701910N11923283WA0149701510004003026243253
B2003373701908N11923287WA0149601509004003027244251
B2003383701906N11923292WA0149501508004003026243241
B2003393701904N11923296WA0149401507004003026238239
B2003403701902N11923299WA0149301506004003025228224
B2003413701899N11923302WA0149201505004003026215208
B2003423701895N11923305WA0149101503004003029203211
B2003433701891N11923306WA0148901501004003029192204
B2003443701885N11923307WA0148801500004003033184204
B2003453701880N11923307WA0148701500004003033177199
B2003463701875N11923306WA0148701499004003031171193
B2003473701871N11923305WA0148601498004003031165191
B2003483701866N11923303WA0148501497004003031160190
B2003493701862N11923301WA0148301496004003033159181
B2003503701856N11923298WA0148201495004003034156177
B2003513701851N11923295WA0148001493004003038150173
B2003523701847N11923291WA0147801491004003039144158
B2003533701842N11923286WA0147701490004003039140151
B2003543701838N11923281WA0147501488004003039136160
B2003553701834N11923276WA0147401486004003039132147
B2003563701830N11923271WA0147201484004003038128153
B2003573701827N11923265WA0147001481004003040124138
B2003583701824N11923258WA0146701479004003040122126
B2003593701820N11923251WA0146501477004003043119118
B2004003701817N11923244WA0146401475004003043113132
B2004013701816N11923236WA0146301474004003040104103
B2004023701815N11923229WA0146101472004003040096081
B2004033701815N11923222WA0146101472004003039088070
B2004043701816N11923215WA0146001471004003037077054
B2004053701818N11923209WA0145901469004003035062045
B2004063701821N11923204WA0145701467004003035047029
B2004073701825N11923201WA0145501465004003035033020
B2004083701830N11923198WA0145501465004003034018004
B2004103701835N11923197WA0145501466004003034005351
B2004113701839N11923197WA0145601467004003029356334
B2004123701843N11923198WA0145701469004003029350328
B2004133701846N11923199WA0145801469004003025346320
B2004143701850N11923200WA0145801468004003025345316
B2004153701854N11923202WA0145701467004003025346304
B2004163701859N11923203WA0145601465004003033341303
B2004173701863N11923206WA0145401464004003033330314
B2004183701866N11923209WA0145301463004003029316294
B2004193701868N11923213WA0145201462004003025314307
B2004203701871N11923216WA0145101461004003025319308
B2004213701874N11923219WA0145001460004003023318303
B2004223701876N11923222WA0144901459004003023304296
B2004233701877N11923230WA0144701456004003021266273
B2004243701876N11923233WA0144501455004003020257276
B2004253701876N11923236WA0144401454004003016258275
B2004263701876N11923239WA0144201452004003019262278
B2004273701875N11923243WA0144001449004003019265280
B2004283701875N11923247WA0143901448004003022269284
B2004293701875N11923252WA0143801448004003022276295
B2004303701876N11923255WA0143701447004003020281287
B2004313701877N11923259WA0143701446004003021285294
B2004323701878N11923263WA0143601445004003021286293
B2004333701879N11923267WA0143501444004003022287295
B2004343701880N11923271WA0143401444004003023285285
B2004353701880N11923275WA0143401443004003021279278
B2004363701881N11923279WA0143301443004003021279277
B2004373701882N11923283WA0143201441004003021285289
B2004383701883N11923288WA0143101440004003023295298
B2004393701885N11923292WA0143001439004003027300290
B2004403701887N11923297WA0142901438004003028299285
B2004413701889N11923301WA0142901438004003028298301
B2004423701891N11923306WA0142901438004003027302275
B2004433701894N11923310WA0142901438004003027309291
B2004443701897N11923313WA0142901438004003027311300
B2004453701899N11923317WA0142901438004003025312295
B2004463701902N11923321WA0142901438004003025311282
B2004473701904N11923324WA0142901438004003025306266
B2004483701905N11923328WA0142801437004003023293256
B2004493701906N11923332WA0142801436004003022276256
B2004503701906N11923336WA0142701436004003024261254
B2004513701905N11923341WA0142701435004003024250242
B2004523701903N11923344WA0142701436004003024243237
B2004533701902N11923348WA0142701436004003023239235
B2004543701900N11923351WA0142701436004003022235240
B2004553701898N11923355WA0142701436004003022231234
B2004563701895N11923358WA0142701435004003025227233
B2004573701893N11923362WA0142701436004003025223231
B2004583701889N11923365WA0142801437004003027219217
B2004593701885N11923369WA0143001438004003028213240
B2005003701882N11923371WA0143301441004003025212249
B2005013701880N11923373WA0143601444004003025221300
B2005023701878N11923376WA0143701446004003019243285
B2005033701878N11923380WA0143801446004003019261276
B2005043701877N11923385WA0143901447004003024274288
B2005053701878N11923391WA0144001447004003029284308
B2005063701880N11923395WA0143901447004003029316314
B2005073701883N11923396WA0143801446004003025354328
B2005083701887N11923395WA0143801445004003025007350
B2005093701892N11923393WA0143701444004003029022359
B2005103701897N11923389WA0143701444004003036043016
B2005113701899N11923382WA0143601444004003039071041
B2005123701900N11923374WA0143601444004003039095076
B2005133701899N11923367WA0143701445004003039117106
B2005143701895N11923362WA0143801447004003036134133
B2005153701892N11923360WA0143901447004003023151153
B2005163701889N11923358WA0144001448004003023168183
B2005173701887N11923359WA0144001448004003017187198
B2005183701884N11923360WA0144001447004003017199215
B2005193701881N11923362WA0144001448004003022203236
B2005203701877N11923364WA0144001448004003027204237
B2005213701873N11923366WA0144101449004003027201239
B2005223701869N11923368WA0144101450004003027198232
B2005233701865N11923370WA0144401453004003029202228
B2005243701861N11923373WA0144601456004003029215222
B2005253701858N11923376WA0144901460004003027227233
B2005263701856N11923380WA0145301463004003027234236
B2005273701854N11923384WA0145601463004003026231222
B2005283701851N11923386WA0145901467004003021214224
B2005293701849N11923388WA0146101467004003021194206
B2005303701845N11923388WA0146201469004003027186192
B2005313701841N11923388WA0146401471004003033175174
B2005323701835N11923386WA0146601474004003033154157
B2005333701831N11923382WA0146801475004003037123140
B2005343701829N11923374WA0147101477004003042100108
B2005353701828N11923364WA0147401478004003045071084
B2005363701832N11923357WA0147801483004003045055051
B2005373701837N11923353WA0148101488004003041034035
B2005383701842N11923351WA0148501492004003035012013
B2005393701846N11923351WA0148801496004003032354350
B2005403701850N11923353WA0149101499004003025335331
B2005413701853N11923356WA0149301501004003025309311
B2005423701854N11923360WA0149501503004003023284292
B2005433701853N11923364WA0149601505004003023252272
B2005443701851N11923368WA0149701506004003024225250
B2005453701846N11923370WA0149801507004003032194230
B2005463701841N11923369WA0149901508004003035169205
B2005473701836N11923366WA0150001509004003035147182
B2005483701832N11923360WA0150101511004003038129160
B2005493701830N11923354WA0150301514004003039110141
B2005503701829N11923347WA0150601517004003038090118
B2005513701831N11923340WA0150901520004003038071094
B2005523701833N11923334WA0151101521004003035048068
B2005533701837N11923330WA0151401521004003032024038
B2005543701841N11923330WA0151601524004003029005009
B2005553701845N11923332WA0151701526004003024340346
B2005563701847N11923335WA0151901529004003024312320
B2005573701849N11923339WA0152101531004003024284298
B2005583701848N11923344WA0152301533004003025254277
B2005593701845N11923348WA0152501535004003027226255
B2006003701841N11923350WA0152601537004003028198234
B2006013701837N11923350WA0152701538004003031178211
B2006023701832N11923349WA0152801539004003031168188
B2006033701827N11923347WA0152901541004003034154181
B2006043701823N11923342WA0153001541004003036130164
B2006053701819N11923336WA0153101543004003048094138
B2006063701821N11923326WA0153401546004003048074093
B2006073701825N11923320WA0153801550004003048044070
B2006083701830N11923319WA0154001554004003039009034
B2006093701834N11923321WA0154301557004003033330354
B2006103701836N11923324WA0154601560004003023295315
B2006113701836N11923329WA0154901563004003023265284
B2006123701835N11923333WA0155101565004003023241262
B2006133701832N11923336WA0155201566004003023215245
B2006143701828N11923337WA0155201566004003025197227
B2006153701823N11923337WA0155301567004003037173209
B2006163701818N11923336WA0155401568004003042154182
B2006173701812N11923331WA0155601570004003042144162
B2006183701808N11923326WA0155801570004003042127152
B2006193701805N11923319WA0156001572004003042110134
B2006203701805N11923310WA0156201574004003043088115
B2006213701807N11923303WA0156401576004003042064088
B2006223701810N11923296WA0156701578004003042038057
B2006233701814N11923294WA0157001583004003035020026
B2006243701818N11923293WA0157301584004003020353003
B2006253701821N11923294WA0157701584004003020322325
B2006263701823N11923297WA0157901587004003016300300
B2006273701823N11923300WA0158101590004003016289279
B2006283701824N11923303WA0158301593004003018270260
B2006293701823N11923307WA0158301594004003023234247
B2006303701820N11923310WA0158301595004003023207224
B2006313701815N11923312WA0158401596004003031185207
B2006323701808N11923310WA0158501598004003038165190
B2006333701801N11923308WA0158701600004003047154176
B2006343701795N11923303WA0159001604004003047151155
B2006353701790N11923299WA0159301605004003044140150
B2006363701786N11923295WA0159501605004003038123137
B2006373701784N11923289WA0159601606004003035099122
B2006383701784N11923282WA0159501606004003035078097
B2006393701787N11923276WA0159401606004003037055069
B2006403701791N11923271WA0159401607004003035023040
B2006413701796N11923270WA0159501609004003033356002
B2006423701800N11923271WA0159701611004003028329336
B2006433701802N11923274WA0160001615004003016312310
B2006443701803N11923276WA0160401619004003016301288
B2006453701803N11923277WA0160601621004003009316292
B2006463701805N11923279WA0160701623004003009314314
B2006473701806N11923281WA0160801624004003013309298
B2006483701808N11923283WA0161001627004003014313303
B2006493701809N11923285WA0161101627004003015305285
B2006503701810N11923288WA0161101628004003014279284
B2006513701809N11923291WA0161201629004003015257274
B2006523701809N11923295WA0161301630004003017269284
B2006533701810N11923300WA0161401631004003028286277
B2006543701812N11923304WA0161501634004003028292278
B2006553701813N11923309WA0161801636004003026283271
B2006563701813N11923313WA0161901638004003025268275
B2006573701812N11923318WA0162001639004003025259274
B2006583701811N11923324WA0162101640004003028261283
B2006593701811N11923329WA0162201641004003029267272
B2007003701811N11923335WA0162301641004003029268291
B2007013701811N11923341WA0162301642004003031263269
B2007023701810N11923347WA0162401643004003034261286
B2007033701809N11923354WA0162501644004003033266283
B2007043701809N11923359WA0162601646004003033275287
B2007053701810N11923365WA0162801647004003030278296
B2007063701811N11923370WA0162801648004003028280278
B2007073701812N11923374WA0162901648004003027291285
B2007083701814N11923379WA0163001650004003027300294
B2007093701816N11923383WA0163201651004003027297312
B2007103701817N11923387WA0163601655004003025288306
B2007113701818N11923389WA0163901659004003019300327
B2007123701819N11923391WA0164101659004003014330326
B2007133701821N11923392WA0164201659004003021347343
B2007143701825N11923392WA0164201659004003027003349
B2007153701830N11923390WA0164301660004003027020007
B2007163701835N11923387WA0164301660004003033044022
B2007173701838N11923380WA0164301660004003041060046
B2007183701840N11923371WA0164201660004003048077066
B2007193701842N11923362WA0164201660004003048095085
B2007203701840N11923353WA0164201661004003048107107
B2007213701836N11923345WA0164301663004003047125120
B2007223701832N11923339WA0164401662004003044148142
B2007233701827N11923338WA0164401662004003032170166
B2007243701822N11923339WA0164301662004003032195192
B2007253701819N11923342WA0164201661004003028226214
B2007263701817N11923347WA0164101661004003028253238
B2007273701816N11923352WA0164001661004003028268262
B2007283701816N11923358WA0164001662004003029272264
B2007293701817N11923364WA0164101663004003029274275
B2007303701817N11923368WA0164301665004003029266269
B2007313701817N11923373WA0164401667004003024269270
B2007323701817N11923376WA0164601669004003021280269
B2007333701818N11923380WA0164701670004003018285272
B2007343701819N11923383WA0164801670004003020287263
B2007353701820N11923387WA0164801670004003020285265
B2007363701821N11923391WA0164801670004003021282264
B2007373701821N11923394WA0164801670004003021281277
B2007383701822N11923398WA0164801670004003024282281
B2007393701823N11923403WA0164801670004003027285291
B2007403701824N11923408WA0164801670004003027285310
B2007413701825N11923413WA0164801670004003027284298
B2007423701826N11923417WA0164801671004003024287269
B2007433701827N11923421WA0164801671004003024288295
B2007443701828N11923426WA0164801670004003028284294
B2007453701829N11923431WA0164701669004003028279294
B2007463701829N11923437WA0164701669004003030274283
B2007473701829N11923443WA0164701669004003030271290
B2007483701829N11923448WA0164601669004003031268298
B2007493701829N11923454WA0164601668004003031268285
B2007503701829N11923460WA0164601668004003031271288
B2007513701829N11923467WA0164601668004003033276270
B2007523701830N11923473WA0164501667004003035282298
B2007533701831N11923480WA0164501668004003033286301
B2007543701833N11923485WA0164501669004003033288323
B2007553701834N11923489WA0164701670004003028286309
B2007563701836N11923494WA0164801671004003028294309
B2007573701838N11923499WA0165001673004003029306323
B2007583701841N11923503WA0165201673004003028320335
B2007593701845N11923505WA0165201673004003028349333
B2008003701849N11923505WA0165201673004003028359342
B2008013701855N11923505WA0165101672004003031355331
B2008023701861N11923506WA0165001671004003035344319
B2008033701866N11923509WA0165001672004003040334310
B2008043701871N11923513WA0165101673004003040322311
B2008053701874N11923517WA0165301676004003035316304
B2008063701878N11923521WA0165401678004003031317302
B2008073701881N11923524WA0165501678004003029319299
B2008083701884N11923527WA0165601678004003028320290
B2008093701887N11923531WA0165601678004003031321295
B2008103701892N11923535WA0165701679004003031322289
B2008113701896N11923538WA0165801680004003033325321
B2008123701900N11923542WA0165901681004003033323335
B2008133701903N11923545WA0165901681004003027312332
B2008143701905N11923549WA0165801681004003027301306
B2008153701907N11923553WA0165701680004003026301281
B2008163701909N11923557WA0165501677004003026303285
B2008173701911N11923562WA0165201675004003028297267
B2008183701913N11923568WA0165101674004003032287277
B2008193701914N11923574WA0165101674004003032279283
B2008203701914N11923578WA0165101675004003028274303
B2008213701914N11923583WA0165001674004003023269289
B2008223701914N11923587WA0164801672004003023267288
B2008233701914N11923592WA0164601669004003030266270
B2008243701914N11923599WA0164501667004003030268281
B2008253701914N11923605WA0164501668004003034270299
B2008263701914N11923611WA0164601670004003034274272
B2008273701914N11923616WA0164701671004003026278282
B2008283701915N11923621WA0164801672004003026278273
B2008293701915N11923625WA0164801672004003025276279
B2008303701916N11923630WA0164801671004003025275277
B2008313701916N11923636WA0164801671004003029278280
B2008323701917N11923643WA0164701670004003036280278
B2008333701918N11923649WA0164701671004003036281292
B2008343701920N11923656WA0164801671004003036284291
B2008353701921N11923662WA0164801672004003034287291
B2008363701923N11923667WA0164801672004003032288295
B2008373701924N11923673WA0164801671004003032284294
B2008383701925N11923679WA0164801671004003033278284
B2008393701925N11923685WA0164701670004003033275291
B2008403701926N11923692WA0164701669004003034275282
B2008413701926N11923698WA0164701670004003034278284
B2008423701927N11923704WA0164701670004003031281297
B2008433701928N11923709WA0164701670004003031282285
B2008443701929N11923714WA0164701670004003028281289
B2008453701930N11923719WA0164701669004003028281278
B2008463701931N11923725WA0164601668004003030282285
B2008473701932N11923731WA0164501668004003033283275
B2008483701933N11923737WA0164501668004003033282292
B2008493701934N11923743WA0164501668004003032278301
B2008503701934N11923748WA0164501667004003030275289
B2008513701935N11923753WA0164501667004003029276295
B2008523701935N11923759WA0164401666004003030276278
B2008533701936N11923765WA0164401665004003031278290
B2008543701937N11923771WA0164301665004003031281295
B2008553701938N11923776WA0164301664004003031286304
B2008563701939N11923781WA0164201664004003031289304
B2008573701941N11923787WA0164101664004003030287289
B2008583701942N11923792WA0164001662004003030284290
B2008593701943N11923798WA0163901661004003030282290
B2009003701944N11923804WA0163701659004003031283290
B2009013701946N11923810WA0163601658004003033286294
B2009023701947N11923817WA0163501657004003037289300
B2009033701949N11923823WA0163501657004003037289300
B2009043701951N11923828WA0163401656004003035291295
B2009053701953N11923833WA0163401655004003031293300
B2009063701955N11923839WA0163301654004003031294294
B2009073701957N11923844WA0163101653004003033293286
B2009083701959N11923850WA0163001652004003034290295
B2009093701960N11923857WA0163001652004003033286294
B2009103701961N11923862WA0163001652004003033285298
B2009113701963N11923867WA0163001652004003030287299
B2009123701964N11923872WA0162901651004003027288302
B2009133701965N11923877WA0162801649004003029288294
B2009143701967N11923882WA0162601647004003029287295
B2009153701968N11923888WA0162501646004003031286293
B2009163701969N11923894WA0162301645004003032286294
B2009173701971N11923899WA0162201644004003031285296
B2009183701972N11923905WA0162101643004003031285300
B2009193701973N11923911WA0162101642004003030286298
B2009203701974N11923916WA0162001641004003030286289
B2009213701976N11923921WA0161901640004003030284300
B2009223701977N11923927WA0161801639004003030283289
B2009233701978N11923932WA0161701638004003030285299
B2009243701979N11923938WA0161501636004003030288295
B2009253701981N11923943WA0161401635004003030289295
B2009263701982N11923948WA0161301634004003031288293
B2009273701984N11923954WA0161201633004003030286296
B2009283701985N11923959WA0161101632004003030287299
B2009293701987N11923964WA0161001631004003030289297
B2009303701988N11923970WA0160901630004003030290295
B2009313701990N11923975WA0160801629004003029289289
B2009323701991N11923980WA0160601627004003029286286
B2009333701992N11923985WA0160501625004003031285290
B2009343701993N11923991WA0160401624004003031285285
B2009353701995N11923997WA0160201623004003033286292
B2009363701996N11924003WA0160101622004003033286280
B2009373701997N11924008WA0160001621004003031286291
B2009383701999N11924014WA0159901619004003031287292
B2009393702000N11924019WA0159801618004003031288294
B2009403702002N11924025WA0159601616004003031288300
B2009413702004N11924031WA0159401614004003033289296
B2009423702006N11924037WA0159301612004003034293307
B2009433702008N11924042WA0159101611004003034295291
B2009443702010N11924048WA0159001610004003032295290
B2009453702012N11924053WA0158901609004003031294295
B2009463702013N11924058WA0158801607004003031292310
B2009473702015N11924063WA0158701606004003030293315
B2009483702017N11924068WA0158601605004003030296313
B2009493702019N11924073WA0158401603004003030298316
B2009503702021N11924078WA0158301602004003030297306
B2009513702023N11924083WA0158101600004003030296302
B2009523702026N11924089WA0157901598004003033298300
B2009533702028N11924094WA0157801596004003034300305
B2009543702031N11924100WA0157601595004003034301298
B2009553702034N11924105WA0157501594004003034300301
B2009563702036N11924111WA0157401592004003034298298
B2009573702038N11924116WA0157301591004003032296298
B2009583702040N11924121WA0157201590004003032293302
B2009593702042N11924127WA0157001588004003032292299
B2010003702044N11924133WA0156801585004003032292298
B2010013702046N11924139WA0156601584004003035292297
B2010023702048N11924146WA0156501582004003036290306
B2010033702050N11924152WA0156401583004003036291304
B2010043702052N11924158WA0156301581004003034293306
B2010053702054N11924163WA0156201580004003032296304
B2010063702056N11924168WA0156001579004003032297299
B2010073702059N11924174WA0155801578004003036300303
B2010083702062N11924180WA0155601577004003036302307
B2010093702065N11924185WA0155401576004003035302308
B2010103702068N11924191WA0155301575004003034302307
B2010113702070N11924196WA0155101572004003034303306
B2010123702073N11924201WA0154901569004003035305316
B2010133702076N11924207WA0154801567004003036305308
B2010143702079N11924212WA0154601566004003035305313
B2010153702082N11924217WA0154401564004003035307300
B2010163702085N11924222WA0154301563004003034307306
B2010173702088N11924227WA0154201561004003030303293
B2010183702090N11924232WA0154001559004003030297293
B2010193702092N11924237WA0153801557004003030294288
B2010203702094N11924243WA0153601554004003032298299
B2010213702097N11924249WA0153501553004003034300291
B2010223702099N11924255WA0153301551004003034295279
B2010233702101N11924260WA0153201551004003034288283
B2010243702102N11924266WA0153101549004003032286281
B2010253702104N11924271WA0152901547004003032289287
B2010273702106N11924277WA0152701545004003035292286
B2010283702108N11924284WA0152601543004003035293288
B2010293702110N11924290WA0152501542004003035292286
B2010303702112N11924296WA0152401541004003035289285
B2010313702113N11924302WA0152201540004003035286286
B2010323702115N11924308WA0152201538004003034285286
B2010333702116N11924314WA0152101538004003034286286
B2010343702118N11924321WA0151901536004003034287279
B2010353702119N11924327WA0151801535004003035287291
B2010363702121N11924333WA0151601533004003035286284
B2010373702123N11924343WA0151401532004003031282278
B2010383702124N11924349WA0151201531004003031285272
B2010393702125N11924355WA0151201530004003032286279
B2010403702126N11924360WA0151201530004003032286284
B2010413702128N11924365WA0151201529004003029284280
B2010423702128N11924370WA0151101529004003029280277
B2010433702129N11924375WA0151101528004003027277272
B2010443702130N11924381WA0151001526004003027280275
B2010453702131N11924386WA0150901525004003027284289
B2010463702132N11924390WA0150801525004003025286283
B2010473702133N11924395WA0150701524004003025285283
B2010483702134N11924399WA0150601523004003025285284
B2010493702135N11924404WA0150501522004003025285283
B2010503702136N11924410WA0150201519004003027286284
B2010513702137N11924415WA0150001517004003031289291
B2010523702139N11924421WA0149901515004003033289270
B2010533702141N11924427WA0149701515004003033286280
B2010543702142N11924432WA0149701514004003033275272
B2010553702142N11924438WA0149701514004003033271291
B2010563702142N11924443WA0149701514004003028273280
B2010573702142N11924449WA0149701513004003028278290
B2010583702143N11924454WA0149601512004003028281279
B2010593702144N11924459WA0149501511004003027283277
B2011003702145N11924464WA0149401510004003027283276
B2011013702146N11924469WA0149401509004003028282278
B2011023702147N11924473WA0149301509004003028282268
B2011033702148N11924479WA0149301508004003028284294
B2011043702149N11924483WA0149201508004003027288278
B2011053702151N11924488WA0149101506004003027293298
B2011063702152N11924493WA0149001505004003029290263
B2011073702154N11924498WA0148901503004003031285275
B2011083702155N11924504WA0148801503004003031281278
B2011093702156N11924509WA0148701502004003031282285
B2011103702157N11924514WA0148601501004003028287276
B2011113702158N11924519WA0148501499004003027289271
B2011123702159N11924524WA0148301497004003029286272
B2011133702160N11924529WA0148101495004003029284284
B2011143702162N11924535WA0147901493004003031288296
B2011153702164N11924542WA0147801492004003035296311
B2011163702167N11924547WA0147801492004003036303295
B2011173702170N11924553WA0147801492004003036305290
B2011183702173N11924558WA0147801492004003035302271
B2011193702175N11924563WA0147801491004003031297281
B2011203702177N11924568WA0147701490004003030292279
B2011213702178N11924574WA0147601489004003033290279
B2011223702180N11924580WA0147501488004003034289281
B2011233702182N11924586WA0147401488004003033290283
B2011243702183N11924591WA0147401487004003033291288
B2011253702185N11924597WA0147401487004003033293291
B2011263702187N11924603WA0147301486004003034295295
B2011273702190N11924609WA0147301486004003035298295
B2011283702193N11924614WA0147201486004003035300289
B2011293702195N11924620WA0147201486004003035300291
B2011303702198N11924625WA0147201486004003034300289
B2011313702200N11924631WA0147201486004003034302299
B2011323702203N11924635WA0147201485004003034309295
B2011333702206N11924639WA0147201485004003032315302
B2011343702210N11924643WA0147201485004003031317287
B2011353702213N11924647WA0147101484004003031316294
B2011363702217N11924652WA0147101484004003034315293
B2011373702221N11924656WA0147101484004003034316293
B2011383702224N11924660WA0147101485004003034318294
B2011393702228N11924664WA0147201486004003033324300
B2011403702232N11924667WA0147401487004003032336311
B2011413702236N11924668WA0147501489004003028345323
B2011423702241N11924669WA0147501489004003030343309
B2011433702245N11924672WA0147501488004003030338302
B2011443702250N11924675WA0147601488004003034332308
B2011453702256N11924679WA0147701490004003039327306
B2011463702260N11924682WA0147801491004003034322281
B2011473702263N11924686WA0147901493004003034315280
B2011483702266N11924690WA0148001493004003029307285
B2011493702267N11924694WA0148001493004003026294264
B2011503702268N11924699WA0147901491004003024276256
B2011513702267N11924703WA0147701489004003025254246
B2011523702265N11924707WA0147501487004003027228233
B2011533702261N11924709WA0147301486004003027196219
B2011543702256N11924708WA0147201484004003028168200
B2011553702252N11924705WA0147101482004003030140178
B2011563702249N11924699WA0146901480004003039120151
B2011573702247N11924691WA0146701478004003044103122
B2011583702247N11924682WA0146501477004003044087101
B2011593702249N11924674WA0146401476004003045071081
B2012003702252N11924667WA0146401475004003045054063
B2012013702257N11924662WA0146401475004003043040045
B2012023702262N11924657WA0146401476004003043029029
B2012033702268N11924655WA0146501477004003041020017
B2012043702273N11924653WA0146601478004003038014007
B2012053702278N11924652WA0146701479004003035011000
B2012063702282N11924651WA0146801480004003032002356
B2012073702287N11924651WA0146901480004003032351345
B2012083702290N11924653WA0146901480004003028331333
B2012093702293N11924656WA0146801480004003027324317
B2012103702297N11924659WA0146801479004003027339307
B2012113702302N11924661WA0146701479004003037356328
B2012123702308N11924660WA0146501477004003041008345
B2012133702315N11924658WA0146501478004003039006339
B2012143702320N11924658WA0146601478004003039355328
B2012153702324N11924659WA0146501477004003033336323
B2012163702327N11924662WA0146201474004003025319312
B2012173702330N11924665WA0145901470004003025310295
B2012183702332N11924670WA0145601466004003025305281
B2012193702334N11924674WA0145201462004003027302276
B2012203702337N11924679WA0144901459004003028297284
B2012213702338N11924684WA0144601457004003028294302
B2012223702340N11924689WA0144401455004003028296276
B2012233702342N11924693WA0144201453004003027304269
B2012243702345N11924696WA0143901450004003025310272
B2012253702347N11924700WA0143701447004003025309279
B2012263702350N11924705WA0143401443004003029299279
B2012273702351N11924710WA0143101440004003030288292
B2012283702352N11924715WA0142801438004003029284297
B2012293702353N11924720WA0142601436004003029290316
B2012303702355N11924724WA0142401433004003025303310
B2012313702358N11924727WA0142101430004003023320296
B2012333702361N11924729WA0141801426004003024327297
B2012343702364N11924732WA0141401421004003024321290
B2012353702366N11924735WA0140901417004003025310304
B2012363702368N11924740WA0140501412004003029298285
B2012373702370N11924745WA0140201409004003030290281
B2012383702371N11924751WA0139901407004003029284254
B2012393702372N11924755WA0139801405004003029277242
B2012403702372N11924759WA0139601403004003024262237
B2012413702371N11924762WA0139301400004003017245235
B2012423702370N11924765WA0139001400004003020226230
B2012433702367N11924767WA0138601395004003020215214
B2012443702363N11924770WA0138201390004003025206223
B2012453702358N11924772WA0137801386004003029200222
B2012463702353N11924774WA0137501383004003031198230
B2012473702345N11924777WA0137101378004003030192237
B2012483702340N11924778WA0136901375004003030193221
B2012493702336N11924780WA0136601372004003031196211
B2012503702331N11924782WA0136401370004003035198217
B2012513702326N11924783WA0136201369004003035196213
B2012523702321N11924785WA0135901367004003035193213
B2012533702317N11924786WA0135701364004003032191206
B2012543702312N11924787WA0135301360004003030191220
B2012553702307N11924788WA0135001356004003033191218
B2012563702302N11924790WA0134601352004003035191234
B2012573702297N11924791WA0134301351004003035189219
B2012583702293N11924792WA0134001351004003035193212
B2012593702288N11924794WA0133601350004003035196211
B2013003702282N11924795WA0133401347004003040193213
B2013013702275N11924797WA0133101344004003043188214
B2013023702269N11924798WA0133001344004003041191207
B2013033702263N11924800WA0133001343004003041196218
B2013043702258N11924802WA0133001341004003037207232
B2013053702255N11924805WA0133001339004003029212237
B2013063702251N11924808WA0133001337004003031210249
B2013073702247N11924812WA0132901336004003031211245
B2013083702242N11924816WA0132901335004003035218252
B2013093702239N11924820WA0132901336004003035224254
B2013103702236N11924824WA0132901336004003025226249
B2013113702234N11924827WA0132901335004003025222241
B2013123702232N11924829WA0132801333004003022220240
B2013133702229N11924832WA0132701331004003022223242
B2013143702226N11924836WA0132601330004003024224242
B2013153702223N11924840WA0132401328004003029228244
B2013163702220N11924844WA0132301327004003029231249
B2013173702218N11924848WA0132301326004003029233248
B2013183702215N11924853WA0132201325004003029233245
B2013193702213N11924857WA0132201324004003027237244
B2013203702211N11924861WA0132101323004003025240251
B2013213702209N11924865WA0131901322004003026237257
B2013223702207N11924869WA0131801321004003026232249
B2013233702204N11924873WA0131701319004003027232250
B2013243702202N11924877WA0131601318004003028234252
B2013253702199N11924882WA0131501317004003027233244
B2013263702197N11924886WA0131401316004003027231245
B2013273702194N11924890WA0131401316004003027230239
B2013283702191N11924894WA0131301314004003028228249
B2013293702188N11924898WA0131201313004003029226235
B2013303702185N11924902WA0131101313004003029223229
B2013313702182N11924905WA0131101313004003029220235
B2013323702179N11924908WA0131001312004003028215236
B2013333702175N11924911WA0130901311004003028211226
B2013343702171N11924914WA0130901310004003029211232
B2013353702167N11924917WA0130801309004003031212236
B2013363702163N11924920WA0130801309004003031213238
B2013373702159N11924923WA0130701309004003030212235
B2013383702156N11924926WA0130601307004003029212237
B2013393702152N11924929WA0130501306004003029215239
B2013403702149N11924933WA0130401305004003031221233
B2013413702145N11924937WA0130301304004003031226226
B2013423702143N11924940WA0130201303004003028226217
B2013433702140N11924944WA0130101301004003026221217
B2013443702137N11924947WA0129901299004003026215215
B2013453702133N11924950WA0129701297004003029211217
B2013463702129N11924952WA0129601296004003030208221
B2013473702125N11924955WA0129401294004003029207220
B2013483702121N11924957WA0129301293004003029206228
B2013493702118N11924960WA0129101292004003028206222
B2013503702114N11924962WA0129001290004003028206226
B2013513702110N11924964WA0128901288004003029205219
B2013523702106N11924967WA0128701286004003029205216
B2013533702102N11924969WA0128501284004003029203198
B2013543702098N11924971WA0128301282004003029199204
B2013553702093N11924972WA0128101280004003032192202
B2013563702088N11924973WA0127901278004003033186198
B2013573702083N11924974WA0127801279004003033184204
B2013583702078N11924974WA0127701278004003035182204
B2013593702073N11924974WA0127701278004003035178204
B2014003702069N11924973WA0127701278004003028174200
B2014013702065N11924973WA0127701277004003028171201
B2014023702061N11924972WA0127601276004003027169202
B2014033702056N11924971WA0127501275004003027167188
B2014043702052N11924969WA0127301273004003030161195
B2014053702047N11924966WA0127201272004003036155181
B2014063702042N11924963WA0127101271004003036153192
B2014073702037N11924961WA0127001270004003036154186
B2014083702032N11924958WA0126901269004003036156187
B2014093702028N11924955WA0126801268004003035158187
B2014103702023N11924954WA0126701267004003034164196
B2014113702018N11924952WA0126601266004003034169191
B2014123702013N11924952WA0126601266004003034172194
B2014133702008N11924951WA0126601265004003032168174
B2014143702004N11924949WA0126501264004003031162165
B2014153701999N11924947WA0126401263004003033154183
B2014163701995N11924943WA0126301263004003036149161
B2014173701990N11924940WA0126201262004003036152196
B2014183701985N11924938WA0126201262004003036161186
B2014193701981N11924936WA0126101261004003033170190
B2014203701976N11924936WA0126001260004003031170174
B2014213701972N11924934WA0125801258004003032165168
B2014223701967N11924932WA0125701258004003032158171
B2014233701962N11924930WA0125501256004003033156168
B2014243701958N11924927WA0125401255004003033153174
B2014253701953N11924924WA0125401255004003031151175
B2014263701949N11924922WA0125301254004003031149168
B2014273701946N11924919WA0125201252004003030146162
B2014283701942N11924915WA0125001250004003030143159
B2014293701938N11924912WA0124801248004003030142157
B2014303701935N11924908WA0124601245004003033142163
B2014313701931N11924904WA0124301243004003033143168
B2014323701927N11924901WA0124201241004003033146169
B2014333701922N11924898WA0124001239004003032151187
B2014343701918N11924895WA0123701236004003032155187
B2014353701913N11924893WA0123501233004003035159189
B2014363701908N11924890WA0123201230004003037162185
B2014373701903N11924889WA0123001227004003036165188
B2014383701898N11924887WA0122801226004003036165185
B2014393701893N11924885WA0122601224004003033164174
B2014403701888N11924884WA0122401221004003033164178
B2014413701883N11924882WA0122101218004003033162173
B2014423701878N11924880WA0121901215004003034158176
B2014433701874N11924877WA0121601212004003035155175
B2014443701868N11924874WA0121301210004003038155181
B2014453701863N11924871WA0121101207004003041157184
B2014463701857N11924868WA0120901205004003041157191
B2014473701852N11924865WA0120701203004003041156186
B2014483701847N11924862WA0120501201004003039154182
B2014493701842N11924859WA0120301198004003038154177
B2014503701836N11924856WA0120001195004003040155184
B2014513701831N11924853WA0119701192004003040156190
B2014523701825N11924850WA0119401189004003040158164
B2014533701820N11924848WA0119201186004003038159167
B2014543701815N11924845WA0118901183004003038155151
B2014553701810N11924841WA0118701181004003038144156
B2014563701806N11924837WA0118401178004003037137147
B2014573701802N11924833WA0118201175004003035135173
B2014583701799N11924828WA0117901173004003033131142
B2014593701796N11924823WA0117801171004003035127162
B2015003701793N11924817WA0117601169004003037124156
B2015013701790N11924811WA0117401168004003036124157
B2015023701787N11924806WA0117401167004003036127155
B2015033701783N11924801WA0117301166004003034127172
B2015043701781N11924797WA0117201165004003031125158
B2015053701778N11924792WA0117101163004003033126163
B2015063701775N11924787WA0116901161004003033129163
B2015073701771N11924782WA0116801160004003035131156
B2015083701768N11924777WA0116701160004003035130185
B2015093701765N11924772WA0116701160004003032122174
B2015103701763N11924767WA0116601159004003032116168
B2015113701761N11924762WA0116501157004003031119158
B2015123701758N11924757WA0116401156004003031127152
B2015133701754N11924752WA0116201154004003033133171
B2015143701750N11924747WA0116101153004003035132161
B2015153701747N11924742WA0116001153004003035132170
B2015163701744N11924738WA0116001152004003035130167
B2015173701741N11924733WA0115901151004003034125173
B2015183701738N11924728WA0115801151004003031124153
B2015193701735N11924723WA0115601148004003034128154
B2015203701731N11924718WA0115401146004003036131155
B2015213701728N11924713WA0115301145004003036130161
B2015223701724N11924707WA0115201144004003039131169
B2015233701720N11924702WA0115201144004003039133169
B2015243701716N11924697WA0115101144004003038137165
B2015253701711N11924692WA0115101144004003039140165
B2015263701707N11924688WA0115201144004003038141164
B2015273701703N11924683WA0115301145004003038140164
B2015283701699N11924679WA0115301146004003036137165
B2015293701695N11924675WA0115401146004003032135162
B2015303701692N11924671WA0115401146004003032138160
B2015313701688N11924667WA0115401146004003032149163
B2015323701683N11924665WA0115501147004003032165172
B2015333701679N11924664WA0115401146004003031181187
B2015343701676N11924666WA0115401146004003016206199
B2015353701675N11924667WA0115201144004003016233221
B2015363701673N11924669WA0115001142004003014221231
B2015373701671N11924671WA0114801139004003014205220
B2015383701667N11924672WA0114501136004003021190208
B2015393701662N11924672WA0114301134004003036178199
B2015403701656N11924672WA0114201134004003036170200
B2015413701651N11924670WA0114201134004003035166197
B2015423701647N11924669WA0114101134004003033163197
B2015433701642N11924667WA0114101133004003031159190
B2015443701638N11924665WA0113901131004003033156189
B2015453701633N11924662WA0113801129004003035155192
B2015463701628N11924659WA0113601129004003035155197
B2015473701623N11924656WA0113401127004003036157197
B2015483701618N11924654WA0113301125004003036160193
B2015493701614N11924652WA0113201124004003035159183
B2015503701609N11924649WA0113101122004003036154179
B2015513701604N11924646WA0112901120004003036150169
B2015523701599N11924642WA0112701118004003037150182
B2015533701593N11924639WA0112601117004003039154188
B2015543701588N11924636WA0112501116004003038158182
B2015553701583N11924634WA0112401115004003038161177
B2015563701578N11924632WA0112301115004003036165182
B2015573701574N11924631WA0112201113004003032170203
B2015583701569N11924630WA0112101112004003032166184
B2015593701564N11924628WA0111801109004003039158182
B2016003701558N11924624WA0111501105004003043154182
B2016013701552N11924621WA0111201103004003040157205
B2016023701547N11924619WA0111101102004003040164200
B2016033701541N11924617WA0111001100004003039168200
B2016043701535N11924616WA0110801098004003036167188
B2016053701530N11924614WA0110601096004003036164192
B2016063701525N11924612WA0110401093004003036162188
B2016073701520N11924610WA0110101090004003037163191
B2016083701514N11924608WA0109801087004003040166193
B2016093701508N11924607WA0109601084004003039168204
B2016103701502N11924606WA0109401082004003039169202
B2016113701497N11924604WA0109201080004003036169214
B2016123701492N11924603WA0108901076004003035172210
B2016133701487N11924603WA0108601072004003035177208
B2016143701481N11924603WA0108201069004003036182208
B2016153701476N11924604WA0107901069004003036189207
B2016163701471N11924605WA0107601065004003036188200
B2016173701465N11924605WA0107301063004003035181191
B2016183701460N11924605WA0107101060004003035173187
B2016193701454N11924604WA0106801056004003038167183
B2016203701449N11924602WA0106601053004003040164184
B2016213701443N11924599WA0106201050004003040162184
B2016223701437N11924597WA0105901046004003042159184
B2016233701430N11924593WA0105701044004003044157172
B2016243701424N11924590WA0105501042004003047153157
B2016253701418N11924585WA0105301040004003047146146
B2016263701413N11924580WA0105201039004003046138147
B2016273701408N11924574WA0105101037004003046134163
B2016283701403N11924568WA0104901035004003046136162
B2016293701398N11924562WA0104801033004003047141164
B2016303701392N11924557WA0104601032004003047145172
B2016313701386N11924552WA0104501030004003047149187
B2016323701380N11924548WA0104401029004003047155190
B2016333701373N11924546WA0104301028004003046163192
B2016343701367N11924544WA0104201027004003044166207
B2016353701360N11924541WA0104101026004003045162180
B2016363701354N11924538WA0104001024004003045158187
B2016373701347N11924535WA0103801024004003047159186
B2016383701341N11924533WA0103701023004003047163193
B2016393701334N11924530WA0103701023004003041162170
B2016403701329N11924528WA0103701022004003041154147
B2016413701324N11924524WA0103601020004003039148160
B2016423701319N11924520WA0103401018004003039149162
B2016433701313N11924516WA0103201016004003043153195
B2016443701306N11924512WA0103101015004003049158167
B2016453701299N11924509WA0103001014004003051159187
B2016463701291N11924505WA0103001014004003051157181
B2016473701284N11924501WA0103101015004003053157189
B2016483701277N11924498WA0103301018004003053163213
B2016493701271N11924497WA0103501020004003039171225
B2016503701266N11924496WA0103601019004003039180219
B2016513701262N11924496WA0103701019004003030179215
B2016523701258N11924496WA0103701019004003030175201
B2016533701252N11924495WA0103701020004003034165182
B2016543701246N11924492WA0103801021004003039152160
B2016553701241N11924487WA0103801021004003044135151
B2016563701237N11924480WA0103801020004003044124136
B2016573701233N11924471WA0103801021004003051119111
B2016583701230N11924462WA0103901022004003052112099
B2016593701228N11924453WA0104001023004003047096084
B2017003701228N11924445WA0104001022004003047074071
B2017013701231N11924438WA0104001021004003044058047
B2017023701235N11924434WA0104001022004003040035027
B2017033701238N11924433WA0104001023004003031008003
B2017043701240N11924434WA0104001023004003010327332
B2017053701240N11924435WA0104101023004003010298273
B2017063701240N11924436WA0104001023004003006261268
B2017073701240N11924437WA0103901021004003006254262
B2017083701240N11924441WA0103801020004003012258263
B2017093701239N11924444WA0103901021004003021254240
B2017103701238N11924448WA0104001024004003021239276
B2017113701235N11924450WA0104201026004003021210224
B2017123701232N11924452WA0104401026004003021194215
B2017133701229N11924452WA0104601027004003024186204
B2017143701224N11924453WA0104601029004003028181196
B2017153701220N11924452WA0104701029004003033170174
B2017163701214N11924450WA0104701029004003033158181
B2017173701208N11924445WA0104601029004003040146170
B2017183701202N11924440WA0104601028004003047141180
B2017193701197N11924435WA0104501028004003047144183
B2017203701191N11924430WA0104401027004003047149185
B2017213701184N11924426WA0104401026004003047155186
B2017223701177N11924423WA0104301025004003049160193
B2017233701170N11924420WA0104401027004003049163207
B2017243701164N11924417WA0104501028004003041163208
B2017253701159N11924416WA0104501028004003041164219
B2017263701154N11924414WA0104401028004003035171217
B2017273701149N11924414WA0104201025004003034181210
B2017283701143N11924415WA0104001023004003034190211
B2017293701137N11924417WA0103901023004003042186210
B2017303701131N11924416WA0103901023004003043173198
B2017313701124N11924414WA0104001023004003043160189
B2017323701118N11924411WA0104001023004003045157194
B2017333701112N11924408WA0104001024004003046159208
B2017343701104N11924405WA0104101023004003051161185
B2017353701097N11924402WA0104101023004003051162187
B2017363701090N11924398WA0104101024004003051158176
B2017373701084N11924395WA0104101024004003049151204
B2017383701078N11924390WA0104201025004003047148172
B2017393701072N11924386WA0104301027004003045149176
B2017403701066N11924382WA0104401028004003045157174
B2017413701059N11924380WA0104601030004003045167171
B2017423701053N11924379WA0104901031004003044176232
B2017433701048N11924378WA0105101034004003040176210
B2017443701043N11924378WA0105401036004003034178214
B2017453701037N11924379WA0105601037004003035182195
B2017463701032N11924379WA0105701039004003035179235
B2017473701026N11924379WA0105801040004003037178192
B2017483701021N11924378WA0105801041004003037177213
B2017493701015N11924378WA0105901041004003039172214
B2017503701009N11924376WA0105901041004003041166185
B2017513701003N11924374WA0105801041004003041165199
B2017523700997N11924372WA0105701040004003041164192
B2017533700991N11924370WA0105601038004003041160199
B2017543700985N11924367WA0105301036004003043159197
B2017553700979N11924365WA0105001032004003047161186
B2017563700971N11924362WA0104701029004003047163196
B2017573700963N11924359WA0104401025004003053163174
B2017583700955N11924355WA0104001022004003059160169
B2017593700946N11924350WA0103801019004003058153179
B2018003700940N11924344WA0103701018004003058142159
B2018013700934N11924338WA0103501017004003056136193
B2018023700928N11924331WA0103401016004003053136169
B2018033700923N11924325WA0103301015004003049143177
B2018043700917N11924321WA0103201014004003046150179
B2018053700911N11924317WA0103201014004003046151186
B2018063700905N11924313WA0103201014004003045151178
B2018073700899N11924309WA0103201013004003044152203
B2018083700894N11924306WA0103101013004003041154199
B2018093700889N11924304WA0103101012004003036166219
B2018103700884N11924304WA0102901010004003036181222
B2018113700878N11924305WA0102701008004003036197247
B2018123700874N11924308WA0102601007004003035214255
B2018133700872N11924312WA0102601007004003031233262
B2018143700871N11924315WA0102601007004003013263270
B2018153700872N11924316WA0102501007004003013309291
B2018163700873N11924316WA0102501006004003007344303
B2018173700874N11924316WA0102401004004003007011312
B2018183700875N11924316WA0102201002004003008008315
B2018193700877N11924316WA0101900999004003015009331
B2018203700880N11924315WA0101700997004003018020341
B2018213700882N11924312WA0101500995004003018043000
B2018223700885N11924309WA0101300995004003023066005
B2018233700886N11924303WA0101100992004003029080023
B2018243700886N11924296WA0100800989004003034085045
B2018253700886N11924289WA0100500985004003037086053
B2018263700887N11924282WA0100100985004003037090068
B2018273700886N11924273WA0099700980004003043096082
B2018283700884N11924263WA0099400976004003050103096
B2018293700881N11924253WA0099200973004003056111116
B2018303700878N11924243WA0098900971004003056113100
B2018313700875N11924235WA0098800970004003053113092
B2018323700872N11924226WA0098700968004003050113092
B2018333700868N11924217WA0098500966004003050116119
B2018343700864N11924208WA0098300964004003056118127
B2018353700860N11924199WA0098300964004003056119109
B2018363700857N11924191WA0098200963004003054117107
B2018373700853N11924182WA0098200963004003051115106
B2018383700850N11924174WA0098100962004003048115105
B2018393700847N11924167WA0098000960004003045117126
B2018403700844N11924159WA0097800958004003045117109
B2018413700841N11924152WA0097600956004003045117122
B2018423700838N11924144WA0097400953004003045119130
B2018433700834N11924137WA0097100950004003046123146
B2018443700830N11924130WA0096900948004003046128152
B2018453700825N11924124WA0096600945004003046135153
B2018463700820N11924119WA0096300942004003046142155
B2018473700814N11924114WA0096000939004003046147161
B2018483700807N11924109WA0095800936004003049150168
B2018493700800N11924104WA0095600936004003052152175
B2018503700793N11924100WA0095600937004003052154185
B2018513700787N11924097WA0095700938004003049155175
B2018523700781N11924094WA0095700938004003046156174
B2018533700776N11924091WA0095700937004003038158192
B2018543700771N11924088WA0095600935004003038159201
B2018553700765N11924087WA0095500934004003037167203
B2018563700760N11924087WA0095400932004003035182206
B2018573700756N11924088WA0095200930004003032202222
B2018583700752N11924092WA0095100929004003032215238
B2018593700748N11924095WA0095000929004003031213238
B2019003700744N11924097WA0095100930004003031202244
B2019013700740N11924099WA0095100930004003028193244
B2019023700736N11924100WA0095100929004003028194253
B2019033700732N11924102WA0095000928004003027203252
B2019043700729N11924104WA0094800926004003024217254
B2019053700727N11924107WA0094800926004003021226249
B2019063700725N11924109WA0094700925004003023221253
B2019073700722N11924112WA0094700925004003023210243
B2019083700717N11924114WA0094600924004003027199230
B2019093700713N11924116WA0094500923004003030194230
B2019103700708N11924117WA0094400922004003036195223
B2019113700702N11924120WA0094300921004003038198230
B2019123700697N11924122WA0094200920004003038200237
B2019133700691N11924125WA0094200920004003038200238
B2019143700686N11924127WA0094200920004003038197255
B2019153700681N11924128WA0094100920004003035192218
B2019163700676N11924130WA0094100919004003036190224
B2019173700670N11924131WA0094000918004003036190217
B2019183700664N11924133WA0094000917004003038193237
B2019193700658N11924134WA0093900917004003040193220
B2019203700652N11924136WA0093900917004003041192211
B2019213700646N11924137WA0093900916004003041190207
B2019223700640N11924139WA0093800916004003041186213
B2019233700633N11924139WA0093800916004003042178198
B2019243700627N11924137WA0093800915004003043168200
B2019253700620N11924135WA0093600913004003045164188
B2019263700614N11924133WA0093500911004003046168191
B2019273700607N11924132WA0093300910004003046173195
B2019283700600N11924131WA0093300910004003046174199
B2019293700593N11924130WA0093300910004003047173206
B2019303700585N11924129WA0093500912004003049174234
B2019313700578N11924128WA0093600914004003049173228
B2019323700572N11924127WA0093900917004003047167232
B2019333700566N11924125WA0094200920004003043166207
B2019343700560N11924124WA0094300919004003041171203
B2019353700554N11924123WA0094400920004003045177200
B2019363700546N11924123WA0094500921004003048179188
B2019373700539N11924122WA0094600924004003046177180
B2019383700533N11924122WA0094900927004003046172178
B2019393700527N11924120WA0095200930004003041163175
B2019403700522N11924117WA0095400932004003037147167
B2019413700518N11924112WA0095600933004003041129148
B2019423700515N11924105WA0095700933004003041114107
B2019433700514N11924097WA0095800935004003041101083
B2019443700514N11924090WA0095900937004003041087062
B2019453700515N11924085WA0096100938004003027067046
B2019463700517N11924082WA0096300940004003027044016
B2019473700520N11924080WA0096400942004003022026000
B2019483700521N11924080WA0096500944004003016356348
B2019493700522N11924081WA0096700945004003008293332
B2019503700522N11924083WA0096700945004003012298310
B2019513700523N11924085WA0096800945004003013307303
B2019523700525N11924087WA0096900946004003012298299
B2019533700525N11924090WA0097000948004003013269285
B2019543700524N11924093WA0097100949004003015237275
B2019553700521N11924097WA0097200950004003028221266
B2019563700516N11924100WA0097200950004003034208241
B2019573700511N11924102WA0097300951004003034199231
B2019583700505N11924104WA0097300951004003039194224
B2019593700498N11924106WA0097400952004003044186214
B2020003700492N11924106WA0097600955004003042176203
B2020013700486N11924104WA0097800957004003042160192
B2020023700481N11924100WA0098000959004003040147169
B2020033700476N11924096WA0098200960004003040138149
B2020043700472N11924090WA0098200960004003040128122
B2020053700469N11924083WA0098200961004003041117105
B2020063700467N11924076WA0098300961004003041103084
B2020073700467N11924069WA0098300962004003040086065
B2020083700469N11924064WA0098400962004003036064047
B2020093700471N11924059WA0098500963004003029036025
B2020103700474N11924058WA0098700965004003020014000
B2020113700476N11924059WA0098800966004003020348342
B2020123700478N11924060WA0098900967004003013309329
B2020133700479N11924062WA0099000968004003013287312
B2020143700479N11924065WA0099100969004003013271300
B2020153700479N11924068WA0099100969004003016256286
B2020163700478N11924071WA0099100969004003022247277
B2020173700476N11924075WA0099000969004003022231265
B2020183700472N11924080WA0099000969004003030217257
B2020193700466N11924083WA0099000969004003036202239
B2020203700461N11924085WA0099100970004003037186224
B2020213700455N11924085WA0099100971004003037177205
B2020223700450N11924084WA0099200972004003036167196
B2020233700445N11924081WA0099200972004003036155183
B2020243700440N11924077WA0099200971004003037140165
B2020253700436N11924071WA0099100970004003041124137
B2020263700434N11924064WA0099100970004003041110110
B2020273700432N11924057WA0099100971004003039101090
B2020283700432N11924051WA0099100971004003037093076
B2020293700432N11924045WA0099100971004003033080065
B2020303700433N11924040WA0099100971004003026060048
B2020313700436N11924037WA0099100971004003026039023
B2020323700439N11924036WA0099100970004003024019008
B2020333700442N11924035WA0099100971004003022003350
B2020343700445N11924035WA0099100971004003021351339
B2020353700448N11924037WA0099100971004003018337333
B2020363700450N11924038WA0099100971004003018323321
B2020373700452N11924041WA0099000970004003018314307
B2020383700454N11924044WA0099000970004003020305303
B2020393700456N11924047WA0099000970004003021292303
B2020403700457N11924052WA0099000970004003026290313
B2020413700459N11924057WA0099000971004003026302315
B2020423700462N11924060WA0099100971004003025317329
B2020433700464N11924062WA0099100971004003022329324
B2020443700466N11924064WA0099100971004003020323325
B2020453700469N11924066WA0099000970004003021317324
B2020463700471N11924069WA0098900970004003023323344
B2020473700475N11924071WA0098900969004003023339343
B2020483700479N11924071WA0098900969004003025359359
B2020493700483N11924070WA0098900969004003029013355
B2020503700488N11924068WA0098900970004003029020348
B2020513700491N11924067WA0099000972004003029012329
B2020523700494N11924067WA0099100971004003023342325
B2020533700497N11924069WA0099000971004003023318311
B2020543700500N11924074WA0099000970004003027305299
B2020553700502N11924079WA0099000970004003029292291
B2020563700503N11924084WA0099000971004003029274283
B2020573700502N11924089WA0099100971004003025245277
B2020583700500N11924093WA0099100970004003025228262
B2020593700497N11924097WA0099100970004003029223255
B2021003700493N11924100WA0099100971004003029226262
B2021013700490N11924104WA0099100972004003028226259
B2021023700488N11924108WA0099300973004003027229274
B2021033700485N11924112WA0099500976004003025232266
B2021043700484N11924115WA0099600978004003025238271
B2021053700482N11924119WA0099800980004003021247261
B2021063700481N11924122WA0100000981004003020251259
B2021073700480N11924125WA0100200984004003021236253
B2021083700477N11924129WA0100400985004003028218245
B2021093700472N11924131WA0100500987004003028201217
B2021103700467N11924132WA0100800990004003034181204
B2021113700462N11924130WA0101000992004003034159179
B2021123700457N11924127WA0101000991004003040128155
B2021133700454N11924121WA0101000991004003045102117
B2021143700454N11924111WA0101000991004003045087087
B2021153700456N11924103WA0101200993004003045073069
B2021163700459N11924097WA0101300995004003033056054
B2021173700462N11924092WA0101600995004003033048034
B2021183700465N11924089WA0101700997004003028046028
B2021193700468N11924085WA0101901000004003028047023
B2021203700471N11924080WA0102001001004003031046025
B2021213700474N11924077WA0102101001004003031038025
B2021223700477N11924075WA0102201001004003025020019
B2021233700479N11924075WA0102101000004003018345000
B2021243700482N11924077WA0101900999004003019326330
B2021253700484N11924080WA0101700997004003020312315
B2021263700485N11924083WA0101600997004003020294309
B2021273700487N11924087WA0101600997004003022297303
B2021283700488N11924090WA0101700998004003022313321
B2021293700490N11924092WA0102001000004003017330311
B2021303700493N11924093WA0102201003004003017337303
B2021313700495N11924094WA0102401006004003017332297
B2021323700496N11924095WA0102601008004003014313312
B2021333700497N11924097WA0102701009004003013291304
B2021343700498N11924100WA0102801009004003018286290
B2021353700499N11924104WA0102801010004003024281310
B2021363700500N11924109WA0103001011004003024276286
B2021373700500N11924115WA0103201015004003029271281
B2021383700500N11924121WA0103601016004003029258251
B2021393700499N11924125WA0104101017004003019235270
B2021403700498N11924128WA0104401016004003019208256
B2021413700496N11924128WA0104601019004003016209244
B2021423700494N11924129WA0104701019004003014241251
B2021433700493N11924132WA0104801021004003014270279
B2021443700493N11924137WA0104801023004003026281288
B2021453700494N11924141WA0105101027004003026283288
B2021463700495N11924146WA0105301031004003026283268
B2021473700496N11924149WA0105401031004003021295277
B2021483700496N11924151WA0105301031004003015307273
B2021493700498N11924153WA0105101030004003020311289
B2021503700501N11924156WA0104801028004003024310293
B2021513700503N11924160WA0104701027004003024305296
B2021523700505N11924164WA0104701029004003024279279
B2021533700505N11924167WA0104801029004003021259268
B2021543700503N11924172WA0104901030004003028238265
B2021553700500N11924176WA0105101033004003031228247
B2021563700497N11924180WA0105301034004003031215233
B2021573700493N11924183WA0105601037004003031207233
B2021583700488N11924185WA0105901040004003031201212
B2021593700483N11924187WA0106001042004003033198204
B2022003700479N11924189WA0106101043004003033200196
B2022013700475N11924192WA0106101044004003032203227
B2022023700470N11924194WA0106201045004003030200242
B2022033700466N11924195WA0106301046004003030187215
B2022043700461N11924195WA0106401048004003035171178
B2022053700455N11924193WA0106601050004003036166188
B2022063700450N11924191WA0106901051004003035162194
B2022073700446N11924189WA0107001052004003030154201
B2022083700443N11924187WA0107101053004003025149166
B2022093700440N11924184WA0107101053004003032148187
B2022103700435N11924181WA0107101053004003035144194
B2022113700432N11924176WA0107201055004003035133171
B2022123700428N11924171WA0107301056004003035126158
B2022133700425N11924165WA0107301056004003035123146
B2022143700422N11924159WA0107301056004003039121138
B2022153700419N11924152WA0107201056004003042117136
B2022163700416N11924145WA0107201055004003042113127
B2022173700414N11924137WA0107101055004003043111118
B2022183700412N11924130WA0107001054004003044109120
B2022193700409N11924122WA0107001053004003046110110
B2022203700406N11924114WA0106901052004003046120118
B2022213700403N11924107WA0106901053004003045129144
B2022223700399N11924102WA0106801053004003041125145
B2022233700397N11924097WA0106701052004003033113132
B2022243700395N11924092WA0106501051004003035108119
B2022253700393N11924085WA0106101046004003042110114
B2022263700391N11924077WA0105801046004003042110115
B2022273700388N11924068WA0105701046004003048106103
B2022283700387N11924060WA0105601046004003048096077
B2022293700388N11924052WA0105501044004003042084067
B2022303700389N11924044WA0105401042004003042073056
B2022313700391N11924037WA0105101038004003040068046
B2022323700394N11924031WA0104801035004003038060025
B2022333700397N11924026WA0104401031004003038050024
B2022343700402N11924020WA0104101026004003039043020
B2022353700406N11924016WA0103801024004003039036008
B2022363700410N11924013WA0103601021004003035028009
B2022373700414N11924011WA0103401019004003032017006
B2022383700418N11924010WA0103301018004003029013003
B2022393700422N11924008WA0103201018004003030022013
B2022403700426N11924005WA0103101016004003032034013
B2022413700431N11924001WA0103001014004003032041023
B2022423700435N11923996WA0102901013004003037042020
B2022433700440N11923990WA0102901014004003040049051
B2022443700442N11923984WA0102901014004003036063026
B2022453700443N11923978WA0102801013004003036081056
B2022463700444N11923972WA0102801012004003033073023
B2022473700446N11923968WA0102701010004003030055357
B2022483700449N11923965WA0102501009004003028033336
B2022493700452N11923964WA0102401008004003017015333
B2022503700454N11923963WA0102201006004003017000320
B2022513700455N11923964WA0102001003004003011345324
B2022523700457N11923965WA0101701000004003011331313
B2022533700459N11923966WA0101400996004003013321313
B2022543700460N11923968WA0101100993004003015315300
B2022553700462N11923970WA0100800989004003017317294
B2022563700465N11923973WA0100500987004003017328310
B2022573700468N11923975WA0100400988004003024352329
B2022583700472N11923974WA0100400988004003028014349
B2022593700476N11923971WA0100400989004003028027001
B2023003700480N11923969WA0100400988004003028026334
B2023013700484N11923967WA0100300987004003027012346
B2023023700488N11923967WA0100200986004003027003338
B2023033700493N11923967WA0100200985004003030359336
B2023043700497N11923967WA0100200986004003030002335
B2023053700500N11923966WA0100200986004003027005344
B2023063700504N11923966WA0100100985004003025003342
B2023073700508N11923966WA0100000983004003025000332
B2023083700512N11923966WA0099800980004003028000331
B2023093700516N11923965WA0099600978004003028003332
B2023103700521N11923964WA0099600978004003032011331
B2023113700526N11923963WA0099600979004003030020337
B2023123700530N11923960WA0099700979004003031027346
B2023133700534N11923957WA0099700979004003031029348
B2023143700539N11923954WA0099800979004003033028347
B2023153700543N11923951WA0099800980004003031027343
B2023163700547N11923949WA0099800980004003031027343
B2023173700550N11923946WA0099800979004003029028358
B2023183700554N11923944WA0099700978004003027027350
B2023193700558N11923942WA0099600977004003032026345
B2023203700563N11923939WA0099500976004003037026343
B2023213700568N11923935WA0099500976004003037025345
B2023223700572N11923933WA0099600977004003037023331
B2023233700576N11923931WA0099600978004003025019329
B2023243700580N11923930WA0099700978004003025013334
B2023253700583N11923929WA0099700977004003025003337
B2023263700588N11923930WA0099700977004003025356334
B2023273700593N11923930WA0099700978004003032355335
B2023283700597N11923931WA0099900980004003032358329
B2023293700601N11923930WA0100100983004003029004333
B2023303700605N11923930WA0100300985004003025003335
B2023313700608N11923930WA0100400987004003022356332
B2023323700611N11923931WA0100600987004003022349322
B2023333700615N11923932WA0100700988004003022348331
B2023343700619N11923933WA0100800990004003025348330
B2023353700623N11923934WA0100900991004003030346327
B2023363700627N11923935WA0101000992004003030343309
B2023373700632N11923937WA0101200995004003030339308
B2023383700635N11923939WA0101400997004003029334290
B2023393700638N11923941WA0101701000004003021324286
B2023403700640N11923944WA0101901002004003021302284
B2023413700641N11923948WA0102101004004003020280285
B2023423700641N11923951WA0102301004004003020271267
B2023433700641N11923955WA0102401007004003020255267
B2023443700639N11923958WA0102601009004003017230256
B2023453700637N11923960WA0102801011004003019211246
B2023463700634N11923961WA0102901012004003019200232
B2023473700630N11923963WA0103101014004003024189211
B2023483700625N11923963WA0103301017004003029178198
B2023493700620N11923961WA0103601019004003033161186
B2023503700616N11923958WA0103801022004003037146166
B2023513700611N11923953WA0104001024004003037138158
B2023523700607N11923948WA0104201026004003039133148
B2023533700603N11923942WA0104401028004003040124132
B2023543700600N11923935WA0104501029004003043112101
B2023553700599N11923927WA0104601030004003045098086
B2023563700599N11923918WA0104701031004003045085072
B2023573700601N11923909WA0104901032004003049077061
B2023583700603N11923900WA0105001034004003049070055
B2023593700605N11923893WA0105201037004003042062048
B2024003700609N11923887WA0105301039004003042050035
B2024013700613N11923882WA0105501040004003039039028
B2024023700617N11923878WA0105701042004003036034017
B2024033700622N11923875WA0105901043004003034032009
B2024043700626N11923872WA0106001045004003030025359
B2024053700630N11923871WA0106101046004003030014351
B2024063700634N11923870WA0106301047004003030000342
B2024073700639N11923871WA0106401049004003031355330
B2024083700643N11923871WA0106601052004003031353327
B2024093700646N11923872WA0106901055004003019343324
B2024103700648N11923874WA0107001057004003019315308
B2024113700649N11923877WA0107101057004003018286292
B2024123700649N11923881WA0107201057004003018263275
B2024133700648N11923884WA0107201059004003021237258
B2024143700645N11923887WA0107401061004003025211243
B2024153700641N11923888WA0107601063004003026187226
B2024163700637N11923888WA0107801065004003026167205
B2024173700632N11923886WA0108001067004003030157188
B2024183700628N11923882WA0108201069004003034148170
B2024193700624N11923878WA0108501072004003034139157
B2024203700620N11923873WA0108601073004003037127144
B2024213700617N11923867WA0108701074004003037117126
B2024223700615N11923859WA0108801075004003042108108
B2024233700613N11923851WA0108801076004003043100100
B2024243700613N11923843WA0108901077004003039091076
B2024253700613N11923837WA0109001077004003039080074
B2024263700615N11923830WA0109001077004003036072056
B2024273700617N11923824WA0108901076004003036063049
B2024283700621N11923817WA0108901075004003039053036
B2024293700625N11923812WA0108901076004003042042024
B2024303700630N11923808WA0109001077004003042030013
B2024313700635N11923806WA0109201080004003038016003
B2024323700639N11923805WA0109401083004003032001348
B2024333700643N11923806WA0109701086004003027338332
B2024343700646N11923808WA0110001086004003022321314
B2024353700647N11923811WA0110201089004003022308294
B2024363700649N11923814WA0110501089004003020298286
B2024373700650N11923817WA0110701092004003018288275
B2024383700650N11923820WA0110901094004003017274270
B2024393700650N11923824WA0111001095004003019265272
B2024403700649N11923828WA0111101096004003021265279
B2024413700649N11923832WA0111201097004003021272283
B2024423700650N11923836WA0111401100004003021279280
B2024433700650N11923839WA0111601102004003021281273
B2024443700651N11923843WA0111701104004003018280265
B2024453700651N11923846WA0112001107004003018276256
B2024463700651N11923849WA0112301110004003018267264
B2024473700651N11923852WA0112501113004003017250254
B2024483700649N11923855WA0112701115004003017236235
B2024493700648N11923858WA0112801115004003019225234
B2024503700645N11923860WA0113001117004003023211223
B2024513700641N11923862WA0113101118004003023196199
B2024523700637N11923862WA0113201119004003028185199
B2024533700632N11923862WA0113301121004003031176192
B2024543700627N11923861WA0113501123004003034166192
B2024553700622N11923859WA0113601124004003038156166
B2024563700617N11923855WA0113701125004003038149154
B2024573700611N11923850WA0113701126004003042141153
B2024583700606N11923844WA0113801127004003045130128
B2024593700603N11923836WA0114001129004003047116086
B2025003700601N11923828WA0114201132004003047099068
B2025013700601N11923820WA0114501134004003044082060
B2025023700604N11923812WA0114801137004003043068050
B2025033700607N11923806WA0115001140004003043053032
B2025043700611N11923801WA0115301143004003037040016
B2025053700615N11923798WA0115601147004003037028005
B2025063700619N11923796WA0115901150004003032019354
B2025073700623N11923795WA0116101153004003027009347
B2025083700626N11923795WA0116301155004003024356337
B2025093700630N11923796WA0116601157004003025341320
B2025103700633N11923798WA0116801159004003025331313
B2025113700636N11923801WA0116901161004003025319301
B2025123700638N11923804WA0117101163004003022311300
B2025133700640N11923807WA0117301165004003022303291
B2025143700641N11923811WA0117401167004003021291283
B2025153700642N11923815WA0117501168004003021276277
B2025163700642N11923819WA0117701170004003021265256
B2025173700641N11923823WA0117901172004003021258257
B2025183700640N11923826WA0118101175004003019244234
B2025193700638N11923829WA0118301176004003019221223
B2025203700635N11923831WA0118401176004003030202218
B2025213700629N11923832WA0118401177004003037188197
B2025223700624N11923833WA0118601178004003037176188
B2025233700618N11923832WA0118901179004003039163169
B2025243700613N11923829WA0119201182004003038149157
B2025253700608N11923823WA0119401185004003039131151
B2025263700605N11923816WA0119501186004003039118137
B2025273700602N11923808WA0119601188004003044110119
B2025283700601N11923800WA0119801190004003044101104
B2025293700600N11923792WA0120001193004003044088092
B2025303700602N11923786WA0120201194004003040072078
B2025313700604N11923780WA0120401196004003037060059
B2025323700607N11923775WA0120501198004003032052042
B2025333700610N11923770WA0120601200004003032044029
B2025343700614N11923767WA0120801201004003030032019
B2025353700617N11923765WA0120901202004003027019004
B2025363700622N11923765WA0121001204004003029002344
B2025373700625N11923766WA0121201206004003029333323
B2025383700627N11923770WA0121501209004003025298299
B2025393700629N11923774WA0121901210004003023291294
B2025403700630N11923778WA0122301211004003019301278
B2025413700632N11923781WA0122701211004003019317294
B2025423700634N11923782WA0123001214004003017323291
B2025433700636N11923783WA0123201215004003015325298
B2025443700638N11923785WA0123201216004003020321291
B2025453700640N11923788WA0123101216004003024310279
B2025463700641N11923792WA0123001217004003023286262
B2025473700642N11923796WA0123001219004003023242244
B2025483700639N11923799WA0123101220004003025218235
B2025493700635N11923801WA0123101222004003025205235
B2025503700632N11923803WA0123201223004003024207246
B2025513700629N11923805WA0123101223004003023208245
B2025523700626N11923807WA0123101222004003023202238
B2025533700622N11923808WA0123001223004003026200245
B2025543700619N11923810WA0123101223004003026200243
B2025553700616N11923812WA0123101224004003024204237
B2025563700613N11923813WA0123101225004003020212233
B2025573700611N11923815WA0123201226004003017220251
B2025583700609N11923818WA0123201226004003018223256
B2025593700607N11923820WA0123201226004003018225258
B2026003700606N11923822WA0123201226004003018224261
B2026013700603N11923825WA0123201226004003018214244
B2026023700600N11923827WA0123101225004003020206232
B2026033700596N11923828WA0123001224004003027195217
B2026043700592N11923829WA0122901224004003030180209
B2026053700587N11923829WA0122901225004003030171185
B2026063700582N11923827WA0123001225004003033165192
B2026073700577N11923825WA0123001226004003036158184
B2026083700571N11923821WA0123101227004003043153176
B2026093700565N11923817WA0123101227004003047147180
B2026103700559N11923811WA0123201227004003047141137
B2026113700554N11923805WA0123301229004003051135145
B2026123700548N11923797WA0123401230004003052129116
B2026133700544N11923790WA0123501231004003049124095
B2026143700541N11923782WA0123501231004003049119114
B2026153700538N11923775WA0123401230004003045111113
B2026163700536N11923767WA0123301229004003045104100
B2026173700535N11923758WA0123201227004003046100095
B2026183700534N11923749WA0123101227004003049096067
B2026193700534N11923740WA0123001227004003049091060
B2026203700534N11923732WA0123001227004003046083054
B2026213700536N11923724WA0123001226004003044074052
B2026223700538N11923716WA0123001226004003044067045
B2026233700541N11923709WA0123001226004003044063043
B2026243700544N11923702WA0123001226004003044059032
B2026253700547N11923696WA0123001226004003040052031
B2026263700550N11923693WA0123001226004003035036025
B2026273700554N11923691WA0123001226004003029020009
B2026283700557N11923690WA0123001227004003021007344
B2026293700560N11923690WA0123201229004003021006335
B2026303700562N11923689WA0123401231004003016023324
B2026313700563N11923688WA0123601233004003013041334
B2026323700565N11923686WA0123701234004003012039323
B2026333700566N11923685WA0123801235004003010018318
B2026343700568N11923685WA0123801235004003011338308
B2026353700569N11923687WA0123801235004003011315309
B2026363700570N11923689WA0123901236004003014303282
B2026373700571N11923692WA0124001238004003015285289
B2026383700571N11923695WA0124101239004003017272270
B2026393700571N11923698WA0124201240004003017271283
B2026403700572N11923701WA0124301240004003015286283
B2026413700573N11923703WA0124301240004003013311307
B2026423700575N11923704WA0124301240004003013324295
B2026433700576N11923706WA0124201239004003014324292
B2026443700578N11923707WA0124101238004003014320292
B2026453700579N11923709WA0124001237004003014318298
B2026463700581N11923711WA0123901235004003012314306
B2026473700582N11923712WA0123701233004003012317300
B2026483700584N11923714WA0123501231004003015323304
B2026493700586N11923716WA0123301230004003015324289
B2026503700587N11923717WA0123201228004003015320295
B2026513700589N11923719WA0123101227004003014316284
B2026523700591N11923721WA0122901226004003014321303
B2026533700592N11923722WA0122801224004003016324301
B2026543700594N11923724WA0122601223004003017320313
B2026553700596N11923726WA0122501221004003017320310
B2026563700599N11923728WA0122401220004003017327305
B2026573700601N11923730WA0122401220004003017333301
B2026583700603N11923731WA0122401220004003012331307
B2026593700604N11923732WA0122301219004003012301289
B2027003700605N11923735WA0122301219004003012277293
B2027013700605N11923739WA0122301220004003019269275
B2027023700604N11923745WA0122501222004003022258260
B2027033700603N11923747WA0122801225004003014241299
B2027043700602N11923749WA0123001225004003014221262
B2027053700602N11923749WA0122901224004003006221277
B2027063700602N11923750WA0122801222004003004291274
B2027073700603N11923752WA0122601220004003004281261
B2027083700603N11923755WA0122401219004003018272271
B2027093700603N11923759WA0122401218004003022266281
B2027103700602N11923764WA0122301219004003022261284
B2027113700601N11923769WA0122401219004003026257282
B2027123700600N11923774WA0122501220004003028253294
B2027133700599N11923779WA0122701221004003028251274
B2027143700598N11923783WA0123001224004003028251292
B2027153700596N11923788WA0123301226004003026250261
B2027163700595N11923791WA0123601229004003021242268
B2027173700593N11923794WA0123901232004003021235276
B2027183700592N11923797WA0124101233004003022236291
B2027193700590N11923801WA0124301235004003022242302
B2027203700589N11923805WA0124601239004003022255298
B2027213700589N11923808WA0124901243004003017272305
B2027223700590N11923810WA0125201247004003017304306
B2027233700591N11923812WA0125401247004003013348319
B2027243700594N11923812WA0125501249004003013017330
B2027253700596N11923810WA0125701251004003021038341
B2027263700598N11923806WA0125801253004003026059007
B2027273700600N11923800WA0126001255004003026077034
B2027283700600N11923794WA0126101256004003031092058
B2027293700598N11923787WA0126301259004003041105091
B2027303700596N11923779WA0126501261004003044113114
B2027313700593N11923772WA0126701263004003043121128
B2027323700589N11923766WA0126801265004003043130137
B2027333700584N11923759WA0127101267004003047133149
B2027343700579N11923753WA0127301270004003047136157
B2027353700574N11923749WA0127501273004003046148173
B2027363700568N11923745WA0127701272004003041171195
B2027373700563N11923747WA0127801273004003035192224
B2027383700559N11923750WA0127901276004003035211251
B2027393700555N11923754WA0128201278004003032221257
B2027403700553N11923757WA0128401281004003027223256
B2027413700550N11923760WA0128601283004003024226260
B2027423700548N11923764WA0128801285004003026233260
B2027433700546N11923768WA0128901287004003025248265
B2027443700545N11923772WA0129001288004003025267273
B2027453700546N11923776WA0129201290004003020294284
B2027463700548N11923779WA0129301292004003020316298
B2027473700551N11923781WA0129501294004003019331310
B2027483700553N11923782WA0129601296004003019333317
B2027493700556N11923784WA0129801296004003018337318
B2027503700558N11923785WA0130001298004003019355319
B2027513700562N11923784WA0130201300004003019019330
B2027523700565N11923781WA0130401302004003025035345
B2027533700569N11923777WA0130701303004003032053004
B2027543700571N11923771WA0131101309004003032070029
B2027553700571N11923765WA0131501313004003032093049
B2027563700570N11923760WA0131701313004003031109081
B2027573700568N11923754WA0131901313004003034117113
B2027583700566N11923748WA0132001315004003038117129
B2027593700562N11923742WA0132101317004003038124133
B2028003700558N11923736WA0132201319004003040141146
B2028013700551N11923733WA0132201320004003043159168
B2028023700544N11923732WA0132401321004003049178187
B2028033700537N11923732WA0132601322004003049196205
B2028043700532N11923735WA0132801326004003042211221
B2028053700530N11923739WA0133101329004003032231236
B2028063700529N11923743WA0133301331004003024251254
B2028073700529N11923747WA0133501334004003020266270
B2028083700529N11923750WA0133701336004003020280282
B2028093700530N11923754WA0134001339004003019292296
B2028103700531N11923757WA0134201342004003019299309
B2028113700533N11923760WA0134501346004003019313319
B2028123700535N11923762WA0134701348004003019334325
B2028133700538N11923763WA0134901350004003020351333
B2028143700541N11923763WA0135101353004003020004343
B2028153700545N11923762WA0135301355004003022019348
B2028163700548N11923759WA0135401356004003025038000
B2028173700551N11923755WA0135701357004003031061014
B2028183700553N11923750WA0135901361004003031071039
B2028193700554N11923744WA0136201365004003031082050
B2028203700554N11923738WA0136401365004003031099063
B2028213700552N11923732WA0136601366004003033117086
B2028223700548N11923726WA0136701368004003039130114
B2028233700543N11923720WA0136801369004003044135139
B2028243700538N11923715WA0137001372004003043142152
B2028253700533N11923711WA0137101374004003043156160
B2028263700527N11923710WA0137201375004003040172174
B2028273700521N11923710WA0137401377004003039183200
B2028283700515N11923711WA0137601379004003039192212
B2028293700510N11923713WA0137901381004003039208225
B2028303700506N11923716WA0138201384004003033215248
B2028313700504N11923719WA0138501388004003028222255
B2028323700502N11923721WA0138801391004003016226257
B2028333700501N11923723WA0138901391004003016238269
B2028343700500N11923726WA0138901391004003016251275
B2028353700499N11923730WA0139001392004003017262283
B2028363700499N11923734WA0139101393004003021270276
B2028373700500N11923738WA0139201396004003018287291
B2028383700501N11923741WA0139401398004003018292279
B2028393700502N11923744WA0139501400004003018291289
B2028403700503N11923747WA0139601401004003018295288
B2028413700504N11923750WA0139701402004003019302312
B2028423700506N11923753WA0139701403004003020316331
B2028433700509N11923755WA0139801403004003021337343
B2028443700513N11923755WA0139901404004003021356349
B2028453700516N11923755WA0140101406004003024011359
B2028463700520N11923753WA0140401410004003024019002
B2028473700522N11923752WA0140701413004003021029016
B2028483700525N11923749WA0140901413004003022039021
B2028493700528N11923745WA0141101415004003022052025
B2028503700530N11923740WA0141301418004003028067037
B2028513700531N11923733WA0141601421004003034083053
B2028523700530N11923726WA0141901425004003039101075
B2028533700528N11923719WA0142201429004003040113095
B2028543700525N11923712WA0142601433004003040121110
B2028553700521N11923706WA0142901436004003040127121
B2028563700517N11923700WA0143201439004003041129133
B2028573700513N11923695WA0143401442004003037127137
B2028583700510N11923689WA0143601445004003037129143
B2028593700506N11923685WA0143801446004003035142157
B2029003700501N11923682WA0143901447004003035159170
B2029013700496N11923681WA0143901447004003037179193
B2029023700490N11923683WA0144001448004003035201213
B2029033700486N11923687WA0144201451004003035219234
B2029043700483N11923690WA0144401452004003030229249
B2029053700481N11923693WA0144601451004003023237257
B2029063700481N11923696WA0144701451004003017247269
B2029073700480N11923698WA0144701451004003015255283
B2029083700480N11923701WA0144701450004003018263295
B2029093700480N11923705WA0144701451004003018269290
B2029103700480N11923709WA0144801452004003022277299
B2029113700481N11923714WA0144901453004003023279294
B2029123700481N11923718WA0145001455004003019279300
B2029133700482N11923721WA0145101457004003019274308
B2029143700482N11923724WA0145301459004003018264279
B2029153700482N11923728WA0145401461004003018260284
B2029163700481N11923731WA0145601462004003021263293
B2029173700481N11923735WA0145801464004003021266318
B2029183700481N11923739WA0146001465004003021272328
B2029193700482N11923741WA0146101468004003017305321
B2029203700484N11923742WA0146201469004003016340325
B2029213700487N11923743WA0146201470004003023359346
B2029223700491N11923742WA0146301470004003023012000
B2029233700496N11923740WA0146301471004003029022010
B2029243700500N11923738WA0146501473004003030032019
B2029253700503N11923734WA0146701476004003030041027
B2029263700506N11923730WA0146901478004003030049036
B2029273700509N11923724WA0147101480004003032055039
B2029283700512N11923718WA0147201481004003035061056
B2029293700514N11923712WA0147301483004003038070072
B2029303700515N11923705WA0147401485004003038083081
B2029313700515N11923698WA0147501486004003037096091
B2029323700513N11923691WA0147601486004003037107101
B2029333700511N11923684WA0147601487004003040118114
B2029343700507N11923678WA0147601487004003041131128
B2029353700502N11923674WA0147701488004003040146144
B2029363700497N11923670WA0147901490004003040157157
B2029373700492N11923668WA0148001492004003035163171
B2029383700487N11923667WA0148201494004003035167178
B2029393700482N11923666WA0148401496004003033177203
B2029403700478N11923667WA0148601497004003030200227
B2029413700475N11923671WA0148701499004003026230251
B2029423700474N11923675WA0148801500004003026260276
B2029433700474N11923680WA0149001500004003025298294
B2029443700477N11923682WA0149101503004003023324316
B2029453700480N11923684WA0149301505004003024349328
B2029463700484N11923684WA0149501507004003026005343
B2029473700488N11923682WA0149601508004003026017354
B2029483700493N11923680WA0149701510004003029027002
B2029493700497N11923677WA0149901511004003033037010
B2029503700500N11923672WA0149901512004003033050021
B2029513700503N11923666WA0150001513004003033066032
B2029523700504N11923660WA0150101513004003034080046
B2029533700504N11923653WA0150001512004003037094061
B2029543700503N11923646WA0149901511004003040106080
B2029553700501N11923639WA0149801511004003040124097
B2029563700496N11923634WA0149701511004003042143121
B2029573700490N11923631WA0149601510004003041166148
B2029583700484N11923631WA0149601510004003041187179
B2029593700479N11923633WA0149701511004003037204204
B2030003700477N11923636WA0150001514004003030225223
B2030013700475N11923639WA0150101516004003016245246
B2030023700475N11923642WA0150201517004003017248277
B2030033700473N11923645WA0150301517004003017241283
B2030043700472N11923649WA0150401518004003021243280
B2030053700471N11923653WA0150501519004003023255279
B2030063700470N11923657WA0150701521004003021271286
B2030073700471N11923661WA0150801523004003021290294
B2030083700473N11923664WA0150901524004003021309302
B2030093700475N11923667WA0151101525004003021315316
B2030103700478N11923670WA0151301527004003022311322
B2030113700480N11923673WA0151401529004003021311326
B2030123700482N11923675WA0151501529004003021324330
B2030133700485N11923677WA0151501529004003021342332
B2030143700488N11923678WA0151501529004003021351339
B2030153700492N11923678WA0151401528004003025353345
B2030163700497N11923679WA0151401528004003028359350
B2030173700501N11923678WA0151501529004003028008358
B2030183700504N11923677WA0151501530004003026017006
B2030193700507N11923675WA0151501530004003024028009
B2030203700511N11923672WA0151501528004003024036019
B2030213700514N11923668WA0151301527004003032043023
B2030223700518N11923663WA0151101525004003035050036
B2030233700521N11923658WA0151001524004003033048025
B2030243700524N11923655WA0150901523004003033038006
B2030253700527N11923653WA0150701521004003027024359
B2030263700531N11923652WA0150501518004003024008351
B2030273700535N11923652WA0150201516004003026354341
B2030283700539N11923653WA0150101514004003026347332
B2030293700543N11923654WA0150101515004003026347332
B2030303700545N11923655WA0150201516004003023346333
B2030313700547N11923655WA0150101515004003011336329
B2030323700548N11923657WA0150001513004003012321319
B2030333700549N11923659WA0149801512004003012309303
B2030343700551N11923661WA0149701510004003015295292
B2030353700552N11923665WA0149601509004003019287302
B2030363700552N11923669WA0149501509004003022283287
B2030373700553N11923673WA0149501509004003022285297
B2030383700554N11923676WA0149501509004003020287293
B2030393700555N11923678WA0149501509003003016282299
B2030403700555N11923682WA0149401507003003018282283
B2030413700556N11923685WA0149201505004003022283295
B2030423700557N11923690WA0149101504003003022285299
B2030433700558N11923694WA0149001503003003025283296
B2030443700558N11923699WA0149001503003003025280306
B2030453700559N11923703WA0149101504003003022276281
B2030463700559N11923707WA0149101504003003022271280
B2030473700559N11923711WA0149001504003003021267285
B2030483700558N11923715WA0149001503004003021265288
B2030493700558N11923719WA0148901502003003021264285
B2030503700558N11923723WA0148801502003003023272279
B2030513700559N11923727WA0148701501003003023277270
B2030523700559N11923732WA0148701500003003023274261
B2030533700559N11923736WA0148701501004003024267262
B2030543700559N11923741WA0148801501004003024262262
B2030553700558N11923745WA0148801501003003022263265
B2030563700558N11923749WA0148701501003003022263271
B2030573700557N11923753WA0148601500003003022260268
B2030583700557N11923758WA0148501498003003024258260
B2030593700556N11923763WA0148401496003003027259267
B2031003700555N11923769WA0148301495003003030259283
B2031013700554N11923774WA0148301495003003030259291
B2031023700553N11923778WA0148201495003003026257282
B2031033700553N11923782WA0148101494003003022255266
B2031043700552N11923786WA0147901491003003021254248
B2031053700551N11923790WA0147701488003003024256254
B2031063700550N11923795WA0147401485003003029257259
B2031073700549N11923801WA0147101482003003029255265
B2031083700548N11923807WA0146901480003003032253258
B2031093700546N11923812WA0146701478004003032251269
B2031103700545N11923817WA0146501476004003030250259
B2031113700543N11923823WA0146201473004003031250260
B2031123700542N11923829WA0145901470004003031253261
B2031133700540N11923835WA0145701467003003033255267
B2031143700539N11923841WA0145401464003003033254263
B2031153700538N11923847WA0145201462004003033253268
B2031163700537N11923853WA0145001460003003034256255
B2031173700535N11923859WA0144801460004003034258280
B2031183700534N11923865WA0144701459004003034253265
B2031193700532N11923870WA0144601458004003034243259
B2031203700530N11923876WA0144601458004003033239252
B2031213700527N11923881WA0144501458003003034237255
B2031223700524N11923887WA0144401456003003034235261
B2031233700521N11923893WA0144401456004003037234255
B2031243700518N11923898WA0144301456003003038235237
B2031253700515N11923904WA0144301456003003038234237
B2031263700512N11923909WA0144401456003003036234248
B2031273700509N11923914WA0144401456003003035234252
B2031283700506N11923919WA0144301455003003032232258
B2031293700502N11923924WA0144201454003003032229244
B2031303700499N11923928WA0144101453003003032228249
B2031313700496N11923933WA0144001452004003033228250
B2031323700492N11923938WA0143901451003003035226243
B2031333700489N11923942WA0143801450003003034225234
B2031343700485N11923947WA0143801449003003034226236
B2031353700482N11923951WA0143701448003003033221262
B2031363700478N11923954WA0143601446003003033214270
B2031373700473N11923958WA0143401445003003034213254
B2031383700469N11923962WA0143401444004003035216258
B2031393700465N11923966WA0143301443003003035220261
B2031403700461N11923970WA0143201443004003035223256
B2031413700458N11923975WA0143201443003003033223266
B2031423700455N11923978WA0143201442004003032222266
B2031433700451N11923982WA0143101441004003027221265
B2031443700448N11923985WA0142901440004003028222254
B2031453700445N11923989WA0142601437004003028221263
B2031463700442N11923993WA0142401434004003029220245
B2031473700438N11923997WA0142201432004003032221252
B2031483700434N11924001WA0142001430003003032225266
B2031493700431N11924005WA0141901430004003032230272
B2031503700429N11924009WA0141701428004003029230268
B2031513700426N11924013WA0141601426004003029229264
B2031523700423N11924018WA0141401424004003029228261
B2031533700420N11924022WA0141201422004003031227264
B2031543700417N11924026WA0141101420004003031225259
B2031553700413N11924030WA0140901418004003031223256
B2031563700409N11924035WA0140701416004003032222257
B2031573700406N11924038WA0140601415004003032221257
B2031583700403N11924042WA0140401413003003029220253
B2031593700399N11924045WA0140301411004003030220253
B2032003700396N11924049WA0140101410004003030220259
B2032013700392N11924053WA0139901408004003031220265
B2032023700389N11924057WA0139801406004003031221266
B2032033700385N11924060WA0139701405004003029220257
B2032043700382N11924063WA0139601404004003029213255
B2032053700378N11924066WA0139601404004003027202238
B2032063700374N11924067WA0139501403004003027198245
B2032073700370N11924069WA0139501402004003030200253
B2032083700366N11924072WA0139401401004003030207251
B2032093700362N11924075WA0139301400004003032211253
B2032103700358N11924078WA0139201400004003032210231
B2032113700353N11924081WA0139101399004003033209246
B2032123700349N11924084WA0139101399004003033206244
B2032133700345N11924086WA0139101399004003031204239
B2032143700340N11924089WA0139101399003003032202230
B2032153700336N11924091WA0139101398004003032201239
B2032163700331N11924093WA0139001398004003032201242
B2032173700327N11924095WA0139001398004003031200246
B2032183700323N11924097WA0138901397004003031199244
B2032193700318N11924100WA0138801396004003031204242
B2032203700314N11924103WA0138701394004003032212254
B2032213700310N11924106WA0138501393003003032219257
B2032223700307N11924110WA0138401392004003031221251
B2032233700303N11924114WA0138401391004003031222254
B2032243700300N11924118WA0138301390004003031222258
B2032253700296N11924122WA0138201389004003031223265
B2032263700293N11924126WA0138201389004003031224268
B2032273700291N11924129WA0138101388004003024224251
B2032283700288N11924132WA0138001387004003024224258
B2032293700286N11924135WA0137901387004003024223244
B2032303700283N11924138WA0137901387004003024224235
B2032313700279N11924142WA0137901387004003029223270
B2032323700276N11924146WA0138001388004003032221247
B2032333700272N11924150WA0138101388004003032223273
B2032343700269N11924154WA0138301390004003030224290
B2032353700267N11924157WA0138401391004003027228307
B2032363700266N11924160WA0138301390004003019251288
B2032373700265N11924162WA0138201389004003019272286
B2032383700266N11924167WA0138001386003003024271273
B2032393700265N11924172WA0137901385004003024259271
B2032403700264N11924177WA0137901386004003027245263
B2032413700262N11924182WA0137901387004003029241290
B2032423700259N11924187WA0138001388004003031234290
B2032433700257N11924191WA0138201390004003031232276
B2032443700254N11924195WA0138301391004003029235262
B2032453700252N11924200WA0138401391004003029231252
B2032463700248N11924204WA0138501393004003030215224
B2032473700242N11924206WA0138701394004003040197206
B2032483700236N11924208WA0138901395003003042172192
B2032493700230N11924205WA0139201398004003041160172
B2032503700225N11924201WA0139501401004003041147158
B2032513700220N11924196WA0139601402004003040137132
B2032523700216N11924190WA0139601402004003042121116
B2032533700213N11924183WA0139501400004003045109094
B2032543700213N11924174WA0139401398004003045093079
B2032553700214N11924166WA0139401398004003045078061
B2032563700215N11924158WA0139501400004003042069048
B2032573700217N11924154WA0139801403004003026070039
B2032583700218N11924150WA0140001405004003026070033
B2032593700219N11924147WA0140201407004003020067033
B2033003700220N11924144WA0140201408004003019054026
B2033013700222N11924142WA0140301408004003017025013
B2033023700225N11924142WA0140301408003003017346353
B2033033700227N11924145WA0140301409004003018312330
B2033043700228N11924148WA0140401410004003017289315
B2033053700229N11924151WA0140501411004003017278295
B2033063700229N11924154WA0140501411004003017279305
B2033073700230N11924157WA0140501411004003020283290
B2033083700230N11924161WA0140401411004003022282282
B2033093700231N11924165WA0140501412004003022281280
B2033103700232N11924169WA0140801413004003022276279
B2033113700232N11924173WA0141001416004003021268265
B2033123700231N11924176WA0141201419004003018260262
B2033133700231N11924180WA0141401421004003019257250
B2033143700230N11924184WA0141501422004003019244248
B2033153700227N11924187WA0141501422004003023224242
B2033163700222N11924190WA0141601422004003034199228
B2033173700217N11924190WA0141601422004003040177207
B2033183700211N11924188WA0141701423004003040161181
B2033193700206N11924185WA0141801425004003040147164
B2033203700202N11924180WA0141901426004003033130144
B2033213700200N11924175WA0141901427004003033114119
B2033223700199N11924169WA0141901426004003033097093
B2033233700199N11924163WA0141801425004003034080069
B2033243700201N11924157WA0141801425004003034064052
B2033253700204N11924152WA0141801426004003033050037
B2033263700208N11924147WA0141901427004003033039024
B2033273700211N11924144WA0142101428004003032034015
B2033283700214N11924141WA0142401432004003029037010
B2033293700217N11924139WA0142701435004003017040012
B2033303700218N11924138WA0142901434004003017036000
B2033313700221N11924136WA0142901434004003017020358
B2033323700224N11924136WA0142901433004003018003348
B2033333700228N11924136WA0142901434004003023355332
B2033343700231N11924136WA0142901435004003019000344
B2033353700233N11924136WA0142901436004003019000337
B2033363700235N11924136WA0142901435003003015346328
B2033373700238N11924138WA0142801434004003015334323
B2033383700240N11924140WA0142701433004003018319299
B2033393700242N11924143WA0142701434004003024295298
B2033403700243N11924148WA0142801435004003024276280
B2033413700243N11924153WA0143001438004003024260290
B2033423700242N11924157WA0143201440004003024261286
B2033433700242N11924161WA0143401442004003023264272
B2033443700241N11924165WA0143601445004003022253255
B2033453700239N11924169WA0143801447004003028229238
B2033463700234N11924173WA0143901448004003028208218
B2033473700228N11924175WA0144101449004003037187208
B2033483700221N11924173WA0144201450004003045167180
B2033493700213N11924171WA0144301451004003050144159
B2033503700208N11924164WA0144401453004003050128130
B2033513700206N11924156WA0144601454004003046111112
B2033523700205N11924148WA0144701455004003043095091
B2033533700205N11924141WA0144901457004003041084072
B2033543700206N11924135WA0145101460004003028070056
B2033553700208N11924132WA0145301462004003028054036
B2033563700210N11924130WA0145401463004003020034023
B2033573700212N11924128WA0145501464004003018016003
B2033583700215N11924128WA0145601465004003018354349
B2033593700218N11924130WA0145701466004003017315336
B2034003700218N11924133WA0145801467004003021277314
B2034013700218N11924138WA0145901468004003021256291
B2034023700216N11924143WA0146101471004003027236278
B2034033700212N11924146WA0146301473004003029212261
B2034043700207N11924149WA0146501474004003039191239
B2034053700200N11924148WA0146601475004003044170210
B2034063700194N11924144WA0146601476004003044149183
B2034073700189N11924138WA0146701477004003045131154
B2034083700186N11924131WA0146901478004003046116127
B2034093700184N11924123WA0147001481004003041104107
B2034103700183N11924117WA0147201483004003041087089
B2034113700184N11924111WA0147401483004003034059068
B2034123700187N11924109WA0147501484004003025033035
B2034133700189N11924108WA0147601485004003020002007
B2034143700192N11924109WA0147701487004003016327344
B2034153700193N11924112WA0147801488004003017306323
B2034163700195N11924115WA0148001490004003017293309
B2034173700195N11924118WA0148101491004003019276298
B2034183700195N11924123WA0148201493004003021254288
B2034193700192N11924128WA0148201493004003033235274
B2034203700188N11924133WA0148201492004003042218253
B2034213700182N11924136WA0148201493004003042199233
B2034223700175N11924138WA0148401494004003047171215
B2034233700168N11924135WA0148601496004003047152181
B2034243700164N11924129WA0148701497004003042128155
B2034253700162N11924122WA0148801498004003042106120
B2034263700162N11924115WA0148901499004003039086090
B2034273700163N11924108WA0149101500004003037064063
B2034283700165N11924104WA0149301503004003030047040
B2034293700168N11924103WA0149501505004003017013020
B2034303700170N11924104WA0149601507004003017331348
B2034313700172N11924107WA0149701507004003017309323
B2034323700174N11924110WA0149801509004003020295308
B2034333700174N11924114WA0150001511004003020278297
B2034343700174N11924118WA0150201513004003020267290
B2034353700174N11924121WA0150301515004003020261284
B2034363700174N11924125WA0150401516004003019262281
B2034373700173N11924128WA0150501517004003019262277
B2034383700172N11924132WA0150601518004003021252260
B2034393700171N11924137WA0150701519004003029239246
B2034403700167N11924142WA0150801519004003035219238
B2034413700161N11924144WA0150701519004003035193216
B2034423700153N11924143WA0150701519004003044170199
B2034433700144N11924140WA0150901521004003057156168
B2034443700137N11924136WA0151201522004003045153156
B2034453700132N11924132WA0151401522004003045156149
B2034463700127N11924129WA0151501522004003038158149
B2034473700122N11924126WA0151501523004003038154144
B2034483700117N11924122WA0151501523004003040141140
B2034493700113N11924116WA0151401523004003041123123
B2034503700111N11924109WA0151201522004003041105102
B2034513700111N11924102WA0151201522004003039091077
B2034523700111N11924096WA0151201523004003036081058
B2034533700113N11924091WA0151201524004003032063047
B2034543700114N11924088WA0151201523004003019023028
B2034553700117N11924089WA0151101523004003020348352
B2034563700120N11924091WA0151101523004003020323331
B2034573700122N11924095WA0151201524004003021301316
B2034583700123N11924099WA0151201524004003021291297
B2034593700124N11924102WA0151301526004003018285308
B2035003700125N11924105WA0151401527004003018276320
B2035013700125N11924108WA0151501527004003018263287
B2035023700124N11924112WA0151501527004003018257290
B2035033700124N11924115WA0151501527004003018262293
B2035043700123N11924120WA0151601527004003026268315
B2035053700124N11924126WA0151701529004003030270306
B2035063700124N11924131WA0151901530004003027271303
B2035073700124N11924136WA0152201534004003027271300
B2035083700124N11924139WA0152501538004003022266306
B2035093700124N11924142WA0152801541004003015256304
B2035103700123N11924145WA0153101544004003016248304
B2035113700122N11924148WA0153301547004003016243304
B2035123700121N11924151WA0153501548004003018242289
B2035133700119N11924155WA0153601550004003020245292
B2035143700118N11924159WA0153801552004003026244294
B2035153700116N11924163WA0154001554004003028240283
B2035163700113N11924168WA0154201556004003028243279
B2035173700112N11924172WA0154301558004003028251292
B2035183700112N11924176WA0154501560004003023262288
B2035193700112N11924178WA0154701562004003012273295
B2035203700112N11924180WA0154701561004003012274304
B2035213700112N11924183WA0154701562004003012271301
B2035223700112N11924186WA0154701562004003015263299
B2035233700111N11924189WA0154701562004003018255288
B2035243700110N11924193WA0154801563004003023250277
B2035253700109N11924198WA0154901565004003023251300
B2035263700108N11924202WA0155101566004003023253282
B2035273700107N11924206WA0155201568004003023258282
B2035283700106N11924211WA0155301569004003025260294
B2035293700106N11924216WA0155401570004003028258302
B2035303700105N11924221WA0155401570004003028255296
B2035313700104N11924226WA0155401570004003028256302
B2035333700103N11924232WA0155401571004003028256313
B2035343700102N11924236WA0155501571004003026255297
B2035353700101N11924241WA0155601572004003026254302
B2035363700100N11924245WA0155701573004003024256294
B2035373700099N11924249WA0155701573004003022258299
B2035383700099N11924252WA0155701572004003021260305
B2035393700098N11924256WA0155601572004003020265295
B2035403700098N11924259WA0155501572004003021269304
B2035413700098N11924267WA0155701574004003021261308
B2035423700098N11924270WA0155801574004003020251317
B2035433700096N11924274WA0155901575004003021250285
B2035443700096N11924277WA0155901576004003021255291
B2035453700095N11924281WA0155901576004003020261281
B2035463700095N11924284WA0155901576004003018263305
B2035473700095N11924286WA0155801574004003015261304
B2035483700094N11924290WA0155601573004003018265293
B2035493700094N11924293WA0155501571004003022272294
B2035503700095N11924298WA0155401570004003022273292
B2035513700095N11924303WA0155401571004003026265300
B2035523700094N11924308WA0155601572004003026247301
B2035533700092N11924310WA0155801574004003018227292
B2035543700090N11924312WA0155901575003003018220292
B2035553700089N11924314WA0155801573004003015229284
B2035563700087N11924317WA0155601571004003015247283
B2035573700087N11924320WA0155401569004003016254284
B2035583700086N11924325WA0155201567004003024251293
B2035593700084N11924329WA0155101568003003025243289
B2036003700082N11924333WA0155101567004003024241290
B2036013700081N11924337WA0154901566004003024243293
B2036023700079N11924341WA0154801564004003024247301
B2036033700078N11924346WA0154601562004003026253303
B2036043700077N11924351WA0154501561004003026263301
B2036053700078N11924355WA0154401560004003026276299
B2036063700078N11924359WA0154301559004003023286301
B2036073700079N11924362WA0154301560004003020281300
B2036083700079N11924366WA0154301560004003019270296
B2036093700079N11924370WA0154301559004003020261295
B2036103700079N11924373WA0154201558004003020258290
B2036113700078N11924377WA0154101557004003020258287
B2036123700077N11924381WA0153901555004003020255278
B2036133700076N11924385WA0153701552004003023252291
B2036143700075N11924389WA0153501550004003023249287
B2036153700074N11924393WA0153301548004003023249291
B2036163700073N11924397WA0153101545004003022251302
B2036173700072N11924401WA0152901543004003021256293
B2036183700071N11924404WA0152601540004003020266293
B2036193700071N11924408WA0152401538004003020268317
B2036203700071N11924411WA0152201537004003019262303
B2036213700071N11924414WA0152101535004003017259301
B2036223700070N11924417WA0151901535004003017267306
B2036233700071N11924420WA0151801534004003014283315
B2036243700071N11924422WA0151701534004003014306003
B2036253700073N11924423WA0151601532004003011346329
B2036263700074N11924423WA0151401531004003011359334
B2036273700076N11924423WA0151101528004003013343311
B2036283700078N11924425WA0150901525004003019318310
B2036293700080N11924428WA0150701522004003020300310
B2036303700081N11924432WA0150501520004003019299326
B2036313700083N11924434WA0150301518004003019315317
B2036323700086N11924436WA0150101516004003019334303
B2036333700089N11924437WA0150001515004003022343309
B2036343700092N11924439WA0149901514004003022337307
B2036353700095N11924441WA0149901514004003021319314
B2036363700096N11924443WA0149901514004003019304312
B2036373700098N11924447WA0149901514004003019297303
B2036383700099N11924451WA0149901513004003024292315
B2036393700101N11924455WA0149701511004003026288317
B2036403700102N11924460WA0149601510004003026288326
B2036413700103N11924464WA0149401508004003026292328
B2036423700104N11924467WA0149301506004003023295298
B2036433700105N11924470WA0149001503004003014294295
B2036443700106N11924473WA0148801500004003018284297
B2036453700107N11924477WA0148501497004003018275290
B2036463700107N11924482WA0148201494004003024276293
B2036473700107N11924488WA0147901494004003028277308
B2036483700108N11924493WA0147601491004003026275294
B2036493700108N11924497WA0147401489004003026273308
B2036503700109N11924501WA0147201486004003024273299
B2036513700109N11924505WA0146901482003003022275310
B2036523700109N11924510WA0146601479004003022277304
B2036533700110N11924515WA0146301476004003028279296
B2036543700111N11924520WA0146201475003003028278315
B2036553700111N11924525WA0146001474004003027272305
B2036563700111N11924529WA0145901471004003023266306
B2036573700111N11924533WA0145601468004003023267300
B2036583700111N11924538WA0145301465004003028273300
B2036593700111N11924543WA0145101462004003029277301
B2037003700112N11924548WA0144901460004003028282294
B2037013700113N11924553WA0144801459004003026286285
B2037023700114N11924557WA0144701459004003023287299
B2037033700115N11924561WA0144701459004003023288308
B2037043700116N11924564WA0144801460004003023284326
B2037053700116N11924567WA0144901461004003018271347
B2037063700116N11924569WA0144901461004003013258321
B2037073700116N11924570WA0144801459004003009259305
B2037083700116N11924572WA0144601456004003009273298
B2037093700116N11924574WA0144301452004003013291300
B2037103700117N11924576WA0144001449004003013297307
B2037113700118N11924580WA0143701447004003017299304
B2037123700120N11924583WA0143601445004003021299298
B2037133700122N11924587WA0143501444004003021300305
B2037143700123N11924590WA0143401444004003021307318
B2037153700125N11924592WA0143401443004003016317315
B2037163700127N11924594WA0143201442004003016330324
B2037173700130N11924595WA0143101440004003020340321
B2037183700133N11924596WA0143001440004003024348339
B2037193700137N11924597WA0143001440004003024350343
B2037203700140N11924598WA0143001440004003022351336
B2037213700143N11924598WA0142901439004003020353327
B2037223700146N11924598WA0142801437004003020355327
B2037233700150N11924599WA0142601435004003024355328
B2037243700154N11924599WA0142401433004003025351329
B2037253700157N11924600WA0142201431004003025345323
B2037263700161N11924602WA0142101430004003025335326
B2037273700164N11924604WA0142001429004003025326325
B2037283700167N11924607WA0142001429004003025323323
B2037293700170N11924610WA0142101430004003026326329
B2037303700173N11924612WA0142301432004003025330303
B2037313700176N11924614WA0142501434004003022335304
B2037323700177N11924615WA0142701436004003016326315
B2037333700179N11924616WA0142801436004003013321302
B2037343700180N11924618WA0142801436004003016312310
B2037353700182N11924621WA0142901437004003016296311
B2037363700183N11924624WA0143001438004003016292334
B2037383700184N11924625WA0143101439004003012332330
B2037393700185N11924626WA0142901438004003016015007
B2037403700188N11924624WA0142701437004003016032352
B2037413700191N11924622WA0142601435004003020027325
B2037423700194N11924620WA0142401435004003021019324
B2037433700196N11924619WA0142201433003003021010322
B2037443700200N11924619WA0142101432003003021349335
B2037453700203N11924621WA0142101431004003021337310
B2037463700206N11924623WA0142101431004003021333318
B2037473700208N11924624WA0141901430004003018329321
B2037483700210N11924626WA0141701427004003018323317
B2037493700213N11924629WA0141501424004003018317309
B2037503700215N11924632WA0141201421004003021312306
B2037513700217N11924635WA0141001419004003024308307
B2037523700219N11924639WA0140801417004003022302296
B2037533700221N11924642WA0140701415004003022295288
B2037543700222N11924646WA0140501413003003020286279
B2037553700223N11924650WA0140201410004003020281285
B2037563700223N11924654WA0140001407004003022278276
B2037573700223N11924659WA0139701405004003024272286
B2037583700223N11924663WA0139501402004003025260288
B2037593700222N11924668WA0139301400004003025255278
B2038003700221N11924673WA0139101399004003025257287
B2038013700220N11924677WA0139001397004003025260282
B2038023700220N11924681WA0138801395004003023259272
B2038033700219N11924686WA0138601393004003025256263
B2038043700217N11924695WA0138301389004003027253274
B2038053700216N11924700WA0138201388004003028253279
B2038063700215N11924705WA0138101388004003025255274
B2038073700214N11924709WA0138101388004003025256279
B2038083700213N11924713WA0138001387004003022260289
B2038093700213N11924717WA0137901385004003021265285
B2038103700213N11924721WA0137701384004003021267290
B2038113700213N11924725WA0137601383004003024263274
B2038123700212N11924730WA0137601383004003025256260
B2038133700211N11924734WA0137601383004003024252253
B2038143700210N11924738WA0137601383004003023249255
B2038153700209N11924741WA0137601382004003019249264
B2038163700208N11924744WA0137501381004003018249273
B2038173700207N11924748WA0137301379004003020254266
B2038183700206N11924752WA0137201378004003020256269
B2038193700205N11924755WA0137101378004003020252255
B2038203700204N11924759WA0137001377004003019247253
B2038213700203N11924762WA0136901375004003018245254
B2038223700202N11924765WA0136701373004003021243262
B2038233700200N11924769WA0136501371004003021242266
B2038243700198N11924773WA0136301369004003023243276
B2038253700197N11924778WA0136101367004003025245265
B2038263700195N11924782WA0136001367004003026250288
B2038273700194N11924786WA0135901365004003026260283
B2038283700194N11924791WA0135701363004003024272283
B2038293700195N11924795WA0135501361004003024274284
B2038303700195N11924801WA0135301358004003026271276
B2038313700195N11924806WA0135201357004003028266273
B2038323700195N11924811WA0135101356004003028265282
B2038333700194N11924816WA0135001356004003027268275
B2038343700194N11924821WA0134901356004003027268297
B2038353700194N11924827WA0135001356004003028264307
B2038363700193N11924831WA0135101357004003025257311
B2038373700192N11924835WA0135101357004003025256285
B2038383700192N11924839WA0135101357004003021254285
B2038393700191N11924843WA0135101356004003021253258
B2038403700190N11924847WA0135001355004003023253257
B2038413700189N11924853WA0134801353003003032255255
B2038423700187N11924859WA0134701352004003036256266
B2038433700186N11924866WA0134801353004003036256267
B2038443700185N11924873WA0134801354004003036256288
B2038453700184N11924878WA0134901355004003033253297
B2038463700182N11924882WA0135001354004003028252274
B2038473700181N11924888WA0135001355004003030252283
B2038483700180N11924893WA0135101355004003030250290
B2038493700178N11924898WA0135201356004003030251319
B2038503700178N11924902WA0135301358004003029263322
B2038513700178N11924905WA0135301357004003011313326
B2038523700180N11924905WA0135201356004003014359343
B2038533700182N11924904WA0135201355004003014024359
B2038543700184N11924901WA0135201355004003018052011
B2038553700185N11924896WA0135101354004003023079030
B2038563700185N11924889WA0135101354004003037098053
B2038573700183N11924882WA0135101354004003041115084
B2038583700179N11924876WA0135101354004003041135105
B2038593700174N11924872WA0135001354004003041155131
B2039003700167N11924870WA0135001353004003044171161
B2039013700159N11924870WA0135101353004003048185185
B2039023700153N11924873WA0135001354004003048198202
B2039033700148N11924876WA0135001353004003044212218
B2039043700144N11924881WA0135001353004003039221235
B2039053700140N11924885WA0134901352004003035226247
B2039063700137N11924890WA0134801351004003031232254
B2039073700135N11924894WA0134701349004003031240264
B2039083700133N11924899WA0134501348004003030246271
B2039093700132N11924904WA0134501348004003029249278
B2039103700130N11924909WA0134501347004003028252286
B2039113700129N11924914WA0134401347004003026253290
B2039123700128N11924919WA0134301346004003027255294
B2039133700127N11924924WA0134301345004003027258301
B2039143700127N11924929WA0134201344004003028261308
B2039153700126N11924934WA0134101344004003028264308
B2039163700126N11924939WA0134101344004003025265312
B2039173700126N11924944WA0134101344004003025267306
B2039183700126N11924948WA0134101343004003023270314
B2039193700126N11924951WA0134001343004003021271303
B2039203700126N11924955WA0134001342004003021270314
B2039213700126N11924959WA0134001342004003022266312
B2039223700125N11924963WA0133901342004003022262318
B2039233700125N11924967WA0133901342004003020264298
B2039243700125N11924970WA0133801341004003018268302
B2039253700125N11924974WA0133701340004003018266294
B2039263700124N11924978WA0133701339004003025263310
B2039273700124N11924984WA0133501338004003028259311
B2039283700123N11924989WA0133501338004003027259315
B2039293700122N11924993WA0133501337004003027260316
B2039303700122N11924997WA0133401337004003024260311
B2039313700121N11925002WA0133401336004003025260303
B2039323700120N11925007WA0133301335004003025259306
B2039333700120N11925011WA0133201335004003025261292
B2039343700119N11925015WA0133101334004003024264301
B2039353700119N11925019WA0133001332004003022266305
B2039363700119N11925024WA0132901330004003026264299
B2039373700118N11925029WA0132701329004003029261294
B2039383700117N11925035WA0132601328004003029258297
B2039393700116N11925041WA0132501327004003030256305
B2039403700115N11925046WA0132401326004003031258300
B2039413700115N11925052WA0132401325004003030261293
B2039423700114N11925058WA0132301325004003031263292
B2039443700113N11925064WA0132301325004003031262286
B2039453700113N11925070WA0132301325004003032259285
B2039463700112N11925076WA0132301326003003033256293
B2039473700110N11925082WA0132401326004003033257305
B2039483700109N11925087WA0132401327004003033260307
B2039493700109N11925093WA0132501327004003031266321
B2039503700109N11925097WA0132501327004003027273327
B2039513700110N11925101WA0132401326004003021278317
B2039523700110N11925105WA0132301325004003022279311
B2039533700111N11925109WA0132201324004003022280313
B2039543700112N11925114WA0132101323004003023284309
B2039553700113N11925118WA0132101323004003025283335
B2039563700113N11925123WA0132101324004003023275303
B2039573700113N11925126WA0132201325004003023261332
B2039583700112N11925130WA0132301325004003019243296
B2039593700111N11925132WA0132201324003003016242299
B2040003700110N11925135WA0132101323004003016246299
B2040013700109N11925138WA0131901321004003020257301
B2040023700109N11925142WA0131801319004003023261302
B2040033700108N11925147WA0131601317004003023264311
B2040043700108N11925151WA0131601317004003023266312
B2040053700108N11925155WA0131501317004003022267309
B2040063700108N11925159WA0131401316004003023271308
B2040073700108N11925168WA0131301314004003023269313
B2040083700108N11925172WA0131301314004003023267307
B2040093700108N11925176WA0131201313004003022271313
B2040103700108N11925181WA0131201313004003023277316
B2040113700109N11925185WA0131201314004003023276320
B2040123700109N11925188WA0131401316004003021274303
B2040133700109N11925191WA0131601318003003018275326
B2040143700109N11925193WA0131701320004003012302350
B2040153700110N11925193WA0131801319004003010355000
B2040163700112N11925192WA0131801318004003017025024
B2040173700115N11925190WA0131701317004003017042025
B2040183700118N11925185WA0131701317004003027059027
B2040193700120N11925179WA0131701318004003032065021
B2040203700122N11925174WA0131801320004003028064357
B2040213700124N11925170WA0131801320004003028056001
B2040223700126N11925167WA0131801320004003024049006
B2040233700128N11925164WA0131801320004003022046010
B2040243700130N11925161WA0131701319004003021046008
B2040253700133N11925158WA0131601318004003023046008
B2040263700135N11925155WA0131501316004003023035006
B2040273700138N11925154WA0131401315004003022010002
B2040283700142N11925154WA0131401314004003022348351
B2040293700145N11925156WA0131301314004003023333343
B2040303700148N11925158WA0131301315004003020323338
B2040313700150N11925160WA0131401316004003020321324
B2040323700151N11925162WA0131501317004003016321325
B2040333700153N11925164WA0131501316004003016322315
B2040343700156N11925166WA0131401315004003018322320
B2040353700159N11925169WA0131401315004003024323323
B2040363700161N11925171WA0131401316004003024324313
B2040373700164N11925174WA0131401316004003022316328
B2040383700165N11925176WA0131501317004003018304303
B2040393700166N11925179WA0131501317004003017303318
B2040403700168N11925181WA0131501317004003018309312
B2040413700170N11925184WA0131501316004003018313324
B2040423700172N11925186WA0131501316004003018307321
B2040433700173N11925189WA0131401316004003018302302
B2040443700174N11925192WA0131401315004003017298299
B2040453700175N11925195WA0131301314004003019290301
B2040463700176N11925199WA0131301314004003022283302
B2040473700177N11925203WA0131201313004003022279294
B2040483700177N11925207WA0131101312004003023274292
B2040493700177N11925212WA0131001311004003024268291
B2040503700177N11925217WA0131001310004003027265290
B2040513700177N11925222WA0130901310004003027267288
B2040523700177N11925227WA0130901310004003027274292
B2040533700177N11925231WA0130901310004003024283298
B2040543700178N11925234WA0130901310004003019288303
B2040553700179N11925236WA0130901310003003016288297
B2040563700180N11925239WA0130801309004003020291295
B2040573700181N11925243WA0130701308004003020293290
B2040583700182N11925248WA0130801309004003023291292
B2040593700183N11925251WA0130801310004003023289268
B2041003700184N11925254WA0131001312004003014290294
B2041013700185N11925256WA0131101313004003014293301
B2041023700186N11925258WA0131301314004003012305306
B2041033700187N11925260WA0131301315004003012318313
B2041043700189N11925262WA0131301315004003016326318
B2041053700191N11925264WA0131401316004003016317314
B2041063700192N11925266WA0131601317004003016289309
B2041073700193N11925270WA0131701319004003016269298
B2041083700192N11925274WA0131901321004003019256292
B2041093700190N11925277WA0132101323004003022227280
B2041103700188N11925280WA0132101322004003031196263
B2041113700182N11925281WA0132001322003003043181218
B2041123700175N11925280WA0131901320003003043173183
B2041133700167N11925278WA0131901321004003048158165
B2041143700160N11925272WA0132001323004003051142146
B2041153700155N11925264WA0132201325004003054126118
B2041163700152N11925255WA0132401326004003054109101
B2041173700151N11925246WA0132501328004003052089077
B2041183700153N11925239WA0132701330004003043070057
B2041193700156N11925234WA0132901332004003036055036
B2041203700158N11925230WA0133101334004003029048021
B2041213700161N11925226WA0133201335004003029046010
B2041223700164N11925223WA0133301336003003028041009
B2041233700167N11925220WA0133401337004003027028004
B2041243700171N11925219WA0133501338004003026007353
B2041253700174N11925220WA0133601339004003022343339
B2041263700177N11925222WA0133801341004003022311323
B2041273700177N11925225WA0133901342004003018271305
B2041283700175N11925229WA0133901343004003018235285
B2041293700172N11925232WA0134001344004003025210266
B2041303700166N11925234WA0134101345004003038192245
B2041313700160N11925234WA0134301346004003041173218
B2041323700154N11925231WA0134301347004003041153198
B2041333700149N11925227WA0134301346004003041134173
B2041343700144N11925220WA0134201345004003043113144
B2041353700143N11925212WA0134101343004003047097109
B2041363700143N11925202WA0134201344004003047084085
B2041373700144N11925194WA0134401345004003046076067
B2041383700146N11925189WA0134701349004003037068057
B2041393700148N11925184WA0134901349004003029058042
B2041403700150N11925181WA0134901349004003022048023
B2041413700153N11925178WA0134801348004003023040001
B2041423700156N11925176WA0134701347004003023027357
B2041433700159N11925175WA0134701347004003023008349
B2041443700163N11925176WA0134701348004003023352338
B2041453700167N11925177WA0134701348004003019335329
B2041463700169N11925179WA0134701349004003019326318
B2041473700170N11925181WA0134801350004003017316311
B2041493700171N11925183WA0134801350004003016298303
B2041503700172N11925187WA0134801350004003019280295
B2041513700172N11925191WA0134801351004003021269281
B2041523700172N11925195WA0134801351004003021265279
B2041533700172N11925198WA0134901352004003021258282
B2041543700171N11925202WA0135001353004003021253277
B2041553700170N11925206WA0135101354004003021250280
B2041563700168N11925210WA0135201356004003022247278
B2041573700167N11925213WA0135401358004003021251281
B2041583700167N11925217WA0135601360004003021259280
B2041593700166N11925220WA0135801363004003019263273
B2042003700166N11925224WA0136201367004003012255260
B2042013700165N11925227WA0136301367004003012241238
B2042023700162N11925230WA0136301367004003017223230
B2042033700158N11925233WA0136201366004003027202220
B2042043700152N11925234WA0136301368004003041180196
B2042053700146N11925231WA0136401369004003042154176
B2042063700140N11925227WA0136401368004003042135154
B2042073700135N11925219WA0136301366004003048126134
B2042083700131N11925211WA0136301365004003050119114
B2042093700128N11925202WA0136301366004003049112102
B2042103700127N11925194WA0136301366004003049100092
B2042113700127N11925187WA0136301366004003044083076
B2042123700129N11925180WA0136301366004003039065055
B2042133700131N11925176WA0136401368004003033052033
B2042143700134N11925174WA0136501369004003018030016
B2042153700136N11925174WA0136601370004003018348344
B2042163700137N11925176WA0136701371004003015302323
B2042173700138N11925179WA0136901373004003015278300
B2042183700138N11925182WA0137001375004003015264286
B2042193700137N11925184WA0137101376004003014256282
B2042203700137N11925186WA0137101376004003014260282
B2042213700137N11925189WA0137101376004003014278289
B2042223700138N11925192WA0137101375004003015305298
B2042233700140N11925194WA0137101375004003016323298
B2042243700142N11925196WA0137101375004003018317296
B2042253700143N11925199WA0137001375004003019300293
B2042263700144N11925202WA0137001375004003019289295
B2042273700145N11925206WA0137001374004003021287307
B2042283700147N11925210WA0136901374004003022294283
B2042293700148N11925214WA0136901373004003023299312
B2042303700150N11925217WA0136901374004003023301282
B2042313700152N11925221WA0137001375004003023303293
B2042323700154N11925225WA0137101376004003023297298
B2042333700155N11925229WA0137401379004003023298311
B2042343700157N11925232WA0137601382004003017310324
B2042353700159N11925233WA0137801384004003017344332
B2042363700161N11925232WA0138001385004003015028320
B2042373700163N11925230WA0138101386004003015028342
B2042383700166N11925230WA0138201387004003016001295
B2042393700168N11925230WA0138301388004003022326316
B2042403700171N11925234WA0138501391004003024310299
B2042413700172N11925237WA0138901395004003022299281
B2042423700174N11925240WA0139201399004003019303334
B2042433700175N11925242WA0139501399004003014311331
B2042443700176N11925243WA0139701401004003011321327
B2042453700178N11925244WA0139901404004003011339312
B2042463700179N11925245WA0140101406004003010333295
B2042473700180N11925246WA0140201407004003010301289
B2042483700180N11925250WA0140301408004003012267274
B2042493700179N11925255WA0140401409004003030252261
B2042503700176N11925260WA0140601411004003033236238
B2042513700173N11925264WA0140801413004003032217231
B2042523700168N11925266WA0140901414003003033192217
B2042533700162N11925265WA0140901415004003034169202
B2042543700157N11925262WA0141001415004003042146180
B2042553700152N11925256WA0141001416004003043127147
B2042563700150N11925248WA0141101416004003042108118
B2042573700150N11925241WA0141101418004003042085089
B2042583700152N11925235WA0141301421004003038060058
B2042593700155N11925232WA0141601424004003022034029
B2043003700157N11925232WA0142001427004003022006354
B2043013700158N11925232WA0142201429004003013349339
B2043023700159N11925232WA0142301430004003006353324
B2043033700160N11925232WA0142401430004003006007320
B2043043700162N11925232WA0142401429004003015006322
B2043053700165N11925231WA0142301430004003018006327
B2043063700168N11925231WA0142401430004003018009333
B2043073700171N11925230WA0142401431004003021013332
B2043083700174N11925229WA0142501432004003021010326
B2043093700178N11925229WA0142501432004003022357318
B2043103700181N11925230WA0142601433003003024347321
B2043113700185N11925231WA0142601433004003024340326
B2043123700188N11925233WA0142701434004003025338316
B2043133700192N11925234WA0142801434004003025341319
B2043143700196N11925236WA0142801435004003027337300
B2043153700199N11925238WA0142901436004003027329294
B2043163700202N11925242WA0142901437004003027319305
B2043173700205N11925246WA0143101439004003027307288
B2043183700207N11925250WA0143301441004003027299312
B2043193700208N11925253WA0143501443004003020297306
B2043203700210N11925256WA0143601444004003020300295
B2043213700212N11925260WA0143701445004003020304282
B2043223700214N11925263WA0143901447004003023302289
B2043233700216N11925267WA0144101448004003023284255
B2043243700215N11925272WA0144301451004003022258237
B2043253700212N11925275WA0144501452004003029219231
B2043263700207N11925278WA0144501451004003029195214
B2043273700201N11925279WA0144601452004003040175198
B2043283700192N11925277WA0144701453004003047157171
B2043293700187N11925272WA0144801455004003045140151
B2043303700183N11925265WA0144901455004003045123132
B2043313700180N11925258WA0144901455004003042109110
B2043323700179N11925251WA0144901456004003040099090
B2043333700179N11925245WA0145001457004003036088076
B2043343700180N11925240WA0145101458004003028077063
B2043353700181N11925235WA0145101458004003028067043
B2043363700183N11925231WA0145101458004003026058034
B2043373700186N11925227WA0145101457004003026043022
B2043383700189N11925225WA0145001456004003026027009
B2043393700194N11925223WA0145001456004003031015358
B2043403700199N11925222WA0145001457004003031000353
B2043413700203N11925223WA0145001458004003030349342
B2043423700207N11925224WA0145101458004003029340330
B2043433700211N11925226WA0145101459004003029332326
B2043443700215N11925230WA0145201460004003033328317
B2043453700219N11925233WA0145401462004003033325316
B2043463700223N11925236WA0145601463004003030319315
B2043473700226N11925240WA0145801466004003026310316
B2043483700227N11925244WA0146001469004003026297311
B2043493700229N11925249WA0146301471004003026296322
B2043503700231N11925252WA0146501475004003026302307
B2043513700232N11925255WA0146801478004003019311293
B2043523700234N11925257WA0147001480004003015318297
B2043533700236N11925258WA0147101480004003015319304
B2043543700238N11925261WA0147101480004003019317308
B2043553700240N11925263WA0147001479004003020314330
B2043563700242N11925266WA0146901479004003020312319
B2043573700244N11925269WA0146901479004003020321317
B2043583700246N11925271WA0147001480004003020324303
B2043593700248N11925273WA0147001480004003019319297
B2044003700250N11925276WA0147001480004003019310291
B2044013700252N11925278WA0147001480004003019306304
B2044023700254N11925281WA0147001480004003019304291
B2044033700255N11925284WA0146901479004003020306298
B2044043700257N11925288WA0146901478004003021304301
B2044053700259N11925291WA0146801478004003021298304
B2044063700260N11925295WA0146801478004003021292292
B2044073700261N11925299WA0146901479004003022286311
B2044083700262N11925302WA0146901479004003022282296
B2044093700263N11925306WA0146901479004003019283301
B2044103700263N11925309WA0146901479004003019288294
B2044113700264N11925312WA0146901478004003018292307
B2044123700265N11925314WA0146801478004003015289320
B2044133700266N11925317WA0146701476004003015291301
B2044143700267N11925320WA0146501475004003018294302
B2044153700268N11925323WA0146401473004003020299302
B2044163700270N11925326WA0146201472004003020308327
B2044173700272N11925329WA0146201472004003020316317
B2044183700274N11925331WA0146201472004003020321313
B2044193700276N11925333WA0146201472004003014311301
B2044203700277N11925335WA0146201472004003015304292
B2044213700279N11925338WA0146201472004003015321310
B2044223700282N11925340WA0146101471004003019338335
B2044233700287N11925341WA0146101471004003026346356
B2044243700291N11925342WA0146001470004003030348310
B2044253700295N11925343WA0146001470004003030346332
B2044263700299N11925345WA0146001470004003026336301
B2044273700302N11925347WA0146001470004003025332309
B2044283700306N11925349WA0146001471004003025333302
B2044293700309N11925352WA0146101472004003028333321
B2044303700313N11925354WA0146301474004003028334298
B2044313700316N11925356WA0146401476004003023332300
B2044323700318N11925357WA0146501476004003019331311
B2044333700320N11925359WA0146501476004003019323328
B2044343700323N11925362WA0146501475004003025317331
B2044353700326N11925365WA0146501476004003034324331
B2044363700331N11925369WA0146701478004003034332348
B2044373700337N11925372WA0147001480004003041345351
B2044383700343N11925373WA0147301484004003041353003
B2044393700348N11925373WA0147601488004003034356347
B2044403700353N11925374WA0147801490004003034351320
B2044413700358N11925376WA0148001492004003034344325
B2044423700364N11925378WA0148201493004003036340322
B2044433700370N11925381WA0148401495004003041338319
B2044443700375N11925384WA0148701499004003039338348
B2044453700380N11925386WA0149201505004003039333356
B2044463700384N11925389WA0149601505004003030327349
B2044473700386N11925390WA0149901508004003021333326
B2044483700389N11925391WA0150101510004003020341332
B2044493700392N11925392WA0150201511004003024343313
B2044503700395N11925394WA0150301512004003028335317
B2044513700399N11925397WA0150501514004003028331311
B2044523700404N11925400WA0150801515004003033335314
B2044533700408N11925402WA0151201521004003033339344
B2044543700412N11925404WA0151501521004003022343320
B2044553700416N11925406WA0151701521004003022339321
B2044563700419N11925407WA0151901522004003019336316
B2044573700421N11925408WA0151901523004003019326303
B2044583700423N11925411WA0151901523004003019320294
B2044593700426N11925415WA0151801524004003027308296
B2045003700427N11925419WA0151901526004003027295310
B2045013700428N11925423WA0151901527004003025289300
B2045023700429N11925427WA0151801526004003023295307
B2045033700431N11925431WA0151701525004003023304306
B2045043700433N11925435WA0151601526004003030311328
B2045053700437N11925439WA0151501525004003031314313
B2045063700440N11925443WA0151401526004003030318335
B2045073700443N11925446WA0151501526004003029322314
B2045083700446N11925449WA0151501526004003027325313
B2045093700449N11925452WA0151501526004003025324310
B2045103700452N11925454WA0151401526004003025319313
B2045113700454N11925457WA0151401525004003023316312
B2045123700457N11925460WA0151301525004003022319315
B2045133700459N11925462WA0151201524004003021325313
B2045143700462N11925464WA0151201523004003021327306
B2045153700465N11925467WA0151101523004003021323298
B2045163700467N11925469WA0151001523004003021321312
B2045173700470N11925471WA0151101523004003022329324
B2045183700473N11925474WA0151101523004003023339349
B2045193700477N11925475WA0151101523004003023346314
B2045203700480N11925475WA0151101523004003023350305
B2045213700483N11925475WA0150901522004003021355309
B2045223700486N11925476WA0150801522004003021352319
B2045233700489N11925477WA0150501519004003022338312
B2045243700493N11925479WA0150301518004003023325308
B2045253700495N11925482WA0150101516004003023321316
B2045263700497N11925483WA0150001515004003018322308
B2045273700499N11925485WA0149801513004003014332307
B2045283700500N11925486WA0149601510004003013334300
B2045293700502N11925487WA0149301507004003015323302
B2045303700504N11925489WA0149001503004003017309295
B2045313700505N11925493WA0148701500004003017298308
B2045323700507N11925497WA0148401500004003022286289
B2045333700508N11925502WA0148201500003003027279277
B2045343700509N11925508WA0148101498004003029274308
B2045353700508N11925513WA0148001496004003030266275
B2045363700508N11925518WA0147801495003003029266281
B2045373700508N11925524WA0147701493003003029271278
B2045383700508N11925529WA0147601493004003028272275
B2045393700508N11925534WA0147601491004003030269262
B2045403700508N11925540WA0147501491003003030266273
B2045413700507N11925545WA0147501490003003029262254
B2045423700507N11925550WA0147501490004003028258257
B2045433700506N11925554WA0147501490004003026253258
B2045443700504N11925559WA0147401489004003025250262
B2045453700503N11925564WA0147401488004003030249260
B2045463700501N11925569WA0147301487004003030247256
B2045473700499N11925574WA0147201486004003031244271
B2045483700497N11925579WA0147201485004003031241247
B2045493700495N11925584WA0147101485004003030242253
B2045503700493N11925589WA0147001483004003030242255
B2045513700491N11925595WA0146901482004003030241256
B2045523700488N11925600WA0146701480004003032239251
B2045533700486N11925605WA0146601479004003033237255
B2045543700483N11925610WA0146601479004003033234249
B2045553700480N11925615WA0146601479004003033234260
B2045563700477N11925620WA0146701481004003033237259
B2045573700476N11925625WA0146801482004003030242261
B2045583700474N11925629WA0147001484004003026243256
B2045593700472N11925632WA0147001483004003025241283
B2046003700471N11925637WA0147001482004003025240267
B2046013700469N11925641WA0146901481004003025241265
B2046023700467N11925646WA0146701479004003027245254
B2046033700465N11925651WA0146601478004003030245261
B2046043700463N11925656WA0146701479004003030237272
B2046053700461N11925660WA0146801481004003027232261
B2046063700459N11925663WA0146801481004003024233264
B2046073700457N11925666WA0146901481004003020235248
B2046083700455N11925669WA0146801481004003022235254
B2046093700453N11925673WA0146801480004003022233246
B2046103700450N11925677WA0146801480004003026230253
B2046113700447N11925681WA0146901481004003028227265
B2046123700445N11925685WA0146901482004003026225259
B2046133700442N11925688WA0147001483004003026225252
B2046143700440N11925691WA0147101483004003023222261
B2046153700437N11925694WA0147001482004003023226243
B2046163700435N11925697WA0147001481004003023230243
B2046173700432N11925702WA0146901480004003031232248
B2046183700429N11925706WA0146901481004003031233239
B2046193700427N11925710WA0147101483004003030235259
B2046203700425N11925714WA0147301485004003026232263
B2046213700423N11925717WA0147501487004003022232272
B2046223700421N11925720WA0147601488004003023236280
B2046233700419N11925724WA0147701489004003023245272
B2046243700418N11925728WA0147801490004003023255273
B2046253700417N11925733WA0147901491004003022257266
B2046263700417N11925737WA0147901492004003022255258
B2046273700416N11925741WA0148001492004003022251252
B2046283700414N11925745WA0148001493004003023251249
B2046293700413N11925749WA0148201495004003022253242
B2046303700413N11925752WA0148501498004003021258256
B2046313700412N11925756WA0148701501004003019265268
B2046323700412N11925758WA0149001503004003015274280
B2046333700413N11925761WA0149101502004003015283261
B2046343700413N11925764WA0149001501004003014289270
B2046353700414N11925766WA0149001501004003013289282
B2046363700414N11925768WA0148901501004003013285284
B2046373700415N11925771WA0148801500004003017277289
B2046383700415N11925774WA0148601498004003019265275
B2046393700414N11925778WA0148601497004003019253268
B2046403700413N11925781WA0148401496004003020242268
B2046413700411N11925785WA0148301495004003020237265
B2046423700410N11925788WA0148201493004003021242253
B2046433700409N11925792WA0148101492004003021253251
B2046443700408N11925795WA0148001492004003021258252
B2046453700407N11925799WA0147901490004003019252254
B2046463700406N11925802WA0147701488004003019244261
B2046473700404N11925806WA0147601487004003023240263
B2046483700403N11925809WA0147501487004003023239261
B2046493700401N11925813WA0147601488004003022239261
B2046503700399N11925816WA0147701490004003022240245
B2046513700398N11925819WA0147901492004003022240272
B2046523700397N11925822WA0148101494004003015240274
B2046533700396N11925824WA0148201494004003017247285
B2046543700395N11925828WA0148201493004003017255272
B2046553700395N11925833WA0148201492004003021259276
B2046563700394N11925838WA0148101490004003027259279
B2046573700393N11925843WA0147901490004003027262265
B2046583700393N11925848WA0147801490004003027271265
B2046593700394N11925852WA0147901490004003022281273
B2047003700394N11925855WA0147901490004003019279273
B2047013700394N11925859WA0147701489004003019267284
B2047023700393N11925863WA0147501487004003021255269
B2047033700392N11925867WA0147401484004003023253259
B2047043700391N11925871WA0147101482004003023253264
B2047053700390N11925876WA0146901480004003026252263
B2047063700388N11925882WA0146701478004003030248284
B2047073700387N11925887WA0146701479004003029249267
B2047083700385N11925892WA0146701480004003029256278
B2047093700385N11925895WA0146801481004003024264275
B2047103700385N11925898WA0146901482004003017256253
B2047113700384N11925901WA0147001482004003017247260
B2047123700383N11925905WA0147001481004003023249259
B2047133700382N11925909WA0146901480004003024257277
B2047143700381N11925914WA0146801480004003023260275
B2047153700380N11925917WA0146701479004003021255280
B2047163700380N11925921WA0146601478004003021251272
B2047173700378N11925926WA0146401475004003027254281
B2047183700378N11925932WA0146201473004003039262269
B2047193700377N11925941WA0146301474004003039269314
B2047203700377N11925951WA0146701477004003048278298
B2047213700379N11925960WA0147101479003003048295343
B2047223700381N11925966WA0147701477004003021303325
B2047233700382N11925967WA0148001481004003021292298
B2047243700383N11925968WA0148101482004003016273277
B2047253700382N11925972WA0148001481004003016262298
B2047263700382N11925974WA0147901481004003017262277
B2047273700382N11925978WA0147701479004003019268279
B2047283700382N11925982WA0147601478004003024272281
B2047293700382N11925987WA0147501477004003024275284
B2047303700383N11925992WA0147401478004003028285298
B2047313700384N11925997WA0147401479004003028290300
B2047323700385N11926001WA0147401479004003022284298
B2047333700386N11926005WA0147401479004003022279284
B2047343700387N11926008WA0147301478004003021283285
B2047353700387N11926013WA0147301478004003021283272
B2047363700388N11926017WA0147201478004003024278273
B2047373700388N11926022WA0147201478004003023273270
B2047383700388N11926026WA0147201478004003023272277
B2047393700388N11926029WA0147201478004003020273283
B2047403700389N11926033WA0147101477004003020274286
B2047413700389N11926037WA0147001476004003020276282
B2047423700390N11926041WA0146801474004003023278281
B2047433700390N11926046WA0146601472004003025277283
B2047443700390N11926050WA0146501472004003025275287
B2047453700391N11926054WA0146501471004003025273294
B2047463700391N11926058WA0146401471004003022275291
B2047473700391N11926062WA0146301470004003021279300
B2047483700392N11926066WA0146101470004003022281275
B2047493700393N11926071WA0145901468004003022285272
B2047503700394N11926075WA0145701466004003025284270
B2047513700395N11926080WA0145601467004003027286273
B2047523700397N11926085WA0145601466004003027287270
B2047533700398N11926089WA0145501466004003027284293
B2047543700398N11926093WA0145401464004003025275279
B2047553700398N11926097WA0145301462004003022264271
B2047563700398N11926101WA0145101460004003022261263
B2047573700397N11926106WA0144901460004003023260279
B2047583700396N11926110WA0144701460004003024258286
B2047593700396N11926114WA0144601458004003024257282
B2048003700395N11926119WA0144401457004003024261296
B2048013700395N11926123WA0144201454003003023270274
B2048023700395N11926126WA0144001451004003019283267
B2048033700397N11926130WA0143801450004003023295294
B2048043700398N11926134WA0143801451004003023296319
B2048053700400N11926137WA0143901451003003023299328
B2048063700401N11926139WA0143901451004003014321306
B2048073700403N11926141WA0143801450003003015347317
B2048083700406N11926141WA0143601447003003015353313
B2048093700409N11926142WA0143501445003003020350337
B2048103700413N11926142WA0143401445003003024352000
B2048113700417N11926142WA0143301445004003026008009
B2048123700421N11926140WA0143201444004003034028022
B2048133700426N11926135WA0143101441004003034043041
B2048143700430N11926130WA0143001442004003040048034
B2048153700434N11926124WA0143101444003003040048049
B2048163700437N11926119WA0143301446004003031050004
B2048173700439N11926115WA0143401444004003031073042
B2048183700440N11926110WA0143301443003003029087059
B2048193700440N11926104WA0143101442004003029085042
B2048203700441N11926096WA0142701437004003036081047
B2048213700442N11926088WA0142401434004003046077044
B2048223700443N11926079WA0142101433004003046076031
B2048233700445N11926071WA0142101434004003046080061
B2048243700446N11926062WA0142101435004003045084079
B2048253700446N11926055WA0142301436004003042083054
B2048263700447N11926049WA0142501438004003034079037
B2048273700448N11926043WA0142601437004003034077040
B2048283700449N11926037WA0142701437004003034080044
B2048293700450N11926029WA0142701437004003036083053
B2048303700450N11926021WA0142601436004003042083046
B2048313700451N11926013WA0142601435004003045086041
B2048323700451N11926004WA0142601435003003049089050
B2048333700451N11925995WA0142601434004003049092098
B2048343700450N11925986WA0142601436004003049090066
B2048353700450N11925978WA0142701435004003046093112
B2048363700450N11925972WA0142601435004003031094071
B2048373700449N11925966WA0142501433004003032092067
B2048383700449N11925960WA0142301432004003032082049
B2048393700451N11925952WA0142101429004003038077071
B2048403700453N11925944WA0142001430004003044075065
B2048413700454N11925935WA0142201431004003044079073
B2048423700455N11925928WA0142501432004003044093080
B2048433700454N11925921WA0142901433004003038105104
B2048443700452N11925915WA0143101437004003034110094
B2048453700450N11925910WA0143301440004003034105092
B2048463700449N11925903WA0143401440004003039098091
B2048473700449N11925895WA0143501441004003043094093
B2048483700448N11925887WA0143601443004003043092090
B2048493700448N11925879WA0143901447004003043089098
B2048503700449N11925872WA0144201450004003041086077
B2048513700449N11925865WA0144501453004003033086062
B2048523700449N11925859WA0144701456004003033090068
B2048533700449N11925852WA0144901457005003033091077
B2048543700448N11925845WA0145001458004003035091090
B2048553700448N11925838WA0145101460004003039091083
B2048563700448N11925830WA0145201462004003041091090
B2048573700448N11925822WA0145501464004003041092088
B2048583700448N11925815WA0145701467004003040092082
B2048593700448N11925807WA0145901468004003040091086
B2049003700448N11925800WA0146101470004003042088074
B2049013700448N11925792WA0146301473004003041084077
B2049023700449N11925785WA0146501476004003041079063
B2049033700450N11925778WA0146801478004003039078061
B2049043700451N11925771WA0147001480004003038079070
B2049053700453N11925764WA0147201482005003038077063
B2049063700454N11925756WA0147301483005003039078070
B2049073700455N11925749WA0147401484004003040085090
B2049083700454N11925741WA0147601486004003040091097
B2049093700454N11925733WA0147701488004003042092080
B2049103700454N11925725WA0148001490004003042089076
B2049113700454N11925717WA0148101492004003040087070
B2049123700455N11925710WA0148301493004003040086058
B2049133700455N11925703WA0148301493004003040086067
B2049143700456N11925695WA0148301493004003040082093
B2049153700457N11925687WA0148201492004003040079115
B2049163700458N11925681WA0148101491004003036078089
B2049173700459N11925674WA0148001489004003036077063
B2049183700461N11925667WA0147801487004003036073047
B2049193700463N11925660WA0147701488004003039064044
B2049203700466N11925653WA0147701487004003042063058
B2049213700468N11925646WA0147601487004003039069076
B2049223700469N11925639WA0147501486004003039077082
B2049233700470N11925632WA0147401484004003037080091
B2049243700471N11925626WA0147201482004003036078074
B2049253700472N11925620WA0147001481004003034075075
B2049263700474N11925614WA0146801479004003036074065
B2049273700475N11925607WA0146601476004003036075062
B2049283700477N11925601WA0146301472004003036076068
B2049293700478N11925594WA0145801466004003036075060
B2049303700480N11925586WA0145201461004003038070056
B2049313700482N11925578WA0144901461004003048066064
B2049323700485N11925570WA0144601462004003048065077
B2049333700488N11925563WA0144401460004003045068079
B2049343700490N11925556WA0144301458004003041071057
B2049353700492N11925549WA0144201456004003038074067
B2049363700493N11925542WA0144001454004003038077064
B2049373700494N11925535WA0143801452004003038079067
B2049383700495N11925528WA0143701450004003037082083
B2049393700495N11925522WA0143401447004003037083083
B2049403700496N11925515WA0143201444004003037084080
B2049413700497N11925507WA0143001443004003042085077
B2049423700497N11925499WA0142801442004003045086074
B2049433700497N11925490WA0142801441004003044087085
B2049443700498N11925482WA0142701441004003044087077
B2049453700498N11925475WA0142701439004003042087090
B2049463700498N11925467WA0142601437004003041087075
B2049473700499N11925459WA0142401436004003042087085
B2049483700499N11925452WA0142201433004003041087078
B2049493700499N11925444WA0142101432004003041086085
B2049503700499N11925437WA0141901430004003041086072
B2049513700500N11925430WA0141801428004003037082066
B2049523700501N11925423WA0141601425004003037076050
B2049533700503N11925416WA0141301422004003037073060
B2049543700504N11925409WA0141001419004003037075064
B2049553700505N11925402WA0140801417004003039077081
B2049563700507N11925395WA0140601415005003037076061
B2049573700508N11925389WA0140401412004003037078074
B2049583700509N11925381WA0140101409004003037081070
B2049593700510N11925374WA0139901406004003039082077
B2050003700510N11925367WA0139601403004003039081051
B2050013700511N11925360WA0139201399004003038079050
B2050023700513N11925353WA0139001397004003041074057
B2050033700515N11925345WA0138801396004003041070067
B2050043700517N11925337WA0138601395004003044071074
B2050053700518N11925330WA0138501393004003044077080
B2050063700519N11925322WA0138301392004003041081062
B2050073700520N11925314WA0138301391004003041081054
B2050083700521N11925307WA0138101389004003039078048
B2050093700523N11925300WA0137901387004003039072057
B2050103700525N11925293WA0137701385004003039069049
B2050113700527N11925286WA0137501383004003041068060
B2050123700530N11925279WA0137501382004003041066052
B2050133700532N11925273WA0137401381004003038063048
B2050143700534N11925267WA0137201379004003035058041
B2050153700537N11925262WA0137001377004003035055037
B2050163700541N11925256WA0136801374004003038051035
B2050173700545N11925251WA0136601372004003039050031
B2050183700548N11925245WA0136401370004003038048029
B2050193700552N11925240WA0136301369004003038044035
B2050203700556N11925236WA0136101367004003034040024
B2050213700560N11925232WA0135901365004003034036029
B2050223700564N11925228WA0135601362004003034036021
B2050233700569N11925224WA0135401359004003035036020
B2050243700573N11925220WA0135201356004003038036025
B2050253700578N11925216WA0134901354004003038038015
B2050263700582N11925211WA0134701352004003038039040
B2050273700586N11925207WA0134501350004003037037019
B2050283700591N11925204WA0134401348004003035034019
B2050293700595N11925200WA0134201346004003036032007
B2050303700600N11925196WA0134001344004003037032010
B2050313700604N11925192WA0133901343004003036032356
B2050323700609N11925189WA0133901343004003036035004
B2050333700613N11925185WA0133901343004003034035001
B2050343700617N11925182WA0133901343004003034031004
B2050353700622N11925179WA0133901344004003035026349
B2050363700626N11925176WA0134101345004003034026347
B2050373700631N11925173WA0134301348004003034027348
B2050383700635N11925171WA0134401347004003031029346
B2050393700638N11925168WA0134501348004003026026354
B2050403700641N11925166WA0134501348004003028026339
B2050413700646N11925164WA0134501347004003028028352
B2050423700650N11925160WA0134401347004003032030352
B2050433700654N11925157WA0134401346004003033032003
B2050443700658N11925153WA0134301346004003036038025
B2050453700663N11925149WA0134201345004003040046038
B2050463700666N11925143WA0134201346004003039052051
B2050473700669N11925137WA0134301347004003039057046
B2050483700672N11925131WA0134301347004003037057049
B2050493700675N11925125WA0134301347004003036055021
B2050503700678N11925120WA0134301347004003039055027
B2050513700682N11925113WA0134301347004003039054027
B2050523700686N11925107WA0134401347004003040053024
B2050533700689N11925101WA0134401348004003040054022
B2050543700692N11925095WA0134501349004003036058024
B2050553700694N11925090WA0134501349004003036064028
B2050563700696N11925084WA0134501349004003035066033
B2050573700699N11925078WA0134501348004003035063031
B2050583700702N11925071WA0134401347004003038058034
B2050593700705N11925065WA0134301346004003041056030
B2051003700709N11925059WA0134201346004003041054045
B2051013700712N11925053WA0134201345004003039057025
B2051023700714N11925047WA0134101343004003036062044
B2051033700716N11925041WA0133901342004003036066041
B2051043700718N11925035WA0133701339004003039067049
B2051053700721N11925028WA0133601338004003043068045
B2051063700723N11925020WA0133401337004003043069039
B2051073700725N11925012WA0133401336004003044070041
B2051083700727N11925005WA0133401336004003044069028
B2051093700729N11924998WA0133301336004003038066028
B2051103700732N11924992WA0133301335004003038061026
B2051113700735N11924986WA0133101333004003038056026
B2051123700738N11924980WA0133001332004003038052025
B2051133700742N11924974WA0132901331004003040052028
B2051143700746N11924968WA0132801330004003040053036
B2051153700749N11924962WA0132701329004003040054035
B2051163700753N11924956WA0132601329004003039054033
B2051173700756N11924950WA0132601328004003039055035
B2051183700760N11924943WA0132501327004003041057032
B2051193700763N11924936WA0132401326004003042060038
B2051203700766N11924930WA0132301325004003042062048
B2051213700769N11924923WA0132201324004003042061047
B2051223700771N11924916WA0132001322004003042063033
B2051233700774N11924908WA0131901320004003043065036
B2051243700777N11924900WA0131801319004003046064045
B2051253700780N11924893WA0131701318004003046060041
B2051263700784N11924886WA0131601317004003044059053
B2051273700787N11924879WA0131501316004003043061046
B2051283700790N11924871WA0131301314004003043063039
B2051293700793N11924864WA0131201312004003043063039
B2051303700796N11924857WA0131001310004003044060039
B2051313700799N11924850WA0130801309004003044058044
B2051323700803N11924843WA0130701307004003045057036
B2051333700807N11924836WA0130601306004003045059045
B2051343700810N11924829WA0130501306004003043058046
B2051353700813N11924822WA0130401304004003043056031
B2051363700817N11924815WA0130301303004003043056035
B2051373700821N11924808WA0130201302004003044057037
B2051383700824N11924801WA0130101301004003044059044
B2051393700827N11924794WA0130001301004003042059038
B2051403700831N11924787WA0129901299004003042059037
B2051413700834N11924781WA0129801298004003042060028
B2051423700837N11924773WA0129601296004003043061030
B2051433700841N11924766WA0129501294004003046057016
B2051443700845N11924759WA0129401293004003045051019
B2051453700849N11924753WA0129301292004003045046009
B2051463700853N11924747WA0129101291004003042044008
B2051473700858N11924742WA0129001289004003041040001
B2051483700863N11924738WA0128901288004003041036359
B2051493700868N11924734WA0128801287004003039029357
B2051503700873N11924731WA0128601286004003039019356
B2051513700878N11924729WA0128501285004003034010338
B2051523700883N11924729WA0128501284004003034358331
B2051533700888N11924731WA0128401284004003033344309
B2051543700892N11924733WA0128401283004003028327293
B2051553700894N11924736WA0128301283003003028299287
B2051563700894N11924740WA0128201281004003022271282
B2051573700894N11924744WA0128101280004003021258265
B2051583700893N11924748WA0127901279004003021246256
B2051593700890N11924751WA0127801277004003023225247
B2052003700887N11924754WA0127601275004003028207234
B2052013700882N11924755WA0127501274004003028191218
B2052023700877N11924756WA0127501273004003032179207
B2052033700872N11924754WA0127401274004003033164191
B2052043700868N11924751WA0127501274004003035150179
B2052053700864N11924747WA0127501274004003037138161
B2052063700860N11924742WA0127501274004003036126162
B2052073700858N11924736WA0127401273004003036116138
B2052083700855N11924730WA0127301273004003036116136
B2052093700853N11924723WA0127101270004003040117136
B2052103700849N11924716WA0126901268004003043119141
B2052113700846N11924709WA0126801267004003043119144
B2052123700843N11924701WA0126701268004003044117138
B2052133700841N11924694WA0126701267004003044111127
B2052143700838N11924686WA0126601266004003045105110
B2052153700837N11924678WA0126501265004003046100096
B2052163700836N11924669WA0126401265004003046093102
B2052173700836N11924660WA0126201263004003047089113
B2052183700836N11924650WA0126101262004003049087109
B2052193700837N11924641WA0126001261004003049087100
B2052203700837N11924633WA0126001260004003048088112
B2052213700838N11924624WA0125901258004003047088103
B2052223700838N11924615WA0125801257005003047088118
B2052233700838N11924606WA0125701256004003048089103
B2052243700838N11924597WA0125601255004003048089109
B2052253700838N11924588WA0125501254004003047089093
B2052263700838N11924580WA0125301252004003046088099
B2052273700839N11924571WA0125101250004003046087104
B2052283700839N11924562WA0125001248004003046087102
B2052293700839N11924554WA0124801245004003046089099
B2052303700839N11924545WA0124601243004003046091112
B2052313700839N11924538WA0124401241004003040092111
B2052323700838N11924531WA0124201239004003040093112
B2052333700838N11924523WA0123901236004003038093120
B2052343700837N11924516WA0123701232004003038094111
B2052353700837N11924508WA0123301228004003041096125
B2052363700836N11924500WA0123101228004003043104144
B2052373700834N11924493WA0122801226004003043114152
B2052383700831N11924487WA0122501223004003039128156
B2052393700827N11924482WA0122301222003003035144164
B2052403700823N11924480WA0122101220004003031154186
B2052413700820N11924479WA0121801218004003025170199
B2052423700816N11924478WA0121701217004003025196218
B2052433700814N11924481WA0121401214004003021226237
B2052443700813N11924485WA0121201210004003019266257
B2052453700815N11924488WA0120901208004003019308280
B2052463700818N11924490WA0120601205004003024339302
B2052473700823N11924490WA0120401202004003029000324
B2052483700827N11924490WA0120101201004003029013344
B2052493700832N11924488WA0119901198004003031020355
B2052503700837N11924486WA0119501197004003032031003
B2052513700841N11924480WA0119201193004003039045017
B2052523700845N11924475WA0118901192004003043063037
B2052533700847N11924466WA0118501188004003043078060
B2052543700847N11924458WA0118301185004003043090079
B2052553700846N11924450WA0118001182004003043101094
B2052563700844N11924443WA0117701178004003038112109
B2052573700841N11924437WA0117501175004003038123124
B2052583700837N11924432WA0117201172004003037138137
B2052593700832N11924428WA0117101172004003037154154
B2053003700828N11924426WA0117201172004003034163173
B2053013700825N11924425WA0117201170004003007162182
B2053023700825N11924426WA0116901167004003007342226
B2053033700827N11924427WA0116601161004003007333287
B2053043700830N11924429WA0116301157004003016334286
B2053053700833N11924430WA0116001154004003023343295
B2053063700837N11924431WA0115701151004003026356311
B2053073700841N11924431WA0115501148004003026001320
B2053083700845N11924431WA0115201145004003026001327
B2053093700849N11924431WA0114901141004003026001332
B2053103700854N11924430WA0114601137004003028006326
B2053113700859N11924429WA0114301133004003033009330
B2053123700864N11924429WA0114001130004003033005330
B2053133700868N11924429WA0113701128004003033354329
B2053143700872N11924430WA0113501125004003029341322
B2053153700875N11924432WA0113201125004003026329315
B2053163700878N11924434WA0113001122004003022318305
B2053173700880N11924437WA0112801121004003022307295
B2053183700882N11924441WA0112501118004003022296287
B2053193700883N11924445WA0112301115004003022279280
B2053203700882N11924449WA0112001112004003022257269
B2053213700881N11924453WA0111801109004003024240255
B2053223700878N11924456WA0111501106004003024225244
B2053233700875N11924459WA0111301104004003024205233
B2053243700871N11924460WA0111101101004003024184220
B2053253700867N11924459WA0110801097004003027165204
B2053263700862N11924456WA0110501094004003034149186
B2053273700859N11924451WA0110301092004003036131165
B2053283700856N11924445WA0110001089004003036115146
B2053293700854N11924438WA0109701086004003038101127
B2053303700853N11924431WA0109501085004003038087107
B2053313700854N11924424WA0109201081004003037078089
B2053323700856N11924418WA0108801078004003038069076
B2053333700859N11924411WA0108601075004003038066064
B2053343700861N11924404WA0108301072004003039064056
B2053353700864N11924398WA0108001069004003039062050
B2053363700866N11924392WA0107801066004003037062046
B2053373700869N11924385WA0107601064004003039063049
B2053383700872N11924379WA0107501063004003039064052
B2053393700874N11924371WA0107501063004003041066055
B2053403700877N11924364WA0107501063004003042070059
B2053413700878N11924356WA0107501063004003043072062
B2053423700880N11924348WA0107501063004003043071059
B2053433700883N11924341WA0107401062004003042070060
B2053443700885N11924334WA0107301061004003041068063
B2053453700887N11924327WA0107201059004003041068059
B2053463700889N11924319WA0107101058004003045069066
B2053473700892N11924311WA0107001056004003048073076
B2053483700893N11924302WA0106801055004003048074083
B2053493700895N11924293WA0106701054004003048074081
B2053503700897N11924285WA0106601053004003047073070
B2053513700899N11924277WA0106501052004003043073077
B2053523700901N11924270WA0106501051004003043073079
B2053533700902N11924262WA0106401050004003043077088
B2053543700903N11924254WA0106301048004003043083110
B2053553700903N11924246WA0106101046004003043095124
B2053563700901N11924238WA0105801043004003044110133
B2053573700898N11924231WA0105601040004003044128151
B2053583700893N11924226WA0105301038004003044146167
B2053593700888N11924224WA0105201036004003041163179
B2054003700883N11924223WA0105101036004003035175185
B2054013700879N11924223WA0105001036004003025165173
B2054023700875N11924221WA0104901034004003032142166
B2054033700872N11924217WA0104701033004003032126149
B2054043700868N11924208WA0104401029004003043112134
B2054053700866N11924199WA0104301029004003048094112
B2054063700866N11924190WA0104301029004003040088102
B2054073700867N11924182WA0104301028004003040095104
B2054083700866N11924177WA0104201027004003035111112
B2054093700863N11924171WA0104001023004003035126135
B2054103700858N11924166WA0103801021004003038144152
B2054113700853N11924163WA0103601020004003036158171
B2054123700849N11924161WA0103501019004003036166187
B2054133700844N11924161WA0103401018004003031177187
B2054143700840N11924161WA0103201016004003028186203
B2054153700836N11924162WA0103101015004003028190205
B2054163700832N11924163WA0103101014004003028190199
B2054173700828N11924164WA0103001014004003028190207
B2054183700824N11924165WA0102901013004003027189198
B2054193700820N11924166WA0102901012004003027192206
B2054203700816N11924167WA0102801011004003027197206
B2054213700812N11924169WA0102701010004003030198200
B2054223700807N11924171WA0102601009004003031192184
B2054233700803N11924171WA0102501008004003031185185
B2054243700798N11924172WA0102401007004003031185195
B2054253700794N11924173WA0102301006004003028191205
B2054263700790N11924174WA0102201004004003029201201
B2054273700786N11924177WA0102001003004003029206194
B2054283700781N11924179WA0102001003004003034201179
B2054293700776N11924181WA0102001004004003032186177
B2054303700772N11924180WA0102101005004003032169171
B2054313700767N11924178WA0102101005004003032158170
B2054323700762N11924176WA0102101004004003032155164
B2054333700758N11924173WA0102001004004003035155157
B2054343700753N11924170WA0101901002004003036153153
B2054353700748N11924166WA0101701001004003036145145
B2054363700744N11924162WA0101600999004003037134143
B2054373700740N11924155WA0101500998004003041125137
B2054383700737N11924149WA0101300996004003041124132
B2054393700733N11924143WA0101200996004003041126131
B2054403700730N11924137WA0101200995004003040129131
B2054413700727N11924133WA0101100994004003034128118
B2054423700724N11924127WA0101000992004003034122114
B2054433700722N11924122WA0100800990004003034108107
B2054443700721N11924115WA0100600988004003033090092
B2054453700722N11924110WA0100500986004003030071071
B2054463700725N11924106WA0100300984004003030046046
B2054473700728N11924104WA0100100982004003026013016
B2054483700732N11924105WA0099900981004003024340340
B2054493700734N11924108WA0099800979004003023305311
B2054503700735N11924113WA0099600977004003026267287
B2054513700733N11924118WA0099400975004003026239262
B2054523700729N11924123WA0099300974004003032216243
B2054533700723N11924125WA0099200974004003037191224
B2054543700718N11924124WA0099200973004003038170202
B2054553700712N11924121WA0099000971004003038153182
B2054563700707N11924117WA0098900970004003040140164
B2054573700704N11924111WA0098800968004003038127149
B2054583700701N11924105WA0098600967004003038110133
B2054593700701N11924099WA0098500965004003036092112
B2055003700701N11924093WA0098400965004003035065087
B2055013700704N11924090WA0098300964004003029039052
B2055023700707N11924089WA0098200963004003019005020
B2055033700709N11924090WA0098100962004003019327341
B2055043700711N11924093WA0098100962004003019300315
B2055053700712N11924097WA0098000961004003019274297
B2055063700711N11924102WA0097900959004003021250281
B2055073700708N11924106WA0097700957004003030232263
B2055083700704N11924111WA0097500955004003035218246
B2055093700700N11924114WA0097300953004003035203232
B2055103700695N11924116WA0097100953004003036181219
B2055113700689N11924115WA0097000952004003036160195
B2055123700684N11924110WA0096700948004003040142171
B2055133700680N11924104WA0096600946004003040127147
B2055143700678N11924098WA0096400946004003040115127
B2055153700677N11924092WA0096300944004003035096112
B2055163700678N11924087WA0096200942004003029070086
B2055173700681N11924083WA0096100940004003028045051
B2055183700684N11924081WA0096000940004003028021025
B2055193700687N11924081WA0095900940004003023353005
B2055203700690N11924082WA0095900939004003021322341
B2055213700691N11924086WA0095800938004003020290318
B2055223700691N11924090WA0095600935004003024261296
B2055233700689N11924095WA0095400933004003028241274
B2055243700686N11924098WA0095100930004003028219257
B2055253700681N11924100WA0094800927004003029195238
B2055263700676N11924100WA0094600924004003034175214
B2055273700670N11924098WA0094300922004003043157189
B2055283700664N11924093WA0094100919004003043138164
B2055293700661N11924086WA0093900918004003043118140
B2055303700659N11924078WA0093700915004003043104112
B2055313700658N11924070WA0093600914004003043095095
B2055323700658N11924062WA0093500913004003043091081
B2055333700658N11924054WA0093400912004003044089074
B2055343700658N11924045WA0093400913004003044086070
B2055353700659N11924037WA0093400913004003044079066
B2055363700661N11924031WA0093500914004003042066058
B2055373700664N11924026WA0093500913004003033044045
B2055383700669N11924023WA0093400912004003033021021
B2055393700672N11924023WA0093300912004003029002003
B2055403700676N11924023WA0093400912004003025357347
B2055413700679N11924023WA0093500913004003023004338
B2055423700682N11924022WA0093500914004003019015341
B2055433700684N11924021WA0093700916004003019006342
B2055443700686N11924022WA0093700916004003013325337
B2055453700687N11924024WA0093800916004003013288311
B2055463700687N11924028WA0093800917004003015272292
B2055473700687N11924031WA0093900918004003019263282
B2055483700686N11924035WA0094000919004003020260264
B2055493700686N11924039WA0094000919004003020253261
B2055503700685N11924042WA0094100920004003020249278
B2055513700683N11924046WA0094100920004003020251271
B2055523700683N11924049WA0094100920004003020260284
B2055533700683N11924053WA0094100920004003020267294
B2055543700683N11924056WA0094000919004003019268295
B2055553700683N11924060WA0094000919004003019275291
B2055563700684N11924063WA0094000918004003019290283
B2055573700685N11924067WA0094000919004003023304306
B2055583700687N11924070WA0094000920004003023308287
B2055593700689N11924073WA0094000920004003021308288
B2056003700691N11924076WA0094000920004003020309283
B2056013700693N11924079WA0094000919004003020309282
B2056023700695N11924082WA0094000918004003020306280
B2056033700697N11924085WA0093800917004003020305305
B2056043700698N11924088WA0093700916004003020307317
B2056053700700N11924091WA0093600915004003020315304
B2056063700703N11924094WA0093400914004003023320299
B2056073700706N11924097WA0093400913004003023317278
B2056083700708N11924100WA0093300913004003023294269
B2056093700708N11924104WA0093200911004003020263258
B2056103700706N11924108WA0093000909004003020244254
B2056113700704N11924113WA0092900908004003025237251
B2056123700702N11924117WA0092900908004003026230237
B2056133700699N11924119WA0092900908004003026212224
B2056143700695N11924121WA0092900908004003026188213
B2056153700691N11924120WA0092800907004003026169197
B2056163700685N11924117WA0092700906004003033154180
B2056173700681N11924113WA0092700906004003040138158
B2056183700677N11924106WA0092700906004003040120136
B2056193700676N11924099WA0092700906004003040100112
B2056203700676N11924092WA0092700906004003039081087
B2056213700678N11924086WA0092700906004003036066063
B2056223700681N11924082WA0092700906004003030052045
B2056233700684N11924078WA0092700906004003030036026
B2056243700687N11924076WA0092700906004003027020012
B2056253700691N11924076WA0092800907004003025359357
B2056263700694N11924077WA0092800907004003023338339
B2056273700697N11924079WA0092800907004003019323324
B2056283700698N11924082WA0092800907004003019309307
B2056293700700N11924085WA0092700906004003019302299
B2056303700702N11924088WA0092600905004003020298294
B2056313700703N11924092WA0092600904004003023292281
B2056323700704N11924096WA0092600905004003024282276
B2056333700704N11924101WA0092800907004003023263257
B2056343700702N11924105WA0092900907004003023237255
B2056353700700N11924108WA0092900907004003026216238
B2056363700696N11924110WA0092900907004003026211238
B2056373700693N11924113WA0092800906004003025219252
B2056383700691N11924116WA0092800906004003023237260
B2056393700690N11924120WA0092700905004003024255270
B2056403700690N11924124WA0092700905004003025265278
B2056413700690N11924129WA0092700905004003024269286
B2056423700690N11924133WA0092700905004003023271283
B2056433700690N11924136WA0092700906004003019276288
B2056443700691N11924140WA0092700906004003019283292
B2056453700691N11924143WA0092700906004003018286293
B2056463700692N11924146WA0092700906004003018285289
B2056473700693N11924150WA0092800906004003019282287
B2056483700693N11924153WA0092800906004003019279295
B2056493700693N11924156WA0092700905004003018275315
B2056503700694N11924159WA0092700905004003016275308
B2056513700694N11924162WA0092700905004003015289312
B2056523700695N11924165WA0092700905004003015303316
B2056533700697N11924167WA0092700904004003015310312
B2056543700698N11924169WA0092700904004003014310305
B2056553700699N11924170WA0092700905004003012313317
B2056563700700N11924172WA0092800906004003012310287
B2056573700701N11924173WA0092900907004003008291273
B2056583700700N11924173WA0093000908004003008202265
B2056593700697N11924174WA0093100908004003020193229
B2057003700694N11924175WA0093200909004003025191206
B2057013700690N11924176WA0093400911004003025185194
B2057023700686N11924176WA0093500913004003027174182
B2057033700681N11924174WA0093600915004003032164186
B2057043700676N11924172WA0093800917004003035157163
B2057053700671N11924169WA0093900918004003035151155
B2057063700667N11924165WA0093900918004003036146160
B2057073700662N11924161WA0093900917004003042145164
B2057083700656N11924156WA0093900917004003048148153
B2057093700649N11924151WA0094000918004003048150154
B2057103700643N11924147WA0094100919004003048149164
B2057113700638N11924143WA0094300921004003044145134
B2057123700634N11924139WA0094400923004003035141143
B2057133700630N11924134WA0094500923004003036137140
B2057143700626N11924129WA0094500923004003036132122
B2057153700622N11924123WA0094400922004003039129127
B2057163700618N11924116WA0094400922004003044127140
B2057173700613N11924108WA0094500923004003057120145
B2057183700609N11924098WA0094900925004003057115129
B2057193700606N11924090WA0095300930004003053112147
B2057203700604N11924083WA0095600934004003047110138
B2057213700602N11924076WA0095800937004003038108119
B2057223700600N11924070WA0096100939004003036109107
B2057233700599N11924063WA0096300942004003040109112
B2057243700596N11924056WA0096700945004003040108113
B2057253700594N11924048WA0096900948004003042109123
B2057263700592N11924041WA0097200951004003042109137
B2057273700590N11924034WA0097500954004003039111129
B2057283700587N11924027WA0097800957004003040119130
B2057293700584N11924021WA0098100959004003040130138
B2057303700579N11924016WA0098300962004003041137156
B2057313700574N11924011WA0098500966004003042142162
B2057323700569N11924006WA0098800965004003041149171
B2057333700564N11924004WA0098900967004003041159172
B2057343700558N11924002WA0099000968004003038169184
B2057353700552N11924001WA0099100968004003038174190
B2057363700546N11924001WA0099100968004003040176190
B2057373700539N11924000WA0099200970004003052178205
B2057383700531N11924000WA0099600971004003052174202
B2057393700525N11923999WA0100000973004003047164219
B2057403700521N11923998WA0100300973004003035160209
B2057413700518N11923996WA0100500974004003028161187
B2057423700515N11923995WA0100600976004003025174196
B2057433700510N11923995WA0100600976004003034183204
B2057443700504N11923995WA0100700979004003034179193
B2057453700498N11923994WA0100900982004003037166179
B2057463700493N11923990WA0101100986004003041152160
B2057473700487N11923986WA0101200988004003044143147
B2057483700482N11923981WA0101300989004003044139151
B2057493700477N11923975WA0101400990004003044133130
B2057503700473N11923968WA0101400991004003044127117
B2057513700469N11923961WA0101400991004003045119104
B2057523700466N11923952WA0101400991004003050113113
B2057533700463N11923944WA0101400992004003050106115
B2057543700461N11923935WA0101500993004003049103099
B2057553700460N11923927WA0101500994004003046103084
B2057563700458N11923918WA0101500994004003046102101
B2057573700457N11923910WA0101500993004003047098114
B2057583700456N11923901WA0101400992004003049093112
B2057593700456N11923891WA0101400991004003049091107
B2058003700456N11923881WA0101300991004003051094103
B2058013700455N11923872WA0101300991004003051095109
B2058023700454N11923862WA0101300991004003050092100
B2058033700454N11923853WA0101300991004003050090075
B2058043700454N11923844WA0101200991004003050093078
B2058053700453N11923834WA0101200991004003049094078
B2058063700453N11923825WA0101200990004003049090054
B2058073700454N11923816WA0101100989004003051083053
B2058083700455N11923807WA0101000989004003051073048
B2058093700458N11923799WA0101000988004003048066042
B2058103700461N11923791WA0100900988004003045062041
B2058113700464N11923785WA0100800987004003043057044
B2058123700468N11923779WA0100800986004003040053029
B2058133700471N11923773WA0100700986004003040050019
B2058143700475N11923767WA0100700987004003040052029
B2058153700478N11923762WA0100800988004003039058023
B2058163700480N11923757WA0100900989004003033059012
B2058173700482N11923753WA0100900989004003023051006
B2058183700485N11923751WA0100900988004003023038351
B2058193700488N11923748WA0100700986004003023039358
B2058203700492N11923743WA0100700986004003029042015
B2058213700495N11923739WA0100700986004003033052353
B2058223700497N11923734WA0100700988004003029062347
B2058233700499N11923730WA0100800989004003029053018
B2058243700501N11923728WA0100900989004003021028350
B2058253700503N11923727WA0100900989004003015020350
B2058263700505N11923726WA0100900989004003014034357
B2058273700507N11923724WA0100900989004003017040351
B2058283700509N11923722WA0100900989004003020041358
B2058293700511N11923719WA0100900989004003020043348
B2058303700514N11923716WA0100800989004003020047349
B2058313700515N11923714WA0100700987004003020042353
B2058323700518N11923712WA0100600986004003019034340
B2058333700520N11923710WA0100600985004003019024001
B2058343700523N11923709WA0100500985004003019009346
B2058353700525N11923709WA0100400984004003016356325
B2058363700527N11923710WA0100300983004003016350322
B2058373700530N11923710WA0100300983004003016352328
B2058383700532N11923710WA0100300984004003016003336
B2058393700535N11923710WA0100400984004003017012354
B2058403700538N11923709WA0100500985004003019021333
B2058413700540N11923707WA0100500986004003019027340
B2058423700543N11923705WA0100500986004003019026322
B2058433700545N11923704WA0100600986004003018020321
B2058443700548N11923703WA0100500986004003016009336
B2058453700550N11923703WA0100500985004003017001323
B2058463700553N11923703WA0100500986004003017008327
B2058473700556N11923702WA0100600987004003020018323
B2058483700559N11923701WA0100700988004003020025316
B2058493700562N11923699WA0100800989004003020027318
B2058503700564N11923697WA0100900989004003020017326
B2058513700567N11923697WA0100900989004003020355319
B2058523700570N11923699WA0100900990004003021328314
B2058533700572N11923702WA0101000990004003022309303
B2058543700574N11923706WA0101000991004003022293309
B2058553700575N11923711WA0101100992004003025285304
B2058563700577N11923716WA0101400994004003025288310
B2058573700578N11923719WA0101700998004003025299298
B2058583700580N11923721WA0102001002004003019329308
B2058593700581N11923722WA0102201002004003013353320
B2059003700584N11923722WA0102401003004003015348322
B2059013700586N11923723WA0102401003004003020342319
B2059023700590N11923724WA0102501004004003020341327
B2059033700593N11923726WA0102601006004003025340328
B2059043700597N11923728WA0102701008004003023340315
B2059053700599N11923729WA0102901010004003023342280
B2059063700602N11923730WA0103101012004003019320272
B2059073700602N11923733WA0103101012004003017273270
B2059083700601N11923737WA0103201012004003027246262
B2059093700599N11923742WA0103401014004003027229264
B2059103700597N11923745WA0103801016004003026220270
B2059113700596N11923746WA0104201020004003018234273
B2059123700596N11923747WA0104401021004003008275281
B2059133700596N11923749WA0104601022004003012286298
B2059143700597N11923751WA0104701024004003012296303
B2059153700598N11923754WA0104901026004003016315317
B2059163700600N11923756WA0105101030004003017333318
B2059173700603N11923756WA0105401034004003017355324
B2059183700605N11923756WA0105601036004003017007316
B2059193700607N11923756WA0105801038004003015010325
B2059203700609N11923756WA0105901039004003010001327
B2059213700610N11923756WA0105901040004003013359327
B2059223700613N11923756WA0105901040004003013006332
B2059233700616N11923755WA0105901040004003017011324
B2059243700619N11923754WA0105901041004003020008311
B2059253700621N11923754WA0105901041004003020000322
B2059263700624N11923755WA0105901041004003018346321
B2059273700626N11923756WA0105801040004003018326329
B2059283700629N11923759WA0105701039004003019316328
B2059293700631N11923762WA0105701040004003021318327
B2059303700633N11923764WA0105801040004003021325320
B2059313700635N11923766WA0105801042004003019330317
B2059323700638N11923767WA0105901042004003016333318
B2059333700640N11923768WA0105901042004003016336323
B2059343700643N11923770WA0105901042004003025331321
B2059353700646N11923773WA0106001044004003027330335
B2059363700650N11923775WA0106101046004003027330321
B2059373700653N11923778WA0106301047004003027328320
B2059383700656N11923780WA0106401049004003024327319
B2059393700659N11923783WA0106501049004003024326334
B2059403700663N11923785WA0106501049004003028330327
B2059413700667N11923788WA0106601049004003028333321
B2059423700671N11923791WA0106801051004003033332340
B2059433700676N11923793WA0107101052004003033329330
B2059443700680N11923796WA0107401057004003027333342
B2059453700683N11923798WA0107701061004003027343342
B2059463700687N11923798WA0108001065004003026352012
B2059473700691N11923799WA0108301067004003025357336
B2059483700694N11923799WA0108401069004003025355328
B2059493700698N11923800WA0108501070004003027348318
B2059503700703N11923801WA0108501070004003029339312
B2059513700707N11923804WA0108501071004003029330308
B2059523700711N11923807WA0108601072004003031322310
B2059533700714N11923811WA0108701073004003031317306
B2059543700717N11923815WA0108801074004003025317321
B2059553700719N11923818WA0109001076004003025316321
B2059563700722N11923820WA0109101076004003023312305
B2059573700724N11923824WA0109201077004003023311299
B2059583700727N11923827WA0109201077004003025310287
B2059593700729N11923831WA0109201078004003028304301
B2100003700731N11923836WA0109201077004003028293300
B2100013700732N11923840WA0109101077004003027289328
B2100023700734N11923844WA0109101077004003025299335
B2100033700736N11923848WA0109001076004003025314328
B2100043700739N11923851WA0108801074004003028324325
B2100053700743N11923854WA0108701073004003031330314
B2100063700747N11923857WA0108501072004003031333320
B2100073700752N11923859WA0108501072004003033333323
B2100083700756N11923862WA0108401071004003033331314
B2100093700760N11923865WA0108301071004003033326310
B2100103700764N11923869WA0108201070004003033321300
B2100113700768N11923873WA0108101069004003032319308
B2100123700771N11923876WA0108101068004003031321311
B2100133700775N11923880WA0107901067004003031321312
B2100143700779N11923883WA0107801065004003029320318
B2100153700782N11923887WA0107601063004003029318305
B2100163700785N11923890WA0107301059004003027317320
B2100173700788N11923894WA0106901055004003027322300
B2100183700792N11923897WA0106601052004003030326331
B2100193700796N11923900WA0106301049004003026327331
B2100203700798N11923902WA0106101047004003026323320
B2100213700800N11923904WA0105801043004003019314313
B2100223700802N11923907WA0105401039004003017309302
B2100233700803N11923909WA0105101035004003017310299
B2100243700805N11923912WA0104701031004003019312298
B2100253700807N11923915WA0104301027004003019309290
B2100263700809N11923917WA0103901023004003018310294
B2100273700810N11923919WA0103501018004003017316313
B2100283700812N11923921WA0103001013004003017313302
B2100293700814N11923924WA0102601009004003018307290
B2100303700816N11923927WA0102201005004003018305292
B2100313700817N11923929WA0101901001004003017305288
B2100323700818N11923932WA0101500997004003015303275
B2100333700820N11923934WA0101100992004003015303283
B2100343700821N11923937WA0100700988004003017303296
B2100353700822N11923939WA0100300984004003017300293
B2100363700824N11923942WA0099900980004003017301294
B2100373700825N11923945WA0099500976004003017302296
B2100383700827N11923948WA0099100971004003018305300
B2100393700828N11923951WA0098700967004003020303303
B2100403700830N11923954WA0098400964004003020304288
B2100413700832N11923957WA0098000960004003019309302
B2100423700834N11923959WA0097700957004003019310295
B2100433700835N11923962WA0097400954004003018312289
B2100443700837N11923964WA0097000950004003019316305
B2100453700840N11923967WA0096700945004003019322301
B2100463700843N11923969WA0096300941004003022329317
B2100473700846N11923971WA0095900938004003025328311
B2100483700849N11923974WA0095600934004003025323301
B2100493700852N11923977WA0095300931004003023319297
B2100503700854N11923980WA0094900928004003023316302
B2100513700857N11923983WA0094600924004003024315289
B2100523700859N11923986WA0094300920004003026316294
B2100533700862N11923989WA0093900917004003025317300
B2100543700865N11923992WA0093700915004003025314304
B2100553700867N11923995WA0093500913004003020311286
B2100563700868N11923998WA0093400911004003020310289
B2100573700870N11924000WA0093200909004003017311285
B2100583700872N11924002WA0093000907004003017308286
B2100593700873N11924005WA0092700904004003019305284
B2101003700875N11924008WA0092500901004003020303281
B2101013700877N11924011WA0092300899004003019302280
B2101023700878N11924014WA0092000897004003018297270
B2101033700878N11924016WA0091800894004003012285276
B2101043700879N11924018WA0091500891004003015272273
B2101053700879N11924022WA0091200887004003015267268
B2101063700878N11924026WA0090900885004003019267274
B2101073700878N11924029WA0090700883004003016272275
B2101083700879N11924032WA0090500880004003016276270
B2101093700879N11924034WA0090200878004003013267255
B2101103700878N11924037WA0089900874004003013254257
B2101113700877N11924039WA0089700871004003018244256
B2101123700876N11924043WA0089400868004003020239248
B2101133700874N11924046WA0089100866004003019230242
B2101143700872N11924048WA0088900864004003019205222
B2101153700869N11924048WA0088700862004003023182214
B2101163700865N11924048WA0088400858004003030169192
B2101173700860N11924046WA0088200855004003030157167
B2101183700855N11924042WA0087900853004003035142145
B2101193700852N11924037WA0087600850004003032124126
B2101203700851N11924032WA0087300847004003032107121
B2101213700849N11924026WA0087000843004003032107113
B2101223700847N11924020WA0086700839004003032114121
B2101233700845N11924014WA0086400836004003037118109
B2101243700842N11924008WA0086200834004003038112118
B2101253700841N11924000WA0086000832004003038102105
B2101263700840N11923994WA0085800831004003038097089
B2101273700840N11923987WA0085600829004003035095089
B2101283700839N11923981WA0085500827004003035092064
B2101293700840N11923974WA0085400826004003033080048
B2101303700841N11923969WA0085200823004003033062035
B2101313700845N11923964WA0084900820004003034044017
B2101323700849N11923961WA0084700818004003032025005
B2101333700853N11923959WA0084400815004003032004348
B2101343700858N11923960WA0084200813004003030344332
B2101353700861N11923963WA0084000811004003029325318
B2101363700864N11923966WA0083900809004003027313304
B2101373700866N11923969WA0083700808004003017304301
B2101383700867N11923971WA0083600807004003017296291
B2101393700867N11923973WA0083500806004003012298287
B2101403700868N11923975WA0083300803004003012300285
B2101413700869N11923977WA0083100801004003012306282
B2101423700871N11923979WA0082800798004003013320289
B2101433700873N11923980WA0082500795004003015329303
B2101443700875N11923982WA0082300792004003015327298
B2101453700876N11923983WA0081900788004003015321292
B2101463700878N11923985WA0081600785004003015320288
B2101473700881N11923987WA0081200781004003019322286
B2101483700883N11923990WA0080900777004003019319274
B2101493700884N11923992WA0080700775004003018302279
B2101503700885N11923994WA0080400772004003015279277
B2101513700885N11923996WA0080100770004003012265285
B2101523700885N11923998WA0079900767004003010264268
B2101533700885N11924000WA0079700764004003013271267
B2101543700885N11924003WA0079400762004003013276268
B2101553700885N11924006WA0079200760004003016281272
B2101563700886N11924009WA0079100758004003017285267
B2101573700887N11924012WA0078900756004003016283255
B2101583700887N11924015WA0078700755004003016277252
B2101593700887N11924018WA0078500752004003015275256
B2102003700887N11924020WA0078300750004003014281265
B2102013700888N11924023WA0078100748004003014275259
B2102023700888N11924027WA0077900746004003020260236
B2102033700886N11924030WA0077800745004003022242229
B2102043700884N11924033WA0077900746004003020223223
B2102053700882N11924034WA0077900747004003018193218
B2102063700880N11924034WA0077900746004003014173209
B2102073700878N11924034WA0077700744004003015173198
B2102083700876N11924034WA0077600742004003017176194
B2102093700873N11924033WA0077400740004003017173194
B2102103700870N11924033WA0077200738004003020169189
B2102113700866N11924032WA0077100737004003023165193
B2102123700863N11924031WA0076900736004003024163191
B2102133700859N11924029WA0076800734004003025157169
B2102143700856N11924027WA0076600732004003025148160
B2102153700852N11924023WA0076400729004003028136148
B2102163700849N11924018WA0076200727004003033127165
B2102173700846N11924012WA0076100726004003036119151
B2102183700843N11924006WA0076000725004003036113145
B2102193700842N11924000WA0075800724004003033109149
B2102203700840N11923994WA0075700723004003033110153
B2102213700838N11923988WA0075600721004003034115151
B2102223700835N11923983WA0075400719004003033122148
B2102233700833N11923978WA0075200717004003033121146
B2102243700830N11923972WA0075000715004003033116147
B2102253700828N11923966WA0074800713004003035115148
B2102263700825N11923960WA0074600710004003035119151
B2102273700823N11923954WA0074300710004003039128147
B2102283700818N11923949WA0074100707004003041133153
B2102293700814N11923943WA0073900705004003039133159
B2102303700811N11923938WA0073800704004003038128165
B2102313700807N11923933WA0073700703004003036126157
B2102323700804N11923928WA0073500701004003034129169
B2102333700801N11923923WA0073200698004003035136158
B2102343700797N11923919WA0073000695004003035139172
B2102353700793N11923915WA0072700692004003035141168
B2102363700789N11923911WA0072400689004003034141173
B2102373700785N11923908WA0072200686004003034142175
B2102383700781N11923904WA0071900683004003035147173
B2102393700776N11923901WA0071600680004003035152180
B2102403700771N11923898WA0071300676004003035156178
B2102413700766N11923896WA0070900672004003035162180
B2102423700761N11923894WA0070600669004003034168185
B2102433700756N11923893WA0070300666004003034168196
B2102443700751N11923891WA0070000662004003034161199
B2102453700746N11923889WA0069700659004003035158191
B2102463700741N11923887WA0069400656004003035161182
B2102473700736N11923885WA0069100653004003034163187
B2102483700731N11923883WA0068800650004003034165189
B2102493700727N11923882WA0068500647004003032169190
B2102503700723N11923882WA0068200643004003029180193
B2102513700719N11923883WA0067800639004003026191203
B2102523700715N11923884WA0067600636004003026200213
B2102533700712N11923886WA0067300633004003026206219
B2102543700709N11923889WA0067000630004003026215222
B2102553700706N11923892WA0066800628004003025221233
B2102563700703N11923895WA0066500625004003025218236
B2102573700700N11923897WA0066400624004003025211237
B2102583700697N11923900WA0066200622004003025210238
B2102593700694N11923902WA0066000620004003025213241
B2103003700691N11923905WA0065800617004003026219247
B2103013700688N11923908WA0065500614004003026226247
B2103023700685N11923913WA0065200611004003028232250
B2103033700682N11923918WA0065000608004003033238252
B2103043700680N11923923WA0064800607004003033243254
B2103053700678N11923928WA0064700607004003032240258
B2103063700676N11923933WA0064800607004003029234259
B2103073700674N11923936WA0064800607004003024237259
B2103083700672N11923940WA0064800607004003024248268
B2103093700671N11923944WA0064800607004003023255270
B2103103700670N11923948WA0064800606004003020251270
B2103113700669N11923951WA0064700605004003024247268
B2103123700668N11923956WA0064600604004003028247266
B2103133700666N11923961WA0064500603004003028247260
B2103143700664N11923966WA0064400603004003028244260
B2103153700662N11923971WA0064400603004003026241258
B2103163700660N11923975WA0064500603004003026241265
B2103173700659N11923978WA0064500603004003022242264
B2103183700658N11923980WA0064500603004003016242277
B2103193700657N11923983WA0064400602004003017252272
B2103203700657N11923986WA0064300601004003020264279
B2103213700656N11923990WA0064200600004003018267274
B2103223700656N11923993WA0064200601004003018256263
B2103233700655N11923996WA0064200601004003017248261
B2103243700654N11923999WA0064200601004003019245265
B2103253700653N11924002WA0064200600004003021246266
B2103263700652N11924006WA0064100599004003019247265
B2103273700651N11924009WA0064100598004003019242263
B2103283700649N11924011WA0064000598004003018238260
B2103293700648N11924014WA0063900597004003016240273
B2103303700647N11924017WA0063900596004003016256277
B2103313700647N11924019WA0063800595004003014281287
B2103323700648N11924022WA0063700595004003014296281
B2103333700649N11924024WA0063600594004003014306281
B2103343700651N11924026WA0063500592004003013301287
B2103353700651N11924028WA0063300590004003015269285
B2103363700650N11924033WA0063000587004003015265274
B2103373700650N11924038WA0062900588004003024274272
B2103383700651N11924042WA0063000589004003024274271
B2103393700651N11924045WA0063100588004003009254270
B2103403700651N11924046WA0063100587004003009205262
B2103413700650N11924046WA0063000585004003005208272
B2103423700649N11924047WA0062700584004003005262266
B2103433700649N11924050WA0062400584004003015273273
B2103443700649N11924057WA0062200585004003029269272
B2103453700649N11924062WA0062300586004003029259282
B2103463700648N11924066WA0062300585004003021241273
B2103473700648N11924068WA0062200583004003011259272
B2103483700648N11924069WA0062000580004003009269284
B2103493700648N11924070WA0061800581004003006244268
B2103503700648N11924070WA0061800581004003000244259
B2103513700648N11924070WA0061900580004003001244259
B2103523700648N11924070WA0061900580004003001244259
B2103533700648N11924069WA0061900579004003000244259
B2103543700648N11924069WA0061900578004003000244259
B2103553700648N11924069WA0061900578004003000244259
B2103563700648N11924069WA0061900577004003000244259
B2103573700648N11924069WA0061900577004003000244259
B2103583700648N11924069WA0061900577004003000244259
B2103593700648N11924069WA0061900577004003000244259
B2104003700648N11924069WA0061900577004003000244259
B2104013700648N11924069WA0061900576004003000244259
B2104023700648N11924069WA0061900576004003000244259
B2104033700648N11924069WA0061800576004003000244259
B2104043700648N11924069WA0061900576004003000244259
B2104053700648N11924069WA0061900576004003000244259
B2104063700648N11924069WA0061900576004003000244259
B2104073700648N11924069WA0061900576004003000244259
B2104083700648N11924069WA0061900576004003000244259
B2104093700648N11924069WA0061900576004003000244259
B2104103700648N11924069WA0061900576004003001244259
B2104113700648N11924069WA0061900576004003001244259
B2104123700648N11924068WA0061900576004003001244259
B2104133700647N11924068WA0061900576004003001244259
B2104143700647N11924068WA0061900576004003003244259
B2104153700647N11924068WA0061900576004003003244259
B2104163700646N11924067WA0061900575004003002244259
B2104173700646N11924067WA0061900575004003002244259
B2104183700646N11924067WA0061900575004003001244259
B2104193700646N11924067WA0061900575004003001244259
B2104203700646N11924067WA0061900575004003000244259
Gk0nrzjeURqMlVcLd4EuyxJ20lGZ5vzv+d5Gpk6cB82p+ZB5BccREItSM4e23kteE
GOKjOfAWHuIsht+p2ESyFOFr8ImCc7LAXk2K3fCBlhf5fDSNFXGawPoSSQMiHhpDo
GhZpxh8+OMio1lmVSnCnR9De8gq8oJH/kcsqyA+8ByLc=
