AXFH000
HFDTE300826
HFPLTPILOT:KaranS
HFGTYGLIDERTYPE:Niviuk Hiko P
HFDTM100GPSDATUM:WGS84
HFRFWFIRMWAREVERSION:9.7.1
HFRHWHARDWAREVERSION:iPhone 17 Pro
HFFTYFRTYPE:Flyskyhy,9.7.1
HFGPS:Internal
HFPRSVARIO:XC Tracer
HFCCLCOMPETITIONCLASS:Paraglider,EN-B
HFTZNTIMEZONE:-7
HFSITSITE:Dunlap,US
I053638FXA3941VXA4244GSP4547CCO4850HDT
C300826002359290826000106TASK
C0000000N00000000ETAKEOFF
C3646164N11906086W00000000000400000000360000STARTAREA DNLNCH
C3646886N11907285W00000000000400000000360000TURNAREA 49917
C3644816N11904600W00000000000400000000360000TURNAREA SONTAG
C3647347N11907139W00000000001000000000360000TURNAREA DELILA
C3644411N11907767W00000000001200000000360000TURNAREA TURKEY
C3646164N11906086W00000000000400000000360000TURNAREA DNLNCH
C3642989N11908259W00000000001200000000360000TURNAREA AIRSTR
C3644153N11906287W00000000000400000000360000FINISHAREA DNLPLZ
C0000000N00000000ELANDING
B0024273645904N11905881WA0141201412004003000270036
B0024283645904N11905881WA0141201412004003000270005
B0024293645904N11905880WA0141201412004003000270022
B0024303645904N11905880WA0141201412004003000270025
B0024313645903N11905880WA0141201412004003000270350
B0024323645903N11905881WA0141201412004003000270321
B0024333645903N11905881WA0141201412004003000270306
B0024343645903N11905881WA0141201412004003000270331
B0024353645903N11905881WA0141201412004003000270026
B0024363645903N11905881WA0141201412004003001270033
B0024373645903N11905881WA0141201412004003001270043
B0024383645903N11905881WA0141201412004003001270044
B0024393645903N11905880WA0141201412004003001115086
B0024403645903N11905880WA0141201412004003002104067
B0024413645903N11905880WA0141201412004003002104035
B0024423645903N11905880WA0141201412004003000104051
B0024433645903N11905880WA0141201411004003001104066
B0024443645903N11905880WA0141201411004003000104053
B0024453645903N11905880WA0141201411004003000104059
B0024463645903N11905880WA0141201411004003000104058
B0024473645903N11905880WA0141201412004003000104062
B0024483645903N11905881WA0141201412004003001104101
B0024493645903N11905880WA0141201412004003002091066
B0024503645903N11905880WA0141201412004003004072030
B0024513645903N11905879WA0141201412004003002181255
B0024523645903N11905879WA0141201412004003002181217
B0024533645902N11905879WA0141101412004003002224081
B0024543645901N11905881WA0141001411004003012232055
B0024553645900N11905883WA0140801411004003012232214
B0024563645898N11905886WA0140801411004003018225271
B0024573645896N11905888WA0140901411004003018221186
B0024583645894N11905891WA0140901411004003019228208
B0024593645892N11905894WA0140901412004003018249260
B0025003645892N11905896WA0141401413004003016245240
B0025013645891N11905898WA0141601413004003011232254
B0025023645889N11905899WA0141601413004003012213247
B0025033645887N11905901WA0141501413004003012219244
B0025043645886N11905904WA0141501412004003016240254
B0025053645885N11905909WA0141501412004003024264266
B0025063645886N11905914WA0141301412004003027277276
B0025073645887N11905919WA0141301412004003027280273
B0025083645888N11905925WA0141401413004003028282293
B0025093645888N11905929WA0141501415004003023280277
B0025103645889N11905933WA0141601414004003023278293
B0025113645889N11905935WA0141601414004003015274281
B0025123645889N11905938WA0141401413004003015270278
B0025133645889N11905942WA0141201411004003023270272
B0025143645890N11905948WA0141101410004003029275279
B0025153645891N11905953WA0141001410004003028283288
B0025163645892N11905957WA0140901410004003028286271
B0025173645892N11905961WA0140801409004003020274274
B0025183645892N11905965WA0140601408004003024267274
B0025193645892N11905970WA0140301405004003024270298
B0025203645893N11905976WA0140201405004003028283294
B0025213645894N11905981WA0140201406004003028291305
B0025223645895N11905986WA0140201406004003028293294
B0025233645897N11905990WA0140201405004003025293285
B0025243645898N11905994WA0140101404004003024287290
B0025253645899N11905998WA0139901401004003026283284
B0025263645900N11906004WA0139801400004003030284291
B0025273645902N11906009WA0139701399004003030293308
B0025283645905N11906013WA0139601398004003030306306
B0025293645908N11906017WA0139501397004003028312295
B0025303645910N11906021WA0139501396004003028306296
B0025313645912N11906026WA0139301394004003028292284
B0025323645912N11906032WA0139301393004003029278274
B0025333645913N11906038WA0139201393004003032278305
B0025343645914N11906044WA0139301394004003032284281
B0025353645915N11906048WA0139501396004003027289300
B0025363645917N11906052WA0139601397004003025298288
B0025373645918N11906055WA0139701397004003021304296
B0025383645920N11906058WA0139601396004003023307305
B0025393645923N11906062WA0139601395004003023308297
B0025403645926N11906067WA0139501395004003027306284
B0025413645928N11906072WA0139501394004003031302285
B0025423645930N11906076WA0139501395004003031297278
B0025433645932N11906081WA0139601396004003028297299
B0025443645934N11906085WA0139801397004003026300306
B0025453645936N11906089WA0139901399004003026302283
B0025463645938N11906093WA0140001400004003028305275
B0025473645941N11906097WA0140101402004003027307266
B0025483645942N11906101WA0140301404004003027301276
B0025493645943N11906104WA0140501405004003019288275
B0025503645944N11906107WA0140601406004003019281285
B0025513645945N11906112WA0140701407004003019292298
B0025523645948N11906116WA0140801409004003024305286
B0025533645950N11906120WA0141001412004003027309284
E002553TPCWaypoint DNLNCH reached
B0025543645952N11906123WA0141201413004003027301266
B0025553645952N11906126WA0141401415004003021280263
B0025563645952N11906129WA0141501416004003018256248
B0025573645950N11906131WA0141701418004003015226227
B0025583645948N11906132WA0141801419004003019189196
B0025593645944N11906130WA0142001420004003019158173
B0026003645940N11906126WA0142101421004003026134138
B0026013645936N11906120WA0142201421004003042108119
B0026023645935N11906112WA0142401422004003044082089
B0026033645937N11906104WA0142601424004003043072067
B0026043645941N11906098WA0142801426004003043055053
B0026053645946N11906092WA0142801427004003043039038
B0026063645952N11906089WA0142901428004003046022020
B0026073645959N11906089WA0143001429004003044002001
B0026083645965N11906091WA0143101431004003044339340
B0026093645969N11906095WA0143301433004003032319316
B0026103645970N11906098WA0143501436004003032300297
B0026113645971N11906101WA0143701438004003023277279
B0026123645971N11906105WA0143901440004003017264268
B0026133645971N11906108WA0144101442004003019269256
B0026143645971N11906112WA0144301444004003020279259
B0026153645972N11906115WA0144601448004003019277257
B0026163645971N11906118WA0144801450004003019259243
B0026173645970N11906121WA0145101452004003019241249
B0026183645969N11906124WA0145301454004003020238245
B0026193645967N11906128WA0145501455004003020267270
B0026203645968N11906132WA0145801458004003020281278
B0026213645970N11906135WA0146201462004003021300265
B0026223645972N11906137WA0146501466004003021323293
B0026233645975N11906139WA0146801469004003021330297
B0026243645977N11906141WA0147101472004003019322293
B0026253645979N11906144WA0147301474004003019306287
B0026263645981N11906148WA0147401476004003021298284
B0026273645982N11906151WA0147801477004003020301296
B0026283645984N11906154WA0148201478004003020306287
B0026293645985N11906156WA0148601479004003012311287
B0026303645986N11906157WA0149101483004003012312282
B0026313645987N11906158WA0149401484004003012303266
B0026323645988N11906160WA0149601484004003013294274
B0026333645989N11906163WA0149901487004003017285275
B0026343645989N11906166WA0150201491004003018269271
B0026353645989N11906170WA0150601496004003018260263
B0026363645988N11906172WA0150901500004003018256260
B0026373645987N11906174WA0151201503004003012248248
B0026383645987N11906177WA0151501504004003014236260
B0026393645986N11906180WA0151701508004003014232261
B0026403645984N11906183WA0151901511004003017228263
B0026413645981N11906185WA0152101514004003019225258
B0026423645979N11906187WA0152301517004003019215247
B0026433645977N11906189WA0152401519004003019205227
B0026443645974N11906190WA0152501522004003019199218
B0026453645970N11906191WA0152701524004003027187200
B0026463645965N11906190WA0152801527004003032170193
B0026473645960N11906189WA0153001527004003032147166
B0026483645955N11906183WA0153101530004003038139148
B0026493645950N11906177WA0153301533004003042133133
B0026503645947N11906170WA0153501536004003044125127
B0026513645944N11906163WA0153801539004003044112097
B0026523645944N11906154WA0154001541004003044093084
B0026533645944N11906146WA0154101542004003044060067
B0026543645948N11906141WA0154501546004003039042034
B0026553645953N11906140WA0154701550004003039015009
B0026563645957N11906141WA0155001553004003033347342
B0026573645960N11906144WA0155301556004003028318312
B0026583645962N11906148WA0155601560004003023293285
B0026593645962N11906151WA0156001564004003023264262
B0027003645959N11906155WA0156301568004003023230241
B0027013645957N11906158WA0156501568004003024188221
B0027023645952N11906156WA0156701570004003033170199
B0027033645947N11906153WA0156801570004003039154183
B0027043645942N11906148WA0156801572004003039143162
B0027053645938N11906142WA0156901574004003041130148
B0027063645935N11906134WA0157001575004003046112135
B0027073645935N11906126WA0157201576004003048093115
B0027083645935N11906117WA0157301577004003046066094
B0027093645939N11906111WA0157601581004003045053060
B0027103645943N11906107WA0157901584004003036029041
B0027113645948N11906107WA0158101587004003036358007
B0027123645951N11906111WA0158201588004003029319333
B0027133645955N11906114WA0158401589004003029297290
B0027143645956N11906120WA0158701591004003023265273
B0027153645955N11906123WA0159101595004003023247249
B0027163645954N11906126WA0159401595004003019216251
B0027173645952N11906127WA0159501595004003017209253
B0027183645949N11906129WA0159601597004003022213245
B0027193645945N11906132WA0159701599004003028215240
B0027203645942N11906135WA0159801600004003028215232
B0027213645938N11906139WA0160001604004003029216238
B0027223645934N11906142WA0160301607004003028216236
B0027233645931N11906145WA0160501609004003028221235
B0027243645929N11906149WA0160601611004003027234235
B0027253645928N11906154WA0160701612004003027248245
B0027263645926N11906159WA0160801613004003028252253
B0027273645925N11906164WA0160801614004003028254256
B0027283645924N11906168WA0160801614004003027256256
B0027293645924N11906171WA0160701614004003023254258
B0027303645923N11906174WA0160601613004003015239255
B0027313645921N11906176WA0160401611004003015235245
B0027323645920N11906178WA0160101608004003015231243
B0027333645918N11906181WA0159801605004003016220241
B0027343645914N11906183WA0159501603004003027203230
B0027353645909N11906183WA0159201600004003034185207
B0027363645903N11906182WA0159001598004003034165190
B0027373645897N11906177WA0158801596004003041150171
B0027383645892N11906172WA0158701595004003046139149
B0027393645887N11906165WA0158501593004003047129127
B0027403645884N11906157WA0158301591004003047118113
B0027413645881N11906148WA0158101589004003049108101
B0027423645880N11906138WA0157901586004003052097089
B0027433645881N11906129WA0157701584004003052086081
B0027443645882N11906120WA0157501582004003051077071
B0027453645885N11906112WA0157301581004003049069062
B0027463645888N11906105WA0157201580004003044061054
B0027473645892N11906099WA0157101579004003044052044
B0027483645895N11906094WA0157001578004003040043034
B0027493645899N11906091WA0156901577004003035032023
B0027503645902N11906090WA0156901576004003023019009
B0027513645905N11906090WA0156801576004003023001344
B0027523645907N11906091WA0156801576004003017341327
B0027533645909N11906092WA0156801576004003014329303
B0027543645910N11906093WA0156801576004003011326299
B0027553645911N11906094WA0156701575004003011324291
B0027563645912N11906095WA0156701574004003008319295
B0027573645913N11906096WA0156601573004003008312288
B0027583645914N11906098WA0156401573004003010286288
B0027593645914N11906100WA0156201573004003012266291
B0028003645914N11906102WA0156001570004003012264287
B0028013645914N11906105WA0155801568004003013274284
B0028023645914N11906107WA0155601565004003015285288
B0028033645915N11906110WA0155401564004003016294283
B0028043645917N11906113WA0155301563004003016303295
B0028053645918N11906115WA0155201563004003016306298
B0028063645919N11906117WA0155201562004003014307294
B0028073645921N11906119WA0155101561004003015309302
B0028083645923N11906122WA0155001559004003015312301
B0028093645925N11906124WA0154801558004003018316307
B0028103645927N11906127WA0154701557004003020324301
B0028113645930N11906128WA0154601556004003021334307
B0028123645933N11906130WA0154501555004003021340312
B0028133645936N11906131WA0154401553004003021342300
B0028143645938N11906132WA0154301551004003020338308
B0028153645941N11906134WA0154101549004003020332304
B0028163645944N11906136WA0153901547004003020331303
B0028173645947N11906138WA0153701546004003022331303
B0028183645950N11906140WA0153601545004003021329299
B0028193645952N11906142WA0153601544004003021325300
B0028203645954N11906144WA0153501543004003019326292
B0028213645957N11906145WA0153401542004003019335310
B0028223645960N11906146WA0153301541004003020343317
B0028233645963N11906147WA0153201540004003021344321
B0028243645966N11906149WA0153101538004003021342312
B0028253645969N11906150WA0152901537004003023341303
B0028263645973N11906151WA0152901537004003023342299
B0028273645975N11906152WA0152901537004003023342301
B0028283645978N11906154WA0152801536004003019330290
B0028293645980N11906155WA0152601534004003015325286
B0028303645981N11906157WA0152401532004003015317283
B0028313645983N11906159WA0152301531004003015310271
B0028323645984N11906161WA0152101529004003015294256
B0028333645983N11906164WA0152001527004003013265252
B0028343645982N11906166WA0151901526004003014230235
B0028353645979N11906167WA0151701524004003018200217
B0028363645976N11906167WA0151401521004003018178199
B0028373645971N11906165WA0151201518004003026159185
B0028383645966N11906160WA0150901515004003041143170
B0028393645961N11906154WA0150701513004003045132146
B0028403645957N11906146WA0150501511004003045123132
B0028413645954N11906139WA0150401512004003048113134
B0028423645951N11906130WA0150201510004003049106124
B0028433645950N11906121WA0150101509004003049103121
B0028443645948N11906113WA0150001507004003049105108
B0028453645946N11906104WA0149701505004003047111126
B0028463645943N11906096WA0149601503004003048113127
B0028473645940N11906088WA0149501502004003049112128
B0028483645937N11906079WA0149501502004003049111127
B0028493645935N11906071WA0149401501004003049111147
B0028503645932N11906062WA0149401500004003048112142
B0028513645929N11906054WA0149201499004003048114143
B0028523645926N11906046WA0149101497004003048116142
B0028533645922N11906038WA0149001497004003048117156
B0028543645919N11906030WA0149001496004003048117154
B0028553645916N11906023WA0148901495004003044116150
B0028563645913N11906016WA0148801494004003044117150
B0028573645910N11906008WA0148701493004003044119157
B0028583645906N11906001WA0148601492004003045121154
B0028593645903N11905993WA0148601492004003046120159
B0029003645900N11905986WA0148601492004003046117158
B0029013645897N11905979WA0148601491004003044115150
B0029023645894N11905971WA0148501490004003044115148
B0029033645891N11905964WA0148401491004003046115137
B0029043645889N11905956WA0148401491004003046114126
B0029053645886N11905948WA0148401491004003045109133
B0029063645885N11905939WA0148501491004003045104137
B0029073645883N11905931WA0148501491004003045104138
B0029083645881N11905923WA0148701492004003047110145
B0029093645879N11905915WA0149001493004003046115144
B0029103645876N11905908WA0149301497004003046117137
B0029113645873N11905901WA0149601501004003039118147
B0029123645870N11905895WA0149901501004003039115136
B0029133645868N11905888WA0150101503004003039111133
B0029143645865N11905880WA0150401506004003039110132
B0029153645863N11905873WA0150701509004003046113149
B0029163645859N11905865WA0150901512004003046122154
B0029173645855N11905860WA0151301516004003046133167
B0029183645850N11905856WA0151601518004003042147179
B0029193645845N11905855WA0151701520004003033167198
B0029203645841N11905855WA0151901521004003033189221
B0029213645838N11905858WA0151901520004003029214238
B0029223645837N11905861WA0151701520004003023254254
B0029233645837N11905864WA0151601520004003015316272
B0029243645840N11905864WA0151501519004003024352298
B0029253645844N11905864WA0151501519004003024019323
B0029263645848N11905862WA0151501520004003024036343
B0029273645851N11905859WA0151601520004003023043348
B0029283645853N11905855WA0151601520004003023044347
B0029293645856N11905852WA0151501519004003023033340
B0029303645859N11905850WA0151301518004003022024336
B0029313645862N11905850WA0151201517004003016001324
B0029323645863N11905851WA0151101516004003016321299
B0029333645864N11905852WA0151001516004003011224279
B0029343645861N11905853WA0150901514004003011199242
B0029353645857N11905854WA0150801514004003033170234
B0029363645851N11905851WA0150601512004003038162199
B0029373645845N11905849WA0150501512004003038153196
B0029383645840N11905845WA0150501512004003038147190
B0029393645836N11905840WA0150501512004003035139176
B0029403645832N11905836WA0150301511004003037132169
B0029413645828N11905830WA0150101510004003037130167
B0029423645823N11905824WA0149901508004003041130166
B0029433645819N11905817WA0149801506004003043131166
B0029443645815N11905812WA0149701505004003043132163
B0029453645811N11905807WA0149701504004003042137168
B0029463645806N11905804WA0149501503004003039149174
B0029473645803N11905803WA0149401501004003025168186
B0029483645800N11905804WA0149201499004003025197213
B0029493645799N11905806WA0149101497004003018239232
B0029503645800N11905808WA0148901496004003013291258
B0029513645802N11905809WA0148801495004003015330282
B0029523645805N11905810WA0148701494004003019345301
B0029533645807N11905811WA0148601493004003017346301
B0029543645809N11905812WA0148501491004003017327300
B0029553645809N11905814WA0148301489004003011288290
B0029563645809N11905817WA0148201487004003014273280
B0029573645810N11905820WA0148101487004003014282289
B0029583645811N11905823WA0148001487004003017290292
B0029593645812N11905826WA0148001487004003016295286
B0030003645813N11905828WA0148101487004003016300289
B0030013645814N11905830WA0148001486004003014297289
B0030023645815N11905833WA0147901484004003014293287
B0030033645816N11905836WA0147801483004003021291289
B0030043645817N11905840WA0147801483004003021288295
B0030053645818N11905844WA0147801484004003021287292
B0030063645819N11905847WA0147801484004003020289296
B0030073645820N11905849WA0147701483004003015294294
B0030083645821N11905852WA0147601480004003016297303
B0030093645822N11905855WA0147301478004003016300314
B0030103645824N11905859WA0147101475004003019301315
B0030113645827N11905863WA0146901472004003029306305
B0030123645829N11905868WA0146701473004003033315309
B0030133645833N11905872WA0146701473004003032315310
B0030143645836N11905876WA0146701473004003032317315
B0030153645839N11905879WA0146701472004003025318305
B0030163645842N11905882WA0146701472004003025319316
B0030173645845N11905885WA0146601471004003024319308
B0030183645848N11905888WA0146601470004003024320306
B0030193645851N11905890WA0146601471004003025326312
B0030203645854N11905892WA0146601471004003025329313
B0030213645857N11905895WA0146601471004003024329314
B0030223645860N11905897WA0146601470004003024328303
B0030233645864N11905900WA0146501470004003028326303
B0030243645867N11905904WA0146601470004003029319287
B0030253645870N11905908WA0146601470004003029310288
B0030263645872N11905912WA0146601470004003030302287
B0030273645874N11905917WA0146601470004003025293293
B0030283645876N11905921WA0146701471004003025291293
B0030293645877N11905924WA0146701471004003022291282
B0030303645878N11905927WA0146701470004003021293288
B0030313645879N11905931WA0146701470004003023296298
B0030323645881N11905935WA0146701471004003023298283
B0030333645883N11905939WA0146801472004003023297289
B0030343645884N11905942WA0146901473004003022296290
B0030353645886N11905946WA0147001474004003022301301
B0030363645888N11905949WA0147101475004003022311290
B0030373645890N11905952WA0147201476004003022316296
B0030383645893N11905955WA0147301477004003022316295
B0030393645896N11905958WA0147301477004003026315290
B0030403645899N11905962WA0147401478004003027317289
B0030413645901N11905965WA0147501480004003026316266
B0030423645903N11905968WA0147601481004003025302260
B0030433645904N11905970WA0147701481004003012251247
B0030443645903N11905971WA0147701480004003017201234
B0030453645899N11905972WA0147601479004003017188226
B0030463645895N11905971WA0147501478004003022173231
B0030473645891N11905970WA0147501478004003027170234
B0030483645887N11905970WA0147501477004003027181233
B0030493645885N11905972WA0147301476004003023211242
B0030503645882N11905974WA0147201476004003019267257
B0030513645884N11905978WA0147101475004003020302283
B0030523645887N11905980WA0147101475004003022331296
B0030533645890N11905981WA0147101475004003021341306
B0030543645893N11905983WA0147001475004003021331298
B0030553645896N11905985WA0146801474004003022323295
B0030563645899N11905988WA0146701472004003022321290
B0030573645901N11905991WA0146601472004003022315290
B0030583645903N11905994WA0146601472004003022309282
B0030593645905N11905997WA0146701472004003021305285
B0031003645907N11906000WA0146801472004003022307283
B0031013645909N11906003WA0146901474004003022314306
B0031023645912N11906006WA0147101475004003022329312
B0031033645916N11906007WA0147201476004003024345319
B0031043645920N11906008WA0147201476004003032003319
B0031053645925N11906007WA0147201476004003032006295
B0031063645928N11906007WA0147101475004003031358291
B0031073645932N11906007WA0146901474004003025331290
B0031083645934N11906011WA0146701471004003020301278
B0031093645935N11906014WA0146501471004003020273273
B0031103645935N11906018WA0146601472004003020257260
B0031113645934N11906020WA0146601472004003016245259
B0031123645933N11906022WA0146501471004003011239247
B0031133645932N11906023WA0146301470004003009244258
B0031143645931N11906025WA0146101466004003014243258
B0031153645930N11906028WA0145901464004003014238257
B0031163645928N11906031WA0145701463004003017235251
B0031173645927N11906034WA0145601461004003019238252
B0031183645926N11906037WA0145601461004003019241265
B0031193645925N11906039WA0145501460004003017241263
B0031203645923N11906041WA0145501460004003015237269
B0031213645923N11906043WA0145401459004003010234255
B0031223645922N11906044WA0145301459004003011229245
B0031233645920N11906046WA0145201458004003011223250
B0031243645918N11906048WA0145001455004003015220245
B0031253645915N11906051WA0144901454004003021217241
B0031263645913N11906053WA0144801453004003021220240
B0031273645911N11906055WA0144801453004003020222247
B0031283645909N11906057WA0144801453004003018222246
B0031293645908N11906059WA0144701452004003014221235
B0031303645906N11906061WA0144601450004003015218242
B0031313645904N11906063WA0144401448004003015217256
B0031323645901N11906066WA0144301446004003019217244
B0031333645899N11906068WA0144201446004003023220250
B0031343645896N11906071WA0144201446004003024214236
B0031353645892N11906072WA0144301446004003023195220
B0031363645889N11906071WA0144301447004003024170215
B0031373645884N11906069WA0144401447004003030161229
B0031383645880N11906068WA0144401447004003030166228
B0031393645876N11906067WA0144301446004003027173232
B0031403645873N11906067WA0144301445004003026185233
B0031413645870N11906069WA0144101443004003022205220
B0031423645867N11906072WA0144101442004003026216248
B0031433645864N11906075WA0144101443004003026216245
B0031443645861N11906078WA0144101443004003026213248
B0031453645857N11906080WA0144101443004003024210246
B0031463645854N11906082WA0144101442004003026206245
B0031473645850N11906084WA0144101443004003026201238
B0031483645846N11906086WA0144201443004003027199231
B0031493645842N11906088WA0144301445004003028198237
B0031503645838N11906090WA0144401446004003028203231
B0031513645835N11906092WA0144601449004003028210232
B0031523645832N11906095WA0144901451004003026211243
B0031533645829N11906096WA0145101453004003022206239
B0031543645826N11906098WA0145301455004003022205246
B0031553645823N11906100WA0145401456004003022211249
B0031563645820N11906103WA0145401457004003023222257
B0031573645818N11906107WA0145501458004003026231263
B0031583645815N11906111WA0145701460004003026234269
B0031593645813N11906115WA0145901462004003025237269
B0032003645812N11906118WA0146001463004003023238269
B0032013645810N11906122WA0146101464004003023243271
B0032023645809N11906127WA0146201465004003024249282
B0032033645808N11906131WA0146301466004003024255271
B0032043645807N11906136WA0146401468004003025260268
B0032053645807N11906140WA0146601469004003025265254
B0032063645807N11906145WA0146701471004003025272280
B0032073645807N11906149WA0146901473004003024276278
B0032083645808N11906153WA0147101474004003024280279
B0032093645809N11906158WA0147201475004003024283268
B0032103645810N11906162WA0147301477004003025290272
B0032113645812N11906166WA0147501479004003024297281
B0032123645813N11906170WA0147601480004003023297269
B0032133645814N11906173WA0147701481004003020287247
B0032143645814N11906177WA0147801482004003020263244
B0032153645812N11906181WA0147901483004003020242240
B0032163645810N11906184WA0148001485004003023224231
B0032173645806N11906186WA0148201487004003024207217
B0032183645803N11906187WA0148401488004003025186206
B0032193645799N11906186WA0148501489004003025166190
B0032203645794N11906183WA0148501489004003029154176
B0032213645790N11906179WA0148601490004003037142162
B0032223645786N11906173WA0148701492004003038129142
B0032233645783N11906166WA0148901493004003038114128
B0032243645782N11906158WA0149001494004003040099107
B0032253645781N11906150WA0149101494004003048085088
B0032263645784N11906141WA0149201495004003050073070
B0032273645787N11906132WA0149301496004003050060056
B0032283645792N11906126WA0149401498004003050045040
B0032293645798N11906122WA0149601500004003042028025
B0032303645803N11906121WA0149601501004003042009004
B0032313645809N11906122WA0149601501004003038351345
B0032323645813N11906125WA0149701502004003034333328
B0032333645816N11906128WA0149801503004003028315313
B0032343645818N11906132WA0149901504004003028301294
B0032353645820N11906136WA0150001504004003025297288
B0032363645822N11906140WA0150101505004003025297293
B0032373645823N11906144WA0150201507004003026297281
B0032383645825N11906148WA0150501510004003026299297
B0032393645827N11906152WA0150701512004003025300299
B0032403645829N11906156WA0150801513004003023302296
B0032413645831N11906160WA0150901514004003025304291
B0032423645833N11906163WA0151101516004003025302278
B0032433645834N11906167WA0151201517004003024289285
B0032443645835N11906170WA0151301517004003019277273
B0032453645835N11906173WA0151301517004003020279277
B0032463645836N11906178WA0151401518004003024286265
B0032473645837N11906182WA0151401518004003020273240
B0032483645836N11906185WA0151601521004003020245229
B0032493645835N11906187WA0151801520004003023192212
B0032503645830N11906187WA0151801521004003027179191
B0032513645826N11906184WA0151901522004003027158172
B0032523645821N11906180WA0152001523004003033139150
B0032533645818N11906173WA0152001523004003040120138
B0032543645816N11906165WA0152001523004003044105114
B0032553645816N11906157WA0152001523004003044091097
B0032563645818N11906148WA0152001524004003045074082
B0032573645821N11906142WA0152101524004003042055060
B0032583645826N11906137WA0152101525004003042038040
B0032593645831N11906134WA0152101525004003040025021
B0033003645837N11906132WA0152101526004003039016003
B0033013645842N11906131WA0152201527004003037008353
B0033023645847N11906131WA0152201527004003037359343
B0033033645852N11906133WA0152301528004003035348334
B0033043645856N11906135WA0152401529004003033337323
B0033053645860N11906137WA0152501530004003031329313
B0033063645864N11906140WA0152601530004003024319304
B0033073645866N11906143WA0152701531004003024313291
B0033083645867N11906145WA0152801532004003021302285
B0033093645868N11906148WA0152701531004003017291287
B0033103645868N11906152WA0152701531004003017281280
B0033113645869N11906156WA0152701531004003024276286
B0033123645869N11906161WA0152801532004003024270281
B0033133645869N11906164WA0152901532004003021257277
B0033143645868N11906166WA0153001534004003015245266
B0033153645867N11906169WA0153001534004003015249261
B0033163645866N11906171WA0153001533004003015255251
B0033173645866N11906174WA0153101534004003015268258
B0033183645866N11906177WA0153101534004003015259240
B0033193645864N11906180WA0153001534004003016235223
B0033203645861N11906182WA0153101535004003019206210
B0033213645857N11906182WA0153101535004003027183207
B0033223645852N11906181WA0153201536004003030164176
B0033233645849N11906178WA0153301537004003030147155
B0033243645845N11906173WA0153401538004003031131140
B0033253645843N11906167WA0153401539004003034116130
B0033263645841N11906159WA0153501540004003044101113
B0033273645842N11906150WA0153601541004003046086094
B0033283645844N11906142WA0153701542004003045070077
B0033293645847N11906135WA0153701542004003045056058
B0033303645852N11906130WA0153701543004003043045043
B0033313645856N11906126WA0153701543004003037033028
B0033323645861N11906124WA0153701542004003037020011
B0033333645867N11906123WA0153601541004003036007355
B0033343645871N11906124WA0153401540004003034353341
B0033353645875N11906125WA0153401540004003027339327
B0033363645878N11906128WA0153401540004003027321310
B0033373645880N11906131WA0153401540004003023303295
B0033383645881N11906135WA0153501541004003022285275
B0033393645881N11906138WA0153601542004003016272262
B0033403645880N11906140WA0153801543004003016246257
B0033413645879N11906142WA0153901544004003015230250
B0033423645877N11906145WA0153901545004003015227259
B0033433645875N11906147WA0154101546004003021221260
B0033443645872N11906150WA0154201547004003021219250
B0033453645870N11906152WA0154201548004003021228249
B0033463645869N11906155WA0154201548004003019243253
B0033473645869N11906159WA0154201548004003018261258
B0033483645869N11906162WA0154101547004003019278263
B0033493645870N11906166WA0154101547004003019290272
B0033503645871N11906170WA0154201547004003022292275
B0033513645872N11906174WA0154301548004003021291276
B0033523645873N11906177WA0154501551004003021286270
B0033533645874N11906181WA0154701552004003021273269
B0033543645873N11906185WA0154901554004003020262264
B0033553645873N11906188WA0155001554004003015256265
B0033563645872N11906191WA0155001554004003015265276
B0033573645872N11906192WA0155001554004003009269264
B0033583645872N11906193WA0154901553004003008264257
B0033593645872N11906194WA0154601552004003013253261
B0034003645871N11906197WA0154401550004003016252276
B0034013645870N11906201WA0154201547004003016249269
B0034023645869N11906204WA0154001548004003018250273
B0034033645868N11906208WA0154001547004003016252255
B0034043645868N11906210WA0153801546004003016253264
B0034053645866N11906213WA0153701544004003015243266
B0034063645865N11906215WA0153501542004003015230260
B0034073645863N11906218WA0153401542004003019223249
B0034083645861N11906220WA0153301541004003020222252
B0034093645859N11906223WA0153201540004003020223255
B0034103645857N11906225WA0153101539004003020225259
B0034113645855N11906228WA0153001538004003018230267
B0034123645854N11906231WA0153001537004003018241267
B0034133645853N11906234WA0152901537004003017256261
B0034143645853N11906237WA0152901537004003017271268
B0034153645853N11906240WA0153001537004003017275267
B0034163645853N11906243WA0153101538004003017276268
B0034173645853N11906246WA0153001537004003015273270
B0034183645854N11906249WA0153001537004003015273272
B0034193645854N11906252WA0152901536004003017276276
B0034203645854N11906255WA0152901536004003019275272
B0034213645855N11906259WA0152901536004003019275274
B0034223645855N11906263WA0152901536004003019273261
B0034233645855N11906265WA0153001536004003015269262
B0034243645854N11906268WA0152901536004003015260258
B0034253645854N11906271WA0152901535004003015253255
B0034263645853N11906274WA0152801535004003018249246
B0034273645851N11906278WA0152701534004003020236220
B0034283645849N11906279WA0152701533004003020209204
B0034293645845N11906280WA0152601532004003020180193
B0034303645841N11906278WA0152401530004003023163181
B0034313645836N11906275WA0152201528004003036152171
B0034323645831N11906270WA0152101528004003039143149
B0034333645827N11906265WA0152101528004003039133135
B0034343645824N11906258WA0152101528004003042120131
B0034353645821N11906249WA0152101528004003046108114
B0034363645820N11906241WA0152201529004003046100108
B0034373645820N11906233WA0152401530004003046095105
B0034383645819N11906225WA0152401531004003045095106
B0034393645818N11906218WA0152501531004003039102106
B0034403645816N11906210WA0152501531004003042106110
B0034413645814N11906202WA0152501531004003042105112
B0034423645813N11906194WA0152501531004003045102117
B0034433645811N11906186WA0152601532004003044105139
B0034443645808N11906179WA0152601532004003044113146
B0034463645805N11906173WA0152701532004003040125158
B0034473645801N11906169WA0152701532004003038139175
B0034483645797N11906166WA0152701532004003032152185
B0034493645793N11906165WA0152701532004003032171205
B0034503645790N11906167WA0152701533004003027197219
B0034513645787N11906169WA0152801534004003023222248
B0034523645786N11906172WA0152901536004003016248260
B0034533645787N11906174WA0153101537004003016289273
B0034543645789N11906176WA0153201539004003016327287
B0034553645793N11906177WA0153301540004003018355303
B0034563645798N11906176WA0153401540004003030008320
B0034573645803N11906174WA0153501541004003034015346
B0034583645807N11906172WA0153601543004003034023356
B0034593645812N11906168WA0153701544004003036032005
B0035003645816N11906164WA0153901546004003036037017
B0035013645820N11906160WA0154001547004003036040024
B0035023645824N11906155WA0154001547004003036043027
B0035033645829N11906149WA0154001547004003037047031
B0035043645833N11906143WA0154001547004003045051038
B0035053645837N11906136WA0154001547004003045053050
B0035063645841N11906129WA0154001547004003044052050
B0035073645845N11906123WA0154001547004003044052054
B0035083645849N11906116WA0153901546004003045052052
B0035093645853N11906110WA0153901546004003045051051
B0035103645857N11906103WA0153901545004003045050050
B0035113645862N11906097WA0153801545004003044049053
B0035123645871N11906085WA0153601543004003045043019
B0035133645876N11906081WA0153601542004003045036005
B0035143645882N11906077WA0153501542004003043027356
B0035153645887N11906075WA0153501542004003041018355
B0035163645893N11906073WA0153601543004003039012358
B0035173645898N11906072WA0153601544004003033010339
B0035183645902N11906071WA0153701544004003033010337
B0035193645906N11906071WA0153701543004003029007332
B0035203645911N11906070WA0153601542004003029002335
B0035213645916N11906071WA0153501542004003031358330
B0035223645921N11906071WA0153501542004003032354330
B0035233645925N11906072WA0153501542004003032350317
B0035243645929N11906073WA0153501542004003028346318
B0035253645933N11906074WA0153401541004003026344321
B0035263645937N11906075WA0153401540004003026344340
B0035273645940N11906077WA0153301540004003025347337
B0035283645944N11906077WA0153201539004003025353333
B0035293645948N11906077WA0153101537004003025357328
B0035303645952N11906078WA0152901535004003026355326
B0035313645956N11906078WA0152801533004003026352307
B0035323645959N11906079WA0152701532004003023350311
B0035333645962N11906080WA0152601532004003023342311
B0035343645965N11906082WA0152701533004003021337333
B0035353645967N11906083WA0152601532004003019336309
B0035363645969N11906084WA0152601532004003018336312
B0035373645972N11906085WA0152501531004003021339319
B0035383645975N11906087WA0152401529004003023341307
B0035393645979N11906089WA0152301528004003023338309
B0035403645982N11906091WA0152201527004003025329313
B0035413645986N11906094WA0152201527004003026325291
B0035423645989N11906096WA0152101527004003025331286
B0035433645992N11906098WA0152001526004003025334290
B0035443645994N11906100WA0151801525004003021321285
B0035453645996N11906102WA0151601525004003019312270
B0035463645998N11906105WA0151401523004003019306293
B0035473646000N11906108WA0151401523004003016300295
B0035483646001N11906110WA0151301523004003016296302
B0035493646001N11906111WA0151201521004003010298295
B0035503646002N11906113WA0151001518004003010302301
B0035513646003N11906115WA0150801515004003014310298
B0035523646005N11906117WA0150501513004003017318309
B0035533646007N11906119WA0150401511004003017328310
B0035543646010N11906120WA0150301510004003017336305
B0035553646012N11906122WA0150101508004003017337303
B0035563646014N11906123WA0150001506004003017333293
B0035573646016N11906125WA0149901505004003017327293
B0035583646018N11906126WA0149701504004003016325283
B0035593646020N11906128WA0149601502004003014322281
B0036003646021N11906130WA0149501501004003014312284
B0036013646022N11906132WA0149401500004003014294281
B0036023646023N11906136WA0149401499004003016287294
B0036033646024N11906139WA0149401500004003019295296
B0036043646025N11906142WA0149501500004003019305302
B0036053646027N11906145WA0149601502004003019314303
B0036063646029N11906147WA0149701502004003019324312
B0036073646032N11906149WA0149701502004003018329309
B0036083646034N11906151WA0149601501004003020326299
B0036093646037N11906154WA0149501499004003020319279
B0036103646040N11906157WA0149401500004003026316287
B0036113646043N11906160WA0149501500004003020308276
B0036123646044N11906163WA0149601501004003020300259
B0036133646045N11906165WA0149601501004003015291277
B0036143646045N11906167WA0149501500004003015293282
B0036153646047N11906170WA0149401498004003018295283
B0036163646048N11906173WA0149301498004003020295277
B0036173646049N11906177WA0149301497004003020293285
B0036183646050N11906180WA0149301498004003020290300
B0036193646051N11906183WA0149301497004003017291289
B0036203646052N11906186WA0149301497004003018300284
B0036213646054N11906189WA0149301497004003018307291
B0036223646057N11906193WA0149401498004003022309285
B0036233646059N11906197WA0149601500004003024309273
B0036243646061N11906200WA0149801503004003024311287
B0036253646063N11906203WA0149901504004003022303274
B0036263646063N11906206WA0150001505004003019286259
B0036273646064N11906209WA0150101505004003020271244
B0036283646063N11906214WA0150101506004003023261233
B0036293646062N11906217WA0150201508004003022247223
B0036303646060N11906220WA0150401509004003022221210
B0036313646057N11906220WA0150601511004003020188203
B0036323646053N11906219WA0150701512004003025163187
B0036333646049N11906216WA0150801513004003025142171
B0036343646046N11906210WA0150901515004003031124156
B0036353646044N11906203WA0151001516004003038108136
B0036363646044N11906196WA0151201518004003040097113
B0036373646044N11906189WA0151501520004003040088101
B0036383646045N11906181WA0151701523004003040076086
B0036393646048N11906174WA0151901524004003041063058
B0036403646052N11906168WA0152001527004003045055045
B0036413646056N11906161WA0152301530004003045047022
B0036423646061N11906157WA0152601533004003045037015
B0036433646066N11906154WA0152801536004003037022002
B0036443646072N11906153WA0153001537004003037004348
B0036453646077N11906155WA0153201539004003036347334
B0036463646082N11906157WA0153501541004003036336321
B0036473646086N11906160WA0153601544004003030327307
B0036483646088N11906164WA0153801546004003030313297
B0036493646089N11906167WA0154101548004003025290285
B0036503646089N11906170WA0154201550004003021256267
B0036513646086N11906172WA0154301551004003019213244
B0036523646083N11906173WA0154501553004003025185218
B0036533646079N11906173WA0154701554004003025150197
B0036543646075N11906169WA0155001556004003031137171
B0036553646072N11906163WA0155301559004003034117156
B0036563646070N11906156WA0155401560004003037109135
B0036573646068N11906149WA0155601562004003037109125
B0036583646066N11906142WA0155701564004003039107112
B0036593646066N11906134WA0155901565004003041091097
B0037003646066N11906126WA0155901565004003047061080
B0037013646072N11906120WA0155901565004003047044045
B0037023646078N11906113WA0156101566004003047017026
B0037033646085N11906112WA0156301567004003039359357
B0037043646091N11906113WA0156501571004003039355338
B0037053646096N11906115WA0156801574004003035347334
B0037063646099N11906117WA0157001576004003029336323
B0037073646102N11906119WA0157201579004003023327310
B0037083646105N11906121WA0157501581004003023325292
B0037093646108N11906124WA0157601581004003020319293
B0037103646110N11906126WA0157701582004003018312281
B0037113646111N11906129WA0157801582004003019301281
B0037123646113N11906133WA0157901583004003023295281
B0037143646115N11906137WA0158001584004003023303290
B0037153646117N11906141WA0158301587004003025309302
B0037163646120N11906144WA0158501591004003022314282
B0037173646121N11906146WA0158801595004003022317264
B0037183646124N11906148WA0159201597004003010288254
B0037193646124N11906150WA0159201597004003010226238
B0037203646122N11906151WA0159001596004003017203229
B0037213646119N11906152WA0158901595004003018197237
B0037223646117N11906153WA0158701594004003018194233
B0037233646114N11906154WA0158601592004003018198236
B0037243646111N11906156WA0158401591004003019203227
B0037253646107N11906158WA0158301591004003025203228
B0037263646104N11906160WA0158401591004003025200225
B0037273646100N11906161WA0158401592004003024200222
B0037283646098N11906163WA0158401592004003023206220
B0037293646095N11906165WA0158401592004003021211220
B0037303646092N11906167WA0158401592004003020216229
B0037313646090N11906170WA0158401592004003021217235
B0037323646087N11906172WA0158401592004003021216233
B0037333646085N11906174WA0158401592004003021216233
B0037343646083N11906176WA0158401593004003020215228
B0037353646080N11906178WA0158401593004003019207218
B0037363646077N11906178WA0158401593004003023187202
B0037373646073N11906179WA0158501593004003023162188
B0037383646068N11906176WA0158401592004003030154183
B0037393646063N11906172WA0158201590004003034150195
B0037403646058N11906169WA0158001587004003039154179
B0037413646053N11906166WA0157901588004003039163180
B0037423646047N11906163WA0157901589004003039162194
B0037433646042N11906161WA0158001590004003036159212
B0037443646038N11906159WA0158101591004003033160215
B0037453646034N11906158WA0158101591004003029166218
B0037463646030N11906158WA0158101591004003029174219
B0037473646026N11906158WA0158001590004003027186218
B0037483646022N11906160WA0158001590004003026199215
B0037493646019N11906162WA0157901589004003024206222
B0037503646016N11906163WA0157801589004003021202220
B0037513646013N11906164WA0157901589004003022186212
B0037523646009N11906163WA0157801587004003022169198
B0037533646005N11906160WA0157701586004003026156180
B0037543646000N11906157WA0157601585004003031145174
B0037553645996N11906152WA0157501585004003038135164
B0037563645993N11906146WA0157601586004003038126157
B0037573645990N11906140WA0157601586004003038120151
B0037583645987N11906134WA0157501585004003038119159
B0037593645984N11906127WA0157401583004003039122164
B0038003645980N11906122WA0157301582004003039128161
B0038013645976N11906116WA0157301581004003039132170
B0038023645972N11906111WA0157201581004003039135171
B0038033645968N11906107WA0157101581004003038137177
B0038043645964N11906102WA0157101581004003035138173
B0038053645960N11906098WA0157101580004003035138167
B0038063645956N11906094WA0157001580004003035139178
B0038073645953N11906089WA0157001580004003035139171
B0038083645948N11906085WA0157001579004003035141168
B0038093645944N11906081WA0156901578004003037143185
B0038103645939N11906077WA0157001579004003037139168
B0038113645935N11906072WA0157001580004003039136168
B0038123645931N11906067WA0157101581004003038132159
B0038133645927N11906061WA0157201582004003039132155
B0038143645923N11906056WA0157201582004003039136148
B0038153645919N11906051WA0157301583004003039136137
B0038163645915N11906045WA0157501585004003038125125
B0038173645914N11906038WA0157701587004003039108108
B0038183645913N11906031WA0157901588004003039092096
B0038193645914N11906023WA0158001590004003042081088
B0038203645916N11906015WA0158101591004003044072071
B0038213645919N11906008WA0158201591004003044061058
B0038223645924N11906002WA0158201592004003043048046
B0038233645929N11905997WA0158201592004003043037029
B0038243645934N11905993WA0158201592004003041028015
B0038253645939N11905991WA0158301593004003041017005
B0038263645944N11905990WA0158301593004003037007354
B0038273645949N11905990WA0158301593004003034359342
B0038283645953N11905991WA0158301593004003028351331
B0038293645957N11905993WA0158301593004003028339319
B0038303645960N11905995WA0158401593004003025323309
B0038313645961N11905998WA0158401593004003021305294
B0038323645962N11906002WA0158401594004003018284279
B0038333645962N11906004WA0158501595004003018260260
B0038343645960N11906006WA0158601596004003015222247
B0038353645959N11906007WA0158601596004003015183223
B0038363645955N11906007WA0158701596004003025171204
B0038373645951N11906006WA0158701596004003027167185
B0038383645947N11906004WA0158701596004003027159176
B0038393645943N11906001WA0158701597004003029152170
B0038403645939N11905998WA0158801598004003032145156
B0038413645935N11905994WA0158901598004003033139159
B0038423645931N11905989WA0158901599004003033133148
B0038433645928N11905984WA0159001599004003034127124
B0038443645925N11905979WA0159101599004003039117118
B0038453645923N11905971WA0159201600004003041110120
B0038463645921N11905963WA0159401602004003041100108
B0038473645921N11905955WA0159501604004003043092096
B0038483645921N11905947WA0159601605004003042086083
B0038493645922N11905939WA0159701605004003042073072
B0038503645925N11905932WA0159701605004003042063058
B0038513645929N11905926WA0159701605004003042048044
B0038523645935N11905921WA0159601605004003046034026
B0038533645941N11905918WA0159601605004003046019010
B0038543645947N11905918WA0159701606004003042002354
B0038553645951N11905919WA0159701606004003037347337
B0038563645955N11905921WA0159701606004003027333321
B0038573645958N11905924WA0159701606004003027322299
B0038583645961N11905927WA0159601606004003025311289
B0038593645962N11905931WA0159601606004003023301281
B0039003645964N11905935WA0159701606004003022288280
B0039013645965N11905939WA0159701606004003022283278
B0039023645966N11905942WA0159801607004003022281279
B0039033645966N11905946WA0159901608004003020284286
B0039043645967N11905948WA0159901609004003015292266
B0039053645968N11905951WA0159901609004003016298255
B0039063645969N11905953WA0159901609004003015259241
B0039073645967N11905955WA0160001608004003016222227
B0039083645963N11905956WA0160001608004003025194222
B0039093645959N11905957WA0160001608004003029186210
B0039103645955N11905958WA0160001609004003028187233
B0039113645950N11905958WA0160101609004003028189225
B0039123645946N11905960WA0160001609004003026190235
B0039133645943N11905961WA0159901608004003026201227
B0039143645940N11905963WA0159701606004003021210230
B0039153645938N11905965WA0159501604004003020220233
B0039163645936N11905967WA0159201602004003020220234
B0039173645933N11905970WA0159101600004003021214225
B0039183645930N11905971WA0158901598004003021199205
B0039193645927N11905971WA0158701596004003021177194
B0039203645923N11905969WA0158501594004003029158176
B0039213645918N11905965WA0158301592004003035146171
B0039223645914N11905960WA0158201591004003035137153
B0039243645910N11905954WA0158101590004003039128139
B0039253645908N11905948WA0158001590004003039117120
B0039263645906N11905941WA0157901589004003040109111
B0039273645904N11905933WA0157801588004003040103101
B0039283645903N11905925WA0157801587004003043100113
B0039293645902N11905916WA0157701586004003047098107
B0039303645900N11905907WA0157601585004003047099113
B0039313645899N11905899WA0157601585004003046099107
B0039323645898N11905890WA0157501585004003046097107
B0039333645898N11905870WA0157701586004003054091113
B0039343645897N11905861WA0157901588004003054091117
B0039353645897N11905852WA0158101590004003051092117
B0039363645897N11905843WA0158301592004003047094119
B0039373645895N11905835WA0158501594004003046100144
B0039383645893N11905827WA0158601595004003044111149
B0039393645889N11905821WA0158701596004003044127152
B0039403645885N11905817WA0158901597004003041140168
B0039413645881N11905813WA0159001599004003038145179
B0039423645877N11905811WA0159101601004003033150184
B0039433645874N11905809WA0159201600004003018166200
B0039443645872N11905809WA0159201600004003018187218
B0039453645871N11905811WA0159101599004003013234221
B0039463645871N11905813WA0159001599004003013254245
B0039473645870N11905816WA0159001599004003013241249
B0039483645868N11905818WA0159101600004003015224246
B0039493645866N11905819WA0159101601004003015217253
B0039503645865N11905821WA0159201602004003013228251
B0039513645865N11905822WA0159301602004003010263251
B0039523645866N11905824WA0159401603004003010280259
B0039533645866N11905826WA0159601605004003009273256
B0039543645865N11905828WA0159601606004003009246249
B0039553645864N11905829WA0159701607004003009223247
B0039563645863N11905830WA0159801607004003010212261
B0039573645861N11905831WA0159901608004003011213260
B0039583645861N11905832WA0159901608004003007235266
B0039593645861N11905834WA0159801607004003009292270
B0040003645863N11905836WA0159801606004003009317279
B0040013645866N11905838WA0159601605004003016328279
B0040023645870N11905840WA0159501604004003024336289
B0040033645874N11905842WA0159501605004003032341294
B0040043645879N11905844WA0159601606004003032339295
B0040053645882N11905847WA0159701607004003031331291
B0040063645885N11905850WA0159801608004003027322288
B0040073645887N11905853WA0159801608004003024309286
B0040083645889N11905857WA0159801608004003022291278
B0040093645889N11905861WA0159801608004003023278268
B0040103645890N11905865WA0159901608004003023279266
B0040113645891N11905870WA0159901609004003024293281
B0040123645894N11905873WA0159901609004003025314291
B0040133645897N11905876WA0159901609004003027328280
B0040143645901N11905878WA0159901609004003028329276
B0040153645904N11905882WA0159901609004003028317269
B0040163645906N11905886WA0159901608004003028297263
B0040173645906N11905891WA0159801608004003026272261
B0040183645905N11905895WA0159901609004003023249250
B0040193645903N11905898WA0160001610004003023237242
B0040203645902N11905901WA0160001611004003021242240
B0040213645901N11905904WA0160101611004003019254245
B0040223645901N11905908WA0160101612004003019260245
B0040233645900N11905911WA0160201612004003019243246
B0040243645897N11905913WA0160301612004003019217224
B0040253645895N11905915WA0160201612004003019210230
B0040263645892N11905917WA0160201612004003023209228
B0040273645888N11905919WA0160201613004003026208227
B0040283645885N11905922WA0160401615004003026211218
B0040293645882N11905925WA0160601617004003026217213
B0040303645879N11905927WA0160801619004003024217222
B0040313645876N11905929WA0161001621004003023209234
B0040323645873N11905931WA0161201622004003028206225
B0040333645869N11905934WA0161301624004003028210254
B0040343645865N11905937WA0161701625004003028213255
B0040353645864N11905938WA0162101629004003015208259
B0040363645862N11905939WA0162301629004003015185240
B0040373645860N11905939WA0162401629004003014185207
B0040383645858N11905939WA0162401629004003014180199
B0040393645855N11905938WA0162501630004003024174190
B0040403645850N11905937WA0162601632004003030164198
B0040413645846N11905935WA0162701634004003030160204
B0040423645842N11905933WA0162801636004003030162206
B0040433645839N11905932WA0163101639004003023165202
B0040443645836N11905931WA0163301642004003023164203
B0040453645833N11905929WA0163601644004003022150180
B0040463645830N11905926WA0163701646004003022143161
B0040473645826N11905923WA0163801646004003035139154
B0040483645822N11905918WA0163801646004003040137140
B0040493645817N11905912WA0163901648004003040130132
B0040503645814N11905904WA0164101650004003045123127
B0040513645810N11905897WA0164201652004003047115112
B0040523645808N11905888WA0164401653004003049105100
B0040533645808N11905878WA0164501655004003049093086
B0040543645809N11905869WA0164601656004003050082080
B0040553645811N11905860WA0164701658004003049072063
B0040563645814N11905853WA0164901660004003049060049
B0040573645817N11905846WA0164901659004003044041039
B0040583645822N11905842WA0164901659004003040034017
B0040593645828N11905839WA0164901659004003041024009
B0041003645834N11905837WA0164901660004003041017355
B0041013645839N11905836WA0165001661004003039008349
B0041023645843N11905836WA0165101662004003034358338
B0041033645847N11905837WA0165201664004003027349327
B0041043645851N11905839WA0165401666004003027341312
B0041053645854N11905841WA0165501668004003025331306
B0041063645855N11905843WA0165701670004003022314298
B0041073645856N11905846WA0165901672004003014286285
B0041083645856N11905848WA0166101674004003014261261
B0041093645855N11905851WA0166301677004003014247252
B0041103645854N11905853WA0166601680004003015236247
B0041113645852N11905856WA0166901683004003016224239
B0041123645849N11905857WA0167201685004003019203220
B0041133645846N11905857WA0167301687004003019182204
B0041143645842N11905856WA0167401688004003024169198
B0041153645837N11905854WA0167501689004003031161182
B0041163645833N11905852WA0167601690004003032153182
B0041173645829N11905848WA0167701691004003032144192
B0041183645825N11905844WA0167801691004003033140180
B0041193645821N11905841WA0167801691004003034147196
B0041203645816N11905839WA0167801691004003034159208
B0041213645812N11905837WA0167801691004003033167207
B0041223645808N11905837WA0167801692004003030173207
B0041233645805N11905837WA0167801691004003023175211
B0041243645801N11905836WA0167801690004003024176214
B0041253645797N11905836WA0167501688004003024179216
B0041263645793N11905837WA0167401687004003025183217
B0041273645789N11905837WA0167201686004003025185222
B0041293645786N11905837WA0167201685004003025185232
B0041303645783N11905838WA0167201685004003023185220
B0041313645780N11905838WA0167101685004003021186217
B0041323645776N11905838WA0167101684004003022183202
B0041333645772N11905838WA0167001684004003027172176
B0041343645767N11905836WA0167001683004003027159171
B0041353645763N11905832WA0166901682004003034146158
B0041363645758N11905826WA0166801682004003039134146
B0041373645755N11905820WA0166801681004003041121136
B0041383645753N11905812WA0166701680004003042110128
B0041393645751N11905804WA0166601679004003042104119
B0041403645750N11905796WA0166501678004003043100107
B0041413645749N11905788WA0166401677004003044097091
B0041423645749N11905779WA0166201675004003048089089
B0041433645751N11905770WA0166101673004003050079075
B0041443645753N11905761WA0165901672004003050068066
B0041453645757N11905753WA0165901671004003050059052
B0041463645762N11905746WA0165801671004003049050040
B0041473645766N11905741WA0165701670004003043039030
B0041483645772N11905738WA0165601669004003043025018
B0041493645778N11905736WA0165501668004003041014003
B0041503645783N11905735WA0165501668004003038010346
B0041513645787N11905734WA0165501668004003035010337
B0041523645791N11905733WA0165501668004003027005336
B0041533645800N11905734WA0165301665004003028352320
B0041543645804N11905735WA0165301666004003030345328
B0041553645809N11905737WA0165401667004003030340305
B0041563645812N11905738WA0165501668004003025339309
B0041573645815N11905740WA0165601669004003025338309
B0041583645818N11905741WA0165601670004003022337313
B0041593645821N11905743WA0165701670004003022336313
B0042003645825N11905745WA0165701671004003023337314
B0042013645828N11905747WA0165801672004003024337313
B0042023645831N11905748WA0165901672004003025338315
B0042033645835N11905750WA0165901672004003024338309
B0042043645838N11905752WA0165801672004003024336298
B0042053645841N11905754WA0165901673004003024330287
B0042063645844N11905756WA0166001674004003022329311
B0042073645847N11905758WA0166101675004003022334301
B0042083645850N11905759WA0166101676004003022339308
B0042093645854N11905761WA0166301678004003023342315
B0042103645858N11905762WA0166501680004003026342326
B0042113645861N11905764WA0166601681004003024342320
B0042123645865N11905765WA0166701681004003024343303
B0042133645868N11905767WA0166601681004003024340284
B0042143645871N11905769WA0166601681004003024327281
B0042153645873N11905773WA0166701681004003024305298
B0042163645874N11905776WA0166701681004003020289292
B0042173645875N11905779WA0166701682004003020290288
B0042183645877N11905782WA0166601681004003018298270
B0042193645878N11905785WA0166601681004003018298266
B0042203645879N11905789WA0166601681004003020288260
B0042213645879N11905793WA0166601681004003022273255
B0042223645879N11905797WA0166701681004003022258283
B0042233645879N11905800WA0166701681004003018256266
B0042243645878N11905802WA0166701681004003016257250
B0042253645878N11905805WA0166601680004003016252249
B0042263645877N11905808WA0166501679004003019247232
B0042273645875N11905811WA0166301678004003020239241
B0042283645873N11905814WA0166301677004003019229239
B0042293645871N11905816WA0166301677004003018220257
B0042303645870N11905817WA0166101675004003015220259
B0042313645868N11905820WA0166001673004003017232267
B0042323645867N11905823WA0165801671004003020247279
B0042333645866N11905827WA0165701671004003019266281
B0042343645866N11905830WA0165601671004003019279285
B0042353645868N11905834WA0165601671004003019296280
B0042363645870N11905837WA0165601671004003022313297
B0042373645873N11905839WA0165601671004003023326302
B0042383645877N11905841WA0165601671004003023335308
B0042393645881N11905844WA0165601670004003026338307
B0042403645886N11905846WA0165501670004003031339317
B0042413645891N11905848WA0165601670004003032337312
B0042423645895N11905850WA0165801671004003032339311
B0042433645899N11905852WA0166001671004003031341319
B0042443645903N11905854WA0166101673004003024341315
B0042453645906N11905855WA0166201673004003024339319
B0042463645910N11905857WA0166201673004003028339316
B0042473645914N11905859WA0166201674004003029343311
B0042483645918N11905859WA0166201675004003029352307
B0042493645923N11905860WA0166301675004003029352300
B0042503645926N11905861WA0166301674004003028346300
B0042513645931N11905863WA0166301675004003029337307
B0042523645934N11905865WA0166301675004003029337315
B0042533645938N11905867WA0166401675004003029332323
B0042543645941N11905869WA0166401675004003026325303
B0042553645943N11905871WA0166301675004003022312316
B0042563645945N11905874WA0166201675004003022305272
B0042573645948N11905878WA0166101674004003026308259
B0042583645950N11905883WA0166001673004003026304265
B0042593645951N11905887WA0166001673004003026291246
B0043003645952N11905892WA0166001674004003025278246
B0043013645953N11905896WA0166101674004003022286251
B0043023645954N11905899WA0166101674004003022300258
B0043033645956N11905902WA0166001674004003020318266
B0043043645958N11905904WA0166001673004003019316270
B0043053645960N11905907WA0165901671004003019307276
B0043063645962N11905911WA0165701670004003023300273
B0043073645963N11905915WA0165601669004003026295275
B0043083645965N11905919WA0165501668004003025292266
B0043093645966N11905923WA0165501668004003025291266
B0043103645967N11905927WA0165501668004003022286285
B0043113645968N11905930WA0165401668004003020285269
B0043123645969N11905934WA0165401668004003021287279
B0043133645970N11905938WA0165501668004003021293296
B0043143645972N11905941WA0165701670004003021305294
B0043153645975N11905943WA0165801671004003021327305
B0043163645978N11905944WA0165801671004003025345306
B0043173645983N11905944WA0165801671004003031355324
B0043183645988N11905945WA0165701671004003031356325
B0043193645994N11905946WA0165701670004003035352310
B0043203645999N11905947WA0165701670004003036348304
B0043213646004N11905949WA0165701671004003034342301
B0043223646008N11905952WA0165901673004003034335299
B0043233646012N11905954WA0166001674004003031330305
B0043243646015N11905956WA0166201676004003027323316
B0043253646017N11905959WA0166201676004003022320304
B0043263646020N11905962WA0166301677004003026323298
B0043273646024N11905965WA0166401678004003029327302
B0043283646028N11905967WA0166601679004003029335314
B0043293646032N11905969WA0166901680004003029344326
B0043303646036N11905970WA0167301684004003028351331
B0043313646040N11905970WA0167501687004003026357321
B0043323646044N11905970WA0167701689004003028359308
B0043333646048N11905970WA0167801691004003028000307
B0043353646053N11905970WA0168001692004003029358270
B0043363646057N11905971WA0168101694004003029347261
B0043373646059N11905973WA0168301696004003029317257
B0043383646059N11905976WA0168301698004003019262241
B0043393646057N11905977WA0168501699004003016197221
B0043403646054N11905975WA0168601700004003016165198
B0043413646050N11905972WA0168801702004003033146186
B0043423646045N11905967WA0169001703004003041133158
B0043433646042N11905959WA0169101705004003041116139
B0043443646041N11905949WA0169301707004003047100125
B0043453646041N11905939WA0169501710004003052087103
B0043463646043N11905930WA0169801713004003051076086
B0043473646046N11905922WA0170001716004003051065072
B0043483646048N11905915WA0170201715004003044051058
B0043493646053N11905910WA0170201715004003043032039
B0043503646059N11905907WA0170301715004003043024013
B0043513646065N11905904WA0170301716004003041007003
B0043523646071N11905904WA0170401718004003041001342
B0043533646076N11905906WA0170501720004003037348336
B0043543646079N11905908WA0170601721004003029333321
B0043553646081N11905910WA0170701722004003022316303
B0043563646083N11905913WA0170901723004003016306284
B0043573646085N11905917WA0171501728004003013307276
B0043583646086N11905918WA0171601728004003010327271
B0043593646087N11905919WA0171601728004003010324277
B0044003646089N11905921WA0171501728004003014310275
B0044013646090N11905923WA0171501728004003017311292
B0044023646092N11905926WA0171401728004003017311299
B0044033646094N11905928WA0171301727004003018309291
B0044043646096N11905932WA0171201727004003019299285
B0044053646097N11905937WA0171201727004003026289276
B0044063646098N11905941WA0171401728004003026277278
B0044073646098N11905946WA0171601729004003025269273
B0044083646098N11905950WA0171901731004003023274275
B0044093646098N11905954WA0172301732004003022286291
B0044103646100N11905956WA0172601737004003017296298
B0044113646101N11905959WA0172801737004003017305278
B0044123646102N11905961WA0172901738004003014293282
B0044133646102N11905963WA0173001741004003013277254
B0044143646102N11905965WA0173201743004003013247236
B0044153646100N11905966WA0173301745004003013206219
B0044163646098N11905967WA0173401745004003023177201
B0044173646094N11905966WA0173401746004003023161181
B0044183646088N11905963WA0173401746004003032156167
B0044193646083N11905960WA0173501747004003037141156
B0044203646078N11905953WA0173401748004003047133136
B0044213646073N11905945WA0173501748004003051124129
B0044223646070N11905935WA0173401748004003051115125
B0044233646067N11905925WA0173401748004003055111140
B0044243646063N11905916WA0173401748004003055117150
B0044253646059N11905907WA0173301747004003048128161
B0044263646053N11905904WA0173301746004003048151170
B0044273646047N11905901WA0173201747004003043175190
B0044283646043N11905902WA0173201748004003033188205
B0044293646040N11905903WA0173301749004003024187223
B0044303646039N11905903WA0173301749004003010175222
B0044313646038N11905903WA0173201749004003010194233
B0044323646037N11905904WA0173001748004003004286236
B0044333646038N11905906WA0172701745004003004298259
B0044343646039N11905908WA0172601743004003008293264
B0044353646039N11905910WA0172401741004003012285265
B0044363646040N11905913WA0172301741004003013291254
B0044373646041N11905915WA0172301741004003013302260
B0044383646042N11905918WA0172301741004003014302260
B0044393646043N11905920WA0172201741004003014307248
B0044403646044N11905921WA0172301741004003012322257
B0044413646046N11905922WA0172401741004003012299254
B0044423646045N11905925WA0172401741004003012264253
B0044433646045N11905927WA0172501742004003013250264
B0044443646044N11905931WA0172801743004003019253259
B0044453646043N11905934WA0173101748004003016261274
B0044463646044N11905936WA0173401751004003016277275
B0044473646044N11905938WA0173601751004003012288275
B0044483646044N11905940WA0173801754004003012290278
B0044493646045N11905942WA0174101756004003012283278
B0044503646045N11905945WA0174201758004003012278278
B0044513646045N11905947WA0174401758004003012285284
B0044523646046N11905949WA0174501760004003011295278
B0044533646047N11905950WA0174601762004003011310279
B0044543646048N11905952WA0174701763004003011314274
B0044553646050N11905954WA0174801763004003016315287
B0044563646052N11905957WA0174801764004003020318279
B0044573646055N11905959WA0174901766004003020324279
B0044583646057N11905961WA0175101768004003020325281
B0044593646058N11905962WA0175201769004003018317263
B0045003646060N11905964WA0175301770004003012310268
B0045013646061N11905966WA0175301770004003014310277
B0045023646062N11905968WA0175401771004003014308266
B0045033646063N11905971WA0175301771004003014299246
B0045043646063N11905973WA0175401772004003014270245
B0045053646062N11905975WA0175401772004003016232237
B0045063646059N11905977WA0175501773004003020205225
B0045073646056N11905978WA0175501773004003020189216
B0045083646051N11905978WA0175501773004003025179199
B0045093646047N11905977WA0175601774004003028168200
B0045103646042N11905975WA0175601774004003034162207
B0045113646037N11905973WA0175701774004003035163215
B0045123646032N11905972WA0175701774004003034171235
B0045133646029N11905973WA0175701774004003030190239
B0045143646027N11905975WA0175601774004003023223249
B0045153646027N11905978WA0175601774004003017257261
B0045163646027N11905981WA0175701775004003018278272
B0045173646028N11905985WA0175701774004003018288279
B0045183646029N11905987WA0175701775004003018295282
B0045193646030N11905990WA0175601775004003018305288
B0045203646033N11905993WA0175601775004003020317296
B0045213646035N11905995WA0175701775004003020325308
B0045223646038N11905997WA0175701775004003021333303
B0045233646042N11905998WA0175601775004003021339302
B0045243646046N11906000WA0175701776004003028344312
B0045253646049N11906001WA0175801778004003028342315
B0045263646053N11906003WA0175901778004003025337316
B0045273646056N11906005WA0175901778004003023336319
B0045283646059N11906006WA0175901778004003023338313
B0045293646063N11906008WA0175901777004003027342316
B0045303646067N11906009WA0175801777004003028341305
B0045313646071N11906012WA0175801777004003027336313
B0045323646074N11906014WA0175701776004003027329308
B0045333646077N11906016WA0175701776004003023328302
B0045343646080N11906018WA0175601776004003023334303
B0045353646083N11906020WA0175601775004003023336310
B0045363646086N11906022WA0175501774004003023329285
B0045373646089N11906025WA0175501774004003023319296
B0045383646091N11906028WA0175401773004003022312293
B0045393646093N11906031WA0175301771004003022307269
B0045413646095N11906034WA0175101770004003021307293
B0045423646097N11906037WA0175001769004003021313332
B0045433646100N11906039WA0174901768004003023328339
B0045443646104N11906040WA0174801767004003025353334
B0045453646108N11906039WA0174701766004003025008342
B0045463646113N11906037WA0174601765004003029017342
B0045473646118N11906035WA0174601765004003033021353
B0045483646122N11906032WA0174601765004003035023355
B0045493646127N11906029WA0174501764004003035026005
B0045503646131N11906026WA0174501764004003035030005
B0045513646136N11906023WA0174401763004003035032012
B0045523646140N11906019WA0174301762004003035033008
B0045533646145N11906015WA0174201761004003036033010
B0045543646150N11906012WA0174101760004003037031014
B0045553646154N11906008WA0174101760004003037027012
B0045563646159N11906006WA0174001759004003037024001
B0045573646168N11906001WA0173801757004003033024339
B0045583646173N11905999WA0173701756004003033020332
B0045593646177N11905998WA0173701755004003033009337
B0046003646181N11905997WA0173701754004003029001325
B0046013646186N11905997WA0173501753004003029007348
B0046023646191N11905996WA0173401753004003039009355
B0046033646197N11905994WA0173601754004003039004303
B0046043646201N11905995WA0173701756004003035354295
B0046053646204N11905995WA0173801755004003025339289
B0046063646206N11905997WA0173801755004003018305289
B0046073646207N11906001WA0173701755004003019293276
B0046083646207N11906005WA0173801756004003020281272
B0046093646207N11906009WA0173901757004003020273263
B0046103646207N11906012WA0174101759004003020269269
B0046113646207N11906016WA0174201759004003018255270
B0046123646206N11906018WA0174101758004003013245256
B0046133646205N11906021WA0173901755004003014238249
B0046143646203N11906023WA0173701753004003014235244
B0046153646201N11906027WA0173401750004003017237235
B0046163646200N11906031WA0173101746004003022242250
B0046173646198N11906035WA0172801744004003025246247
B0046183646197N11906039WA0172601742004003025246240
B0046193646195N11906043WA0172401741004003024241234
B0046203646193N11906047WA0172301739004003024234232
B0046213646191N11906049WA0172101738004003023224250
B0046223646188N11906051WA0172001736004003021213255
B0046233646185N11906053WA0171801734004003022210247
B0046243646182N11906056WA0171601732004003022216264
B0046253646179N11906059WA0171401730004003024224268
B0046263646177N11906063WA0171301729004003024234272
B0046273646176N11906067WA0171201728004003024247274
B0046283646175N11906072WA0171101727004003024257285
B0046293646174N11906076WA0171201728004003024268270
B0046303646174N11906079WA0171401729004003021276272
B0046313646175N11906081WA0171601731004003015282279
B0046323646175N11906082WA0171701731004003007298270
B0046333646176N11906083WA0171701731004003007301269
B0046343646177N11906084WA0171601730004003007310263
B0046353646178N11906086WA0171601730004003009311268
B0046363646179N11906088WA0171501729004003013307263
B0046373646181N11906091WA0171501729004003017301273
B0046383646182N11906094WA0171501730004003017296270
B0046393646182N11906095WA0171501730004003015294271
B0046403646183N11906097WA0171401729004003011292271
B0046413646183N11906099WA0171301728004003010284266
B0046423646184N11906101WA0171201727004003013279267
B0046433646184N11906104WA0171101727004003014279269
B0046443646184N11906106WA0171101727004003013280272
B0046453646185N11906108WA0171101727004003012274261
B0046463646184N11906109WA0171101726004003009261257
B0046473646184N11906110WA0171101726004003007242249
B0046483646183N11906112WA0171001725004003010235254
B0046493646182N11906114WA0171001725004003010232259
B0046503646181N11906116WA0171001725004003013232267
B0046513646180N11906118WA0170901725004003014240258
B0046523646179N11906120WA0170901725004003013251256
B0046533646178N11906123WA0170901725004003013251254
B0046543646177N11906125WA0170901725004003013243250
B0046553646176N11906127WA0170901724004003013237250
B0046563646175N11906130WA0170901724004003014239259
B0046573646174N11906133WA0170901724004003019243250
B0046583646172N11906136WA0170901724004003019250251
B0046593646172N11906139WA0171001726004003018250268
B0047003646171N11906142WA0171101727004003017254266
B0047013646171N11906144WA0171201727004003013270271
B0047023646172N11906147WA0171201727004003015282264
B0047033646172N11906150WA0171101727004003018281253
B0047043646172N11906153WA0171101727004003018272245
B0047053646172N11906156WA0171201728004003018264257
B0047063646172N11906159WA0171201729004003017263259
B0047073646172N11906162WA0171301729004003013268251
B0047083646172N11906164WA0171301729004003013268237
B0047093646171N11906166WA0171301730004003012248228
B0047103646170N11906167WA0171301730004003012209222
B0047113646167N11906167WA0171301730004003013189217
B0047123646163N11906168WA0171401731004003025166210
B0047133646160N11906166WA0171701733004003026153190
B0047143646157N11906162WA0171901735004003026133185
B0047153646155N11906157WA0172001737004003028119165
B0047163646153N11906151WA0172101738004003030109146
B0047173646151N11906143WA0172201738004003042102122
B0047183646151N11906134WA0172301738004003047095092
B0047193646151N11906125WA0172301739004003047084068
B0047203646154N11906115WA0172301739004003050068052
B0047213646159N11906108WA0172401740004003051053032
B0047223646164N11906102WA0172501741004003045038014
B0047233646169N11906099WA0172501742004003045024359
B0047243646174N11906098WA0172501742004003038009347
B0047253646178N11906099WA0172501742004003031353331
B0047263646181N11906101WA0172401742004003026334315
B0047273646183N11906103WA0172401741004003021317300
B0047283646185N11906106WA0172501742004003021300285
B0047293646186N11906109WA0172501743004003019291283
B0047303646186N11906112WA0172601743004003017289274
B0047313646187N11906115WA0172601744004003017288282
B0047323646188N11906119WA0172701745004003018282274
B0047333646189N11906122WA0172801746004003019283284
B0047343646190N11906125WA0173001748004003019294291
B0047353646191N11906128WA0173101750004003019305279
B0047363646193N11906131WA0173201751004003019309276
B0047373646195N11906135WA0173301752004003022306260
B0047383646197N11906138WA0173401753004003022292242
B0047393646196N11906142WA0173501754004003022264235
B0047403646194N11906144WA0173601754004003018217224
B0047413646191N11906144WA0173701756004003018180211
B0047423646187N11906142WA0173901757004003027157193
B0047433646184N11906138WA0174001759004003027137167
B0047443646182N11906134WA0174101760004003027120164
B0047453646180N11906128WA0174101760004003030113165
B0047473646177N11906123WA0174101759004003032119164
B0047483646174N11906119WA0174101759004003032137168
B0047493646170N11906117WA0174101759004003030158181
B0047503646166N11906117WA0174101759004003028177196
B0047513646164N11906117WA0174101760004003024194208
B0047523646162N11906119WA0174101760004003014213218
B0047533646161N11906121WA0174101760004003014235231
B0047543646160N11906123WA0174101760004003012257240
B0047553646161N11906126WA0174001758004003012276255
B0047563646162N11906129WA0173901758004003016289266
B0047573646163N11906133WA0173901758004003021294272
B0047583646164N11906136WA0173901758004003021296284
B0047593646166N11906140WA0174001759004003021295281
B0048003646169N11906144WA0174101761004003018319297
B0048013646172N11906146WA0174201762004003020331302
B0048023646175N11906148WA0174301763004003022338309
B0048033646178N11906149WA0174401764004003022339312
B0048043646181N11906151WA0174601765004003022338310
B0048053646184N11906152WA0174601766004003022336297
B0048063646187N11906154WA0174701767004003024335301
B0048073646191N11906156WA0174801769004003025335286
B0048083646194N11906158WA0175001771004003024336293
B0048093646197N11906159WA0175201773004003024336287
B0048103646200N11906161WA0175301773004003023335295
B0048113646203N11906163WA0175301773004003021332287
B0048123646206N11906165WA0175301773004003021326292
B0048133646209N11906168WA0175301773004003021321290
B0048143646211N11906170WA0175401774004003022317275
B0048153646213N11906173WA0175401775004003022309257
B0048163646213N11906176WA0175501776004003014282244
B0048173646214N11906178WA0175501776004003015251233
B0048183646212N11906181WA0175501776004003015224227
B0048193646210N11906183WA0175601776004003019217248
B0048203646207N11906186WA0175701776004003021216259
B0048213646204N11906188WA0175701776004003018231267
B0048223646203N11906190WA0175801776004003018253264
B0048233646203N11906193WA0175901776004003015274272
B0048243646203N11906196WA0175901777004003015287275
B0048253646205N11906199WA0175801777004003015301281
B0048263646207N11906202WA0175801777004003022310279
B0048273646209N11906205WA0175801777004003024315287
B0048283646212N11906208WA0175901778004003023318287
B0048293646214N11906210WA0175901778004003023316288
B0048303646216N11906213WA0175901778004003021309286
B0048313646218N11906217WA0176001779004003021305276
B0048323646220N11906220WA0176001779004003021299264
B0048333646220N11906223WA0176001780004003019278243
B0048343646219N11906225WA0176001779004003016237235
B0048353646216N11906227WA0176001779004003016205222
B0048363646213N11906228WA0176001779004003026176208
B0048373646209N11906227WA0176101779004003027158186
B0048383646205N11906224WA0176101781004003027145171
B0048393646202N11906220WA0176201781004003028134159
B0048403646198N11906214WA0176201782004003031128145
B0048413646195N11906208WA0176401783004003042122131
B0048423646192N11906200WA0176501785004003046113114
B0048433646191N11906191WA0176701787004003046100099
B0048443646190N11906182WA0176801786004003046084089
B0048453646191N11906173WA0176701786004003047076073
B0048463646195N11906165WA0176701786004003049065064
B0048473646199N11906158WA0176701786004003049053049
B0048483646204N11906152WA0176701786004003048041037
B0048493646210N11906148WA0176701786004003045030021
B0048503646215N11906145WA0176701786004003043024005
B0048513646221N11906142WA0176701786004003040019354
B0048523646227N11906141WA0176601786004003040011340
B0048533646232N11906140WA0176601786004003038004338
B0048543646238N11906140WA0176601786004003037000328
B0048553646243N11906140WA0176601786004003036356322
B0048563646247N11906141WA0176601786004003031351322
B0048573646252N11906143WA0176601786004003031343314
B0048583646256N11906145WA0176601786004003030337313
B0048593646260N11906147WA0176601786004003030335313
B0049003646263N11906149WA0176601786004003029332311
B0049013646267N11906152WA0176501786004003028330305
B0049023646271N11906155WA0176501785004003029331326
B0049033646275N11906157WA0176401785004003029334307
B0049043646279N11906159WA0176401784004003030336326
B0049053646284N11906162WA0176401784004003030337317
B0049063646288N11906164WA0176501785004003031336319
B0049073646292N11906166WA0176601786004003031337311
B0049083646296N11906168WA0176601787004003030341323
B0049093646301N11906169WA0176701787004003030344317
B0049103646306N11906171WA0176601787004003031342311
B0049113646310N11906174WA0176601787004003034337303
B0049123646315N11906176WA0176701788004003034334284
B0049133646318N11906178WA0176901791004003029331271
B0049143646320N11906181WA0177201793004003025316264
B0049153646320N11906183WA0177401795004003017276252
B0049163646320N11906185WA0177701796004003018215232
B0049173646318N11906187WA0178001797004003019188213
B0049183646314N11906186WA0178401802004003019168197
B0049193646311N11906185WA0178701802004003019143190
B0049203646308N11906181WA0179001802004003025131179
B0049213646304N11906176WA0179101802004003031133168
B0049223646301N11906171WA0179001803004003031144179
B0049233646297N11906169WA0179001803004003029167191
B0049243646293N11906169WA0179001803004003025182206
B0049253646290N11906171WA0179101804004003023202215
B0049263646288N11906174WA0179101806004003021221231
B0049273646286N11906177WA0179201808004003021245241
B0049283646286N11906182WA0179301810004003021269253
B0049293646287N11906186WA0179501812004003022285264
B0049303646288N11906190WA0179601814004003023292275
B0049313646290N11906194WA0179801816004003022296284
B0049323646292N11906197WA0180001818004003022305279
B0049333646294N11906201WA0180101820004003022313277
B0049343646297N11906204WA0180201821004003025308265
B0049353646298N11906209WA0180401823004003026285257
B0049363646297N11906214WA0180501824004003026257248
B0049373646296N11906218WA0180701825004003026224235
B0049383646292N11906220WA0180901828004003025205217
B0049393646288N11906221WA0181101830004003025187205
B0049403646284N11906219WA0181201831004003027167193
B0049413646279N11906216WA0181401832004003035148180
B0049423646275N11906210WA0181401833004003041132163
B0049433646272N11906203WA0181501834004003041115144
B0049443646271N11906194WA0181501835004003046097128
B0049453646272N11906186WA0181601836004003046084105
B0049463646273N11906178WA0181701837004003043073087
B0049473646277N11906171WA0181801838004003043059073
B0049483646281N11906166WA0181801838004003043043052
B0049493646286N11906161WA0181901839004003042022029
B0049503646291N11906158WA0182001839004003040003002
B0049513646296N11906160WA0182101841004003032349340
B0049523646299N11906163WA0182201843004003032326321
B0049533646303N11906166WA0182401843004003029307300
B0049543646305N11906172WA0182501845004003029292283
B0049553646305N11906177WA0182701847004003029281280
B0049563646306N11906182WA0182901848004003023267272
B0049573646305N11906187WA0183101849004003023258268
B0049583646304N11906191WA0183201851004003023254258
B0049593646303N11906195WA0183401852004003023252278
B0050003646302N11906198WA0183401853004003023251274
B0050013646302N11906201WA0183401853004003013253259
B0050023646301N11906203WA0183301854004003014259265
B0050033646300N11906206WA0183201852004003014257260
B0050043646300N11906210WA0183101851004003017256257
B0050053646298N11906214WA0183001851004003021249253
B0050063646297N11906217WA0183001851004003021237242
B0050073646294N11906220WA0182901851004003021223241
B0050083646292N11906223WA0182901851004003021210231
B0050093646289N11906224WA0182801849004003021205237
B0050103646286N11906226WA0182601848004003023203236
B0050113646282N11906228WA0182501847004003028202230
B0050123646277N11906230WA0182401846004003029200230
B0050133646273N11906232WA0182301845004003029197226
B0050143646269N11906233WA0182201845004003029191231
B0050153646264N11906234WA0182201845004003030186205
B0050163646259N11906234WA0182101845004003033182188
B0050173646254N11906233WA0182101845004003036171168
B0050183646248N11906231WA0182001844004003036158156
B0050193646242N11906226WA0181901843004003041148151
B0050203646237N11906220WA0181801842004003045141148
B0050213646231N11906214WA0181701841004003048137147
B0050223646226N11906208WA0181701841004003049135144
B0050233646221N11906201WA0181801841004003049133143
B0050243646216N11906194WA0181801842004003050130145
B0050253646212N11906187WA0181901843004003050128143
B0050263646207N11906179WA0182001843004003048127135
B0050273646203N11906172WA0181901843004003049126144
B0050283646199N11906164WA0181901843004003049123142
B0050293646195N11906156WA0181901842004003050121139
B0050303646191N11906148WA0181801842004003051119134
B0050313646187N11906139WA0181801842004003052119134
B0050323646183N11906131WA0181801842004003052120141
B0050333646179N11906123WA0181801843004003051121142
B0050343646175N11906115WA0181901843004003050122156
B0050353646171N11906107WA0182001843004003050120143
B0050363646168N11906099WA0181901843004003048119138
B0050373646164N11906092WA0181801842004003048120149
B0050383646161N11906084WA0181801842004003048121156
B0050393646157N11906076WA0181801842004003048121155
B0050403646153N11906069WA0181801842004003048121143
B0050413646149N11906061WA0181801842004003047121142
B0050423646146N11906054WA0181801842004003047120148
B0050433646142N11906046WA0181801842004003047117146
B0050443646139N11906038WA0181801842004003047118154
B0050453646135N11906030WA0181801842004003047120152
B0050463646132N11906023WA0181901843004003049122152
B0050473646128N11906015WA0181901844004003049122148
B0050483646124N11906007WA0182001844004003049122133
B0050493646120N11905999WA0182101845004003049120154
B0050503646117N11905992WA0182101845004003048115131
B0050513646114N11905983WA0182101846004003048112145
B0050523646111N11905975WA0182201846004003048113154
B0050533646108N11905968WA0182201847004003046117154
B0050543646105N11905961WA0182301848004003044117147
B0050553646102N11905954WA0182301848004003043115148
B0050563646100N11905946WA0182301848004003045114150
B0050573646097N11905939WA0182301847004003045115156
B0050583646094N11905931WA0182301847004003045114155
B0050593646091N11905923WA0182301847004003045113148
B0051003646088N11905915WA0182301847004003046113153
B0051013646086N11905907WA0182301848004003045112151
B0051023646084N11905900WA0182401848004003045111150
B0051033646081N11905892WA0182401848004003043110154
B0051043646079N11905885WA0182401848004003042111145
B0051053646076N11905878WA0182301848004003042113150
B0051063646074N11905870WA0182301847004003044113152
B0051073646071N11905863WA0182201847004003044114156
B0051083646068N11905855WA0182201846004003044116153
B0051093646065N11905848WA0182101845004003044121151
B0051103646061N11905842WA0182101844004003044124155
B0051113646058N11905835WA0182101845004003042123150
B0051123646054N11905829WA0182101845004003042120153
B0051133646052N11905821WA0182101845004003042116149
B0051143646048N11905814WA0182001844004003043117150
B0051153646045N11905807WA0182001844004003045121155
B0051163646041N11905800WA0182101844004003041123153
B0051173646038N11905794WA0182101845004003041124153
B0051183646035N11905788WA0182201846004003039125154
B0051193646032N11905784WA0182301847004003036131156
B0051203646028N11905781WA0182301847004003032147164
B0051213646025N11905781WA0182401847004003021171181
B0051223646023N11905782WA0182401847004003021197207
B0051233646021N11905783WA0182401848004003017221221
B0051243646021N11905785WA0182501849004003013249236
B0051253646021N11905786WA0182501850004003009275255
B0051263646021N11905788WA0182601850004003009294270
B0051273646022N11905790WA0182501849004003014305279
B0051283646024N11905793WA0182501849004003014309289
B0051293646026N11905796WA0182501849004003020307282
B0051303646028N11905800WA0182501850004003021303284
B0051313646030N11905803WA0182601851004003019302289
B0051323646031N11905805WA0182701852004003019306281
B0051333646033N11905808WA0182801853004003019305258
B0051343646034N11905811WA0182901854004003018290241
B0051353646033N11905813WA0182901854004003015252231
B0051363646031N11905814WA0182901854004003016206220
B0051373646028N11905814WA0182901854004003022176202
B0051383646024N11905812WA0182901855004003022156185
B0051393646020N11905808WA0183001855004003028139172
B0051403646017N11905803WA0183001855004003032123155
B0051413646015N11905796WA0183001855004003040109137
B0051423646014N11905787WA0183001855004003046095115
B0051433646016N11905778WA0183001855004003046080096
B0051443646019N11905770WA0182901854004003049061076
B0051453646025N11905764WA0183001854004003049042051
B0051463646031N11905760WA0183001855004003043024027
B0051473646036N11905759WA0183101855004003043011004
B0051483646041N11905759WA0183101856004003038001349
B0051493646045N11905760WA0183101856004003033350336
B0051503646049N11905761WA0183101856004003029341322
B0051513646053N11905763WA0183101856004003026335310
B0051523646056N11905765WA0183201857004003026335311
B0051533646059N11905767WA0183201857004003025336305
B0051543646062N11905769WA0183201857004003023334311
B0051553646065N11905771WA0183101855004003023327295
B0051563646067N11905774WA0183001854004003021316286
B0051573646069N11905777WA0182801853004003021302268
B0051583646070N11905779WA0182701853004003018274272
B0051593646070N11905782WA0182501851004003015266265
B0052003646069N11905785WA0182401849004003015257272
B0052013646069N11905788WA0182201847004003016252273
B0052023646068N11905791WA0182101846004003016255275
B0052033646068N11905794WA0182001845004003016263278
B0052043646068N11905796WA0181901845004003016270278
B0052053646068N11905799WA0181901844004003013272276
B0052063646068N11905801WA0181801842004003013271269
B0052073646068N11905804WA0181601841004003013274267
B0052083646068N11905807WA0181401839004003015279267
B0052093646069N11905809WA0181301837004003015285269
B0052103646070N11905812WA0181101836004003014292275
B0052113646071N11905814WA0181001834004003015297277
B0052123646071N11905816WA0180901833004003014297274
B0052133646072N11905818WA0180801832004003014294270
B0052143646073N11905821WA0180601830004003013293267
B0052153646074N11905824WA0180501829004003018293268
B0052163646075N11905827WA0180401830004003021305277
B0052173646077N11905830WA0180501830004003021319282
B0052183646080N11905832WA0180501830004003021325281
B0052193646082N11905834WA0180601830004003020322295
B0052203646085N11905836WA0180601829004003020313278
B0052213646087N11905839WA0180601829004003022312282
B0052223646089N11905843WA0180601829004003022307280
B0052233646091N11905846WA0180601829004003023310289
B0052243646093N11905850WA0180601830004003024312268
B0052253646096N11905853WA0180801831004003024312272
B0052263646098N11905856WA0181001833004003024310266
B0052273646100N11905859WA0181201836004003023312284
B0052283646103N11905862WA0181401838004003022315296
B0052293646105N11905865WA0181501839004003022319315
B0052303646108N11905867WA0181701840004003024326318
B0052313646112N11905870WA0181801842004003027334317
B0052323646116N11905871WA0182001844004003027343329
B0052333646121N11905872WA0182201847004003029353320
B0052343646125N11905872WA0182401849004003029000322
B0052353646130N11905872WA0182601850004003032359308
B0052363646135N11905872WA0182701852004003032352307
B0052373646139N11905874WA0182901854004003032339290
B0052383646142N11905877WA0183001855004003028326289
B0052393646144N11905880WA0183101857004003025313279
B0052403646146N11905883WA0183301858004003022304267
B0052413646148N11905887WA0183301858004003022296263
B0052423646148N11905890WA0183301858004003020286265
B0052433646149N11905894WA0183201856004003019277270
B0052443646149N11905897WA0183101855004003019271273
B0052453646149N11905900WA0182901854004003017271274
B0052463646149N11905903WA0182801852004003017272278
B0052473646149N11905907WA0182601850004003017276290
B0052483646150N11905910WA0182401847004003017291282
B0052493646152N11905912WA0182101845004003017306293
B0052503646154N11905915WA0181801842004003021310292
B0052513646156N11905919WA0181601840004003024305307
B0052523646158N11905923WA0181501838004003023300297
B0052533646159N11905926WA0181301837004003023306293
B0052543646161N11905928WA0181201836004003020320278
B0052553646163N11905929WA0181101834004003015324301
B0052563646165N11905931WA0180901832004003016315299
B0052573646167N11905934WA0180701830004003016310291
B0052583646169N11905937WA0180601831004003019315296
B0052593646171N11905939WA0180601831004003020315307
B0053003646172N11905942WA0180601831004003017310311
B0053013646174N11905944WA0180501830004003017306301
B0053023646175N11905946WA0180401829004003015310299
B0053033646177N11905948WA0180301827004003015314300
B0053043646179N11905950WA0180201826004003017319301
B0053053646182N11905952WA0180001825004003021328293
B0053063646185N11905954WA0179901824004003023337291
B0053073646188N11905956WA0179901824004003021333283
B0053083646190N11905958WA0179901824004003021314280
B0053093646192N11905961WA0179901824004003018300281
B0053103646193N11905963WA0179901823004003017302284
B0053113646195N11905966WA0179901823004003020318281
B0053123646197N11905969WA0179901823004003020323285
B0053133646200N11905971WA0180101824004003020318282
B0053143646201N11905973WA0180201825004003017313297
B0053153646203N11905975WA0180201825004003015324298
B0053163646205N11905976WA0180201825004003023343312
B0053173646209N11905977WA0180201824004003023351317
B0053183646213N11905976WA0180301825004003026008320
B0053193646217N11905974WA0180201825004003028025319
B0053203646221N11905971WA0180201825004003027027316
B0053213646225N11905969WA0180101825004003027015314
B0053223646228N11905969WA0179901823004003025000308
B0053233646232N11905971WA0179801822004003025338301
B0053243646234N11905973WA0179801821004003024319289
B0053253646236N11905976WA0179801821004003017303276
B0053263646236N11905978WA0179701821004003017287264
B0053273646236N11905980WA0179701821004003013265266
B0053283646235N11905982WA0179601820004003012243264
B0053293646234N11905985WA0179501818004003012242263
B0053303646233N11905988WA0179401818004003017250261
B0053313646233N11905991WA0179401817004003018258265
B0053323646232N11905995WA0179401817004003018259264
B0053333646232N11905998WA0179401817004003018256273
B0053343646231N11906001WA0179501818004003018253272
B0053353646231N11906004WA0179501819004003017260296
B0053363646231N11906007WA0179601819004003017277291
B0053373646232N11906009WA0179601819004003016295292
B0053383646233N11906012WA0179501818004003016305294
B0053393646235N11906015WA0179501818004003019312290
B0053403646237N11906018WA0179501819004003020314294
B0053413646239N11906020WA0179501819004003020317293
B0053423646242N11906022WA0179601820004003018326294
B0053433646244N11906023WA0179601820004003018335293
B0053443646247N11906025WA0179601819004003018339297
B0053453646250N11906026WA0179501818004003021334298
B0053463646253N11906029WA0179401817004003022329300
B0053473646256N11906031WA0179401817004003022327294
B0053483646258N11906033WA0179201816004003022321292
B0053493646260N11906036WA0179101815004003022309287
B0053503646262N11906040WA0179101814004003021302286
B0053513646264N11906043WA0179101815004003021304298
B0053523646266N11906046WA0179101815004003021308292
B0053533646267N11906049WA0179101814004003019306284
B0053543646269N11906052WA0179001813004003019297278
B0053553646269N11906056WA0178901811004003022286265
B0053563646270N11906060WA0178801810004003022275257
B0053573646269N11906064WA0178601809004003022262239
B0053583646268N11906067WA0178501808004003021244227
B0053593646266N11906069WA0178501808004003019219211
B0054003646263N11906070WA0178501807004003023187196
B0054013646258N11906068WA0178401806004003030161181
B0054023646254N11906064WA0178301805004003030143164
B0054033646250N11906060WA0178301805004003036132167
B0054043646247N11906054WA0178401806004003037124157
B0054053646244N11906048WA0178401806004003037120147
B0054063646241N11906042WA0178301805004003037124147
B0054073646237N11906036WA0178101804004003038129152
B0054083646234N11906030WA0178101804004003040135155
B0054093646229N11906024WA0178201805004003041136170
B0054103646225N11906019WA0178301807004003041135162
B0054113646221N11906014WA0178401809004003039136170
B0054123646217N11906010WA0178601810004003038136174
B0054133646213N11906005WA0178701810004003038133154
B0054143646209N11905999WA0178701810004003039133146
B0054153646204N11905995WA0178801811004003039137167
B0054163646200N11905991WA0178701811004003037144172
B0054173646196N11905987WA0178701810004003036148169
B0054183646191N11905984WA0178701810004003036151177
B0054193646186N11905981WA0178701810004003037152175
B0054203646181N11905978WA0178701810004003037151173
B0054213646177N11905975WA0178801810004003036150180
B0054223646172N11905972WA0178801811004003034149170
B0054233646168N11905969WA0178801811004003033148177
B0054243646164N11905965WA0178801811004003032146178
B0054253646160N11905961WA0178801811004003033142176
B0054263646157N11905957WA0178801812004003033140168
B0054273646153N11905953WA0178901812004003033138171
B0054283646149N11905949WA0178801811004003033138172
B0054293646145N11905945WA0178801811004003035141168
B0054303646141N11905941WA0178901812004003038143178
B0054313646136N11905937WA0179101812004003037137169
B0054323646132N11905932WA0179201814004003037132168
B0054333646129N11905927WA0179201814004003036130162
B0054343646125N11905922WA0179301814004003036132166
B0054353646121N11905917WA0179301814004003038135166
B0054363646117N11905911WA0179401815004003038134161
B0054373646113N11905906WA0179401816004003039132168
B0054383646109N11905900WA0179401816004003039131167
B0054393646105N11905895WA0179401816004003041132171
B0054403646101N11905889WA0179401816004003042132159
B0054413646097N11905883WA0179401816004003042130152
B0054423646093N11905876WA0179401817004003043127138
B0054433646089N11905869WA0179501817004003045123120
B0054443646085N11905862WA0179501818004003045120130
B0054453646082N11905854WA0179601819004003045118136
B0054463646079N11905847WA0179701819004003045116152
B0054473646076N11905839WA0179801820004003045115133
B0054483646074N11905832WA0179901822004003044113144
B0054493646071N11905824WA0180101824004003044110153
B0054503646069N11905817WA0180401827004003044111152
B0054513646067N11905810WA0180601830004003041115155
B0054523646064N11905804WA0180801829004003037120143
B0054533646062N11905800WA0180901830004003033123151
B0054543646058N11905795WA0180901830004003035128159
B0054553646055N11905789WA0180901830004003038132167
B0054563646050N11905784WA0181001831004003038136171
B0054573646046N11905780WA0181101833004003038137167
B0054583646042N11905775WA0181201834004003038139164
B0054593646038N11905771WA0181301835004003037139168
B0055003646033N11905766WA0181301835004003039140173
B0055013646028N11905761WA0181401836004003039140180
B0055023646024N11905757WA0181401836004003039141179
B0055033646019N11905753WA0181601838004003038144182
B0055043646015N11905750WA0181701839004003034149187
B0055053646010N11905747WA0181801841004003034157194
B0055063646006N11905746WA0182001842004003033168201
B0055073646002N11905747WA0182101844004003030185207
B0055083645999N11905748WA0182201845004003025205220
B0055093645997N11905751WA0182401847004003020222229
B0055103645995N11905754WA0182401848004003020228238
B0055113645993N11905756WA0182601850004003020215226
B0055123645990N11905758WA0182601849004003020186221
B0055133645986N11905758WA0182601849004003024176214
B0055143645982N11905757WA0182601848004003030173212
B0055153645977N11905757WA0182501848004003030182215
B0055163645973N11905758WA0182401847004003029193217
B0055173645969N11905759WA0182401848004003029193225
B0055183645965N11905760WA0182601849004003029187217
B0055193645960N11905761WA0182701850004003032182201
B0055203645955N11905760WA0182801852004003032173190
B0055213645950N11905758WA0182901852004003032164177
B0055223645945N11905756WA0182901853004003034156168
B0055233645940N11905752WA0183001854004003036148149
B0055243645935N11905747WA0183101854004003042138139
B0055253645931N11905740WA0183201855004003046126120
B0055263645928N11905732WA0183201856004003046113108
B0055273645927N11905724WA0183301856004003046099094
B0055283645928N11905716WA0183201856004003043085085
B0055293645930N11905709WA0183101855004003041069067
B0055303645933N11905703WA0182901853004003041053049
B0055313645938N11905699WA0182801852004003041032029
B0055323645943N11905696WA0182801853004003039356004
B0055333645946N11905698WA0182901854004003028333329
B0055343645947N11905702WA0183001855004003017287304
B0055353645945N11905705WA0183101856004003019238271
B0055363645942N11905708WA0183101856004003019219245
B0055373645939N11905710WA0183201857004003024209230
B0055383645935N11905713WA0183201857004003026204223
B0055393645931N11905715WA0183201857004003031201219
B0055403645926N11905717WA0183301858004003031199219
B0055413645922N11905719WA0183301858004003031198230
B0055423645918N11905721WA0183301858004003030202232
B0055433645915N11905724WA0183401859004003028211231
B0055443645912N11905727WA0183401859004003024220253
B0055453645910N11905729WA0183501860004003024222269
B0055463645908N11905731WA0183501860004003018219263
B0055473645907N11905733WA0183401859004003015228257
B0055483645905N11905735WA0183201859004003015251254
B0055493645905N11905739WA0183101857004003018265267
B0055503645906N11905742WA0183001856004003018276271
B0055513645906N11905745WA0183001856004003018280277
B0055523645907N11905748WA0183001856004003016285281
B0055533645908N11905751WA0182901855004003016296287
B0055543645910N11905753WA0182901855004003018307289
B0055553645912N11905756WA0182801854004003020313297
B0055563645914N11905759WA0182801854004003020314295
B0055573645916N11905762WA0182801853004003021314294
B0055583645919N11905765WA0182701853004003022313290
B0055593645921N11905768WA0182601852004003024310291
B0056003645923N11905772WA0182601852004003025307289
B0056013645925N11905776WA0182501851004003025307294
B0056023645928N11905779WA0182601851004003025309288
B0056033645930N11905782WA0182601851004003024310287
B0056043645932N11905786WA0182601851004003022309283
B0056053645934N11905789WA0182601851004003022312295
B0056063645937N11905791WA0182601851004003022318297
B0056073645940N11905794WA0182601851004003022322296
B0056083645942N11905797WA0182601851004003023322292
B0056093645945N11905800WA0182501850004003024320291
B0056103645948N11905803WA0182401850004003026318285
B0056113645951N11905806WA0182401850004003026316288
B0056123645954N11905810WA0182501850004003026315282
B0056133645956N11905813WA0182601852004003026313293
B0056143645958N11905816WA0182801854004003020309294
B0056153645959N11905818WA0183001856004003020308296
B0056163645960N11905819WA0183101857004003014310278
B0056173645961N11905821WA0183101857004003013303280
B0056183645963N11905824WA0183201857004003013294289
B0056193645964N11905827WA0183301858004003017293285
B0056203645965N11905830WA0183401860004003017300284
B0056213645966N11905832WA0183501861004003017309276
B0056223645968N11905835WA0183701863004003017307267
B0056233645969N11905837WA0183801864004003016293249
B0056243645968N11905840WA0183901865004003013260240
B0056253645967N11905842WA0183901865004003017219230
B0056263645963N11905843WA0184001865004003017196210
B0056273645958N11905843WA0184001865004003025177197
B0056283645953N11905840WA0184101866004003031159186
B0056293645947N11905836WA0184201868004003045147166
B0056303645942N11905829WA0184401870004003047135148
B0056313645939N11905822WA0184501871004003047119134
B0056323645935N11905814WA0184601871004003047109119
B0056333645934N11905805WA0184601870004003047079105
B0056343645938N11905797WA0184501870004003049062068
B0056353645942N11905789WA0184601871004003049043047
B0056363645947N11905785WA0184801871004003038024024
B0056373645951N11905784WA0184901873004003029014359
B0056383645954N11905785WA0185001874004003023003343
B0056393645958N11905785WA0185001874004003020356327
B0056403645961N11905786WA0185001874004003020348316
B0056413645963N11905788WA0185001875004003019335308
B0056423645966N11905789WA0185101875004003018324298
B0056433645968N11905792WA0185101875004003017318288
B0056443645970N11905794WA0185101876004003018308283
B0056453645971N11905797WA0185201877004003018291273
B0056463645971N11905801WA0185201877004003018270270
B0056473645971N11905804WA0185301878004003018254274
B0056483645970N11905807WA0185401879004003018247281
B0056493645969N11905810WA0185601881004003018248263
B0056503645968N11905813WA0185701882004003018254260
B0056513645967N11905817WA0185801884004003018255266
B0056523645967N11905821WA0186001886004003019254265
B0056533645966N11905824WA0186301889004003020256252
B0056543645966N11905827WA0186501892004003014262277
B0056553645966N11905829WA0186701894004003014265277
B0056563645965N11905831WA0186901896004003012260260
B0056573645965N11905834WA0187001897004003012250228
B0056583645963N11905836WA0187101898004003016225217
B0056593645959N11905837WA0187201899004003026191201
B0057003645954N11905835WA0187201899004003035163183
B0057013645949N11905831WA0187401900004003035144164
B0057023645943N11905826WA0187501900004003043127143
B0057033645941N11905818WA0187601902004003044113122
B0057043645938N11905809WA0187701902004003046094107
B0057053645940N11905800WA0187701901004003050076082
B0057063645943N11905791WA0187801902004003048055057
B0057073645948N11905785WA0187901902004003048035031
B0057083645954N11905781WA0188001902004003042010009
B0057093645958N11905782WA0188101904004003029356342
B0057103645962N11905784WA0188201906004003029340324
B0057113645966N11905786WA0188401909004003025331313
B0057123645968N11905788WA0188501910004003021321298
B0057133645971N11905792WA0188701912004003021310288
B0057143645972N11905795WA0188801913004003023300276
B0057153645974N11905799WA0189001916004003023291273
B0057163645975N11905803WA0189201919004003020283279
B0057173645975N11905806WA0189501921004003019280292
B0057183645976N11905809WA0189701923004003019283291
B0057193645977N11905812WA0189801925004003017298292
B0057203645979N11905815WA0189901925004003017316276
B0057213645981N11905817WA0189901925004003017306262
B0057223645981N11905820WA0189901925004003016282262
B0057233645980N11905823WA0189901924004003016244259
B0057243645977N11905827WA0189901924004003027226259
B0057253645974N11905831WA0190001924004003027225261
B0057263645972N11905834WA0190101925004003026223271
B0057273645970N11905836WA0190201927004003023219257
B0057283645968N11905838WA0190201926004003019220250
B0057293645966N11905841WA0190101927004003020225251
B0057303645963N11905844WA0190001926004003023231246
B0057313645961N11905847WA0190001926004003023219230
B0057323645958N11905850WA0190101927004003024203218
B0057333645954N11905851WA0190201928004003027194209
B0057343645949N11905852WA0190201928004003034186215
B0057353645943N11905852WA0190301929004003034185237
B0057363645939N11905853WA0190301929004003034190238
B0057373645936N11905855WA0190201928004003029202244
B0057383645933N11905857WA0190101927004003024217246
B0057393645932N11905860WA0190001927004003019235251
B0057403645931N11905864WA0190001926004003020249261
B0057413645929N11905867WA0190001927004003019252268
B0057423645929N11905870WA0190101928004003019249271
B0057433645928N11905873WA0190101929004003017245274
B0057443645927N11905875WA0190201929004003014251275
B0057453645927N11905878WA0190201929004003014265281
B0057463645927N11905880WA0190101929004003014280278
B0057473645928N11905883WA0190101929004003013287262
B0057483645928N11905885WA0190101930004003013273249
B0057493645927N11905887WA0190201930004003014238238
B0057503645924N11905889WA0190201930004003018208230
B0057513645921N11905890WA0190201930004003018187217
B0057523645916N11905889WA0190201930004003024173201
B0057533645912N11905887WA0190201930004003029164183
B0057543645906N11905884WA0190101930004003040155171
B0057553645901N11905879WA0190101929004003045142156
B0057563645896N11905872WA0190101929004003045132145
B0057573645891N11905865WA0190101929004003049126139
B0057583645888N11905858WA0190101930004003049122129
B0057593645884N11905850WA0190201931004003046117112
B0058003645882N11905842WA0190201931004003046108106
B0058013645881N11905833WA0190101929004003046098099
B0058023645881N11905824WA0190001928004003047090087
B0058033645882N11905814WA0189901927004003050082075
B0058043645884N11905806WA0189801927004003049072065
B0058053645888N11905798WA0189801926004003049062054
B0058063645891N11905792WA0189701926004003045055043
B0058073645894N11905786WA0189701926004003041043033
B0058083645898N11905782WA0189701925004003036036015
B0058093645902N11905781WA0189601925004003027022004
B0058103645905N11905780WA0189601924004003027003340
B0058113645907N11905782WA0189501923004003020336327
B0058123645909N11905784WA0189401923004003015306301
B0058133645909N11905786WA0189401922004003013282283
B0058143645909N11905789WA0189301922004003014271275
B0058153645909N11905792WA0189301921004003014270272
B0058163645909N11905794WA0189201921004003014270282
B0058173645909N11905797WA0189201920004003014271275
B0058183645909N11905801WA0189101919004003018272284
B0058193645909N11905804WA0189101920004003018268280
B0058203645909N11905807WA0189201920004003017262280
B0058213645909N11905809WA0189201920004003015258276
B0058223645908N11905811WA0189101920004003013260278
B0058233645908N11905814WA0189101920004003012260289
B0058243645907N11905816WA0189101920004003012250265
B0058253645906N11905818WA0189101920004003012240272
B0058263645905N11905820WA0189101919004003012233260
B0058273645904N11905822WA0189001919004003014232260
B0058283645902N11905825WA0189001919004003017234262
B0058293645901N11905827WA0189001919004003017232261
B0058303645899N11905830WA0189001919004003017232264
B0058313645898N11905833WA0189001918004003018235265
B0058323645896N11905836WA0189001919004003019231271
B0058333645894N11905838WA0189001919004003019222267
B0058343645891N11905841WA0189001918004003020218262
B0058353645889N11905843WA0188901918004003019219268
B0058363645887N11905845WA0188901917004003019224270
B0058373645886N11905848WA0188801916004003018231266
B0058383645884N11905850WA0188701915004003017241265
B0058393645883N11905854WA0188601914004003018250273
B0058403645883N11905857WA0188501913004003018254282
B0058413645882N11905860WA0188401913004003018257280
B0058423645882N11905863WA0188401912004003017263287
B0058433645882N11905865WA0188301912004003015267283
B0058443645882N11905868WA0188201910004003016270276
B0058453645882N11905872WA0188101909004003016272284
B0058463645882N11905875WA0188001908004003017270277
B0058473645882N11905879WA0187901908004003019268278
B0058483645882N11905882WA0187901907004003018265269
B0058493645881N11905885WA0187801907004003018262268
B0058503645881N11905888WA0187801906004003016261273
B0058513645881N11905891WA0187701905004003016261279
B0058523645880N11905894WA0187601905004003017262283
B0058533645880N11905898WA0187501903004003019261279
B0058543645879N11905902WA0187401903004003021256279
B0058553645878N11905905WA0187401903004003021244274
B0058563645876N11905909WA0187401903004003021236281
B0058573645875N11905911WA0187401903004003021238272
B0058583645874N11905915WA0187401903004003017251276
B0058593645873N11905918WA0187301901004003019257276
B0059003645873N11905921WA0187201901004003019254282
B0059013645872N11905925WA0187101900004003019252270
B0059023645871N11905928WA0187001899004003019258282
B0059033645871N11905931WA0186901898004003017264274
B0059043645871N11905935WA0186801897004003018263280
B0059053645870N11905938WA0186601895004003018260270
B0059063645870N11905943WA0186501894004003021260277
B0059073645869N11905947WA0186501894004003022261275
B0059083645869N11905951WA0186501894004003020258277
B0059093645868N11905954WA0186501894004003020249274
B0059103645867N11905956WA0186401892004003017240279
B0059113645865N11905959WA0186101892004003015245281
B0059123645865N11905962WA0185901889004003015248280
B0059133645864N11905965WA0185801889004003021255275
B0059143645863N11905969WA0185701889004003021257279
B0059153645862N11905972WA0185801890004003021256282
B0059163645862N11905975WA0185801890004003019252279
B0059173645861N11905978WA0185801890004003015251279
B0059183645860N11905980WA0185701889004003015252277
B0059193645860N11905983WA0185601887004003016252279
B0059203645859N11905986WA0185501886004003016251275
B0059213645858N11905989WA0185501885004003017251280
B0059223645857N11905992WA0185401885004003017251277
B0059233645856N11905995WA0185401885004003016250289
B0059243645856N11905998WA0185401885004003016246288
B0059253645855N11906000WA0185401884004003014247278
B0059263645854N11906002WA0185301884004003013254279
B0059273645854N11906005WA0185301883004003013268279
B0059283645854N11906008WA0185301883004003015273280
B0059293645854N11906010WA0185301883004003015271281
B0059303645854N11906013WA0185301883004003014266288
B0059313645854N11906015WA0185301883004003014265285
B0059323645854N11906018WA0185301883004003014263282
B0059333645854N11906021WA0185301883004003014260286
B0059343645853N11906023WA0185301882004003014254277
B0059353645852N11906026WA0185301882004003014251276
B0059363645851N11906029WA0185301881004003014252267
B0059373645850N11906033WA0185201881004003017248256
B0059383645849N11906037WA0185301881004003027233250
B0059393645846N11906041WA0185501882004003027220256
B0059403645843N11906044WA0185701885004003024216252
B0059413645841N11906046WA0185801884004003022221273
B0059423645839N11906048WA0185901884004003018225270
B0059433645837N11906051WA0185901884004003017232266
B0059443645836N11906053WA0185901885004003018239268
B0059453645835N11906056WA0185901885004003018246277
B0059463645834N11906060WA0185901886004003018254274
B0059473645834N11906063WA0186001887004003018263279
B0059483645834N11906065WA0186101888004003015275278
B0059493645835N11906068WA0186201889004003015291284
B0059503645836N11906070WA0186301890004003014305288
B0059513645837N11906072WA0186301890004003014314292
B0059523645839N11906074WA0186301890004003014311288
B0059533645840N11906076WA0186301889004003016288282
B0059543645839N11906080WA0186301889004003020267280
B0059553645839N11906084WA0186201888004003020260281
B0059563645838N11906089WA0186201889004003021261287
B0059573645838N11906092WA0186401891004003021261277
B0059583645837N11906095WA0186401890004003017255272
B0059593645837N11906098WA0186401889004003017255280
B0100003645836N11906101WA0186301888004003016261291
B0100013645836N11906104WA0186201887004003015268283
B0100023645836N11906107WA0186001885004003015269285
B0100033645836N11906110WA0185901884004003019266282
B0100043645836N11906114WA0185701883004003021266285
B0100053645836N11906118WA0185601882004003021266285
B0100063645835N11906122WA0185501881004003021265293
B0100073645835N11906126WA0185401879004003021263287
B0100083645835N11906130WA0185301879004003022266287
B0100093645835N11906134WA0185301878004003022271285
B0100103645835N11906137WA0185101877004003021273286
B0100113645835N11906141WA0185001876004003020271288
B0100123645835N11906145WA0184901874004003019268285
B0100133645835N11906148WA0184801872004003021265284
B0100143645834N11906152WA0184601871004003022257282
B0100153645833N11906156WA0184501869004003022249279
B0100163645832N11906160WA0184301868004003022247263
B0100173645831N11906163WA0184201867004003021255274
B0100183645831N11906166WA0184101866004003016263277
B0100193645830N11906170WA0184001865004003018265280
B0100203645830N11906174WA0183901864004003018267285
B0100213645830N11906178WA0183901864004003021270279
B0100223645831N11906182WA0183901864004003021278288
B0100233645832N11906185WA0183901864004003021286295
B0100243645833N11906188WA0183901863004003020287282
B0100253645833N11906193WA0183801862004003020280266
B0100263645833N11906197WA0183701862004003025273268
B0100273645833N11906202WA0183701861004003026260270
B0100283645831N11906207WA0183701862004003026249255
B0100293645830N11906211WA0183701862004003026252272
B0100303645830N11906216WA0183701863004003025259266
B0100313645829N11906221WA0183801863004003026261269
B0100323645828N11906226WA0183901864004003026259267
B0100333645827N11906231WA0184001865004003028258291
B0100343645827N11906237WA0184201868004003029261289
B0100353645827N11906241WA0184401870004003024276303
B0100363645829N11906244WA0184601872004003024297301
B0100373645830N11906247WA0184701872004003019314301
B0100383645832N11906249WA0184701871004003019311293
B0100393645834N11906252WA0184601870004003019306283
B0100403645835N11906255WA0184601870004003019290281
B0100413645835N11906259WA0184501869004003019270278
B0100423645835N11906262WA0184401867004003019263293
B0100433645835N11906266WA0184301866004003020268290
B0100443645835N11906270WA0184101865004003020274288
B0100453645835N11906273WA0184101864004003019274284
B0100463645836N11906277WA0184001863004003019274284
B0100473645836N11906280WA0183801862004003018275287
B0100483645836N11906284WA0183701861004003018279295
B0100493645837N11906288WA0183601859004003020285298
B0100503645839N11906291WA0183501859004003022293300
B0100513645840N11906295WA0183501859004003022301296
B0100523645842N11906298WA0183601860004003022301314
B0100533645842N11906300WA0183701861004003019287289
B0100543645843N11906302WA0183701860004003013263298
B0100553645843N11906304WA0183501860004003011259286
B0100563645842N11906306WA0183401859004003016271281
B0100573645843N11906310WA0183301858004003016278284
B0100583645843N11906313WA0183201858004003019283284
B0100593645844N11906318WA0183301859004003020285294
B0101003645845N11906321WA0183401860004003019289304
B0101013645846N11906324WA0183501861004003019294304
B0101023645847N11906326WA0183501861004003017297299
B0101033645848N11906329WA0183401860004003017298300
B0101043645850N11906333WA0183401860004003018293292
B0101053645850N11906336WA0183401861004003019283299
B0101063645851N11906339WA0183501861004003019276302
B0101073645851N11906342WA0183501861004003016274297
B0101083645851N11906345WA0183501860004003015272291
B0101093645851N11906348WA0183401860004003015268288
B0101103645851N11906351WA0183301859004003017267282
B0101113645851N11906355WA0183201858004003019271287
B0101123645851N11906358WA0183201858004003018271292
B0101133645851N11906361WA0183201857004003018270282
B0101143645851N11906365WA0183101857004003018275289
B0101153645852N11906368WA0183101857004003016280293
B0101163645852N11906370WA0183101857004003016285280
B0101173645853N11906373WA0183001856004003016287285
B0101183645853N11906377WA0183001855004003017276287
B0101193645853N11906380WA0183001855004003018261280
B0101203645852N11906383WA0182901855004003018257279
B0101213645852N11906387WA0182701853004003019253281
B0101223645851N11906390WA0182701852004003019257286
B0101233645851N11906394WA0182601852004003019264286
B0101243645851N11906397WA0182601852004003019270295
B0101253645851N11906400WA0182601852004003018272300
B0101263645851N11906403WA0182701852004003018277307
B0101273645852N11906406WA0182601852004003016294303
B0101283645853N11906408WA0182501851004003016317303
B0101293645856N11906410WA0182501850004003018326310
B0101303645858N11906412WA0182401851004003020330312
B0101313645861N11906413WA0182501851004003020339312
B0101323645863N11906414WA0182501852004003018343315
B0101333645866N11906415WA0182601852004003017341310
B0101343645868N11906416WA0182601852004003017333310
B0101353645870N11906418WA0182701853004003018331319
B0101363645873N11906419WA0182701854004003018340322
B0101373645876N11906419WA0182801854004003018355323
B0101383645878N11906419WA0182801854004003018355310
B0101393645882N11906420WA0182801855004003020347303
B0101403645885N11906422WA0183001856004003022336315
B0101413645888N11906424WA0183001856004003022334300
B0101423645890N11906424WA0183001857004003020348299
B0101433645892N11906424WA0183001856004003017011294
B0101443645895N11906423WA0182801854004003016016297
B0101453645898N11906423WA0182601851004003019000289
B0101463645901N11906424WA0182401849004003024343293
B0101473645904N11906425WA0182401849004003024326290
B0101483645907N11906428WA0182501851004003024307289
B0101493645909N11906431WA0182601851004003020295280
B0101503645910N11906434WA0182701853004003012295278
B0101513645910N11906436WA0182801853004003012309282
B0101523645911N11906437WA0182801852004003012311282
B0101533645913N11906440WA0182801852004003013302281
B0101543645913N11906443WA0182801853004003015292278
B0101553645914N11906445WA0182901854004003014283271
B0101563645914N11906448WA0182901854004003014267263
B0101573645914N11906450WA0182901854004003014262260
B0101583645913N11906454WA0182901852004003015259258
B0101593645913N11906457WA0182801852004003018258261
B0102003645912N11906461WA0182801852004003022256264
B0102013645911N11906465WA0182801853004003022254263
B0102023645910N11906468WA0182901853004003020251268
B0102033645909N11906471WA0182801853004003018250265
B0102043645909N11906474WA0182801852004003016253268
B0102053645908N11906477WA0182701850004003017259267
B0102063645908N11906480WA0182501849004003018265271
B0102073645908N11906484WA0182301848004003018267267
B0102083645907N11906488WA0182301847004003020263265
B0102093645907N11906491WA0182201847004003020257262
B0102103645906N11906494WA0182201846004003019255262
B0102113645905N11906498WA0182001844004003019257269
B0102123645905N11906502WA0181901843004003019262274
B0102133645905N11906505WA0181801842004003020267270
B0102143645905N11906509WA0181701842004003020271274
B0102153645905N11906512WA0181601841004003017277267
B0102163645905N11906515WA0181501841004003017280277
B0102173645906N11906518WA0181301838004003017281277
B0102183645907N11906522WA0181101836004003017282276
B0102193645907N11906526WA0180901834004003020282278
B0102203645908N11906529WA0180801833004003020282275
B0102213645908N11906533WA0180701832004003020280276
B0102223645909N11906536WA0180501830004003018280281
B0102233645909N11906539WA0180301828004003017282277
B0102243645910N11906542WA0180101825004003017285278
B0102253645911N11906546WA0179801825004003020287279
B0102263645912N11906550WA0179601823004003022287276
B0102273645913N11906554WA0179401820004003022284262
B0102283645913N11906558WA0179201818004003022276251
B0102293645913N11906562WA0179001816004003022268257
B0102303645913N11906566WA0178801813004003022263252
B0102313645913N11906569WA0178601811004003021263266
B0102323645912N11906573WA0178301808004003019266255
B0102333645913N11906576WA0178201806004003018274255
B0102343645913N11906580WA0178101806004003023287262
B0102353645914N11906584WA0178101807004003023291273
B0102363645916N11906588WA0178101807004003023297276
B0102373645917N11906591WA0178201808004003020302282
B0102383645919N11906593WA0178301808004003018306286
B0102393645920N11906595WA0178301808004003016305280
B0102403645922N11906598WA0178201807004003017307271
B0102413645923N11906600WA0178101805004003017303264
B0102423645924N11906604WA0178001804004003018291257
B0102433645925N11906608WA0177901803004003020280255
B0102443645925N11906612WA0177801803004003022276264
B0102453645926N11906616WA0177801802004003022278260
B0102463645926N11906620WA0177801802004003021279263
B0102473645927N11906624WA0177801802004003021278259
B0102483645927N11906628WA0177901803004003022278255
B0102493645928N11906632WA0177901803004003020279270
B0102503645928N11906635WA0178001804004003020281264
B0102513645929N11906638WA0178001804004003018285266
B0102523645930N11906642WA0178001804004003018287264
B0102533645931N11906645WA0178101805004003019286249
B0102543645931N11906648WA0178101805004003018276232
B0102553645930N11906651WA0178101805004003018250218
B0102563645929N11906655WA0178001804004003018214217
B0102573645925N11906657WA0177901803004003026204206
B0102583645920N11906658WA0177801802004003031189198
B0102593645914N11906659WA0177801802004003039164189
B0103003645909N11906655WA0177801802004003042155171
B0103013645903N11906650WA0177801803004003042142159
B0103023645899N11906643WA0177901804004003044130150
B0103033645895N11906636WA0178001804004003044119137
B0103043645893N11906629WA0178001805004003042108125
B0103053645892N11906621WA0178001805004003042098113
B0103063645893N11906613WA0178001805004003041086096
B0103073645894N11906606WA0178101804004003040076078
B0103083645896N11906599WA0178101805004003040068061
B0103093645899N11906593WA0178101805004003039061051
B0103103645902N11906587WA0178101805004003039054040
B0103113645905N11906583WA0178101805004003035048032
B0103123645908N11906579WA0178101805004003032041022
B0103133645912N11906575WA0178001804004003032034012
B0103143645917N11906573WA0178001803004003032027005
B0103153645921N11906571WA0177901803004003032016359
B0103163645925N11906571WA0177901802004003030001349
B0103173645929N11906571WA0177801802004003028346337
B0103183645933N11906573WA0177801802004003028341320
B0103193645937N11906575WA0177701801004003026337314
B0103203645940N11906577WA0177701802004003026334307
B0103213645943N11906579WA0177701802004003025332309
B0103223645946N11906581WA0177801802004003024331306
B0103233645949N11906583WA0177801802004003024331306
B0103243645953N11906585WA0177801803004003023336315
B0103253645956N11906586WA0177901803004003023347320
B0103263645959N11906586WA0178001804004003023000330
B0103273645963N11906586WA0177901804004003023016335
B0103283645966N11906584WA0177901802004003024017330
B0103293645970N11906583WA0177701801004003026012319
B0103303645974N11906583WA0177601800004003027004317
B0103313645978N11906583WA0177601799004003027351318
B0103323645982N11906584WA0177601800004003027339314
B0103333645984N11906586WA0177701801004003023325310
B0103343645985N11906588WA0177801802004003013308311
B0103353645986N11906590WA0177801801004003013301299
B0103363645987N11906591WA0177701801004003008316300
B0103373645988N11906592WA0177501799004003008326292
B0103383645989N11906593WA0177101798004003011324284
B0103393645992N11906596WA0176801794004003024320290
B0103403645995N11906600WA0176601794004003031316281
B0103413645998N11906604WA0176601795004003028315287
B0103423646001N11906608WA0176701795004003028314321
B0103433646003N11906610WA0176901796004003022322299
B0103443646005N11906611WA0176901795004003013346335
B0103453646007N11906611WA0176901794004003017356310
B0103463646010N11906611WA0176801793004003017357317
B0103473646014N11906612WA0176701792004003021347297
B0103483646017N11906614WA0176701791004003025331300
B0103493646020N11906618WA0176701791004003025316292
B0103503646022N11906621WA0176701792004003025317292
B0103513646025N11906622WA0176801793004003024328293
B0103523646027N11906624WA0176801792004003020331299
B0103533646029N11906626WA0176801791004003018323300
B0103543646031N11906629WA0176601789004003020310300
B0103553646033N11906632WA0176501788004003023302288
B0103563646035N11906636WA0176401787004003023299286
B0103573646036N11906640WA0176401787004003023295280
B0103583646037N11906643WA0176301786004003022291278
B0103593646039N11906647WA0176201785004003021292277
B0104003646040N11906651WA0176201785004003021298285
B0104013646042N11906654WA0176201784004003021309290
B0104023646044N11906656WA0176101784004003020319287
B0104033646047N11906658WA0176101784004003020322287
B0104043646050N11906662WA0176201784004003024315286
B0104053646052N11906665WA0176201784004003024308280
B0104063646054N11906669WA0176301786004003024308291
B0104073646056N11906672WA0176401787004003023309277
B0104083646058N11906675WA0176501788004003022312282
B0104093646061N11906678WA0176601789004003022315288
B0104103646063N11906681WA0176701790004003023315289
B0104113646066N11906684WA0176701790004003023313290
B0104123646068N11906687WA0176801790004003024309291
B0104133646070N11906691WA0176801790004003024304291
B0104143646072N11906695WA0176801790004003025301295
B0104153646074N11906699WA0176901791004003025301289
B0104163646076N11906702WA0176901791004003024304288
B0104173646078N11906706WA0176901791004003024305279
B0104183646080N11906710WA0176901791004003025298261
B0104193646080N11906715WA0176901792004003025276254
B0104203646078N11906719WA0177001791004003026241239
B0104213646077N11906723WA0176901791004003026214223
B0104223646072N11906725WA0176801791004003029194209
B0104233646067N11906724WA0176801791004003033171191
B0104243646061N11906722WA0176701790004003039148173
B0104253646057N11906717WA0176601789004003042137147
B0104263646052N11906710WA0176501789004003042125134
B0104273646050N11906702WA0176401788004003042105120
B0104283646050N11906695WA0176301788004003041083096
B0104293646053N11906688WA0176301787004003037066070
B0104303646056N11906682WA0176201786004003037055049
B0104313646060N11906678WA0176101786004003036041037
B0104323646064N11906675WA0176101785004003035024022
B0104333646070N11906674WA0176001784004003035005005
B0104343646075N11906674WA0176101784004003035347349
B0104353646080N11906676WA0176201785004003034340334
B0104363646084N11906678WA0176301786004003032337328
B0104373646089N11906681WA0176501788004003031335324
B0104383646092N11906683WA0176601789004003029333322
B0104393646096N11906685WA0176701790004003029336319
B0104403646100N11906686WA0176801790004003028346322
B0104413646104N11906686WA0176801790004003028000325
B0104423646109N11906686WA0176801790004003028007327
B0104433646113N11906685WA0176701790004003027004325
B0104443646116N11906686WA0176701790004003027351321
B0104453646119N11906688WA0176701790004003024328317
B0104463646121N11906691WA0176701789004003020307303
B0104473646122N11906694WA0176701789004003020302292
B0104483646124N11906698WA0176601788004003022303290
B0104493646126N11906702WA0176601789004003023302287
B0104503646128N11906705WA0176701789004003023303289
B0104513646130N11906708WA0176801791004003023305292
B0104523646131N11906711WA0176901792004003021306290
B0104533646133N11906714WA0177001793004003017308291
B0104543646135N11906716WA0177001793004003019318293
B0104553646138N11906718WA0177001793004003019329300
B0104563646141N11906720WA0177001793004003022335310
B0104573646144N11906722WA0177101794004003022335316
B0104583646147N11906723WA0177101794004003020337311
B0104593646150N11906724WA0177201795004003022343316
B0105003646153N11906725WA0177401797004003020346317
B0105013646155N11906726WA0177501798004003019345318
B0105023646157N11906726WA0177501797004003015332318
B0105033646158N11906727WA0177501797004003014325307
B0105043646160N11906729WA0177301795004003015323303
B0105053646162N11906731WA0177201794004003015321305
B0105063646164N11906733WA0177201794004003016314302
B0105073646166N11906735WA0177201794004003016315296
B0105083646167N11906737WA0177201794004003013324290
B0105093646169N11906738WA0177101793004003013334293
B0105103646171N11906739WA0177001792004003013333297
B0105113646173N11906741WA0176901790004003014324298
B0105123646174N11906743WA0176801790004003015315296
B0105133646176N11906745WA0176801790004003016307295
B0105143646177N11906747WA0176801790004003016306292
B0105153646178N11906749WA0176701789004003015313290
B0105163646180N11906751WA0176701789004003015320289
B0105173646182N11906753WA0176701789004003017323293
B0105183646184N11906755WA0176701789004003017322298
B0105193646186N11906757WA0176801789004003017318301
B0105203646188N11906759WA0176801789004003016313298
B0105213646189N11906761WA0176701789004003014312297
B0105223646190N11906763WA0176501788004003014314293
B0105233646192N11906765WA0176301786004003018312295
B0105243646194N11906769WA0176201785004003022310295
B0105253646197N11906772WA0176201785004003022313297
B0105263646199N11906775WA0176201785004003022320300
B0105273646201N11906776WA0176301786004003018324303
B0105283646203N11906778WA0176401786004003016329305
B0105293646205N11906779WA0176301785004003017330308
B0105303646208N11906781WA0176301785004003017331309
B0105313646210N11906783WA0176201784004003019334311
B0105323646213N11906784WA0176201784004003019335314
B0105333646216N11906786WA0176201784004003019333315
B0105343646218N11906787WA0176101783004003019332315
B0105353646221N11906789WA0176101783004003019329314
B0105363646223N11906791WA0176001782004003019327312
B0105373646225N11906793WA0176001782004003019328311
B0105383646228N11906795WA0176001782004003019326312
B0105393646230N11906797WA0176001782004003019318311
B0105403646231N11906799WA0176001781004003017310306
B0105413646233N11906802WA0175901781004003017312300
B0105423646236N11906804WA0176001782004003018316301
B0105433646238N11906807WA0176101783004003020320305
B0105443646240N11906809WA0176201784004003020321308
B0105453646241N11906810WA0176301785004003016322308
B0105463646242N11906811WA0176201784004003011321307
B0105473646244N11906812WA0176201784004003011315303
B0105483646245N11906815WA0176001782004003016310300
B0105493646247N11906817WA0176001781004003019307300
B0105503646249N11906820WA0176001781004003019311299
B0105513646251N11906822WA0176001782004003019321300
B0105523646253N11906824WA0176001782004003018333305
B0105533646256N11906825WA0176001782004003017342313
B0105543646258N11906826WA0176001782004003018341317
B0105553646261N11906827WA0176001781004003018338318
B0105563646264N11906829WA0175901781004003019337316
B0105573646267N11906830WA0175901781004003020334317
B0105583646270N11906832WA0175801780004003022329316
B0105593646273N11906835WA0175801780004003025328314
B0106003646276N11906837WA0175901780004003024327314
B0106013646279N11906840WA0176001781004003024326314
B0106023646281N11906841WA0176101783004003022323313
B0106033646282N11906843WA0176201783004003013317310
B0106043646283N11906845WA0176201783004003013308302
B0106053646285N11906848WA0176201783004003013307297
B0106063646287N11906850WA0176201784004003017309295
B0106073646289N11906853WA0176301785004003019311296
B0106083646291N11906855WA0176301785004003018312292
B0106093646292N11906858WA0176301785004003018314294
B0106103646294N11906860WA0176201784004003018312294
B0106113646296N11906863WA0176201784004003019310297
B0106123646298N11906866WA0176201784004003019318295
B0106133646300N11906868WA0176201783004003016319301
B0106143646302N11906870WA0176101782004003017317301
B0106153646304N11906872WA0175901781004003017311302
B0106163646306N11906876WA0175801780004003020310299
B0106173646308N11906879WA0175901780004003021312300
B0106183646310N11906881WA0175901781004003019312301
B0106193646311N11906883WA0176001782004003019310301
B0106203646313N11906885WA0176001781004003015307300
B0106213646314N11906887WA0175901781004003013304297
B0106223646315N11906890WA0175801779004003013300295
B0106233646316N11906893WA0175701778004003020297292
B0106243646318N11906897WA0175601777004003022298289
B0106253646320N11906900WA0175601777004003020301290
B0106263646321N11906903WA0175601778004003020305293
B0106273646322N11906905WA0175601777004003017304295
B0106283646324N11906908WA0175501776004003016301294
B0106293646325N11906911WA0175401775004003018298293
B0106303646326N11906914WA0175301773004003018297291
B0106313646328N11906917WA0175201773004003019294287
B0106323646329N11906920WA0175201773004003019295282
B0106333646330N11906923WA0175101772004003017302279
B0106343646331N11906926WA0175001772004003018309285
B0106353646333N11906928WA0174801771004003018308282
B0106363646335N11906932WA0174701769004003020304286
B0106373646337N11906936WA0174601769004003021298286
B0106383646338N11906940WA0174601768004003023292285
B0106393646339N11906943WA0174601768004003023291284
B0106403646341N11906947WA0174501768004003022293282
B0106413646342N11906950WA0174501767004003021297284
B0106423646344N11906954WA0174401766004003022302282
B0106433646346N11906957WA0174301765004003024306289
B0106443646348N11906961WA0174201764004003024308286
B0106453646351N11906964WA0174101763004003024309282
B0106463646353N11906968WA0174101762004003024312278
B0106473646356N11906971WA0174001762004003024316290
B0106483646358N11906973WA0174001761004003023318284
B0106493646361N11906976WA0173901760004003022319287
B0106503646363N11906979WA0173801759004003022318291
B0106513646365N11906981WA0173701757004003022316291
B0106523646368N11906984WA0173601756004003022315291
B0106533646370N11906987WA0173501755004003021316291
B0106543646372N11906990WA0173401754004003020314292
B0106553646374N11906992WA0173201752004003021313289
B0106563646376N11906995WA0173101751004003021312289
B0106573646379N11906999WA0172901749004003022311291
B0106583646381N11907002WA0172801748004003023307292
B0106593646383N11907006WA0172601746004003024304286
B0107003646385N11907009WA0172401745004003024304286
B0107013646387N11907013WA0172301743004003024306283
B0107023646389N11907016WA0172201742004003023304278
B0107033646390N11907020WA0172001740004003023296280
B0107043646391N11907024WA0171801738004003024288276
B0107053646393N11907028WA0171701737004003024288281
B0107063646394N11907032WA0171501735004003024296278
B0107073646396N11907036WA0171401734004003023304282
B0107083646398N11907039WA0171401733004003023304271
B0107093646400N11907043WA0171301732004003022296280
B0107103646400N11907046WA0171301732004003022288281
B0107113646401N11907049WA0171201731004003019288281
B0107123646402N11907052WA0171001730004003016302278
B0107133646403N11907054WA0170801730004003016309279
B0107143646405N11907057WA0170601727004003019308279
B0107153646407N11907060WA0170401725004003020306283
B0107163646408N11907062WA0170201724004003019306290
B0107173646410N11907064WA0170101722004003018311284
B0107183646411N11907066WA0170001720004003014320283
B0107193646413N11907067WA0169701717004003013325280
B0107203646415N11907069WA0169501714004003014321283
B0107213646416N11907071WA0169201712004003014315288
B0107223646418N11907073WA0169001710004003015311289
B0107233646419N11907076WA0168901708004003017305287
B0107243646421N11907079WA0168701706004003018299281
B0107253646422N11907082WA0168501704004003018295281
B0107263646423N11907085WA0168301703004003018291287
B0107273646424N11907089WA0168201701004003019290281
B0107283646425N11907092WA0168101700004003019294289
B0107293646427N11907095WA0167901698004003019300287
B0107303646428N11907098WA0167801696004003019306287
B0107313646430N11907100WA0167601695004003018311288
B0107323646432N11907102WA0167401693004003018318278
B0107333646434N11907105WA0167301691004003018323290
B0107343646437N11907107WA0167201691004003019316284
B0107353646439N11907109WA0167101690004003019314290
B0107363646440N11907111WA0167101690004003018316290
B0107373646441N11907112WA0166901688004003014316281
B0107383646443N11907114WA0166701686004003014310275
B0107393646444N11907117WA0166601684004003018308277
B0107403646446N11907120WA0166401682004003020305283
B0107413646448N11907123WA0166401682004003019302280
B0107423646449N11907126WA0166401682004003019300272
B0107433646450N11907128WA0166401682004003018291270
B0107443646450N11907131WA0166401682004003013281271
B0107453646451N11907133WA0166301681004003013284271
B0107463646452N11907135WA0166201679004003013297274
B0107473646453N11907138WA0166101678004003014300266
B0107483646454N11907141WA0166001678004003017298271
B0107493646455N11907144WA0166001678004003017299281
B0107503646457N11907147WA0166001677004003017300285
B0107513646458N11907149WA0165901676004003017307272
B0107523646461N11907152WA0165801675004003019313281
B0107533646463N11907155WA0165901676004003020312276
B0107543646465N11907158WA0166001676004003019314271
B0107553646467N11907160WA0166201677004003019311284
B0107563646468N11907162WA0166401679004003018309277
B0107573646470N11907165WA0166501680004003017308276
B0107583646471N11907167WA0166601681004003017312275
B0107593646474N11907169WA0166601682004003019316282
B0108003646476N11907172WA0166701682004003021319281
B0108013646479N11907174WA0166701684004003021321274
B0108023646480N11907177WA0166801685004003021309263
B0108033646480N11907180WA0167001685004003018273258
B0108043646479N11907183WA0167001685004003021235246
B0108053646475N11907186WA0166901684004003030212228
B0108063646470N11907188WA0166901685004003030195210
B0108073646464N11907188WA0167001686004003037176195
B0108083646458N11907185WA0167101686004003040158178
B0108093646453N11907180WA0167101686004003044141162
B0108103646449N11907173WA0167101686004003048126142
B0108113646446N11907164WA0167101686004003048111124
B0108123646445N11907155WA0167001686004003048096106
B0108133646446N11907147WA0167101686004003048080088
B0108143646449N11907140WA0167101686004003040064069
B0108153646452N11907135WA0167101687004003040050047
B0108163646456N11907131WA0167201687004003037040031
B0108173646459N11907128WA0167201688004003032034019
B0108183646463N11907125WA0167201688004003029026009
B0108193646467N11907124WA0167201688004003027014359
B0108203646471N11907124WA0167301689004003028003346
B0108213646475N11907124WA0167401690004003027359339
B0108223646479N11907124WA0167501692004003027001335
B0108233646482N11907124WA0167601693004003025001337
B0108243646485N11907124WA0167701693004003019350335
B0108253646488N11907125WA0167701693004003020321322
B0108263646490N11907128WA0167701692004003020311306
B0108273646492N11907132WA0167601692004003022309299
B0108283646494N11907135WA0167701693004003022314304
B0108293646496N11907137WA0167801693004003016325297
B0108303646498N11907139WA0167701693004003016340292
B0108313646500N11907140WA0167601692004003015327288
B0108323646502N11907141WA0167401691004003015301287
B0108333646503N11907145WA0167201687004003016291283
B0108343646504N11907148WA0167101688004003026293283
B0108353646506N11907153WA0167001689004003028308292
B0108363646509N11907157WA0167101690004003026325299
B0108373646512N11907159WA0167301693004003023334322
B0108383646514N11907160WA0167601695004003020338293
B0108393646516N11907161WA0167701696004003015335307
B0108403646518N11907162WA0167901697004003015332287
B0108413646520N11907164WA0167901698004003015332289
B0108423646522N11907165WA0168001699004003015317278
B0108433646523N11907167WA0168001699004003013292270
B0108443646522N11907170WA0168001698004003019249264
B0108453646520N11907174WA0168001698004003022228246
B0108463646516N11907176WA0168101699004003022208235
B0108473646512N11907177WA0168101699004003024188223
B0108483646508N11907176WA0168101698004003031171209
B0108493646503N11907173WA0168001697004003037157191
B0108503646497N11907169WA0168001696004003037144172
B0108513646493N11907163WA0167901696004003043133159
B0108523646488N11907156WA0168001696004003044120142
B0108533646486N11907149WA0168001698004003042112125
B0108543646484N11907142WA0168101698004003042105114
B0108553646483N11907135WA0168201699004003040099104
B0108563646483N11907128WA0168101698004003038089094
B0108573646485N11907121WA0168001697004003038076078
B0108583646487N11907115WA0168001696004003038062060
B0108593646491N11907110WA0168001696004003038048042
B0109003646495N11907106WA0168001697004003035034026
B0109013646499N11907104WA0168101698004003031022010
B0109023646502N11907103WA0168201699004003027013356
B0109033646506N11907103WA0168201699004003025006346
B0109043646509N11907103WA0168301700004003025359339
B0109053646512N11907104WA0168301700004003022350334
B0109063646515N11907105WA0168301700004003020341323
B0109073646518N11907106WA0168301701004003020338316
B0109083646520N11907107WA0168401701004003015332308
B0109093646522N11907108WA0168301700004003015313299
B0109103646523N11907110WA0168201700004003014302291
B0109113646524N11907113WA0168201698004003014293288
B0109123646524N11907116WA0168101698004003015301284
B0109133646526N11907118WA0168201699004003014310292
B0109143646527N11907119WA0168201699004003014317297
B0109153646529N11907121WA0168201698004003013324303
B0109163646531N11907122WA0168101698004003013331299
B0109173646533N11907124WA0168101697004003015335296
B0109183646535N11907125WA0168001697004003016329290
B0109193646537N11907127WA0167901696004003016317284
B0109203646538N11907129WA0167901695004003016311286
B0109213646540N11907131WA0168001696004003016317293
B0109223646542N11907133WA0168001696004003018326294
B0109233646545N11907135WA0168101697004003019331296
B0109243646547N11907137WA0168101698004003019324275
B0109253646549N11907139WA0168101697004003019318284
B0109263646551N11907142WA0168101697004003018313289
B0109273646553N11907144WA0168001696004003017309286
B0109283646554N11907147WA0167901695004003019307285
B0109293646556N11907150WA0167801693004003020304287
B0109303646558N11907154WA0167601692004003020299274
B0109313646559N11907157WA0167501690004003022295276
B0109323646560N11907161WA0167301689004003022291277
B0109333646561N11907165WA0167101687004003020285261
B0109343646562N11907169WA0167001684004003021280265
B0109353646562N11907173WA0166701682004003021277271
B0109363646562N11907177WA0166601680004003022273267
B0109373646563N11907181WA0166301678004003022276271
B0109383646563N11907185WA0166101676004003022283279
B0109393646564N11907189WA0165901673004003022290283
B0109403646566N11907192WA0165601670004003021297293
B0109413646568N11907196WA0165401667004003021303294
B0109423646570N11907199WA0165101665004003023308303
B0109433646572N11907203WA0164901663004003023312299
B0109443646575N11907205WA0164801662004003023317303
B0109453646577N11907207WA0164701661004003021320290
B0109463646579N11907209WA0164501659004003018317279
B0109473646580N11907212WA0164201656004003016304262
B0109483646580N11907215WA0164101654004003017280246
B0109493646579N11907219WA0163801651004003022253237
B0109503646577N11907223WA0163501648004003022228229
B0109513646572N11907225WA0163301646004003029205214
B0109523646567N11907226WA0163101644004003034185199
B0109533646561N11907225WA0162901642004003039169186
B0109543646555N11907222WA0162601639004003042156173
B0109553646549N11907218WA0162401639004003042147162
B0109563646544N11907213WA0162201637004003045141153
B0109573646539N11907207WA0162001634004003046134146
B0109583646535N11907200WA0161801633004003045128138
B0109593646531N11907193WA0161701631004003045123132
B0110003646528N11907186WA0161501630004003045120127
B0110013646525N11907178WA0161401628004003045118124
B0110023646522N11907171WA0161301627004003044116121
B0110033646519N11907163WA0161201625004003045115120
B0110043646516N11907155WA0161101624004003046114116
B0110053646513N11907148WA0161001623004003046116115
B0110063646509N11907140WA0160901622004003047122120
B0110073646503N11907132WA0160901621004003049132137
B0110083646497N11907126WA0160801620004003058141153
B0110093646490N11907119WA0160801620004003058152169
B0110103646482N11907115WA0160801621004003056168193
B0110113646475N11907115WA0160901623004003052175211
B0110123646469N11907116WA0160901623004003046182207
B0110133646463N11907117WA0160901623004003039184208
B0110143646457N11907118WA0160901622004003041184205
B0110153646450N11907118WA0160801621004003041181213
B0110163646444N11907118WA0160801620004003043177208
B0110173646437N11907117WA0160701620004003043176211
B0110183646431N11907117WA0160701620004003042176214
B0110193646424N11907117WA0160601619004003043176220
B0110203646418N11907116WA0160601618004003043176222
B0110213646412N11907116WA0160601618004003043176211
B0110223646405N11907115WA0160501617004003042176211
B0110233646399N11907115WA0160401616004003042176204
B0110243646393N11907114WA0160301615004003043175215
B0110253646386N11907114WA0160201613004003043175211
B0110263646379N11907113WA0160101612004003045178219
B0110273646373N11907114WA0160001612004003045181222
B0110283646367N11907114WA0160001612004003038183225
B0110293646362N11907115WA0159901611004003038186219
B0110303646357N11907116WA0159901610004003037190219
B0110313646351N11907118WA0159701609004003037194222
B0110323646346N11907120WA0159601608004003037196228
B0110333646341N11907122WA0159601607004003038194231
B0110343646335N11907123WA0159501606004003038193225
B0110353646330N11907125WA0159301605004003037194225
B0110363646324N11907126WA0159301604004003037191228
B0110373646318N11907128WA0159201603004003039189228
B0110383646311N11907129WA0159301604004003039188223
B0110393646306N11907130WA0159401605004003039187229
B0110403646301N11907130WA0159401605004003036182220
B0110413646296N11907130WA0159401605004003033176221
B0110423646291N11907129WA0159301604004003033174219
B0110433646286N11907129WA0159201602004003037177219
B0110443646279N11907129WA0159001601004003042181219
B0110453646273N11907130WA0159001600004003042182223
B0110463646266N11907130WA0158901600004003042182227
B0110473646260N11907130WA0158901600004003042182223
B0110483646255N11907131WA0158901599004003038184216
B0110493646249N11907132WA0158801598004003038186216
B0110503646243N11907133WA0158701597004003038187221
B0110513646238N11907133WA0158601596004003038185221
B0110523646232N11907134WA0158601596004003039182223
B0110533646226N11907134WA0158501595004003039180223
B0110543646221N11907134WA0158401594004003037181230
B0110553646216N11907135WA0158201592004003036187229
B0110563646211N11907137WA0158101590004003035197230
B0110573646206N11907139WA0157901588004003035205234
B0110583646201N11907142WA0157801587004003035205233
B0110593646196N11907145WA0157701586004003035202234
B0111003646191N11907147WA0157601585004003035198230
B0111013646186N11907149WA0157501584004003035194233
B0111023646181N11907150WA0157401583004003035189229
B0111033646176N11907151WA0157201581004003035188234
B0111043646170N11907152WA0157001579004003037191228
B0111053646164N11907154WA0156801577004003040196226
B0111063646158N11907156WA0156701577004003038200227
B0111073646153N11907159WA0156601577004003038198224
B0111083646148N11907160WA0156601576004003036191222
B0111093646143N11907161WA0156501575004003035186222
B0111103646137N11907161WA0156401573004003035185220
B0111113646131N11907162WA0156201571004003039185221
B0111123646125N11907163WA0156001569004003041185224
B0111133646119N11907164WA0155901569004003041184229
B0111143646113N11907164WA0155801568004003041183226
B0111153646107N11907164WA0155601567004003041181227
B0111163646101N11907164WA0155501566004003041179222
B0111173646095N11907164WA0155401564004003042178221
B0111183646088N11907164WA0155301564004003042178216
B0111193646082N11907163WA0155201563004003043178221
B0111203646075N11907163WA0155101563004003043176222
B0111213646069N11907163WA0155101562004003042177222
B0111223646063N11907163WA0155001561004003042180226
B0111233646057N11907163WA0154901561004003040181218
B0111243646051N11907163WA0154901560004003040179214
B0111253646045N11907162WA0154901559004003041175219
B0111263646038N11907162WA0154801558004003042175221
B0111273646032N11907161WA0154701557004003042175227
B0111283646026N11907161WA0154601556004003042176218
B0111293646020N11907160WA0154501555004003041176211
B0111303646014N11907160WA0154401554004003040176207
B0111313646008N11907159WA0154301553004003040176212
B0111323646002N11907159WA0154201551004003040176208
B0111333645996N11907159WA0154001549004003039177208
B0111343645990N11907159WA0153801547004003039178207
B0111353645984N11907158WA0153601545004003040179209
B0111363645978N11907158WA0153501543004003040178210
B0111373645972N11907158WA0153301541004003040175211
B0111383645967N11907157WA0153001540004003038174204
B0111393645961N11907156WA0152701537004003038174205
B0111403645955N11907156WA0152501537004003039174204
B0111413645949N11907155WA0152201534004003041172199
B0111423645943N11907153WA0152101532004003041167200
B0111433645937N11907151WA0151801530004003041163201
B0111443645931N11907148WA0151701528004003041161200
B0111453645925N11907146WA0151501526004003040161192
B0111463645920N11907143WA0151301523004003040160193
B0111473645914N11907141WA0151101522004003041157190
B0111483645909N11907137WA0151001520004003041154177
B0111493645903N11907134WA0150801519004003041150175
B0111503645898N11907129WA0150701517004003041145170
B0111513645893N11907124WA0150601515004003042141171
B0111523645889N11907119WA0150401514004003042138169
B0111533645884N11907114WA0150301512004003041135164
B0111543645880N11907108WA0150101511004003041132152
B0111553645876N11907102WA0150001509004003041128134
B0111563645873N11907095WA0149901508004003042122115
B0111573645870N11907089WA0149701508004003042114112
B0111583645868N11907081WA0149601506004003042106096
B0111593645867N11907073WA0149501504004003042101086
B0112003645866N11907066WA0149401503004003042099071
B0112013645865N11907058WA0149301503004003042097080
B0112023645865N11907050WA0149401503004003042094087
B0112033645864N11907042WA0149401502004003042092097
B0112043645864N11907035WA0149301502004003042093099
B0112053645863N11907028WA0149201500004003039096084
B0112063645863N11907021WA0149001500004003040093076
B0112073645863N11907013WA0148801497004003041091075
B0112083645863N11907005WA0148601494004003041088083
B0112093645863N11906996WA0148501493004003044089083
B0112103645863N11906989WA0148401492004003044094094
B0112113645862N11906981WA0148301491004003040097083
B0112123645861N11906973WA0148101489004003041097083
B0112133645860N11906965WA0147901486004003041096083
B0112143645860N11906956WA0147701484004003045094090
B0112153645859N11906947WA0147601483004003047093083
B0112163645859N11906939WA0147501482004003044091072
B0112173645859N11906932WA0147401482004003044091072
B0112183645859N11906925WA0147401481004003040090077
B0112193645859N11906917WA0147301479004003040089080
B0112203645859N11906909WA0147201478004003040089085
B0112213645859N11906901WA0147101477004003044090083
B0112223645859N11906893WA0147001476004003044090084
B0112233645859N11906885WA0147001476004003044090088
B0112243645859N11906877WA0146901476004003042091083
B0112253645858N11906870WA0146901475004003040092085
B0112263645858N11906862WA0146801473004003042090079
B0112273645858N11906854WA0146701473004003043089083
B0112283645859N11906846WA0146601472004003043087084
B0112293645859N11906838WA0146601472004003043087081
B0112303645859N11906830WA0146601472004003043087075
B0112313645860N11906823WA0146601471004003039086074
B0112323645860N11906816WA0146501470004003039084072
B0112333645861N11906809WA0146401469004003039082077
B0112343645862N11906801WA0146301468004003039082082
B0112353645862N11906793WA0146301468004003042084081
B0112363645863N11906785WA0146201468004003042086081
B0112373645863N11906777WA0146201467004003042087073
B0112383645863N11906769WA0146201466004003042086077
B0112393645864N11906761WA0146101465004003042086074
B0112403645864N11906753WA0146001464004003043085076
B0112413645865N11906745WA0145901464004003044083074
B0112423645866N11906737WA0145901464004003044080063
B0112433645867N11906729WA0146001465004003044077052
B0112443645869N11906722WA0146001465004003043076051
B0112453645870N11906714WA0146001465004003041075061
B0112463645872N11906707WA0146001465004003042074061
B0112473645874N11906699WA0146101465004003042075066
B0112483645875N11906691WA0146101465004003042076068
B0112493645876N11906683WA0146101466004003043077065
B0112503645878N11906675WA0146101466004003043077072
B0112513645879N11906668WA0146101466004003040078066
B0112523645880N11906661WA0146101465004003040079064
B0112533645881N11906654WA0145901463004003040080067
B0112543645882N11906645WA0145701461004003040082069
B0112553645883N11906637WA0145601460004003047083077
B0112563645884N11906628WA0145501460004003047085071
B0112573645884N11906620WA0145501460004003046084063
B0112583645885N11906612WA0145501460004003045083064
B0112593645885N11906604WA0145501460004003042083065
B0113003645886N11906597WA0145601460004003041082066
B0113013645887N11906589WA0145601460004003041081069
B0113023645888N11906581WA0145601460004003041080067
B0113033645889N11906574WA0145601460004003041081073
B0113043645890N11906566WA0145601459004003041082070
B0113053645890N11906558WA0145501459004003041085071
B0113063645891N11906550WA0145401458004003041087079
B0113073645891N11906542WA0145301457004003043088081
B0113083645891N11906533WA0145201456004003046086069
B0113093645892N11906525WA0145201456004003046086064
B0113103645892N11906517WA0145201456004003045086071
B0113113645893N11906508WA0145201456004003045085071
B0113123645893N11906500WA0145201456004003045083068
B0113133645894N11906492WA0145301457004003041080056
B0113143645895N11906485WA0145301457004003041079063
B0113153645896N11906478WA0145301456004003040079062
B0113163645897N11906470WA0145201456004003040080071
B0113173645899N11906462WA0145201455004003042080061
B0113183645900N11906454WA0145101455004003044081069
B0113193645900N11906446WA0145101454004003044081067
B0113203645902N11906438WA0145001452004003044080064
B0113213645903N11906429WA0144801451004003044079067
B0113223645904N11906420WA0144701450004003047078063
B0113233645906N11906411WA0144601449004003050076058
B0113243645908N11906402WA0144601448004003050072052
B0113253645911N11906393WA0144501448004003049069066
B0113263645913N11906385WA0144501448004003049069072
B0113273645916N11906377WA0144601449004003048070066
B0113283645918N11906369WA0144601450004003043069059
B0113293645920N11906362WA0144701450004003043067073
B0113303645923N11906355WA0144701449004003041067053
B0113313645925N11906347WA0144601448004003041069084
B0113323645928N11906339WA0144601449004003047069067
B0113333645930N11906329WA0144701450004003054075081
B0113343645932N11906319WA0144901450004003054079091
B0113353645933N11906311WA0145201453004003050081095
B0113363645934N11906302WA0145401455004003047080096
B0113373645935N11906294WA0145501456004003045083096
B0113383645935N11906286WA0145601456004003045093111
B0113393645933N11906278WA0145501456004003045109120
B0113403645928N11906271WA0145501455004003045129138
B0113413645924N11906266WA0145601456004003043148161
B0113423645920N11906265WA0145601458004003035165180
B0113433645917N11906265WA0145701458004003020186198
B0113443645915N11906267WA0145701458004003020210231
B0113453645914N11906270WA0145801459004003017239246
B0113463645914N11906273WA0145801460004003016283265
B0113473645916N11906275WA0145901460004003016317288
B0113483645919N11906277WA0146001461004003024336307
B0113493645923N11906278WA0146101463004003025352323
B0113503645927N11906277WA0146201465004003025009335
B0113513645931N11906275WA0146301466004003028022344
B0113523645936N11906272WA0146501466004003031026358
B0113533645941N11906269WA0146601467004003036026004
B0113543645946N11906265WA0146601468004003038033012
B0113553645950N11906260WA0146701469004003038046020
B0113563645953N11906252WA0146801471004003042060035
B0113573645955N11906244WA0147101473004003046072053
B0113583645957N11906236WA0147201473004003045091071
B0113593645956N11906228WA0147101472004003045108094
B0114003645954N11906220WA0147101472004003044127120
B0114013645949N11906214WA0147101473004003043142145
B0114023645944N11906210WA0147401475004003037148164
B0114033645939N11906208WA0147701478004003031148174
B0114043645936N11906205WA0147801480004003031145179
B0114053645932N11906203WA0147801479004003026148176
B0114063645929N11906202WA0147901479004003022157186
B0114073645926N11906202WA0147801479004003021175201
B0114083645923N11906203WA0147801479004003018193217
B0114093645921N11906204WA0147901480004003018213231
B0114103645919N11906207WA0147901480004003016229238
B0114113645918N11906209WA0147901481004003015229241
B0114123645916N11906211WA0147901481004003015218244
B0114133645914N11906213WA0148001483004003016215241
B0114143645912N11906214WA0148201484004003016223239
B0114153645912N11906216WA0148301485004003013244247
B0114163645911N11906219WA0148401485004003013267255
B0114173645912N11906222WA0148501487004003015287270
B0114183645914N11906225WA0148601489004003019305283
B0114193645916N11906227WA0148801491004003019327292
B0114203645919N11906229WA0148901491004003019356307
B0114213645922N11906228WA0149001492004003020009303
B0114223645926N11906227WA0149101493004003023015292
B0114233645930N11906225WA0149201493004003028013293
B0114243645934N11906225WA0149201495004003028005312
B0114253645938N11906225WA0149401496004003027355316
B0114263645942N11906226WA0149601499004003027353313
B0114273645945N11906226WA0149901501004003025000320
B0114283645949N11906225WA0150001504004003025012306
B0114293645953N11906223WA0150201505004003027020329
B0114303645957N11906221WA0150301506004003027020330
B0114313645961N11906218WA0150401507004003029023353
B0114323645965N11906215WA0150501509004003032037009
B0114333645969N11906209WA0150601510004003037052037
B0114343645971N11906202WA0150701511004003039069049
B0114353645971N11906194WA0150801512004003039083077
B0114363645971N11906186WA0150801512004003043095102
B0114373645969N11906178WA0151001513004003043105105
B0114383645967N11906171WA0151101513004003040114132
B0114393645964N11906165WA0151101514004003040127147
B0114403645960N11906161WA0151101514004003037140148
B0114413645956N11906158WA0151201515004003034149156
B0114423645951N11906155WA0151301516004003033150174
B0114433645947N11906153WA0151401518004003031151171
B0114443645943N11906150WA0151601520004003031154168
B0114453645939N11906149WA0151701521004003028162172
B0114463645935N11906148WA0151801523004003028173197
B0114473645932N11906148WA0152001525004003027181206
B0114483645929N11906149WA0152201527004003018184197
B0114493645926N11906149WA0152401527004003018183198
B0114503645924N11906149WA0152401527004003016188200
B0114513645921N11906150WA0152401526004003016196208
B0114523645919N11906152WA0152301526004003016211217
B0114533645918N11906154WA0152301526004003016227225
B0114543645917N11906157WA0152401527004003016241233
B0114553645916N11906159WA0152401527004003016259222
B0114563645917N11906162WA0152501528004003015275251
B0114573645917N11906165WA0152501528004003015281245
B0114583645917N11906167WA0152501528004003013282249
B0114593645918N11906170WA0152401528004003015279240
B0115003645918N11906173WA0152501529004003015266236
B0115013645916N11906176WA0152501530004003018242231
B0115023645913N11906179WA0152601531004003022212217
B0115033645909N11906179WA0152601531004003028186206
B0115043645904N11906178WA0152601530004003028170191
B0115053645898N11906175WA0152501529004003035158180
B0115063645893N11906171WA0152501529004003044147168
B0115073645888N11906165WA0152601529004003046135157
B0115083645883N11906158WA0152501530004003046130147
B0115093645879N11906151WA0152701531004003047129143
B0115103645874N11906145WA0153001534004003043129138
B0115113645871N11906139WA0153101534004003043130132
B0115123645867N11906134WA0153201533004003037128133
B0115133645864N11906129WA0153201532004003037126134
B0115143645861N11906122WA0153101531004003037124132
B0115153645857N11906115WA0152901530004003046124135
B0115163645853N11906108WA0152801529004003049123127
B0115173645849N11906100WA0152801530004003047120127
B0115183645846N11906093WA0152801531004003047118113
B0115193645843N11906086WA0152801531004003042117108
B0115203645840N11906079WA0152801531004003042115119
B0115213645838N11906071WA0152701530004003042110112
B0115223645836N11906063WA0152701529004003044102105
B0115233645836N11906055WA0152701529004003046096099
B0115243645835N11906046WA0152701530004003044093103
B0115253645835N11906038WA0152801531004003044090103
B0115263645835N11906030WA0152801532004003044087098
B0115273645836N11906022WA0153001533004003044087116
B0115283645836N11906014WA0153101535004003044089091
B0115293645836N11906006WA0153301537004003042089095
B0115303645836N11905998WA0153501539004003043085095
B0115313645837N11905990WA0153601541004003043081105
B0115323645838N11905982WA0153801543004003043086109
B0115333645837N11905975WA0154001545004003041098118
B0115343645835N11905969WA0154201546004003034113130
B0115353645832N11905965WA0154301547004003034129145
B0115363645828N11905962WA0154401548004003032145160
B0115373645825N11905960WA0154501549004003028162184
B0115383645821N11905961WA0154501550004003026186206
B0115393645819N11905963WA0154601550004003020216229
B0115403645818N11905966WA0154601551004003021253258
B0115413645819N11905970WA0154601551004003021285280
B0115423645822N11905974WA0154601552004003022319300
B0115433645826N11905975WA0154701552004003026350321
B0115443645832N11905973WA0154701552004003039015342
B0115453645838N11905968WA0154901553004003043034008
B0115463645842N11905962WA0155001555004003042049024
B0115473645844N11905955WA0155101557004003042062040
B0115483645847N11905948WA0155201559004003041068053
B0115493645849N11905941WA0155401559004003041070061
B0115503645851N11905934WA0155501560004003041070064
B0115513645853N11905926WA0155501561004003041073063
B0115523645853N11905918WA0155601562004003042083068
B0115533645853N11905910WA0155801564004003042096083
B0115543645851N11905904WA0155901566004003038109101
B0115553645848N11905898WA0156001567004003038120121
B0115563645845N11905894WA0156101568004003033129137
B0115573645842N11905891WA0156101567004003029140152
B0115583645838N11905889WA0156101567004003028158168
B0115593645834N11905889WA0156201568004003028176186
B0116003645830N11905888WA0156301568004003028198202
B0116013645827N11905890WA0156401570004003024210219
B0116023645826N11905893WA0156501572004003020232230
B0116033645825N11905896WA0156601573004003016257246
B0116043645826N11905899WA0156701573004003016281262
B0116053645827N11905902WA0156701573004003020304274
B0116063645831N11905904WA0156701573004003020328289
B0116073645835N11905905WA0156701573004003025350304
B0116083645840N11905904WA0156701573004003031011323
B0116093645846N11905900WA0156701573004003041032346
B0116103645850N11905894WA0156701574004003044049014
B0116113645853N11905887WA0156801574004003044061035
B0116123645855N11905879WA0156901575004003044070052
B0116133645857N11905871WA0157001576004003044077064
B0116143645857N11905863WA0157101578004003041087074
B0116153645856N11905857WA0157201578004003041100088
B0116163645854N11905850WA0157301579004003038113107
B0116173645851N11905845WA0157401580004003037123126
B0116183645847N11905840WA0157501582004003035133140
B0116193645844N11905837WA0157601583004003030142153
B0116203645840N11905835WA0157701584004003030155167
B0116213645837N11905835WA0157701585004003026174180
B0116223645834N11905836WA0157901586004003023194200
B0116233645831N11905838WA0158001587004003022214218
B0116243645830N11905841WA0158001589004003020237232
B0116253645829N11905844WA0158101590004003020261248
B0116263645830N11905847WA0158301591004003018290262
B0116273645831N11905850WA0158301590004003017314279
B0116283645833N11905851WA0158201590004003017348293
B0116293645838N11905852WA0158101589004003032004313
B0116303645844N11905849WA0158001588004003038018341
B0116313645849N11905844WA0157901587004003038039359
B0116323645853N11905836WA0157901587004003043055022
B0116333645856N11905828WA0157801587004003047068045
B0116343645858N11905819WA0157801588004003045076062
B0116353645859N11905811WA0158001589004003045083073
B0116363645859N11905804WA0158101589004003042095083
B0116373645858N11905796WA0158201590004003041100100
B0116383645857N11905789WA0158401592004003040104107
B0116393645856N11905783WA0158601594004003035104114
B0116403645854N11905777WA0158801596004003035107116
B0116413645852N11905772WA0158901597004003033118120
B0116423645848N11905768WA0158901597004003032137136
B0116433645844N11905767WA0158901597004003031167160
B0116443645840N11905768WA0158901597004003028199190
B0116453645836N11905770WA0159001598004003028232218
B0116463645836N11905774WA0159201600004003024262241
B0116473645838N11905777WA0159301602004003021304262
B0116483645839N11905779WA0159401602004003015326286
B0116493645841N11905781WA0159401601004003010295288
B0116503645841N11905782WA0159301600004003012248265
B0116513645840N11905785WA0159101598004003012226246
B0116523645837N11905787WA0158901598004003016207237
B0116533645833N11905787WA0158901598004003020190227
B0116543645829N11905787WA0159001598004003027178212
B0116553645825N11905786WA0158901598004003028169198
B0116563645821N11905785WA0158901598004003028162189
B0116573645816N11905783WA0158901598004003029159181
B0116583645812N11905780WA0158901598004003031155179
B0116593645807N11905777WA0158901598004003037148162
B0117003645803N11905772WA0158901599004003039140146
B0117013645798N11905766WA0159001599004003039131134
B0117023645795N11905759WA0159001600004003041124132
B0117033645791N11905751WA0159201601004003045118136
B0117043645788N11905742WA0159301603004003051113141
B0117053645786N11905734WA0159401604004003051110141
B0117063645783N11905726WA0159501605004003049109145
B0117073645781N11905718WA0159601605004003046109137
B0117083645779N11905710WA0159601605004003043110154
B0117093645776N11905704WA0159601605004003043118157
B0117103645772N11905699WA0159601605004003041135161
B0117113645767N11905696WA0159501604004003037156176
B0117123645763N11905696WA0159401604004003026179190
B0117133645761N11905698WA0159401603004003026200216
B0117143645759N11905699WA0159401603004003020212233
B0117153645758N11905701WA0159401603004003015230246
B0117163645758N11905703WA0159301603004003012268259
B0117173645759N11905706WA0159301603004003017302282
B0117183645761N11905709WA0159301603004003017319303
B0117193645764N11905710WA0159401604004003021336316
B0117203645768N11905711WA0159501605004003027355328
B0117213645773N11905710WA0159601606004003030012346
B0117223645777N11905707WA0159801608004003030026003
B0117233645782N11905703WA0159801609004003034038019
B0117243645786N11905697WA0159901609004003042046029
B0117253645790N11905690WA0160001609004003048053049
B0117263645794N11905681WA0160001610004003048064072
B0117273645796N11905670WA0160001610004003054076089
B0117283645796N11905660WA0160101611004003055086101
B0117293645795N11905650WA0160201612004003055096108
B0117303645794N11905642WA0160301613004003052105118
B0117313645792N11905633WA0160401613004003048114124
B0117323645789N11905627WA0160501614004003043120138
B0117333645786N11905622WA0160601615004003036123143
B0117343645783N11905617WA0160601616004003036125156
B0117353645780N11905613WA0160601616004003033133161
B0117363645776N11905611WA0160601615004003029151170
B0117373645773N11905610WA0160501615004003026172191
B0117383645770N11905610WA0160501614004003019178209
B0117393645767N11905610WA0160501614004003019173201
B0117403645764N11905610WA0160401614004003019174184
B0117413645759N11905609WA0160401614004003022176190
B0117423645755N11905609WA0160501615004003029163194
B0117433645751N11905607WA0160901615004003030144179
B0117443645748N11905603WA0161001617004003030133166
B0117453645745N11905599WA0161001618004003028131152
B0117463645742N11905595WA0161101618004003028141157
B0117473645738N11905592WA0161101619004003029147149
B0117483645733N11905588WA0161301621004003037144149
B0117493645729N11905583WA0161401622004003040138150
B0117503645724N11905578WA0161601624004003040135158
B0117513645720N11905573WA0161701627004003040139177
B0117523645716N11905571WA0161901628004003036153190
B0117533645713N11905571WA0162001628004003021179199
B0117543645711N11905572WA0162001629004003021214227
B0117553645709N11905574WA0162101629004003017246246
B0117563645708N11905577WA0162401630004003016252269
B0117573645708N11905580WA0162501633004003015257268
B0117583645708N11905582WA0162601632004003010272262
B0117593645708N11905584WA0162501632004003012282263
B0118003645709N11905586WA0162501631004003012285254
B0118013645710N11905589WA0162401631004003013282252
B0118023645709N11905591WA0162401631004003013257241
B0118033645708N11905593WA0162401632004003015223239
B0118043645705N11905594WA0162401632004003019197222
B0118053645702N11905594WA0162301631004003019181212
B0118063645697N11905593WA0162201629004003024173202
B0118073645692N11905592WA0162101630004003030163196
B0118083645687N11905590WA0162301632004003041153182
B0118093645681N11905586WA0162501634004003041148174
B0118103645677N11905582WA0162601636004003038143166
B0118113645673N11905578WA0162701636004003035141160
B0118123645669N11905573WA0162701635004003035138164
B0118133645664N11905567WA0162701635004003043136155
B0118143645659N11905561WA0162601635004003045135168
B0118153645655N11905555WA0162701636004003044133168
B0118163645650N11905549WA0162801638004003044131160
B0118173645646N11905543WA0162901639004003043129138
B0118183645643N11905538WA0163001640004003038129155
B0118193645639N11905533WA0163001639004003038133150
B0118203645635N11905528WA0162901639004003038137165
B0118213645630N11905522WA0162901639004003038137153
B0118223645626N11905517WA0162901639004003041133145
B0118233645622N11905511WA0162901640004003040128155
B0118243645619N11905505WA0162901640004003040127141
B0118253645615N11905500WA0162901640004003038128156
B0118263645612N11905495WA0162901639004003037130160
B0118273645608N11905490WA0162901639004003036131166
B0118283645605N11905485WA0162901639004003033134168
B0118293645601N11905482WA0162901639004003033139185
B0118303645597N11905478WA0162801639004003032147187
B0118313645593N11905476WA0162801638004003031151194
B0118323645589N11905473WA0162701637004003031152191
B0118333645585N11905471WA0162601637004003032155190
B0118343645580N11905468WA0162601636004003033156195
B0118353645576N11905465WA0162501635004003033153191
B0118363645571N11905462WA0162401634004003033152198
B0118373645566N11905460WA0162401634004003034153196
B0118383645562N11905457WA0162301633004003034156199
B0118393645557N11905455WA0162301633004003034157195
B0118403645553N11905453WA0162201633004003031159188
B0118413645550N11905451WA0162101632004003029159183
B0118423645546N11905449WA0162001630004003029158190
B0118433645541N11905447WA0161901629004003032160184
B0118443645536N11905445WA0161801628004003033163192
B0118453645532N11905444WA0161601626004003033164188
B0118463645527N11905442WA0161501625004003033163183
B0118473645522N11905440WA0161401625004003033163197
B0118483645517N11905439WA0161401624004003032165203
B0118493645513N11905437WA0161301624004003032167200
B0118503645508N11905436WA0161301624004003032168194
B0118513645503N11905435WA0161301624004003032167203
B0118523645498N11905434WA0161301623004003032167198
B0118533645494N11905433WA0161301623004003030169203
B0118543645490N11905432WA0161201622004003030172208
B0118553645485N11905431WA0161001620004003030173208
B0118563645480N11905430WA0160901618004003032172192
B0118573645474N11905429WA0160801619004003035171200
B0118583645469N11905428WA0160801619004003034169203
B0118593645464N11905427WA0160701618004003034166190
B0119003645459N11905425WA0160601616004003034165195
B0119013645453N11905424WA0160401614004003036167204
B0119023645447N11905422WA0160201613004003039171205
B0119033645441N11905422WA0160101612004003040176213
B0119043645435N11905422WA0160101612004003040179209
B0119053645430N11905422WA0160101611004003037181197
B0119063645424N11905423WA0160001610004003037182197
B0119073645419N11905423WA0160001610004003037181191
B0119083645413N11905423WA0160001610004003038178195
B0119093645407N11905422WA0159901610004003038172175
B0119103645402N11905420WA0159901609004003036169175
B0119113645397N11905420WA0159801608004003036172195
B0119123645390N11905419WA0159701606004003041177194
B0119133645384N11905419WA0159601607004003042176183
B0119143645378N11905418WA0159701608004003041172176
B0119153645373N11905416WA0159701608004003041161173
B0119163645367N11905412WA0159701608004003039152171
B0119173645362N11905408WA0159701607004003039148175
B0119183645357N11905405WA0159601607004003039153187
B0119193645352N11905402WA0159601607004003039160192
B0119203645346N11905400WA0159601607004003039163190
B0119213645341N11905398WA0159601607004003038161187
B0119223645335N11905396WA0159601608004003038159194
B0119233645330N11905393WA0159701608004003039159191
B0119243645325N11905391WA0159701608004003038160192
B0119253645319N11905389WA0159701608004003038163200
B0119263645314N11905387WA0159601607004003038166199
B0119273645308N11905386WA0159501606004003039172194
B0119283645302N11905386WA0159501606004003039177196
B0119293645296N11905386WA0159501606004003039177194
B0119303645291N11905385WA0159501606004003038174191
B0119313645285N11905384WA0159501606004003037171192
B0119323645280N11905383WA0159501606004003036170192
B0119333645274N11905382WA0159501605004003036170195
B0119343645269N11905381WA0159401604004003036169198
B0119353645264N11905379WA0159301604004003037168190
B0119363645258N11905378WA0159301603004003037169195
B0119373645253N11905377WA0159301603004003035169192
B0119383645248N11905376WA0159201602004003035169189
B0119393645243N11905374WA0159101601004003035168191
B0119403645237N11905373WA0158901599004003037170198
B0119413645231N11905372WA0158901599004003039173203
B0119423645225N11905372WA0158801599004003036174188
B0119433645220N11905371WA0158801599004003036170186
B0119443645215N11905369WA0158801598004003036166189
B0119453645209N11905367WA0158701597004003037167197
B0119463645204N11905367WA0158601597004003037172198
B0119473645199N11905366WA0158601596004003036176200
B0119483645193N11905366WA0158501595004003036177193
B0119493645188N11905365WA0158501594004003036173190
B0119503645183N11905364WA0158401594004003036171195
B0119513645177N11905363WA0158301593004003036172181
B0119523645172N11905363WA0158201593004003036173191
B0119533645166N11905361WA0158301592004003037169181
B0119543645161N11905359WA0158201591004003037164182
B0119553645155N11905357WA0158101591004003040162196
B0119563645149N11905355WA0158101591004003040167201
B0119573645143N11905354WA0158101591004003038171199
B0119583645138N11905353WA0158101591004003038170183
B0119593645132N11905351WA0158101590004003038164169
B0120003645126N11905348WA0158001589004003039160178
B0120013645120N11905346WA0158001589004003041159184
B0120023645114N11905343WA0157901589004003042162189
B0120033645108N11905341WA0157901589004003042165186
B0120043645103N11905339WA0157901589004003039164181
B0120053645097N11905337WA0157901588004003039161180
B0120063645091N11905335WA0157901587004003039161182
B0120073645085N11905332WA0157801586004003043161180
B0120083645079N11905330WA0157701586004003044162179
B0120093645072N11905327WA0157601585004003044162184
B0120103645066N11905325WA0157601585004003044163187
B0120113645060N11905323WA0157601585004003043164196
B0120123645054N11905321WA0157601585004003041166191
B0120133645048N11905319WA0157601586004003041167194
B0120143645042N11905318WA0157601586004003041167191
B0120153645037N11905316WA0157601586004003040169198
B0120163645031N11905315WA0157701586004003039170193
B0120173645025N11905314WA0157701586004003038170189
B0120183645020N11905313WA0157601585004003040169188
B0120193645013N11905311WA0157501584004003040170189
B0120203645007N11905310WA0157501584004003042172193
B0120213645001N11905310WA0157501584004003042173186
B0120223644996N11905308WA0157601585004003038169176
B0120233644990N11905306WA0157701586004003038164177
B0120243644985N11905304WA0157701586004003036160178
B0120253644981N11905302WA0157601586004003035162175
B0120263644976N11905301WA0157601585004003033165175
B0120273644971N11905299WA0157501584004003035165176
B0120283644966N11905297WA0157501584004003036161187
B0120293644961N11905295WA0157401584004003035159185
B0120303644956N11905293WA0157401583004003034160183
B0120313644951N11905291WA0157301582004003034161182
B0120323644946N11905289WA0157301581004003036159169
B0120333644941N11905286WA0157201581004003037155173
B0120343644936N11905282WA0157201580004003037151174
B0120353644931N11905279WA0157101579004003037150182
B0120363644926N11905276WA0157001579004003037153187
B0120373644921N11905273WA0156901578004003037156192
B0120383644916N11905270WA0156901577004003037158186
B0120393644911N11905268WA0156801577004003037158193
B0120403644906N11905265WA0156801576004003036157193
B0120413644901N11905263WA0156701575004003036155198
B0120423644896N11905260WA0156601574004003038154191
B0120433644891N11905257WA0156601574004003038155188
B0120443644886N11905254WA0156501573004003038156186
B0120453644881N11905251WA0156501573004003037155180
B0120463644876N11905248WA0156401572004003036153180
B0120473644871N11905245WA0156401572004003036152179
B0120483644867N11905242WA0156301571004003037152184
B0120493644861N11905239WA0156201570004003037153189
B0120503644856N11905236WA0156101570004003038154189
B0120513644851N11905233WA0156001568004003038155185
B0120523644846N11905230WA0155901567004003038155183
B0120533644841N11905227WA0155801566004003039156182
B0120543644835N11905224WA0155701564004003039157177
B0120553644830N11905221WA0155501563004003040156180
B0120563644824N11905218WA0155401562004003041156179
B0120573644819N11905215WA0155301561004003040157186
B0120583644813N11905212WA0155201560004003040158188
B0120593644808N11905210WA0155201560004003039158186
B0121003644803N11905207WA0155101559004003038156192
B0121013644797N11905204WA0155001558004003038157190
B0121023644792N11905202WA0154901556004003039158190
B0121033644786N11905199WA0154801555004003039159195
B0121043644781N11905196WA0154801555004003039158189
B0121053644776N11905194WA0154701554004003038155187
B0121063644771N11905191WA0154701553004003037153187
B0121073644766N11905188WA0154501552004003038154189
B0121083644760N11905185WA0154401550004003039157192
B0121093644755N11905182WA0154201549004003039157185
B0121103644749N11905178WA0154101548004003042154182
B0121113644743N11905175WA0154001548004003042152189
B0121123644738N11905172WA0153901547004003039152191
B0121133644733N11905169WA0153901546004003039155193
B0121143644728N11905166WA0153801544004003039156187
B0121153644722N11905163WA0153601542004003039156189
B0121163644716N11905160WA0153401540004003041156192
B0121173644711N11905156WA0153301539004003041155191
B0121183644705N11905153WA0153201538004003041153189
B0121193644700N11905150WA0153001537004003040152189
B0121203644695N11905146WA0152901535004003040152188
B0121213644689N11905143WA0152901534004003041152187
B0121223644684N11905139WA0152801533004003041150184
B0121233644679N11905135WA0152601532004003040148175
B0121243644674N11905131WA0152501530004003040146166
B0121253644669N11905126WA0152201528004003043143174
B0121263644663N11905121WA0152101526004003044141172
B0121273644658N11905116WA0151901525004003044142191
B0121283644653N11905111WA0151801524004003044146182
B0121293644647N11905108WA0151801523004003042152191
B0121303644642N11905105WA0151701522004003038154187
B0121313644637N11905102WA0151601521004003038152178
B0121323644632N11905098WA0151501519004003038149174
B0121333644627N11905094WA0151301518004003038148182
B0121343644623N11905090WA0151201517004003038147182
B0121353644618N11905087WA0151101516004003039148179
B0121363644613N11905083WA0151101515004003039148182
B0121373644608N11905079WA0151001514004003039147179
B0121383644603N11905075WA0150901513004003038146179
B0121393644598N11905071WA0150801512004003039145175
B0121403644593N11905067WA0150701511004003039146176
B0121413644588N11905063WA0150601510004003040148187
B0121423644583N11905059WA0150501510004003039149190
B0121433644578N11905056WA0150501510004003039149189
B0121443644573N11905052WA0150501509004003039149196
B0121453644568N11905048WA0150501509004003039146186
B0121463644563N11905043WA0150401508004003040143174
B0121473644558N11905039WA0150301507004003040142176
B0121483644553N11905034WA0150201506004003040143181
B0121493644548N11905030WA0150101505004003040145188
B0121503644544N11905026WA0150001504004003039148196
B0121513644538N11905023WA0149901503004003039152199
B0121523644533N11905020WA0149801501004003038154202
B0121533644529N11905017WA0149601500004003037154193
B0121543644524N11905014WA0149501499004003036155192
B0121553644519N11905012WA0149401497004003036155185
B0121563644514N11905008WA0149301496004003036152186
B0121573644509N11905005WA0149201495004003038150184
B0121583644504N11905001WA0149001494004003038149185
B0121593644499N11904997WA0148901492004003038148182
B0122003644494N11904993WA0148801491004003038146175
B0122013644489N11904989WA0148701490004003039143185
B0122023644484N11904984WA0148601490004003040142180
B0122033644480N11904980WA0148501489004003041142176
B0122043644475N11904975WA0148501488004003041143183
B0122053644470N11904971WA0148401487004003040144179
B0122063644465N11904967WA0148301486004003039146180
B0122073644460N11904963WA0148201485004003039147184
B0122083644455N11904959WA0148101484004003039149190
B0122093644450N11904956WA0148001483004003039152193
B0122103644445N11904953WA0148001483004003038153198
B0122113644440N11904950WA0147901482004003037153190
B0122123644435N11904947WA0147901481004003037153197
B0122133644430N11904944WA0147801480004003037153199
B0122143644425N11904941WA0147701479004003037154199
B0122153644420N11904938WA0147601478004003037156204
B0122163644415N11904936WA0147501477004003036157197
B0122173644411N11904933WA0147401476004003034158201
B0122183644406N11904931WA0147301475004003035159196
B0122193644400N11904929WA0147201474004003037163201
B0122203644395N11904927WA0147101473004003037163203
B0122213644390N11904925WA0147101472004003037160199
B0122223644385N11904922WA0147001472004003037159205
B0122233644380N11904920WA0146901471004003036160200
B0122243644374N11904918WA0146801470004003036161198
B0122253644369N11904916WA0146701469004003036160197
B0122263644364N11904913WA0146601468004003036159201
B0122273644359N11904911WA0146501467004003037159203
B0122283644354N11904909WA0146501467004003036159209
B0122293644349N11904906WA0146401466004003036160203
B0122303644344N11904904WA0146301465004003035162206
B0122313644339N11904903WA0146201464004003034164202
B0122323644334N11904901WA0146101463004003034167200
B0122333644329N11904900WA0146001462004003037167199
B0122343644323N11904898WA0145901461004003038166199
B0122353644318N11904896WA0145901460004003037164200
B0122363644313N11904894WA0145801460004003037162199
B0122373644307N11904892WA0145701459004003037161207
B0122383644302N11904890WA0145701458004003036160199
B0122393644297N11904888WA0145601458004003036161204
B0122403644292N11904886WA0145601457004003036162202
B0122413644287N11904884WA0145601457004003036164202
B0122423644282N11904882WA0145501456004003035164200
B0122433644277N11904880WA0145401455004003036163201
B0122443644271N11904878WA0145301454004003036163206
B0122453644266N11904877WA0145301454004003036164210
B0122463644262N11904875WA0145201453004003034165215
B0122473644257N11904874WA0145101451004003032169220
B0122483644252N11904874WA0144901449004003033177225
B0122493644247N11904875WA0144801447004003033185244
B0122503644243N11904876WA0144601446004003033194239
B0122513644239N11904878WA0144401445004003031203238
B0122523644235N11904881WA0144301444004003028208238
B0122533644231N11904883WA0144201442004003029205231
B0122543644227N11904885WA0144101441004003032201228
B0122553644223N11904887WA0144001441004003032201234
B0122563644218N11904890WA0144001440004003032201237
B0122573644214N11904891WA0144001440004003030200245
B0122583644210N11904893WA0143901439004003028200237
B0122593644207N11904895WA0143801438004003028204245
B0123003644203N11904898WA0143801438004003027211244
B0123013644201N11904900WA0143701437004003026216245
B0123023644198N11904903WA0143601436004003024215248
B0123033644195N11904905WA0143601435004003022214251
B0123043644193N11904908WA0143501434004003022220257
B0123053644191N11904911WA0143301432004003022239262
B0123063644191N11904914WA0143201431004003020269271
B0123073644192N11904917WA0143101430004003018300284
B0123083644195N11904919WA0143001429004003018326292
B0123093644197N11904920WA0142901428004003018339297
B0123103644199N11904921WA0142701427004003016329291
B0123113644200N11904924WA0142601425004003014298283
B0123123644200N11904927WA0142401422004003014275266
B0123133644199N11904931WA0142201421004003020259261
B0123143644198N11904934WA0142101420004003020243253
B0123153644196N11904937WA0142001419004003020234256
B0123163644194N11904941WA0141801417004003021235254
B0123173644193N11904944WA0141601415004003022240265
B0123183644191N11904948WA0141501414004003022242264
B0123193644190N11904951WA0141401413004003022242259
B0123203644188N11904955WA0141301411004003021239263
B0123213644187N11904958WA0141201410004003020237258
B0123223644185N11904961WA0141001408004003020239264
B0123233644183N11904966WA0140801406004003025242257
B0123243644181N11904970WA0140701407004003025247262
B0123253644180N11904974WA0140701407004003024245256
B0123263644179N11904976WA0140801408004003019240255
B0123273644178N11904978WA0140801407004003016233238
B0123283644176N11904981WA0140701406004003016228234
B0123293644174N11904983WA0140701405004003017227244
B0123303644173N11904985WA0140601404004003017227268
B0123313644171N11904988WA0140501403004003018226273
B0123323644169N11904991WA0140401403004003019228271
B0123333644167N11904993WA0140301402004003018233266
B0123343644166N11904996WA0140301401004003018240267
B0123353644165N11904999WA0140201400004003016249264
B0123363644165N11905002WA0140001398004003016259258
B0123373644164N11905005WA0139901397004003018263260
B0123383644164N11905009WA0139801397004003019263256
B0123393644164N11905012WA0139801397004003019266256
B0123403644164N11905016WA0139801397014003018270259
B0123413644164N11905019WA0139801397014003018265242
B0123423644163N11905022WA0139801396004003018253241
B0123433644161N11905025WA0139701395004003019242241
B0123443644160N11905029WA0139601394004003021238254
B0123453644158N11905032WA0139501394004003021240256
B0123463644157N11905036WA0139501393004003022245266
B0123473644156N11905040WA0139401392004003022247257
B0123483644154N11905043WA0139301391004003020247260
B0123493644153N11905046WA0139201390004003020245264
B0123503644152N11905050WA0139201390004003020244280
B0123513644151N11905053WA0139201389004003020249283
B0123523644150N11905056WA0139201389004003017256278
B0123533644150N11905058WA0139101388004003014256278
B0123543644149N11905061WA0138901386004003015254271
B0123553644149N11905064WA0138701385004003015254266
B0123563644148N11905067WA0138601384004003016255267
B0123573644148N11905070WA0138601383004003016255272
B0123583644147N11905073WA0138401382004003016254271
B0123593644146N11905075WA0138401381004003016256278
B0124003644146N11905078WA0138301380004003016263275
B0124013644146N11905081WA0138101379004003016269266
B0124023644146N11905084WA0138101378004003015268270
B0124033644146N11905086WA0138001377004003014266273
B0124043644146N11905089WA0137901375004003016269268
B0124053644146N11905093WA0137801373004003016272271
B0124063644146N11905097WA0137601373004003019270251
B0124073644146N11905100WA0137501373004003019261243
B0124083644145N11905103WA0137501372014003016246235
B0124093644143N11905105WA0137401371004003017233236
B0124103644141N11905108WA0137301370004003017232244
B0124113644140N11905111WA0137201368004003019238253
B0124123644138N11905115WA0137101368004003021244254
B0124133644137N11905119WA0137101368004003022245258
B0124143644136N11905122WA0137101369004003022245259
B0124153644135N11905125WA0137201369004003019247253
B0124163644134N11905128WA0137201368004003017251257
B0124173644133N11905131WA0137101367004003017250254
B0124183644132N11905135WA0137101367004003021242255
B0124193644130N11905138WA0137001367004003021235252
B0124203644128N11905141WA0137001367004003021232254
B0124213644127N11905143WA0137001367004003019230256
B0124223644125N11905146WA0137001366004003018228259
B0124233644123N11905148WA0136901364004003019228257
B0124243644121N11905152WA0136701363004003022230250
B0124253644119N11905155WA0136601362004003022230250
B0124263644116N11905158WA0136601362004003022226256
B0124273644114N11905160WA0136601362004003022220258
B0124283644112N11905162WA0136501362004003019219264
B0124293644110N11905165WA0136501361004003019222269
B0124303644108N11905167WA0136401360004003018229266
B0124313644107N11905170WA0136301359004003018234258
B0124323644105N11905173WA0136301359004003018234267
B0124333644103N11905175WA0136201358004003017225255
B0124343644101N11905177WA0136101357004003017221256
B0124353644099N11905179WA0136001355004003017223249
B0124363644097N11905182WA0135901354004003019225258
B0124373644095N11905185WA0135901354004003020226262
B0124383644093N11905187WA0135901355004003018226256
B0124393644091N11905190WA0135901355004003018228258
B0124403644090N11905192WA0135901354004003016231259
B0124413644088N11905194WA0135801354004003016234266
B0124423644087N11905197WA0135801353004003017238260
B0124433644086N11905200WA0135701352004003019245263
B0124443644085N11905204WA0135701352004003021251260
B0124453644084N11905208WA0135701353004003021250254
B0124463644083N11905211WA0135701354004003021244258
B0124473644081N11905214WA0135801354004003020240262
B0124483644080N11905217WA0135801354004003017245251
B0124493644079N11905220WA0135801353004003020251262
B0124503644078N11905224WA0135901354004003020243248
B0124513644076N11905228WA0136001356004003022236259
B0124523644074N11905230WA0136101357004003022223251
B0124533644072N11905232WA0136201357004003019218266
B0124543644070N11905235WA0136201357004003019221273
B0124553644068N11905238WA0136301357004003019231286
B0124563644067N11905241WA0136301357004003020243286
B0124573644066N11905245WA0136301357004003020258288
B0124583644066N11905248WA0136301357004003016274289
B0124593644066N11905250WA0136201357004003016304290
B0125003644068N11905252WA0136101356004003014318294
B0125013644070N11905253WA0136001356004003014331297
B0125023644072N11905255WA0135901355004003015333298
B0125033644074N11905256WA0135801353004003016324292
B0125043644076N11905259WA0135801353004003017311286
B0125053644077N11905261WA0135701352004003017300275
B0125063644078N11905264WA0135701352004003017292277
B0125073644079N11905266WA0135701352004003015288278
B0125083644079N11905268WA0135601352004003012288282
B0125093644080N11905270WA0135601350004003013290284
B0125103644081N11905273WA0135501349004003013291285
B0125113644082N11905276WA0135401348004003015292286
B0125123644083N11905278WA0135301348004003015292288
B0125133644084N11905281WA0135201347004003014294288
B0125143644084N11905283WA0135201347004003014296289
B0125153644086N11905286WA0135101346004003014298286
B0125163644087N11905288WA0135101346004003015298280
B0125173644088N11905291WA0135101346004003016295275
B0125183644088N11905293WA0135101346004003014285265
B0125193644088N11905296WA0135001345004003014269260
B0125203644088N11905299WA0135001345004003014255260
B0125213644087N11905302WA0134901345004003016248258
B0125223644086N11905305WA0134801344004003018243261
B0125233644085N11905308WA0134701344004003020240259
B0125243644083N11905311WA0134701343004003020235257
B0125253644081N11905314WA0134701343004003019229249
B0125263644079N11905316WA0134601343004003019226260
B0125273644077N11905319WA0134601342004003019226257
B0125283644075N11905322WA0134501342004003019231264
B0125293644074N11905325WA0134501341004003019235260
B0125303644072N11905328WA0134501341004003018237260
B0125313644071N11905331WA0134501340004003018238254
B0125323644069N11905334WA0134401340004003021239259
B0125333644067N11905337WA0134401340004003021239256
B0125343644066N11905341WA0134401339004003021237259
B0125353644064N11905344WA0134301339004003020235258
B0125363644062N11905347WA0134201338004003020235256
B0125373644060N11905350WA0134101337004003022237260
B0125383644059N11905354WA0134101337004003022240248
B0125393644057N11905358WA0134101336004003022240257
B0125403644055N11905361WA0134101336004003022239260
B0125413644054N11905364WA0134001335004003021241262
B0125423644053N11905367WA0134001335004003019246268
B0125433644052N11905370WA0133901334004003019245264
B0125443644050N11905373WA0133901334004003018238264
B0125453644049N11905376WA0133901334004003017233259
B0125463644048N11905378WA0133901333004003016233264
B0125473644046N11905380WA0133801332004003016236273
B0125483644045N11905383WA0133701331004003017244274
B0125493644044N11905386WA0133601330004003017253270
B0125503644044N11905389WA0133501329004003017257265
B0125513644043N11905393WA0133401329004003017254251
B0125523644042N11905396WA0133401329004003019247256
B0125533644041N11905399WA0133501329004003019241253
B0125543644039N11905402WA0133501330004003019240260
B0125553644038N11905405WA0133601331004003018242255
B0125563644037N11905408WA0133701332004003017248271
B0125573644037N11905410WA0133701332004003012253281
B0125583644036N11905412WA0133701331004003012264279
B0125593644037N11905415WA0133601330004003012279285
B0126003644038N11905419WA0133501329004003016289293
B0126013644039N11905423WA0133501329004003022303297
B0126023644041N11905426WA0133601330004003022314309
B0126033644044N11905428WA0133701332004003022322326
B0126043644047N11905430WA0133801334004003022334333
B0126053644049N11905430WA0134001334004003020350333
B0126063644053N11905430WA0134001334004003020008331
B0126073644057N11905429WA0133901334004003026010315
B0126083644061N11905428WA0133901333004003027004304
B0126093644064N11905430WA0133901333004003026340303
B0126103644067N11905432WA0133901334004003023320299
B0126113644069N11905435WA0134001335004003021314297
B0126123644070N11905437WA0134101336004003016318301
B0126133644072N11905438WA0134101336004003016326307
B0126143644075N11905440WA0134201337004003016333300
B0126153644078N11905441WA0134201337004003018337300
B0126163644080N11905443WA0134201338004003020336288
B0126173644082N11905444WA0134301338004003016324271
B0126183644083N11905447WA0134301339004003016290263
B0126193644083N11905449WA0134401339004003016252254
B0126203644080N11905452WA0134501339004003016226241
B0126213644077N11905454WA0134501341004003021206230
B0126223644073N11905455WA0134701342004003027186216
B0126233644069N11905454WA0134801343004003030168200
B0126243644064N11905451WA0134901344004003030154187
B0126253644059N11905447WA0134901344004003035144173
B0126263644055N11905441WA0135001345004003040135162
B0126273644051N11905434WA0135101346004003043123147
B0126283644049N11905427WA0135101347004003043110133
B0126293644048N11905418WA0135201347004003043097116
B0126303644048N11905410WA0135301349004003044088098
B0126313644049N11905402WA0135401350004003044081084
B0126323644051N11905395WA0135501350004003040073073
B0126333644054N11905389WA0135501351004003040061061
B0126343644057N11905384WA0135501351004003038047045
B0126353644061N11905381WA0135601351004003035035025
B0126363644065N11905379WA0135601351004003032024010
B0126373644069N11905377WA0135601352004003025013356
B0126383644072N11905377WA0135601352004003025002340
B0126393644075N11905378WA0135601352004003022354332
B0126403644078N11905378WA0135601352004003021346322
B0126413644081N11905379WA0135701353004003020344312
B0126423644083N11905380WA0135801354004003018346312
B0126433644086N11905381WA0135801354004003018347307
B0126443644089N11905382WA0135801354004003018344302
B0126453644091N11905383WA0135801354004003019335292
B0126463644093N11905385WA0135801354004003019320290
B0126473644095N11905388WA0135901355004003016304285
B0126483644095N11905390WA0136001356004003016289280
B0126493644095N11905392WA0136001356004003013271267
B0126503644095N11905395WA0135901355004003013258262
B0126513644094N11905397WA0135901354004003013254268
B0126523644094N11905400WA0135801353004003015256274
B0126533644094N11905403WA0135701352004003015266281
B0126543644094N11905405WA0135701352004003014285291
B0126553644096N11905407WA0135701352004003014307300
B0126563644097N11905409WA0135601352004003014322296
B0126573644100N11905411WA0135601352004003018321296
B0126583644101N11905413WA0135601352004003018313281
B0126593644103N11905416WA0135701352004003017305290
B0127003644104N11905418WA0135701353004003016297299
B0127013644104N11905420WA0135701353004003014295292
B0127023644105N11905422WA0135601352004003012299300
B0127033644106N11905424WA0135601351004003012303281
B0127043644108N11905426WA0135401349004003012302287
B0127053644109N11905429WA0135301348004003014297276
B0127063644109N11905431WA0135201347004003015291283
B0127073644110N11905434WA0135101346004003014282270
B0127083644110N11905437WA0135001345004003014275270
B0127093644110N11905439WA0134901344004003014260260
B0127103644110N11905442WA0134801343004003014250239
B0127113644108N11905444WA0134601342004003014237236
B0127123644106N11905447WA0134501340004003019225227
B0127133644103N11905449WA0134401339004003022214225
B0127143644100N11905451WA0134301338004003022206234
B0127153644097N11905453WA0134201337004003024203240
B0127163644094N11905455WA0134001335004003024204240
B0127173644090N11905457WA0133801333004003025207243
B0127183644087N11905459WA0133601330004003027210234
B0127193644083N11905462WA0133401327004003027210238
B0127203644079N11905465WA0133101325004003029209231
B0127213644075N11905467WA0132901325004003029210247
B0127223644072N11905470WA0132901324004003023212254
B0127233644070N11905472WA0132801323004003023215248
B0127243644067N11905475WA0132701322004003022216256
B0127253644064N11905477WA0132601321004003022216251
B0127263644061N11905480WA0132601321004003023220244
B0127273644059N11905483WA0132601321004003025223251
B0127283644056N11905487WA0132701321004003025221238
B0127293644054N11905488WA0132801323004003022210242
B0127303644051N11905490WA0132901322004003019216253
B0127313644049N11905492WA0132901321004003018227272
B0127323644048N11905496WA0132901321004003019244287
B0127333644048N11905499WA0132801320004003019262290
B0127343644048N11905502WA0132801321004003018276295
B0127353644049N11905505WA0132801321004003017285296
B0127363644050N11905508WA0132801321004003015294304
B0127373644051N11905510WA0132801321004003016311306
B0127383644053N11905512WA0132701320004003016319314
B0127393644055N11905514WA0132701320004003017326313
B0127403644058N11905515WA0132701321004003017332315
B0127413644060N11905517WA0132701321004003016336313
B0127423644062N11905518WA0132701321004003016340313
B0127433644064N11905519WA0132601320004003016340304
B0127443644067N11905520WA0132601319004003016332309
B0127453644069N11905522WA0132501318004003017321309
B0127463644071N11905525WA0132401318004003022317312
B0127473644074N11905528WA0132401318004003024323324
B0127483644078N11905530WA0132501318004003024333323
B0127493644081N11905532WA0132501318004003024346332
B0127503644085N11905532WA0132501318004003024350331
B0127513644088N11905533WA0132501318004003026352326
B0127523644092N11905534WA0132501318004003026350305
B0127533644096N11905535WA0132501318004003026347294
B0127543644099N11905536WA0132501318004003022337291
B0127553644101N11905538WA0132501318004003022321300
B0127563644103N11905541WA0132501318004003019305298
B0127573644105N11905544WA0132501319004003019302290
B0127583644107N11905547WA0132601320004003021308294
B0127593644109N11905550WA0132801322004003021313309
B0128003644110N11905551WA0132901323004003018321290
B0128013644112N11905553WA0132901323004003015328283
B0128023644114N11905554WA0132901322004003016318268
B0128033644115N11905557WA0132801321004003016302259
B0128043644115N11905560WA0132801321004003016268252
B0128053644114N11905562WA0132801321004003016229242
B0128063644111N11905563WA0132701320004003020199231
B0128073644107N11905563WA0132601319004003025182216
B0128083644103N11905563WA0132601319004003025173211
B0128093644098N11905562WA0132501318004003030171215
B0128103644093N11905561WA0132501318004003031173213
B0128113644089N11905561WA0132501318004003029178220
B0128123644085N11905561WA0132501318004003029183226
B0128133644081N11905562WA0132401317004003026190230
B0128143644078N11905563WA0132301316004003024197231
B0128153644074N11905565WA0132201315004003024201235
B0128163644071N11905567WA0132101314004003025202236
B0128173644067N11905569WA0132001313004003025205228
B0128183644064N11905571WA0131901312004003025210235
B0128193644061N11905573WA0131801311004003024211239
B0128203644058N11905576WA0131701310004003024212237
B0128213644055N11905578WA0131701309004003024214238
B0128223644052N11905581WA0131601309004003024216239
B0128233644050N11905583WA0131601308004003023215242
B0128243644047N11905586WA0131501308004003022218236
B0128253644045N11905589WA0131401307004003022223249
B0128263644042N11905592WA0131301306004003025225246
B0128273644039N11905596WA0131301305004003026226256
B0128283644037N11905599WA0131301305004003025227252
B0128293644035N11905602WA0131301305004003024226260
B0128303644032N11905605WA0131201305004003023225244
B0128313644030N11905608WA0131201304004003021225249
B0128323644028N11905611WA0131101303004003022227249
B0128333644025N11905614WA0131001302004003022229246
B0128343644023N11905618WA0130901301004003023233255
B0128353644021N11905623WA0130801301004003026235255
B0128363644019N11905626WA0130901301004003024234255
B0128373644017N11905629WA0130901301004003024230245
B0128383644015N11905632WA0130901301004003021224242
B0128393644012N11905635WA0130701299004003021222240
B0128403644009N11905638WA0130601298004003023225247
B0128413644006N11905642WA0130501297004003028229248
B0128423644004N11905646WA0130501297004003028230242
B0128433644001N11905650WA0130401297004003027227240
B0128443643999N11905653WA0130401296004003025223242
B0128453643996N11905656WA0130401296004003025222250
B0128463643993N11905659WA0130301295004003025225251
B0128473643991N11905663WA0130301295004003025228245
B0128483643988N11905666WA0130301295004003025227240
B0128493643986N11905669WA0130301295004003025222244
B0128503643983N11905672WA0130401296004003025217243
B0128513643980N11905674WA0130401296004003022215245
B0128523643977N11905677WA0130301295004003023216250
B0128533643974N11905680WA0130301294004003023218249
B0128543643971N11905683WA0130301295004003025218253
B0128553643969N11905685WA0130301295004003025217255
B0128563643966N11905688WA0130301295004003021214259
B0128573643964N11905690WA0130301295004003021213261
B0128583643961N11905692WA0130301294004003020219270
B0128593643959N11905695WA0130101292004003020232275
B0129003643958N11905698WA0130001291004003020249278
B0129013643958N11905702WA0129901290004003018262279
B0129023643958N11905705WA0129801289004003019268287
B0129033643958N11905709WA0129701288004003018270287
B0129043643958N11905712WA0129601287004003018277288
B0129053643959N11905716WA0129501287004003018294295
B0129063643960N11905719WA0129601288004003017309300
B0129073643962N11905720WA0129601289004003017317309
B0129083643964N11905722WA0129701289004003016331313
B0129093643966N11905722WA0129701289004003013344315
B0129103643968N11905723WA0129601288004003013350320
B0129113643970N11905723WA0129501288004003020351320
B0129123643973N11905724WA0129401287004003021352326
B0129133643977N11905724WA0129401287004003021349315
B0129143643980N11905725WA0129401287004003021348315
B0129153643983N11905726WA0129301286004003020345312
B0129163643985N11905727WA0129201285004003019344308
B0129173643988N11905728WA0129201284004003019345309
B0129183643991N11905729WA0129001283004003019342311
B0129193643994N11905730WA0128901281004003019337314
B0129203643996N11905731WA0128801280004003019334312
B0129213643999N11905733WA0128801280004003021336320
B0129223644002N11905734WA0128801280004003021341315
B0129233644005N11905735WA0128801281004003020345314
B0129243644007N11905736WA0128801281004003019345316
B0129253644010N11905737WA0128801280004003019342315
B0129263644013N11905738WA0128801280004003020341311
B0129273644016N11905740WA0128701279004003022340315
B0129283644019N11905741WA0128801279004003022336309
B0129293644022N11905743WA0128701279004003022333305
B0129303644025N11905745WA0128601278004003021330295
B0129313644027N11905747WA0128601277004003021324292
B0129323644030N11905750WA0128501277004003021313290
B0129333644031N11905753WA0128501276004003021301281
B0129343644032N11905756WA0128501276004003019295295
B0129353644033N11905759WA0128401276004003018290298
B0129363644033N11905761WA0128401275004003013276285
B0129373644033N11905764WA0128301273004003014264266
B0129383644033N11905767WA0128101272004003014261271
B0129393644032N11905770WA0128001271004003016256260
B0129403644032N11905773WA0127901269004003019258268
B0129413644031N11905777WA0127801269004003020266276
B0129423644032N11905781WA0127801268004003020273276
B0129433644032N11905784WA0127801269004003020279284
B0129443644032N11905787WA0127801269004003016279276
B0129453644033N11905790WA0127801269004003016276268
B0129463644033N11905792WA0127801268004003014273277
B0129473644033N11905795WA0127701268004003014269278
B0129483644033N11905798WA0127701267004003017267285
B0129493644033N11905802WA0127601266004003017271300
B0129503644033N11905804WA0127501265004003017283302
B0129513644034N11905807WA0127401265004003016302308
B0129523644036N11905809WA0127301263004003017314306
B0129533644038N11905811WA0127201262004003017314304
B0129543644040N11905814WA0127001260004003017311298
B0129553644042N11905817WA0126801258004003018313294
B0129563644044N11905819WA0126701256004003021313300
B0129573644046N11905823WA0126601255004003021305302
B0129583644048N11905826WA0126501254004003021301325
B0129593644050N11905828WA0126401253004003020315338
B0130003644052N11905829WA0126401253004003020342339
B0130013644056N11905829WA0126301252004003025359342
B0130023644060N11905829WA0126201251004003025008350
B0130033644064N11905827WA0126201251004003027015355
B0130043644068N11905825WA0126101251004003028026000
B0130053644071N11905821WA0126101250004003030039007
B0130063644075N11905817WA0126001250004003030046016
B0130073644078N11905812WA0126001249004003032050027
B0130083644081N11905807WA0126001249004003034054036
B0130093644083N11905801WA0125901248004003034061046
B0130103644085N11905795WA0125801247004003034068047
B0130113644087N11905789WA0125701246004003034069055
B0130123644089N11905783WA0125601245004003038068046
B0130133644091N11905776WA0125501244004003039067055
B0130143644093N11905769WA0125501244004003038066056
B0130153644096N11905763WA0125501244004003038066048
B0130163644098N11905757WA0125401243004003036067052
B0130173644100N11905751WA0125401242004003034066054
B0130183644102N11905745WA0125301241004003035066050
B0130193644104N11905739WA0125201242004003035069065
B0130203644106N11905733WA0125201241004003036072061
B0130213644107N11905726WA0125101240004003036077063
B0130223644108N11905719WA0125101240004003036080069
B0130233644109N11905713WA0125001239004003036080064
B0130243644109N11905706WA0124801237004003036080068
B0130253644110N11905699WA0124701236004003037080065
B0130263644112N11905691WA0124601235004003039079066
B0130273644113N11905684WA0124601234004003039077053
B0130283644114N11905677WA0124501234004003039076054
B0130293644116N11905671WA0124401232004003037074054
B0130303644117N11905664WA0124201231004003037074056
B0130313644119N11905657WA0124101229004003038074057
B0130323644120N11905650WA0124001228004003041075064
B0130333644122N11905642WA0123901227004003041077082
B0130343644123N11905635WA0123801226004003040080095
B0130353644123N11905628WA0123701225004003039088111
B0130363644122N11905620WA0123601223004003039100115
B0130373644119N11905612WA0123301221004003047115134
B0130383644114N11905605WA0123201220004003047129145
B0130393644109N11905601WA0123201219004003046143163
B0130403644104N11905598WA0123101219004003043157175
B0130413644098N11905596WA0123001217004003039169189
B0130423644093N11905595WA0122801217004003033185198
B0130433644089N11905597WA0122701216004003033190219
B0130443644084N11905599WA0122601214004003032197228
B0130453644080N11905601WA0122501213004003031201229
B0130463644076N11905603WA0122401212004003030203235
B0130473644072N11905605WA0122301211004003031203237
B0130483644068N11905608WA0122201210004003031205233
B0130493644064N11905611WA0122001208004003030210233
B0130503644060N11905614WA0121901207004003030213226
B0130513644056N11905618WA0121701205004003031215242
B0130523644052N11905621WA0121601203004003033214224
B0130533644048N11905624WA0121501202004003033210238
B0130543644044N11905626WA0121401201004003031205230
B0130553644040N11905629WA0121301200004003029203239
B0130563644036N11905631WA0121101198004003029205237
B0130573644031N11905634WA0120901196004003032209231
B0130583644027N11905637WA0120901196004003032209236
B0130593644023N11905639WA0120801195004003032205234
B0131003644020N11905641WA0120701194004003029201230
B0131013644016N11905643WA0120601192004003027201234
B0131023644012N11905646WA0120401190004003030205236
B0131033644008N11905648WA0120201188004003031206233
B0131043644003N11905651WA0120101187004003031204236
B0131053643999N11905653WA0120001187004003031202231
B0131063643996N11905655WA0120001187004003029202240
B0131073643992N11905657WA0119901186004003027207238
B0131083643989N11905660WA0119901185004003028214226
B0131093643985N11905664WA0119901186004003028220228
B0131103643983N11905667WA0120001186004003028225242
B0131113643980N11905671WA0120001187004003027228257
B0131123643977N11905675WA0120201188004003026229268
B0131133643975N11905678WA0120301190004003026233285
B0131143643974N11905681WA0120401190004003022248294
B0131153643973N11905684WA0120401190004003018286301
B0131163643975N11905687WA0120301189004003018321317
B0131173643978N11905689WA0120201189004003025334335
B0131183643982N11905691WA0120301189004003025000352
B0131193643986N11905690WA0120401190004003025018358
B0131203643990N11905688WA0120501191004003024026011
B0131213643993N11905685WA0120601191004003024034014
B0131223643997N11905682WA0120601191004003031040021
B0131233644001N11905676WA0120601190004003036051030
B0131243644003N11905669WA0120601191004003036065042
B0131253644004N11905662WA0120601191004003040081056
B0131263644003N11905654WA0120601191004003041098074
B0131273644001N11905647WA0120601191004003041112094
B0131283643997N11905641WA0120601192004003041126113
B0131293643993N11905636WA0120701192004003040143132
B0131303643988N11905634WA0120801193004003038160155
B0131313643983N11905634WA0120801193004003035175178
B0131323643978N11905635WA0120801193004003031188199
B0131333643974N11905637WA0120801193004003031203219
B0131343643971N11905640WA0120801193004003030224233
B0131353643970N11905644WA0120801193004003027251249
B0131363643971N11905648WA0120801194004003024281272
B0131373643973N11905651WA0120901195004003019310295
B0131383643976N11905653WA0121001196004003020335314
B0131393643979N11905653WA0121101197004003020353332
B0131403643983N11905652WA0121201197004003022007347
B0131413643986N11905651WA0121201198004003025018003
B0131423643990N11905648WA0121301198004003030028016
B0131433643994N11905644WA0121301199004003032038038
B0131443643997N11905639WA0121301199004003032054048
B0131453643999N11905633WA0121401200004003034070057
B0131463643999N11905626WA0121401200004003038085073
B0131473643998N11905619WA0121401200004003039098088
B0131483643996N11905612WA0121401200004003039112103
B0131493643993N11905606WA0121401200004003039129119
B0131503643988N11905603WA0121401200004003038147139
B0131513643983N11905601WA0121501200004003035165162
B0131523643978N11905601WA0121501201004003035182184
B0131533643974N11905603WA0121501201004003031201202
B0131543643971N11905606WA0121501201004003028218226
B0131553643969N11905610WA0121501202004003025239243
B0131563643969N11905615WA0121601203004003025263263
B0131573643970N11905619WA0121701204004003024288279
B0131583643971N11905621WA0121901206004003022308299
B0131593643973N11905624WA0122001207004003016313308
B0132003643975N11905626WA0122001207004003017303307
B0132013643976N11905629WA0122101207004003017306323
B0132023643978N11905632WA0122101207004003019332325
B0132033643982N11905632WA0122201208004003026357344
B0132043643987N11905630WA0122401209004003032021001
B0132053643991N11905625WA0122501210004003032039021
B0132063643994N11905619WA0122501210004003035057040
B0132073643997N11905613WA0122501210004003040078058
B0132083643995N11905604WA0122401209004003046104080
B0132093643991N11905597WA0122401209004003046126109
B0132103643987N11905590WA0122501210004003046144133
B0132113643982N11905588WA0122601211004003034155154
B0132123643977N11905587WA0122701212004003034168170
B0132133643973N11905587WA0122701213004003030182188
B0132143643968N11905589WA0122801213004003029195210
B0132153643965N11905591WA0122901214004003027206228
B0132163643962N11905594WA0123001215004003027221243
B0132173643960N11905597WA0123101217004003023239255
B0132183643960N11905600WA0123201218004003019259266
B0132193643960N11905603WA0123301219004003015275277
B0132203643961N11905606WA0123301219004003018286292
B0132213643962N11905610WA0123401220004003018297298
B0132223643965N11905613WA0123501221004003022311315
B0132233643967N11905615WA0123601223004003023327329
B0132243643971N11905616WA0123801225004003023345342
B0132253643974N11905616WA0123901226004003022002345
B0132263643978N11905615WA0124001227004003022014352
B0132273643982N11905613WA0124101227004003028022003
B0132283643985N11905610WA0124101227004003031033032
B0132293643989N11905605WA0124201228004003031047029
B0132303643992N11905600WA0124201229004003033056027
B0132313643995N11905594WA0124201228004003035057002
B0132323643997N11905589WA0124101228004003035054354
B0132333644000N11905585WA0124101228004003032047356
B0132343644004N11905582WA0124001227004003030035349
B0132353644008N11905580WA0123901225004003028018348
B0132363644012N11905580WA0123801224004003028358347
B0132373644015N11905581WA0123801224004003025342330
B0132383644017N11905583WA0123701223004003022332322
B0132393644020N11905585WA0123601222004003018325312
B0132403644022N11905588WA0123401221004003019315302
B0132413644023N11905591WA0123301219004003019303286
B0132423644024N11905594WA0123101218004003020285264
B0132433644025N11905598WA0123001217004003020253247
B0132443644022N11905601WA0122801216004003026228234
B0132453644019N11905605WA0122801216004003030209221
B0132463644014N11905606WA0122701215004003030194208
B0132473644009N11905607WA0122701215004003031182199
B0132483644005N11905606WA0122601214004003031170194
B0132493644000N11905604WA0122501213004003033165188
B0132503643994N11905603WA0122401212004003035168187
B0132513643989N11905602WA0122301211004003035177192
B0132523643984N11905603WA0122201210004003035188202
B0132533643979N11905605WA0122201210004003035195210
B0132543643975N11905607WA0122101209004003028204229
B0132553643972N11905610WA0122101208004003028214247
B0132563643969N11905613WA0122001207004003027223261
B0132573643966N11905617WA0121901206004003027229268
B0132583643964N11905621WA0121801205004003027234260
B0132593643962N11905625WA0121701204004003022241261
B0133003643961N11905628WA0121601203004003022248264
B0133013643960N11905632WA0121501201004003021251265
B0133023643959N11905637WA0121301199004003021254262
B0133033643958N11905642WA0121101197004003025256257
B0133043643957N11905647WA0121001198004003027256266
B0133053643956N11905651WA0121001198004003027254264
B0133063643955N11905655WA0121001198004003024252266
B0133073643954N11905658WA0120901197004003022253265
B0133083643953N11905662WA0120801196004003020257269
B0133093643953N11905665WA0120701195004003019261269
B0133103643953N11905669WA0120601193004003020266268
B0133113643953N11905673WA0120501191004003020269266
B0133123643952N11905678WA0120401190004003022269270
B0133133643952N11905682WA0120301189004003024266266
B0133143643952N11905687WA0120201189004003025262261
B0133153643951N11905692WA0120301189004003026259258
B0133163643950N11905697WA0120401191004003026256270
B0133173643949N11905701WA0120601192004003026253305
B0133183643948N11905704WA0120801194004003024259318
B0133193643948N11905707WA0120801194004003013290313
B0133203643949N11905709WA0120901193004003017311316
B0133213643951N11905712WA0120801192004003017312315
B0133223643954N11905715WA0120701192004003019316321
B0133233643957N11905717WA0120701192004003022330331
B0133243643960N11905718WA0120701193004003024350335
B0133253643964N11905717WA0120701193004003026008346
B0133263643968N11905715WA0120801193004003026015002
B0133273643972N11905714WA0120901194004003026012359
B0133283643976N11905713WA0120801193004003026010359
B0133293643979N11905713WA0120801192004003024006338
B0133303643983N11905712WA0120701191004003027005337
B0133313643988N11905712WA0120601190004003027000316
B0133323643992N11905712WA0120601191004003029347317
B0133333643997N11905714WA0120601191004003029336305
B0133343643999N11905716WA0120701192004003022326300
B0133353644001N11905719WA0120801193004003022312298
B0133363644002N11905722WA0120801193004003020295290
B0133373644003N11905726WA0120701192004003019277283
B0133383644003N11905730WA0120701191004003019262278
B0133393644002N11905734WA0120701192004003022241267
B0133403644000N11905737WA0120601191004003022232261
B0133413643998N11905740WA0120601191004003022225249
B0133423643996N11905743WA0120501190004003020231253
B0133433643995N11905746WA0120401188004003020243263
B0133443643994N11905750WA0120301187004003020257277
B0133453643994N11905753WA0120201187004003020272284
B0133463643995N11905756WA0120101186004003019288282
B0133473643996N11905759WA0120001184004003018304281
B0133483643998N11905762WA0119901183004003018309282
B0133493644000N11905766WA0119801183004003024307281
B0133503644002N11905769WA0119901184004003024301285
B0133513644003N11905772WA0119901184004003022297297
B0133523644004N11905775WA0119901184004003018298290
B0133533644005N11905777WA0119901184004003017302289
B0133543644007N11905780WA0119801183004003019302289
B0133553644009N11905784WA0119701182004003019300288
B0133563644010N11905787WA0119601181004003022296285
B0133573644011N11905791WA0119601180004003020291274
B0133583644012N11905794WA0119501179004003020283275
B0133593644012N11905798WA0119401178004003020276276
B0134003644012N11905802WA0119201176004003020274281
B0134013644013N11905805WA0119101175004003018276283
B0134023644013N11905808WA0118901174004003018281283
B0134033644014N11905811WA0118801172004003017291293
B0134043644015N11905814WA0118601170004003017298294
B0134053644017N11905817WA0118401168004003019298292
B0134063644018N11905820WA0118301167004003019300306
B0134073644020N11905823WA0118101165004003019307295
B0134083644022N11905826WA0118001163004003019312290
B0134093644024N11905829WA0117801161004003021310287
B0134103644026N11905832WA0117701160004003021302283
B0134113644027N11905836WA0117501159004003021295288
B0134123644028N11905839WA0117401157004003021293283
B0134133644030N11905843WA0117301156004003020293279
B0134143644031N11905846WA0117201155004003021292273
B0134153644032N11905850WA0117101154004003021289274
B0134163644033N11905854WA0117001152004003022285285
B0134173644033N11905859WA0116901151004003024281272
B0134183644034N11905863WA0116801151004003024281286
B0134193644035N11905867WA0116701150004003024282272
B0134203644036N11905871WA0116601149004003023282273
B0134213644036N11905875WA0116601148004003022275260
B0134223644036N11905880WA0116501147004003022267270
B0134233644036N11905883WA0116401147004003022265275
B0134243644036N11905887WA0116401146004003020268284
B0134253644036N11905890WA0116301145004003019274282
B0134263644036N11905893WA0116201144004003018281276
B0134273644037N11905897WA0116001143004003018287272
B0134283644038N11905900WA0115901141004003018288267
B0134293644039N11905903WA0115701139004003018282259
B0134303644039N11905907WA0115501137004003020272261
B0134313644038N11905911WA0115401136004003021261262
B0134323644037N11905915WA0115301134004003022253257
B0134333644036N11905919WA0115101132004003022248257
B0134343644035N11905923WA0114901130004003022248258
B0134353644034N11905927WA0114701128004003022251259
B0134363644032N11905932WA0114501126004003025252256
B0134373644031N11905936WA0114401125004003025249248
B0134383644029N11905940WA0114301124004003025240237
B0134393644027N11905944WA0114201122004003024230230
B0134403644024N11905947WA0114001121004003024223229
B0134413644021N11905950WA0113801118004003026222234
B0134423644018N11905954WA0113601118004003033224228
B0134433644014N11905959WA0113401116004003035224242
B0134443644010N11905963WA0113301117004003034222224
B0134453644007N11905967WA0113301117004003034220238
B0134463644004N11905970WA0113401118004003029219252
B0134473644001N11905973WA0113301117004003022225252
B0134483643999N11905976WA0113201116004003025230238
B0134493643996N11905980WA0112901112004003025230238
B0134503643993N11905984WA0112701110004003029227239
B0134513643990N11905989WA0112601110004003031228260
B0134523643987N11905993WA0112601110004003024233261
B0134533643986N11905996WA0112501110004003024241261
B0134543643985N11906000WA0112501108004003022251264
B0134553643984N11906003WA0112401107004003020261273
B0134563643984N11906007WA0112301105004003019270277
B0134573643985N11906011WA0112101103004003021278274
B0134583643985N11906015WA0111901103004003026280269
B0134593643986N11906020WA0111801102004003026279267
B0135003643986N11906024WA0111701101004003026276266
B0135013643986N11906028WA0111701101004003025274272
B0135023643987N11906032WA0111601100004003021276270
B0135033643987N11906036WA0111601100004003021280271
B0135043643988N11906040WA0111601099004003021279269
B0135053643988N11906044WA0111501098004003021276268
B0135063643989N11906048WA0111501097004003021274265
B0135073643989N11906052WA0111401097004003022272262
B0135083643989N11906057WA0111301096004003023267257
B0135093643988N11906061WA0111301095004003023261257
B0135103643987N11906065WA0111201094004003023253257
B0135113643986N11906069WA0111101093004003021246256
B0135123643984N11906072WA0111001091004003022244250
B0135133643983N11906076WA0110901090004003022244220
B0135143643981N11906079WA0110901090004003022236234
B0135153643979N11906081WA0110801089004003020220237
B0135163643977N11906083WA0110701088004003019208243
B0135173643974N11906085WA0110601086004003020208247
B0135183643972N11906087WA0110401085004003020222254
B0135193643970N11906091WA0110301084004003020236249
B0135203643968N11906094WA0110301084004003023239258
B0135213643967N11906098WA0110301084004003022236248
B0135223643965N11906101WA0110401085004003022228246
B0135233643963N11906103WA0110401085004003019222241
B0135243643961N11906105WA0110401084004003019221246
B0135253643958N11906108WA0110301083004003019222243
B0135263643956N11906110WA0110201083004003020223241
B0135273643954N11906113WA0110201083004003020220243
B0135283643952N11906115WA0110201082004003019216238
B0135293643950N11906117WA0110201082004003019218226
B0135303643947N11906120WA0110101081004003020225244
B0135313643945N11906123WA0110001080004003024229241
B0135323643943N11906127WA0110101081004003024227271
B0135333643941N11906129WA0110201082004003022220273
B0135343643939N11906131WA0110201081004003018225271
B0135353643938N11906133WA0110101080004003014234275
B0135363643937N11906136WA0110001078004003017246275
B0135373643936N11906139WA0109901077004003018254278
B0135383643935N11906142WA0109801076004003018256272
B0135393643935N11906145WA0109701076004003018253282
B0135403643934N11906148WA0109701075004003017252288
B0135413643934N11906151WA0109601074004003015262289
B0135423643934N11906154WA0109501073004003015279292
B0135433643935N11906156WA0109401072004003014288288
B0135443643935N11906158WA0109301071004003013284289
B0135453643935N11906161WA0109201069004003013282298
B0135463643936N11906164WA0109001068004003016285296
B0135473643937N11906167WA0108901067004003017292291
B0135483643938N11906169WA0108801066004003016296281
B0135493643939N11906171WA0108801066004003015290271
B0135503643939N11906173WA0108601064004003012275271
B0135513643939N11906176WA0108501062004003014263268
B0135523643938N11906179WA0108401061004003017258271
B0135533643938N11906182WA0108301060004003016261282
B0135543643938N11906184WA0108201060004003016270288
B0135553643938N11906186WA0108201059004003014283290
B0135563643939N11906189WA0108101058004003013294281
B0135573643940N11906191WA0107901056004003015299284
B0135583643941N11906194WA0107801054004003015295285
B0135593643942N11906197WA0107601053004003017289269
B0136003643943N11906200WA0107501052004003016289266
B0136013643944N11906202WA0107501052004003016292268
B0136023643945N11906205WA0107401051004003015292267
B0136033643945N11906207WA0107301049004003014286267
B0136043643946N11906210WA0107201048004003017280270
B0136053643946N11906214WA0107101047004003019278273
B0136063643947N11906217WA0107001047004003019279273
B0136073643947N11906220WA0107001047004003019279275
B0136083643947N11906223WA0107001047004003015279262
B0136093643948N11906226WA0107001047004003015276274
B0136103643948N11906229WA0107101047004003015270273
B0136113643947N11906231WA0107001046004003015269271
B0136123643948N11906234WA0107001046004003016271269
B0136133643948N11906237WA0107001046004003017272269
B0136143643948N11906241WA0107001046004003017269281
B0136153643948N11906244WA0107001047004003017267299
B0136163643948N11906247WA0107001047004003016274317
B0136173643949N11906250WA0107001047004003018294316
B0136183643951N11906253WA0107001046004003018311321
B0136193643954N11906255WA0107101047004003021323326
B0136203643956N11906258WA0107101047004003020339328
B0136213643959N11906258WA0107101047004003020348337
B0136223643962N11906258WA0107101047004003020359342
B0136233643966N11906258WA0107101046004003020002347
B0136243643970N11906258WA0107001045004003027004355
B0136253643974N11906257WA0106901045004003029010005
B0136263643978N11906255WA0106901045004003029020018
B0136273643982N11906252WA0106901045004003029033018
B0136283643985N11906247WA0106901045004003031045026
B0136293643988N11906242WA0106801044004003034051023
B0136303643991N11906237WA0106801043004003034053020
B0136313643995N11906232WA0106701043004003036051005
B0136323643998N11906227WA0106601042004003034045359
B0136333644002N11906224WA0106601041004003034032353
B0136343644007N11906222WA0106501040004003032018350
B0136353644011N11906221WA0106401039004003030007340
B0136363644015N11906222WA0106401039004003028358334
B0136373644019N11906223WA0106201038004003025346328
B0136383644022N11906225WA0106201037004003025333321
B0136393644024N11906227WA0106201037004003023323313
B0136403644026N11906229WA0106201037004003020313308
B0136413644026N11906231WA0106101037004003016291301
B0136423644026N11906234WA0106001035004003016269283
B0136433644026N11906238WA0105901034004003019262273
B0136443644026N11906241WA0105801033004003019263274
B0136453644025N11906245WA0105701033004003019261269
B0136463644025N11906248WA0105701033004003019258270
B0136473644024N11906251WA0105601032004003017255264
B0136483644023N11906254WA0105501031004003018250267
B0136493644022N11906257WA0105501030004003018242259
B0136503644021N11906260WA0105401029004003018238256
B0136513644019N11906263WA0105301028004003019237255
B0136523644017N11906266WA0105201028004003019235258
B0136533644015N11906268WA0105201027004003019231259
B0136543644014N11906270WA0105001025004003018228259
B0136553644012N11906273WA0104901024004003018230259
B0136563644010N11906276WA0104801022004003020232259
B0136573644008N11906279WA0104601021004003020235263
B0136583644007N11906282WA0104501020004003020236259
B0136593644005N11906285WA0104401018004003019234260
B0137003644003N11906287WA0104301017004003017231254
B0137013644002N11906290WA0104201016004003017230252
B0137023644000N11906292WA0104101015004003017226247
B0137033643998N11906294WA0104001014004003017220253
B0137043643995N11906296WA0103901013004003018218249
B0137053643993N11906298WA0103801012004003017221252
B0137063643992N11906301WA0103701011004003017226255
B0137073643990N11906303WA0103601010004003017229256
B0137083643989N11906305WA0103601010004003016228257
B0137093643987N11906307WA0103501009004003015229258
B0137103643986N11906309WA0103401008004003011234263
B0137113643985N11906311WA0103301006004003012240261
B0137123643985N11906313WA0103101005004003012243263
B0137133643984N11906315WA0103001004004003013242261
B0137143643983N11906317WA0102901003004003013240271
B0137153643982N11906319WA0102801001004003011244273
B0137163643981N11906321WA0102701000004003012255275
B0137173643981N11906323WA0102500998004003012265276
B0137183643981N11906326WA0102400997004003013268271
B0137193643981N11906329WA0102300996004003014270270
B0137203643981N11906331WA0102200995004003015275271
B0137213643982N11906334WA0102100994004003016278278
B0137223643982N11906338WA0102000993004003016279276
B0137233643983N11906342WA0101900993004003018279288
B0137243643984N11906345WA0101900993004003020285279
B0137253643985N11906348WA0101900993004003019302298
B0137263643987N11906351WA0101900992004003019319283
B0137273643990N11906353WA0101700990004003019323272
B0137283643992N11906355WA0101600988004003019315271
B0137293643993N11906358WA0101400987004003019305291
B0137303643995N11906361WA0101300985004003018300286
B0137313643996N11906364WA0101100983004003018300284
B0137323643998N11906367WA0100900982004003018301279
B0137333643999N11906370WA0100800980004003018300282
B0137343644001N11906373WA0100700979004003018304284
B0137353644002N11906375WA0100600978004003017314297
B0137363644005N11906377WA0100500976004003020325308
B0137373644008N11906379WA0100300975004003020333309
B0137383644011N11906381WA0100200974004003023335304
B0137393644014N11906382WA0100100973004003023333295
B0137403644016N11906384WA0100000972004003018330285
B0137413644018N11906386WA0100000972004003018330302
B0137423644020N11906387WA0099900970004003016338322
B0137433644023N11906387WA0099700968004003016350328
B0137443644026N11906388WA0099600969004003019002341
B0137453644030N11906387WA0099400967004003026009336
B0137463644034N11906386WA0099300967004003026016339
B0137473644038N11906384WA0099300966004003025019332
B0137483644041N11906382WA0099200964004003025019323
B0137493644045N11906381WA0099000963004003025013313
B0137503644048N11906381WA0098900961004003024359311
B0137513644052N11906382WA0098700959004003024341304
B0137523644054N11906385WA0098600958004003022321299
B0137533644055N11906387WA0098500957004003019299290
B0137543644055N11906390WA0098300956004003016277279
B0137553644055N11906393WA0098200955004003015265270
B0137563644055N11906395WA0098100953004003015262264
B0137573644054N11906398WA0098000952004003015260263
B0137583644054N11906402WA0097900951004003016256254
B0137593644053N11906404WA0097900951004003017251258
B0138003644052N11906407WA0097900951004003015245254
B0138013644051N11906409WA0097800950004003015239251
B0138023644050N11906412WA0097700949004003015237250
B0138033644049N11906414WA0097600948004003016238253
B0138043644047N11906417WA0097600947004003016238251
B0138053644046N11906419WA0097500946004003015236254
B0138063644045N11906421WA0097400945004003015233254
B0138073644043N11906424WA0097300944004003015229255
B0138083644042N11906426WA0097100942004003015230252
B0138093644041N11906428WA0097000941004003015239254
B0138103644040N11906431WA0096900939004003016245252
B0138113644039N11906434WA0096800938004003016244256
B0138123644037N11906436WA0096700936004003016238254
B0138133644036N11906439WA0096500935004003018235252
B0138143644035N11906442WA0096400934004003018239255
B0138153644033N11906444WA0096300933004003017241264
B0138163644032N11906447WA0096200932004003016240251
B0138173644031N11906450WA0096200932004003017242255
B0138183644030N11906452WA0096200932004003017241250
B0138193644028N11906455WA0096200932004003017235249
B0138203644027N11906457WA0096200931004003017224248
B0138213644024N11906460WA0096200931004003019220249
B0138223644022N11906462WA0096200931004003019222258
B0138233644021N11906464WA0096100931004003018230251
B0138243644019N11906467WA0096100931004003017240253
B0138253644019N11906469WA0096000930004003015245257
B0138263644018N11906472WA0096000929004003016249260
B0138273644017N11906475WA0095900929004003016254267
B0138283644016N11906479WA0095900928004003017257263
B0138293644016N11906482WA0095800927004003019258255
B0138303644015N11906486WA0095600926004003020258247
B0138313644015N11906489WA0095600925004003020258257
B0138323644014N11906493WA0095600925004003020256270
B0138333644014N11906495WA0095600925004003014261284
B0138343644014N11906498WA0095500924004003014278278
B0138353644015N11906501WA0095400923004003014290279
B0138363644016N11906504WA0095300921004003016292274
B0138373644017N11906508WA0095100920004003021288264
B0138383644018N11906511WA0095100920004003021281258
B0138393644018N11906515WA0095100921004003020273250
B0138403644018N11906518WA0095200921004003018268259
B0138413644018N11906520WA0095200921004003014269262
B0138423644018N11906523WA0095100920004003016273262
B0138433644018N11906527WA0095100919004003016277266
B0138443644018N11906530WA0095000919004003019276267
B0138453644018N11906534WA0095100919004003019272277
B0138463644019N11906537WA0095100920004003019271281
B0138473644019N11906540WA0095100919004003016276282
B0138483644019N11906543WA0095000919004003016284275
B0138493644021N11906547WA0095000918004003021290278
B0138503644022N11906550WA0095000918004003021294270
B0138513644023N11906554WA0095000918004003021293278
B0138523644024N11906557WA0095000918004003020289276
B0138533644025N11906561WA0095000918004003020288277
B0138543644026N11906564WA0094900918004003019295290
B0138553644028N11906567WA0094900917004003019305295
B0138563644030N11906570WA0094800917004003019311296
B0138573644032N11906572WA0094800916004003020314289
B0138583644034N11906575WA0094700915004003020314288
B0138593644036N11906578WA0094600914004003020314301
B0139003644038N11906580WA0094500913004003021312296
B0139013644040N11906583WA0094500913004003021312297
B0139023644043N11906586WA0094400912004003022312287
B0139033644045N11906589WA0094300911004003022312288
B0139043644047N11906592WA0094200910004003020308282
B0139053644048N11906595WA0094100908004003020301279
B0139063644050N11906599WA0094000907004003020297273
B0139073644051N11906602WA0093900906004003020297285
B0139083644052N11906605WA0093800906004003020300285
B0139093644054N11906608WA0093700905004003017301285
B0139103644055N11906610WA0093600903004003017299291
B0139113644056N11906613WA0093500901004003017297303
B0139123644058N11906616WA0093400900004003017307319
B0139133644061N11906618WA0093300899004003019329325
B0139143644064N11906619WA0093200898004003023347329
B0139153644067N11906619WA0093100897004003023356327
B0139163644071N11906619WA0092900896004003023355303
B0139173644074N11906620WA0092800894004003023347306
B0139183644078N11906622WA0092700893004003023344304
B0139193644082N11906623WA0092600892004003026346311
B0139203644085N11906624WA0092500892004003026347314
B0139213644089N11906624WA0092500891004003024351319
B0139223644092N11906624WA0092400890004003023359317
B0139233644096N11906624WA0092300889004003023006326
B0139243644100N11906623WA0092300889004003028006332
B0139253644104N11906623WA0092300889004003028004337
B0139263644108N11906622WA0092300890004003028006335
B0139273644112N11906621WA0092400891004003026009339
B0139283644115N11906620WA0092400891004003025013343
B0139293644119N11906619WA0092500891004003026018347
B0139303644123N11906617WA0092400891004003027026353
B0139313644126N11906614WA0092400891004003027032002
B0139323644130N11906611WA0092400890004003029032009
B0139333644134N11906608WA0092400890004003029027010
B0139343644138N11906607WA0092400890004003027013005
B0139353644141N11906607WA0092400890004003027356349
B0139363644144N11906608WA0092400890004003023334333
B0139373644146N11906611WA0092400890004003019308313
B0139383644146N11906613WA0092300890004003016275292
B0139393644145N11906616WA0092300889004003014243269
B0139403644143N11906618WA0092200889004003018219250
B0139413644140N11906620WA0092200889004003018203229
B0139423644136N11906620WA0092200889004003023186216
B0139433644131N11906619WA0092200889004003027169198
B0139443644126N11906617WA0092200889004003034156179
B0139453644122N11906613WA0092200889004003037146164
B0139463644117N11906608WA0092200889004003037139152
B0139473644113N11906603WA0092200889004003038133149
B0139483644110N11906597WA0092200889004003040127129
B0139493644107N11906590WA0092300890004003042119121
B0139503644104N11906582WA0092300890004003042112107
B0139513644102N11906575WA0092400890004003042107103
B0139523644101N11906567WA0092400890004003042101092
B0139533644101N11906560WA0092300890004003042094079
B0139543644101N11906552WA0092300890004003040086069
B0139553644102N11906545WA0092300889004003040078061
B0139563644104N11906539WA0092200889004003038068051
B0139573644107N11906534WA0092200888004003036057040
B0139583644110N11906529WA0092100887004003034044026
B0139593644114N11906526WA0092000886004003032035010
B0140003644118N11906523WA0092000886004003032028351
B0140013644123N11906521WA0091900886004003031014343
B0140023644127N11906519WA0091900886004003031000320
B0140033644131N11906520WA0091800886004003030353307
B0140043644136N11906521WA0091900886004003024343301
B0140053644139N11906523WA0092000887004003024337297
B0140063644141N11906525WA0092000887004003022332297
B0140073644144N11906527WA0092000887004003019317294
B0140083644145N11906530WA0092000887004003017309286
B0140093644146N11906532WA0092000886004003017292280
B0140103644146N11906535WA0092000886004003016270274
B0140113644146N11906539WA0092000886004003016254259
B0140123644145N11906542WA0092000886004003017240249
B0140133644143N11906545WA0092000886004003019225239
B0140143644141N11906547WA0092100886004003019209227
B0140153644138N11906548WA0092100886004003019192218
B0140163644134N11906548WA0092100886004003021174209
B0140173644130N11906547WA0092000885004003028169192
B0140183644125N11906546WA0091900886004003033159172
B0140193644120N11906543WA0092000886004003033151158
B0140203644116N11906538WA0092000887004003035141146
B0140213644112N11906533WA0092100887004003036132146
B0140223644109N11906527WA0092100888004003038125133
B0140233644106N11906521WA0092100888004003038119123
B0140243644104N11906514WA0092100888004003040108109
B0140253644103N11906506WA0092100888004003040097094
B0140263644103N11906498WA0092200888004003041087080
B0140273644104N11906491WA0092200888004003040080072
B0140283644105N11906484WA0092200888004003040077066
B0140293644107N11906477WA0092200888004003036075063
B0140303644109N11906471WA0092200888004003036070060
B0140313644111N11906465WA0092200887004003036061054
B0140323644115N11906459WA0092200887004003038052043
B0140333644119N11906454WA0092200888004003038044033
B0140343644123N11906450WA0092200889004003038038025
B0140353644127N11906447WA0092300889004003035032019
B0140363644131N11906444WA0092400890004003032025010
B0140373644135N11906443WA0092400890004003029017001
B0140383644139N11906442WA0092500891004003029009351
B0140393644143N11906442WA0092500891004003028357344
B0140403644147N11906443WA0092500891004003026342332
B0140413644149N11906446WA0092500891004003021325319
B0140423644151N11906448WA0092500892004003021307304
B0140433644152N11906451WA0092600892004003019290292
B0140443644152N11906454WA0092500892004003017272281
B0140453644151N11906457WA0092600892004003016248269
B0140463644149N11906460WA0092600893004003018220255
B0140473644146N11906461WA0092600894004003018199238
B0140483644142N11906461WA0092700894004003022181222
B0140493644138N11906460WA0092800895004003024166201
B0140503644134N11906458WA0092800895004003030158189
B0140513644130N11906455WA0092800895004003031155181
B0140523644125N11906453WA0092800894004003031154174
B0140533644121N11906450WA0092800894004003031150159
B0140543644117N11906446WA0092700893004003031144153
B0140553644113N11906442WA0092700894004003039130140
B0140563644110N11906436WA0092700894004003041121118
B0140573644108N11906428WA0092800895004003041106103
B0140583644107N11906421WA0092800896004003041094094
B0140593644107N11906413WA0092800895004003039079078
B0141003644109N11906407WA0092800895004003036071064
B0141013644112N11906401WA0092800894004003036059055
B0141023644115N11906396WA0092800894004003036050041
B0141033644119N11906391WA0092700894004003037043029
B0141043644124N11906387WA0092800894004003037037022
B0141053644128N11906385WA0092800895004003030026013
B0141063644132N11906384WA0092800894004003030012359
B0141073644136N11906384WA0092800894004003027358344
B0141083644139N11906385WA0092800895004003026348328
B0141093644143N11906386WA0092900896004003025341318
B0141103644145N11906388WA0092900897004003020330313
B0141113644148N11906390WA0093000896004003020312303
B0141123644149N11906392WA0093000896004003016305290
B0141133644150N11906395WA0093000896004003016300287
B0141143644152N11906398WA0093000896004003017298283
B0141153644153N11906401WA0093000897004003018296276
B0141163644154N11906404WA0093100897004003018291266
B0141173644154N11906407WA0093100897004003016276260
B0141183644153N11906409WA0093100897004003016249246
B0141193644151N11906412WA0093100897004003016224236
B0141203644149N11906413WA0093100897004003019208227
B0141213644146N11906415WA0093100897004003020196216
B0141223644142N11906415WA0093100897004003020186201
B0141233644138N11906414WA0093100897004003023173179
B0141243644134N11906412WA0093100898004003027160170
B0141253644130N11906409WA0093100898004003034146163
B0141263644126N11906404WA0093200898004003036138150
B0141273644122N11906399WA0093200899004003036130142
B0141283644119N11906394WA0093300899004003036121131
B0141293644117N11906387WA0093300899004003036110122
B0141303644116N11906379WA0093300899004003042099110
B0141313644117N11906371WA0093200899004003044088096
B0141323644118N11906363WA0093200899004003044077081
B0141333644120N11906356WA0093200899004003044067068
B0141343644124N11906349WA0093300899004003042057055
B0141353644127N11906344WA0093300899004003039049043
B0141363644132N11906339WA0093300899004003039041032
B0141373644136N11906335WA0093300899004003037034023
B0141383644141N11906332WA0093300899004003036029015
B0141393644145N11906330WA0093300899004003035021008
B0141403644149N11906329WA0093300899004003029007358
B0141413644153N11906330WA0093200899004003029351342
B0141423644157N11906332WA0093200899004003027338328
B0141433644159N11906334WA0093200899004003024329311
B0141443644161N11906336WA0093200899004003017321303
B0141453644163N11906338WA0093200899004003017318297
B0141463644165N11906340WA0093200898004003017316305
B0141473644167N11906342WA0093100897004003017320311
B0141483644170N11906344WA0093100897004003018336315
B0141493644174N11906344WA0093000896004003025353321
B0141503644178N11906344WA0092900895004003027003335
B0141513644182N11906343WA0092800894004003027007334
B0141523644186N11906343WA0092700893004003027005328
B0141533644190N11906343WA0092600892004003027358327
B0141543644194N11906343WA0092600892004003029347315
B0141553644198N11906344WA0092700893004003029344310
B0141563644202N11906346WA0092900894004003026344308
B0141573644205N11906347WA0093000895004003021344303
B0141583644207N11906348WA0093000895004003019338299
B0141593644209N11906349WA0093000894004003018333291
B0142003644212N11906352WA0092900894004003020327285
B0142013644214N11906354WA0092900894004003020315267
B0142023644215N11906357WA0092900894004003020289253
B0142033644214N11906360WA0092900895004003017250247
B0142043644212N11906363WA0093000895004003020220236
B0142053644209N11906365WA0093000895004003022206220
B0142063644206N11906365WA0093000896004003021192203
B0142073644202N11906365WA0093000896004003022172190
B0142083644197N11906362WA0093000895004003025154178
B0142093644193N11906357WA0093000895004003039137163
B0142103644190N11906351WA0093000895004003041120140
B0142113644188N11906344WA0093000896004003040106124
B0142123644188N11906336WA0093000896004003040095108
B0142133644188N11906328WA0093000896004003040087095
B0142143644189N11906320WA0092900895004003045081086
B0142153644191N11906312WA0092900894004003048073072
B0142163644193N11906303WA0092900895004003046064064
B0142173644197N11906296WA0093100897004003046058051
B0142183644200N11906291WA0093200898004003043049043
B0142193644204N11906287WA0093300899004003034040033
B0142203644208N11906284WA0093300899004003034031018
B0142213644213N11906281WA0093300899004003031026006
B0142223644217N11906279WA0093300899004003031021356
B0142233644221N11906278WA0093300899004003029011351
B0142243644225N11906279WA0093300899004003029353340
B0142253644228N11906281WA0093300898004003026334325
B0142263644230N11906283WA0093300898004003022314309
B0142273644231N11906286WA0093200898004003016300288
B0142283644232N11906289WA0093200898004003016284272
B0142293644231N11906292WA0093100897004003016263261
B0142303644230N11906295WA0093000897004003017242247
B0142313644228N11906298WA0093000896004003021226232
B0142323644225N11906300WA0093000896004003023212216
B0142333644221N11906302WA0093000895004003023197210
B0142343644217N11906302WA0093000895004003025184197
B0142353644212N11906302WA0093000895004003033174182
B0142363644207N11906300WA0093000896004003034164170
B0142373644203N11906297WA0093100897004003034151163
B0142383644198N11906293WA0093100897004003034142155
B0142393644194N11906288WA0093100897004003037137149
B0142403644190N11906283WA0093100897004003038132134
B0142413644187N11906277WA0093100897004003038124129
B0142423644185N11906270WA0093100897004003038112121
B0142433644184N11906262WA0093100897004003043100110
B0142443644184N11906254WA0093100897004003043091099
B0142453644185N11906246WA0093100897004003043081084
B0142463644186N11906239WA0093000896004003042072074
B0142473644189N11906232WA0093000896004003042065057
B0142483644192N11906225WA0093000895004003042059047
B0142493644196N11906220WA0092900895004003042048037
B0142503644201N11906216WA0092900895004003041033024
B0142513644206N11906214WA0092900895004003035017007
B0142523644211N11906213WA0092900895004003035001349
B0142533644215N11906215WA0092800895004003032347335
B0142543644218N11906216WA0092800895004003027332322
B0142553644220N11906219WA0092800895004003020316309
B0142563644221N11906222WA0092900895004003020302288
B0142573644222N11906225WA0092900895004003018288277
B0142583644222N11906229WA0092900895004003018269277
B0142593644221N11906232WA0093000895004003020251262
B0143003644220N11906235WA0093000896004003020240265
B0143013644219N11906238WA0093000896004003019240261
B0143023644217N11906241WA0093000896004003019244265
B0143033644216N11906244WA0093000896004003019247270
B0143043644216N11906248WA0093000896004003019256281
B0143053644215N11906251WA0093100897004003019266284
B0143063644216N11906255WA0093200897004003019276286
B0143073644216N11906257WA0093200898004003015286284
B0143083644218N11906260WA0093200898004003017296288
B0143093644219N11906263WA0093300899004003017298277
B0143103644220N11906267WA0093400900004003019288265
B0143113644220N11906270WA0093400900004003019262252
B0143123644218N11906274WA0093500900004003023242247
B0143133644216N11906278WA0093500901004003023235256
B0143143644214N11906281WA0093600902004003023238280
B0143153644214N11906285WA0093600903004003018260285
B0143163644214N11906288WA0093600903004003018302292
B0143173644216N11906291WA0093600902004003018334307
B0143183644220N11906293WA0093600902004003027342323
B0143193644225N11906294WA0093600902004003031004333
B0143203644230N11906292WA0093700904004003031015351
B0143213644234N11906289WA0093800904004003031027000
B0143223644238N11906286WA0093800904004003031036010
B0143233644242N11906281WA0093700903004003033044018
B0143243644245N11906276WA0093700903004003037051031
B0143253644249N11906270WA0093700903004003037059042
B0143263644252N11906262WA0093700904004003041064052
B0143273644253N11906255WA0093800904004003041077061
B0143283644253N11906247WA0093800904004003042090078
B0143293644252N11906239WA0093800904004003042100096
B0143303644250N11906232WA0093900905004003042109109
B0143313644247N11906225WA0093900905004003039120121
B0143323644243N11906220WA0094000905004003039132140
B0143333644239N11906215WA0094000906004003038148156
B0143343644235N11906212WA0094000906004003036154172
B0143353644230N11906210WA0094100907004003033161177
B0143363644225N11906209WA0094100907004003033164184
B0143373644220N11906207WA0094100907004003033166195
B0143383644216N11906207WA0094100907004003032177212
B0143393644212N11906208WA0094100908004003025198224
B0143403644210N11906211WA0094100907004003025223239
B0143413644208N11906215WA0094100907004003022241254
B0143423644207N11906218WA0094100907004003021251264
B0143433644207N11906222WA0094100907004003020264277
B0143443644208N11906225WA0094100907004003018283288
B0143453644209N11906228WA0094100907004003020302301
B0143463644212N11906231WA0094000906004003020318315
B0143473644215N11906233WA0093900906004003022335315
B0143483644219N11906234WA0093900906004003025346290
B0143493644222N11906235WA0093900906004003025342277
B0143503644225N11906238WA0093900905004003024320270
B0143513644226N11906242WA0093900905004003022286258
B0143523644225N11906246WA0093800905004003022258246
B0143533644223N11906250WA0093900906004003023240242
B0143543644221N11906253WA0094000907004003023229233
B0143553644219N11906256WA0094100908004003020227230
B0143563644217N11906258WA0094100907004003020221227
B0143573644214N11906260WA0094000907004003024204224
B0143583644209N11906260WA0094000907004003029185213
B0143593644205N11906260WA0094000907004003029171197
B0144003644200N11906258WA0094000907004003031161188
B0144013644196N11906255WA0094000907004003030153180
B0144023644192N11906252WA0094000906004003031148174
B0144033644188N11906249WA0093900905004003031145169
B0144043644184N11906244WA0093800904004003034143167
B0144053644179N11906240WA0093800904004003038141161
B0144063644175N11906236WA0093600903004003037140156
B0144073644171N11906231WA0093600903004003037136153
B0144083644167N11906226WA0093500902004003036131143
B0144093644164N11906221WA0093400901004003036129148
B0144103644160N11906216WA0093300899004003037131154
B0144113644156N11906211WA0093300898004003037136174
B0144123644152N11906207WA0093100897004003037146178
B0144133644147N11906204WA0093000895004003036156184
B0144143644142N11906203WA0092900894004003034162195
B0144153644138N11906201WA0092800893004003034168201
B0144163644133N11906201WA0092700893004003032179215
B0144173644129N11906202WA0092700893004003030191223
B0144183644125N11906204WA0092700892004003029196232
B0144193644122N11906205WA0092600892004003024198225
B0144203644118N11906207WA0092500890004003025201218
B0144213644114N11906210WA0092300889004003025207218
B0144223644111N11906212WA0092300889004003028208213
B0144233644107N11906214WA0092400890004003028201222
B0144243644104N11906216WA0092500890004003023196237
B0144253644101N11906217WA0092400890004003023203245
B0144263644098N11906219WA0092300888004003021215260
B0144273644096N11906222WA0092200887004003021235266
B0144283644095N11906226WA0092000885004003021254262
B0144293644095N11906230WA0092000885004003021269273
B0144303644096N11906233WA0092000885004003019275273
B0144313644096N11906236WA0091900885004003017274272
B0144323644096N11906239WA0091900884004003016273263
B0144333644096N11906242WA0091900884004003019281261
B0144343644097N11906246WA0091900885004003019284253
B0144353644098N11906249WA0092000886004003019285268
B0144363644098N11906252WA0092000886004003016278259
B0144373644098N11906255WA0092000886004003017267253
B0144383644098N11906258WA0092000886004003017259260
B0144393644097N11906262WA0092000886004003020259259
B0144403644096N11906266WA0092000887004003021256271
B0144413644095N11906269WA0092200888004003021248266
B0144423644094N11906272WA0092300888004003019237268
B0144433644093N11906274WA0092300888004003017232275
B0144443644091N11906277WA0092200887004003018241283
B0144453644091N11906281WA0092100886004003018267295
B0144463644093N11906284WA0092000886004003018309303
B0144473644096N11906285WA0092000886004003019341315
B0144483644100N11906285WA0092000886004003024359330
B0144493644103N11906284WA0092000886004003024006335
B0144503644107N11906283WA0092000886004003024013341
B0144513644111N11906281WA0092000885004003025020002
B0144523644115N11906279WA0092000885004003033028017
B0144533644119N11906274WA0091900884004003037037032
B0144543644123N11906269WA0091900885004003037046046
B0144553644127N11906263WA0092000886004003039054056
B0144563644130N11906257WA0092100887004003038062071
B0144573644131N11906250WA0092100888004003038071076
B0144583644132N11906243WA0092200888004003038081095
B0144593644132N11906236WA0092100887004003038090106
B0145003644131N11906229WA0092100887004003039096114
B0145013644131N11906221WA0092100887004003040098113
B0145023644130N11906214WA0092000886004003040098117
B0145033644129N11906206WA0092000885004003041096116
B0145043644128N11906198WA0091900884004003044096123
B0145053644127N11906190WA0091800883004003045098116
B0145063644126N11906181WA0091700882004003044100110
B0145073644125N11906174WA0091700882004003044098080
B0145083644125N11906166WA0091600881004003041089073
B0145093644126N11906159WA0091500879004003041078054
B0145103644129N11906152WA0091300878004003041064035
B0145113644131N11906146WA0091100877004003039043021
B0145123644135N11906143WA0090900877004003029010000
B0145133644140N11906143WA0090800878004003029327323
B0145143644143N11906147WA0090700878004003029294290
B0145153644143N11906151WA0090700877004003022258268
B0145163644142N11906156WA0090600876004003023209250
B0145173644138N11906157WA0090500875004003024194220
B0145183644134N11906158WA0090400873004003024180206
B0145193644129N11906157WA0090300872004003028169196
B0145203644125N11906156WA0090300872004003034158185
B0145213644120N11906152WA0090300871004003037148173
B0145223644115N11906148WA0090300871004003037135159
B0145233644111N11906142WA0090200870004003037129143
B0145243644107N11906136WA0090200871004003039124130
B0145253644105N11906129WA0090200870004003042115127
B0145263644103N11906121WA0090200869004003042107111
B0145273644101N11906113WA0090100868004003043103097
B0145283644100N11906105WA0090000868004003041094085
B0145293644100N11906098WA0089900866004003041087080
B0145303644102N11906091WA0089700864004003041075074
B0145313644104N11906083WA0089600862004003041069067
B0145323644106N11906076WA0089500862004003042070065
B0145333644109N11906069WA0089400861004003042071068
B0145343644110N11906061WA0089400860004003042072060
B0145353644112N11906054WA0089300859004003042070051
B0145363644115N11906047WA0089100858004003040064033
B0145373644118N11906041WA0089000856004003040054020
B0145383644123N11906037WA0088900854004003038039005
B0145393644128N11906035WA0088800853004003036021351
B0145403644132N11906035WA0088600851004003028359330
B0145413644135N11906037WA0088500850004003028330313
B0145423644135N11906039WA0088400849004003021288292
B0145433644134N11906042WA0088400848004003016244266
B0145443644132N11906044WA0088400848004003018206242
B0145453644129N11906044WA0088400849004003021183222
B0145463644125N11906043WA0088400849004003021170204
B0145473644122N11906042WA0088500850004003023162194
B0145483644118N11906040WA0088500850004003025157195
B0145493644115N11906038WA0088600849004003025160204
B0145503644112N11906038WA0088500848004003025176209
B0145513644110N11906040WA0088300846004003021212222
B0145523644109N11906043WA0088100845004003018258248
B0145533644111N11906047WA0088000844004003023302274
B0145543644113N11906050WA0088000844004003023335301
B0145553644117N11906052WA0088100845004003027008323
B0145563644122N11906049WA0088100846004003034021350
B0145573644127N11906045WA0088200846004003034035005
B0145583644131N11906040WA0088100845004003034041019
B0145593644135N11906035WA0088000845004003035042019
B0146003644140N11906030WA0087900844004003038042021
B0146013644144N11906025WA0087900843004003038044020
B0146023644148N11906020WA0087800842004003038045028
B0146033644153N11906015WA0087800841004003038044021
B0146043644157N11906010WA0087600840004003039043019
B0146053644161N11906005WA0087600839004003040043019
B0146063644166N11906000WA0087500839004003039043010
B0146073644170N11905995WA0087500838004003039042012
B0146083644174N11905991WA0087400837004003036039002
B0146093644179N11905987WA0087200835004003038034356
B0146103644184N11905983WA0087100834004003038027343
B0146113644189N11905982WA0087100834004003038012332
B0146123644194N11905982WA0087100834004003033351321
B0146133644198N11905985WA0087100834004003033330308
B0146143644200N11905988WA0087200835004003027308296
B0146153644201N11905992WA0087200836004003022284283
B0146163644200N11905996WA0087300836004003021264270
B0146173644199N11906000WA0087300836004003022249257
B0146183644198N11906004WA0087300836004003022241249
B0146193644196N11906007WA0087300837004003022238255
B0146203644194N11906010WA0087300837004003021238254
B0146213644193N11906014WA0087300836004003022242257
B0146223644191N11906018WA0087200834004003022246252
B0146233644190N11906024WA0087100834004003026249265
B0146243644188N11906029WA0087100834004003026244270
B0146253644187N11906032WA0087200834004003026244280
B0146263644186N11906036WA0087200834004003023252263
B0146273644185N11906040WA0087100834004003023261250
B0146283644185N11906045WA0087100834004003023260241
B0146293644183N11906049WA0087100836004003023250230
B0146303644181N11906052WA0087300837004003023226214
B0146313644178N11906053WA0087400838004003021197213
B0146323644175N11906052WA0087500838004003021172194
B0146333644171N11906050WA0087500838004003029154180
B0146343644167N11906046WA0087500837004003033140159
B0146353644164N11906040WA0087500837004003033127148
B0146363644161N11906034WA0087400837004003036118141
B0146373644158N11906028WA0087500838004003038116135
B0146383644156N11906022WA0087500839004003038116127
B0146393644154N11906015WA0087600839004003037113104
B0146403644152N11906009WA0087600839004003037108104
B0146413644151N11906002WA0087600839004003040101101
B0146423644150N11905994WA0087600838004003042092092
B0146433644151N11905985WA0087600839004003042085078
B0146443644152N11905978WA0087700840004003043079065
B0146453644154N11905971WA0087800840004003040073058
B0146463644156N11905964WA0087800841004003040065052
B0146473644159N11905959WA0087800841004003036055047
B0146483644163N11905954WA0087800840004003036046035
B0146493644167N11905950WA0087800841004003033034023
B0146503644171N11905949WA0087800841004003033021009
B0146513644174N11905948WA0087700840004003028009356
B0146523644178N11905948WA0087600839004003026359343
B0146533644183N11905949WA0087500838004003028350332
B0146543644187N11905950WA0087600838004003028334326
B0146553644190N11905952WA0087600839004003028329313
B0146563644193N11905955WA0087700840004003026326310
B0146573644195N11905957WA0087600839004003019321306
B0146583644197N11905960WA0087600838004003019315295
B0146593644199N11905963WA0087500836004003019306292
B0147003644201N11905967WA0087300835004003022300287
B0147013644203N11905971WA0087300834004003024296280
B0147023644204N11905975WA0087200834004003024292273
B0147033644205N11905979WA0087100833004003022290277
B0147043644207N11905983WA0087100832004003022296292
B0147053644209N11905986WA0087000832004003025316306
B0147063644213N11905988WA0086900830004003030337318
B0147073644219N11905989WA0086800829004003030354326
B0147083644224N11905989WA0086800830004003034012337
B0147093644228N11905987WA0086800830004003033018329
B0147103644233N11905984WA0086900831004003033027008
B0147113644237N11905981WA0086900830004003033032012
B0147123644241N11905977WA0086800829004003033035025
B0147133644245N11905973WA0086700829004003036037354
B0147143644250N11905969WA0086600828004003038036001
B0147153644255N11905965WA0086600827004003038032351
B0147163644260N11905962WA0086500826004003038026357
B0147173644265N11905959WA0086500826004003038021000
B0147183644270N11905957WA0086500827004003038020351
B0147193644275N11905955WA0086600828004003035020344
B0147203644278N11905953WA0086600828004003031015343
B0147213644282N11905952WA0086600828004003021352337
B0147223644285N11905954WA0086500826004003021340314
B0147233644287N11905956WA0086400826004003020323307
B0147243644288N11905958WA0086400826004003019305295
B0147253644289N11905960WA0086400826004003013285282
B0147263644289N11905963WA0086300825004003013266265
B0147273644288N11905965WA0086300824004003013250250
B0147283644286N11905968WA0086200823004003014233237
B0147293644284N11905970WA0086100822004003020215223
B0147303644281N11905971WA0086100822004003022199210
B0147313644277N11905972WA0086000822004003022187207
B0147323644274N11905972WA0086000821004003023180194
B0147333644270N11905971WA0085900820004003026175202
B0147343644266N11905971WA0085900820004003027172204
B0147353644262N11905970WA0085800819004003026173202
B0147363644258N11905970WA0085700818004003026178212
B0147373644254N11905970WA0085700817004003026182209
B0147383644250N11905971WA0085600817004003027187211
B0147393644246N11905972WA0085500816004003027191221
B0147403644242N11905973WA0085500815004003027193218
B0147413644239N11905974WA0085500815004003025190200
B0147423644235N11905974WA0085500816004003026184191
B0147433644231N11905974WA0085500816004003026178197
B0147443644227N11905974WA0085500816004003027172197
B0147453644222N11905973WA0085500816004003028169209
B0147463644218N11905972WA0085500816004003028168213
B0147473644214N11905970WA0085500816004003028167199
B0147483644211N11905970WA0085500816004003027168199
B0147493644207N11905969WA0085400815004003026170210
B0147503644203N11905968WA0085500815004003026171215
B0147513644199N11905967WA0085500815004003025173226
B0147523644196N11905968WA0085500815004003024182226
B0147533644194N11905969WA0085400814004003019197228
B0147543644191N11905970WA0085400814004003019212235
B0147553644190N11905973WA0085300814004003018223241
B0147563644188N11905975WA0085200814004003016233234
B0147573644187N11905977WA0085200814004003015231227
B0147583644185N11905978WA0085200813004003015208215
B0147593644182N11905979WA0085200812004003015182207
B0148003644178N11905978WA0085100811004003019172196
B0148013644174N11905977WA0085000810004003027171188
B0148023644170N11905976WA0084800809004003031172194
B0148033644165N11905976WA0084800808004003031174193
B0148043644161N11905975WA0084800809004003031173194
B0148053644157N11905974WA0084900810004003026171202
B0148063644153N11905973WA0084900810004003026167196
B0148073644150N11905972WA0084900809004003024164197
B0148083644146N11905971WA0084800808004003023165198
B0148093644143N11905970WA0084700807004003025170210
B0148103644139N11905970WA0084700807004003025176223
B0148113644136N11905970WA0084700807004003024185233
B0148123644134N11905972WA0084600806004003020203237
B0148133644133N11905973WA0084500805004003012240249
B0148143644134N11905976WA0084400803004003015285271
B0148153644136N11905979WA0084200801004003015318291
B0148163644141N11905981WA0084000800004003023341311
B0148173644146N11905981WA0084000799004003036002332
B0148183644151N11905978WA0083900799004003038020356
B0148193644156N11905974WA0083900799004003037032011
B0148203644161N11905971WA0083800797004003037035015
B0148213644165N11905967WA0083800796004003035028008
B0148223644170N11905966WA0083600794004003035014357
B0148233644175N11905966WA0083500792004003033354342
B0148243644179N11905969WA0083300791004003032331322
B0148253644181N11905973WA0083200789004003024298302
B0148263644180N11905977WA0083100788004003024258277
B0148273644178N11905980WA0083000788004003021222253
B0148283644175N11905981WA0083000788004003021201234
B0148293644172N11905982WA0082900788004003018197228
B0148303644170N11905983WA0082900787004003018205224
B0148313644168N11905984WA0082800786004003015208219
B0148323644166N11905986WA0082700784004003015203218
B0148333644163N11905987WA0082600783004003019198227
B0148343644160N11905988WA0082500783004003020197229
B0148353644157N11905989WA0082500782004003020200228
B0148363644155N11905991WA0082400781004003017201224
B0148373644153N11905992WA0082300780004003017199223
B0148383644150N11905993WA0082200778004003018199217
B0148393644147N11905994WA0082000777004003018205225
B0148403644145N11905996WA0081900776004003018211241
B0148413644143N11905998WA0081900775004003018216252
B0148423644140N11906000WA0081800775004003018232268
B0148433644139N11906003WA0081700774004003017246263
B0148443644139N11906006WA0081600774004003017265266
B0148453644140N11906009WA0081500772004003017273265
B0148463644140N11906013WA0081400771004003017279279
B0148473644141N11906017WA0081400770004003021279276
B0148483644141N11906021WA0081300770004003021279279
B0148493644142N11906024WA0081300770004003021282282
B0148503644142N11906028WA0081300770004003020289284
B0148513644143N11906031WA0081200770004003017292288
B0148523644144N11906034WA0081100769004003020293293
B0148533644146N11906038WA0081000768004003020298298
B0148543644148N11906041WA0081000768004003023307309
B0148553644151N11906044WA0080900768004003022316312
B0148563644153N11906047WA0080900767004003022324306
B0148573644156N11906049WA0080900766004003020326310
B0148583644158N11906050WA0080800766004003020331316
B0148593644162N11906052WA0080600764004003023335315
B0149003644165N11906054WA0080500763004003026340314
B0149013644169N11906055WA0080400763004003026343305
B0149023644173N11906057WA0080300762004003027345307
B0149033644177N11906058WA0080300761004003024343304
B0149043644180N11906059WA0080200761004003024340311
B0149053644183N11906061WA0080200760004003024339309
B0149063644187N11906062WA0080100759004003023341316
B0149073644190N11906063WA0080100759004003022344308
B0149083644193N11906064WA0080000758004003022347307
B0149093644196N11906065WA0079900758004003022351305
B0149103644199N11906065WA0079800757004003022349299
B0149113644203N11906067WA0079700755004003025342295
B0149123644207N11906068WA0079600755004003026330300
B0149133644210N11906071WA0079500754004003026329290
B0149143644213N11906073WA0079400754004003026326282
B0149153644215N11906076WA0079400753004003020319286
B0149163644218N11906078WA0079300753004003020316287
B0149173644220N11906081WA0079100752004003020322294
B0149183644222N11906083WA0079000749004003020327295
B0149193644225N11906085WA0078800749004003022333302
B0149203644228N11906087WA0078600746004003022333313
B0149213644231N11906089WA0078500745004003022331309
B0149223644234N11906091WA0078400744004003023331306
B0149233644237N11906093WA0078300743004003023329303
B0149243644240N11906096WA0078200742004003023324293
B0149253644242N11906098WA0078100740004003022319283
B0149263644245N11906101WA0077900740004003021306267
B0149273644246N11906104WA0077800739004003017293256
B0149283644247N11906107WA0077600738004003019260249
B0149293644246N11906111WA0077500738004003019245237
B0149303644245N11906115WA0077400737004003021223218
B0149313644242N11906117WA0077300736004003021208202
B0149323644238N11906118WA0077200734004003023192206
B0149333644234N11906117WA0077100733004003023181198
B0149343644229N11906117WA0077000731004003027172201
B0149353644225N11906116WA0076800729004003030171199
B0149363644220N11906115WA0076700728004003031177198
B0149373644215N11906115WA0076600727004003030185200
B0149383644210N11906116WA0076600727004003030183190
B0149393644206N11906115WA0076600726004003028177190
B0149403644202N11906115WA0076500725004003028169184
B0149413644198N11906113WA0076400724004003028167197
B0149423644194N11906112WA0076300723004003027167202
B0149433644190N11906112WA0076300723004003025170210
B0149443644187N11906111WA0076200722004003025176215
B0149453644183N11906111WA0076100720004003024180204
B0149463644180N11906111WA0076000720004003024182199
B0149473644176N11906111WA0076000719004003025182204
B0149483644172N11906112WA0076000719004003025181212
B0149493644169N11906112WA0076000718004003024183216
B0149503644165N11906112WA0075900717004003022189225
B0149513644162N11906113WA0075800716004003020196228
B0149523644159N11906115WA0075800715004003021205233
B0149533644157N11906117WA0075700713004003021212235
B0149543644154N11906119WA0075700713004003021219242
B0149553644152N11906122WA0075600712004003016232257
B0149563644151N11906124WA0075600712004003016243276
B0149573644151N11906127WA0075500711004003014265282
B0149583644152N11906129WA0075400709004003014292294
B0149593644154N11906132WA0075300708004003019317305
B0150003644157N11906134WA0075200707004003022336316
B0150013644161N11906135WA0075100706004003022348327
B0150023644165N11906134WA0075000706004003023006332
B0150033644169N11906133WA0074900705004003026011339
B0150043644173N11906133WA0074800703004003026010330
B0150053644177N11906132WA0074700703004003026003327
B0150063644181N11906131WA0074500703004003026354321
B0150073644185N11906133WA0074400701004003026346317
B0150083644188N11906134WA0074300701004003026338314
B0150093644191N11906136WA0074300700004003026333301
B0150103644194N11906138WA0074200699004003023327295
B0150113644197N11906140WA0074100699004003019311284
B0150123644198N11906143WA0074000697004003020305283
B0150133644200N11906146WA0073900697004003020303290
B0150143644201N11906149WA0073800696004003020303294
B0150153644203N11906152WA0073700694004003018303282
B0150163644204N11906155WA0073500692004003018302288
B0150173644206N11906158WA0073400690004003018304286
B0150183644207N11906161WA0073200688004003018305288
B0150193644209N11906164WA0073100686004003019305286
B0150203644211N11906167WA0072900684004003019306288
B0150213644212N11906170WA0072800684004003019304283
B0150223644214N11906173WA0072700682004003020303287
B0150233644216N11906176WA0072500682004003019303295
B0150243644217N11906179WA0072400680004003019305293
B0150253644219N11906182WA0072300680004003019309289
B0150263644221N11906185WA0072200679004003019308280
B0150273644222N11906188WA0072200678004003017300260
B0150283644222N11906191WA0072100676004003017285253
B0150293644223N11906194WA0072000676004003017263243
B0150303644222N11906198WA0071900675004003019242226
B0150313644220N11906200WA0071800674004003021217207
B0150323644217N11906202WA0071700673004003025198206
B0150333644213N11906202WA0071500671004003025183194
B0150343644208N11906202WA0071400670004003026181185
B0150353644204N11906203WA0071200669004003026183183
B0150363644200N11906203WA0071200668004003026184194
B0150373644196N11906203WA0071100667004003026179175
B0150383644192N11906202WA0071000667004003026172178
B0150393644188N11906201WA0070900666004003026171184
B0150403644184N11906200WA0070900665004003024177194
B0150413644181N11906200WA0070800664004003024180182
B0150423644177N11906200WA0070700663004003023177177
B0150433644174N11906199WA0070700661004003023171179
B0150443644170N11906199WA0070600660004003023172187
B0150453644166N11906198WA0070500659004003025178174
B0150463644163N11906198WA0070400658004003025179188
B0150473644159N11906198WA0070400657004003025175189
B0150483644155N11906198WA0070300657004003025173209
B0150493644151N11906198WA0070300656004003023180226
B0150503644149N11906199WA0070200655004003023204242
B0150513644147N11906203WA0070000653004003022235253
B0150523644146N11906207WA0069900651004003022261281
B0150533644147N11906211WA0069900650004003022288279
B0150543644149N11906214WA0069700649004003022313289
B0150553644152N11906216WA0069600648004003022325301
B0150563644155N11906218WA0069500646004003022320296
B0150573644157N11906222WA0069300644004003022303281
B0150583644158N11906226WA0069200642004003024284269
B0150593644158N11906231WA0069000641004003024269261
B0151003644157N11906236WA0069000640004003027260256
B0151013644156N11906241WA0069000640004003023256253
B0151023644155N11906244WA0068900640004003023254254
B0151033644155N11906248WA0068800639004003023255252
B0151043644154N11906253WA0068600637004003024258253
B0151053644153N11906258WA0068500636004003028259254
B0151063644152N11906263WA0068500635004003028258258
B0151073644151N11906267WA0068400634004003026256257
B0151083644151N11906271WA0068300633004003022258259
B0151093644150N11906275WA0068200631004003024263257
B0151103644150N11906280WA0068100630004003025264257
B0151113644149N11906285WA0068000630004003025263254
B0151123644149N11906290WA0068000630004003025263262
B0151133644149N11906294WA0067900629004003023264264
B0151143644148N11906298WA0067900629004003023263264
B0151153644148N11906302WA0067800627004003021259258
B0151163644147N11906306WA0067600625004003021257246
B0151173644146N11906311WA0067500624004003027255243
B0151183644145N11906315WA0067400623004003027254235
B0151193644144N11906319WA0067200621004003024250253
B0151203644143N11906322WA0067200621004003019261251
B0151213644143N11906323WA0067200621004003011274258
B0151223644144N11906325WA0067200621004003011278263
B0151233644144N11906326WA0067300620004003009201240
B0151243644143N11906326WA0067300621004003004201212
B0151253644143N11906326WA0067300621004003001201223
B0151263644144N11906326WA0067300621004003000201226
B0151273644144N11906325WA0067300621004003000201228
B0151283644144N11906325WA0067300621004003000201230
B0151293644144N11906325WA0067300620014003000201231
B0151303644144N11906325WA0067300620014003000201232
B0151313644144N11906325WA0067300620014003000201234
B0151323644144N11906325WA0067300620004003000201234
B0151333644144N11906325WA0067300620004003000201235
B0151343644144N11906325WA0067300620014003000201236
B0151353644144N11906325WA0067300620004003000201236
B0151363644144N11906325WA0067300620004003000201237
B0151373644144N11906325WA0067300620004003000201237
B0151383644144N11906325WA0067300620004003000201237
B0151393644144N11906325WA0067300620004003000201238
B0151403644144N11906325WA0067300620004003000201239
B0151413644144N11906325WA0067300620004003000134238
B0151423644144N11906325WA0067300620004003002130238
B0151433644143N11906324WA0067300620004003002109238
B0151443644143N11906324WA0067300620004003001109238
B0151453644143N11906324WA0067300620004003000109238
B0151463644143N11906324WA0067300620004003000109238
B0151473644143N11906324WA0067300620004003000109238
B0151483644143N11906324WA0067300620014003000109238
B0151493644143N11906324WA0067300620004003000109239
B0151503644143N11906324WA0067300620004003002142239
B0151513644143N11906324WA0067300620004003002117239
B0151523644143N11906323WA0067300620004003001117239
B0151533644142N11906323WA0067300620004003002138239
B0151543644142N11906323WA0067300620004003000138239
GobjwE7tKdL9JENMpKop4wbD41nbyz/jNBv74EVDr1xDYx4Atkr3HBugzFOSjUHu9
Gt0TaIGthftwdn7Rx6rI/dBFpl7CaDkwpdd4qzNjGr7k6qmSEpzXcZw/mn0vEluW9
GLCImUNaKkKXhAb9GDeBMKFhvDtxUNFtq7XtoG7f33zM=
