AXFH000
HFDTE270826
HFPLTPILOT:KaranS
HFGTYGLIDERTYPE:Niviuk Hiko P
HFDTM100GPSDATUM:WGS84
HFRFWFIRMWAREVERSION:9.7.1
HFRHWHARDWAREVERSION:iPhone 17 Pro
HFFTYFRTYPE:Flyskyhy,9.7.1
HFGPS:Internal
HFPRSVARIO:XC Tracer
HFCCLCOMPETITIONCLASS:Paraglider,EN-B
HFTZNTIMEZONE:-7
HFSITSITE:Dunlap,US
I053638FXA3941VXA4244GSP4547CCO4850HDT
C270826235724270826000102TASK
C0000000N00000000ETAKEOFF
C3920460N12240140W00000000000500000000360000STARTAREA A
C3925620N12246080W00000000000500000000360000TURNAREA B
C3923640N12237860W00000000000500000000360000TURNAREA C
C3920460N12240140W00000000000500000000360000FINISHAREA D
C0000000N00000000ELANDING
B2357533645904N11905880WA0141601416002003000331330
B2357543645904N11905880WA0141601416002003000331349
B2357553645904N11905880WA0141601416002003000331349
B2357563645904N11905880WA0141601416002003000331349
B2357573645904N11905880WA0141601416002003000331351
B2357583645904N11905880WA0141601416002003000331330
B2357593645904N11905880WA0141601416002003000331321
B2358003645904N11905880WA0141601416002003000331321
B2358013645904N11905880WA0141601416002003000331322
B2358023645904N11905880WA0141601416002003000331322
B2358033645904N11905880WA0141601416002003000331323
B2358043645904N11905880WA0141601416002003000331331
B2358053645904N11905880WA0141601416002003000331011
B2358063645904N11905880WA0141601416002003000331019
B2358073645904N11905880WA0141601416002003000331004
B2358083645904N11905880WA0141601416002003000331006
B2358093645904N11905880WA0141601416002003001197030
B2358103645904N11905881WA0141601416001003005219018
B2358113645903N11905881WA0141601416002003005200053
B2358123645903N11905881WA0141501416002003005198287
B2358133645902N11905882WA0141501415002003004188195
B2358143645902N11905882WA0141501415002003004213101
B2358153645901N11905883WA0141401415003003005249101
B2358163645901N11905885WA0141301415003003005249102
B2358173645901N11905887WA0141201415003003006237036
B2358183645899N11905889WA0140901415003003008234135
B2358193645898N11905891WA0140601415003003010223156
B2358203645896N11905894WA0140601414004003013234200
B2358213645893N11905899WA0140801415004003013239233
B2358223645890N11905903WA0141301415003003016227173
B2358233645887N11905905WA0141601414003003017197193
B2358243645884N11905905WA0141701413003003017173193
B2358253645882N11905905WA0141701414003003017179205
B2358263645879N11905906WA0141701414002003017198210
B2358273645877N11905907WA0141801416002003017207204
B2358283645874N11905907WA0142001418002003017191178
B2358293645872N11905908WA0142101418002003017165160
B2358303645869N11905904WA0142101418002003020136152
B2358313645866N11905900WA0142101418003003020128147
B2358323645863N11905895WA0142201419003003022124162
B2358333645860N11905890WA0142301420003003024122156
B2358343645858N11905884WA0142501421003003025121146
B2358353645855N11905879WA0142501422003003026121150
B2358363645853N11905873WA0142601422004003026120155
B2358373645850N11905867WA0142601423004003034117144
B2358383645848N11905860WA0142701425004003037112133
B2358393645846N11905854WA0142901428004003036110147
B2358403645844N11905848WA0143101430004003036112145
B2358413645842N11905843WA0143201431004003032117152
B2358423645840N11905839WA0143401432004003029128163
B2358433645837N11905836WA0143401432004003025151177
B2358443645834N11905837WA0143401432004003020194194
B2358453645832N11905840WA0143401432004003022238224
B2358463645832N11905845WA0143401433004003022279254
B2358473645834N11905849WA0143501435004003026313280
B2358483645838N11905851WA0143701437004003029336308
B2358493645843N11905853WA0143901439004003030344316
B2358503645847N11905855WA0144001441004003030343320
B2358513645851N11905856WA0144101442004003030337316
B2358523645855N11905858WA0144201442004003029326312
B2358533645857N11905862WA0144301443004003026302299
B2358543645857N11905865WA0144301444004003017256276
B2358553645855N11905867WA0144401444004003019205239
B2358563645851N11905867WA0144401444004003019165202
B2358573645848N11905864WA0144401446004003026141172
B2358583645845N11905859WA0144501447004003033121145
B2358593645843N11905853WA0144601448004003035107124
B2359003645842N11905846WA0144701449004003035096114
B2359013645842N11905839WA0144801450004003036091109
B2359023645842N11905832WA0144901450004003038091115
B2359033645841N11905825WA0145001451004003038094120
B2359043645840N11905819WA0145001452004003038106137
B2359053645838N11905814WA0145101452004003033130150
B2359063645835N11905811WA0145001452004003025178172
B2359073645832N11905814WA0144901450004003025220209
B2359083645829N11905818WA0144901451004003025265236
B2359093645829N11905824WA0145001452004003027292267
B2359103645832N11905828WA0145201455004003023308272
B2359113645834N11905831WA0145301457004003023317278
B2359123645837N11905834WA0145401457004003020313280
B2359133645839N11905837WA0145401457004003020307279
B2359143645841N11905840WA0145401456004003025304278
B2359153645843N11905844WA0145401457004003027308282
B2359163645846N11905848WA0145501457004003027314285
B2359173645849N11905852WA0145601459004003027318299
B2359193645853N11905855WA0145701459004003029320297
B2359203645856N11905858WA0145801460004003031322289
B2359213645860N11905862WA0145801461004003030323290
B2359223645863N11905865WA0146001463004003030319279
B2359233645866N11905869WA0146001463004003026313282
B2359243645869N11905872WA0146101464004003026311280
B2359253645871N11905876WA0146101464004003026312286
B2359263645874N11905879WA0146201465004003027314288
B2359273645877N11905883WA0146301466004003027316292
B2359283645880N11905886WA0146301466004003027319293
B2359293645883N11905890WA0146301466004003027324296
B2359303645887N11905892WA0146301466004003028327284
B2359313645890N11905895WA0146301467004003026322267
B2359323645893N11905899WA0146301466004003026303262
B2359333645893N11905903WA0146301465004003023268243
B2359343645891N11905906WA0146201464004003020223223
B2359353645888N11905907WA0146001463004003025183201
B2359363645884N11905905WA0146001463004003029159182
B2359373645880N11905902WA0146001464004003028145162
B2359383645877N11905899WA0146101465004003028138164
B2359393645874N11905896WA0146201465004003026135163
B2359403645871N11905892WA0146201465004003027138165
B2359413645868N11905889WA0146201466004003027141159
B2359423645864N11905885WA0146301467004003030141160
B2359433645861N11905882WA0146501469004003029139171
B2359443645858N11905879WA0146701470004003029140176
B2359453645855N11905876WA0146701471004003026148176
B2359463645851N11905874WA0146701471004003025154173
B2359473645848N11905872WA0146701471004003024152165
B2359483645845N11905870WA0146801472004003025147186
B2359493645842N11905867WA0146801472004003025142173
B2359503645839N11905863WA0146801472004003026139186
B2359513645835N11905860WA0146901473004003029136189
B2359523645832N11905856WA0146901473004003029136191
B2359533645829N11905853WA0146901473004003028141184
B2359543645826N11905850WA0146901473004003028148188
B2359553645822N11905847WA0147001473004003028151188
B2359563645818N11905845WA0147001474004003028158190
B2359573645814N11905844WA0147001474004003028171193
B2359583645811N11905844WA0147101475004003027187202
B2359593645807N11905846WA0147201476004003024208213
B0000003645805N11905849WA0147301477004003020239228
B0000013645805N11905853WA0147301477004003023268248
B0000023645806N11905857WA0147301477004003023293267
B0000033645809N11905861WA0147301477004003026314283
B0000043645812N11905864WA0147401478004003027329301
B0000053645816N11905866WA0147401479004003028340315
B0000063645820N11905867WA0147401478004003030349324
B0000073645825N11905868WA0147401478004003030357321
B0000083645831N11905868WA0147301477004003034356319
B0000093645836N11905869WA0147301477004003036347315
B0000103645841N11905871WA0147401477004003032332310
B0000113645844N11905875WA0147301477004003032315299
B0000123645846N11905879WA0147301477004003028293290
B0000133645846N11905883WA0147301476004003024271271
B0000143645845N11905887WA0147201476004003021243254
B0000153645843N11905889WA0147101475004003017208234
B0000163645841N11905889WA0147001474004003021174211
B0000173645837N11905887WA0146801472004003021152186
B0000183645833N11905883WA0146701470004003028131167
B0000193645831N11905877WA0146601470004003034113143
B0000203645830N11905870WA0146601470004003038097119
B0000213645830N11905863WA0146601470004003038089103
B0000223645830N11905857WA0146501469004003037087093
B0000233645830N11905849WA0146401467004003037088099
B0000243645831N11905840WA0146401467004003042086094
B0000253645831N11905832WA0146401468004003048081084
B0000263645833N11905823WA0146501470004003048078076
B0000273645834N11905815WA0146701472004003045076082
B0000283645836N11905807WA0146901473004003043077103
B0000293645837N11905800WA0147101475004003041080108
B0000303645837N11905793WA0147201476004003039093132
B0000313645835N11905786WA0147201475004003039113141
B0000323645831N11905781WA0147201475004003039137162
B0000333645826N11905779WA0147201474004003037169183
B0000343645822N11905780WA0147201475004003033201209
B0000353645820N11905784WA0147301476004003021236231
B0000363645819N11905787WA0147301478004003021275248
B0000373645821N11905789WA0147301478004003016309275
B0000383645823N11905791WA0147401478004003016325280
B0000393645826N11905794WA0147301477004003021314279
B0000403645827N11905798WA0147401477004003022289272
B0000413645827N11905802WA0147401478004003022261262
B0000423645826N11905806WA0147401479004003021249250
B0000433645825N11905808WA0147501480004003019247242
B0000443645824N11905811WA0147601481004003016244235
B0000453645823N11905813WA0147701481004003013239239
B0000463645822N11905815WA0147701481004003017231248
B0000473645820N11905818WA0147601480004003017232245
B0000483645818N11905822WA0147601479004003022238253
B0000493645816N11905826WA0147601480004003025243242
B0000503645815N11905830WA0147701481004003021238234
B0000513645813N11905833WA0147901483004003021227221
B0000523645811N11905835WA0148001483004003019218223
B0000533645808N11905837WA0147901483004003019217228
B0000543645806N11905840WA0147801482004003020222227
B0000553645803N11905843WA0147701481004003024225225
B0000563645801N11905846WA0147701481004003024222222
B0000573645798N11905849WA0147801481004003024216219
B0000583645795N11905851WA0147801482004003022212221
B0000593645793N11905853WA0147701481004003021215228
B0001003645790N11905856WA0147601480004003024223235
B0001013645788N11905860WA0147601480004003027228244
B0001023645785N11905863WA0147801481004003024239271
B0001033645784N11905867WA0148001483004003023260279
B0001043645784N11905870WA0148101483004003019290301
B0001053645786N11905873WA0148101483004003025321307
B0001063645790N11905876WA0148001481004003031335324
B0001073645796N11905877WA0147901481004003031350344
B0001083645802N11905876WA0147901481004003037014359
B0001093645808N11905872WA0147801480004003043040023
B0001103645811N11905865WA0147701479004003043063050
B0001113645812N11905857WA0147601479004003043083076
B0001123645812N11905850WA0147601479004003042103098
B0001133645810N11905843WA0147601479004003035124120
B0001143645806N11905840WA0147601479004003035145144
B0001153645802N11905838WA0147501478004003030169164
B0001163645798N11905839WA0147401478004003026199188
B0001173645796N11905843WA0147401477004003024236213
B0001183645796N11905847WA0147401477004003026274240
B0001193645798N11905852WA0147301477004003026308268
B0001203645803N11905856WA0147401477004003032333295
B0001213645807N11905857WA0147401478004003033350318
B0001223645812N11905857WA0147501479004003033000334
B0001233645817N11905857WA0147501479004003032001344
B0001243645822N11905857WA0147501478004003032000344
B0001253645827N11905857WA0147401477004003036001347
B0001263645833N11905857WA0147301477004003039003350
B0001273645839N11905856WA0147301477004003039003343
B0001283645844N11905856WA0147401478004003039002346
B0001293645850N11905856WA0147401479004003035000333
B0001303645855N11905856WA0147501479004003035357340
B0001313645860N11905856WA0147601480004003035358341
B0001323645865N11905856WA0147601481004003035001346
B0001333645871N11905856WA0147701481004003038003336
B0001343645877N11905855WA0147801482004003038002329
B0001353645882N11905855WA0147801483004003038358326
B0001363645887N11905856WA0147801483004003036352316
B0001373645892N11905857WA0147901484004003032344296
B0001383645896N11905859WA0148001485004003032333290
B0001393645899N11905862WA0148001485004003029315284
B0001403645901N11905866WA0148001484004003024289272
B0001413645901N11905870WA0148001484004003020262254
B0001423645899N11905873WA0147901484004003022235241
B0001433645897N11905876WA0147901484004003022208227
B0001443645893N11905877WA0148001484004003024190211
B0001453645890N11905878WA0148101485004003022183211
B0001463645887N11905878WA0148101486004003022186211
B0001473645884N11905879WA0148101485004003021193223
B0001483645880N11905880WA0148001484004003021200218
B0001493645877N11905881WA0147901484004003022206215
B0001503645874N11905884WA0147901483004003023209217
B0001513645871N11905886WA0147901483004003023211225
B0001523645869N11905888WA0147901483004003023218231
B0001533645867N11905891WA0147901484004003021235247
B0001543645866N11905895WA0147901483004003022255257
B0001553645865N11905899WA0147901484004003022271269
B0001563645866N11905904WA0148001484004003023283274
B0001573645867N11905908WA0148001484004003026293272
B0001583645869N11905913WA0148001485004003027296277
B0001593645871N11905917WA0148101486004003027300287
B0002003645874N11905921WA0148201486004003027309295
B0002013645877N11905924WA0148201487004003028324313
B0002023645881N11905927WA0148301488004003030338322
B0002033645885N11905928WA0148301488004003030348337
B0002043645890N11905929WA0148301488004003032357329
B0002053645895N11905929WA0148301488004003034001312
B0002063645900N11905929WA0148301488004003034355304
B0002073645905N11905930WA0148301487004003032342304
B0002083645908N11905933WA0148201486004003029326298
B0002093645911N11905936WA0148201486004003027314294
B0002103645914N11905940WA0148101486004003027308284
B0002113645916N11905944WA0148101486004003026302279
B0002123645918N11905948WA0148101485004003025298267
B0002133645919N11905952WA0148001485004003024295267
B0002143645921N11905956WA0148001485004003024287255
B0002153645921N11905960WA0148001485004003024275257
B0002163645921N11905965WA0148001485004003024266249
B0002173645921N11905969WA0148001485004003024259248
B0002183645920N11905973WA0148201487004003024252241
B0002193645918N11905977WA0148301488004003023245240
B0002203645917N11905981WA0148401489004003023240238
B0002213645915N11905984WA0148501490004003022239238
B0002223645914N11905988WA0148601491004003022241242
B0002233645912N11905992WA0148701492004003021247255
B0002243645911N11905995WA0148801493004003021259255
B0002253645911N11905998WA0148901495004003018273261
B0002263645912N11906002WA0149001496004003018286266
B0002273645913N11906005WA0149101496004003018293263
B0002283645914N11906008WA0149101496004003019295268
B0002293645916N11906012WA0149201496004003022297268
B0002303645918N11906016WA0149201497004003023300268
B0002313645920N11906020WA0149301498004003023303271
B0002323645921N11906023WA0149401499004003021307271
B0002333645923N11906026WA0149401500004003021312274
B0002343645926N11906029WA0149501500004003022312275
B0002353645928N11906032WA0149401499004003023306262
B0002363645930N11906036WA0149401499004003023297261
B0002373645931N11906040WA0149501500004003023288260
B0002383645932N11906043WA0149501501004003019282258
B0002393645932N11906046WA0149601502004003019279249
B0002403645932N11906049WA0149701502004003017269241
B0002413645932N11906052WA0149701502004003014239226
B0002423645930N11906053WA0149701502004003014204214
B0002433645926N11906053WA0149701501004003027173196
B0002443645922N11906051WA0149701501004003035148168
B0002453645918N11906046WA0149701502004003035128149
B0002463645915N11906039WA0149801504004003040114133
B0002473645913N11906032WA0150001505004003040102115
B0002483645913N11906024WA0150101506004003041093099
B0002493645913N11906016WA0150101506004003041082086
B0002503645915N11906008WA0150101506004003044069073
B0002513645919N11906000WA0150101506004003049054057
B0002523645924N11905994WA0150101506004003049037039
B0002533645930N11905990WA0150101507004003047017019
B0002543645935N11905989WA0150201508004003040002357
B0002553645940N11905990WA0150301509004003030347339
B0002563645944N11905992WA0150301509004003030331320
B0002573645946N11905995WA0150401509004003025315307
B0002583645948N11905998WA0150401509004003022301287
B0002593645949N11906002WA0150401509004003020291274
B0003003645950N11906005WA0150401509004003019287268
B0003013645951N11906009WA0150401509004003020285267
B0003023645952N11906012WA0150401510004003020285265
B0003033645953N11906016WA0150401510004003020285262
B0003043645953N11906019WA0150501510004003019283258
B0003053645954N11906023WA0150501510004003019280259
B0003063645954N11906026WA0150501511004003019280256
B0003073645955N11906030WA0150501511004003019274241
B0003083645954N11906033WA0150601512004003017245229
B0003093645952N11906035WA0150601512004003018206215
B0003103645949N11906035WA0150601511004003025182202
B0003113645945N11906035WA0150601512004003025168186
B0003123645941N11906033WA0150701513004003027155183
B0003133645938N11906030WA0150801514004003029143170
B0003143645934N11906026WA0150801515004003033137160
B0003153645930N11906022WA0150901515004003033135161
B0003163645926N11906017WA0151001516004003036137172
B0003173645922N11906013WA0151101517004003035142187
B0003183645918N11906009WA0151201519004003035148185
B0003193645914N11906006WA0151401521004003033153190
B0003203645910N11906004WA0151601523004003031155195
B0003213645906N11906002WA0151801525004003027158207
B0003223645902N11906001WA0152001527004003027170221
B0003233645899N11906001WA0152101528004003024195228
B0003243645896N11906004WA0152201529004003021226243
B0003253645895N11906008WA0152301530004003021256258
B0003263645896N11906012WA0152501531004003023290276
B0003273645899N11906015WA0152601533004003029324294
B0003283645904N11906017WA0152801534004003029348315
B0003293645910N11906017WA0152901535004003035007332
B0003303645916N11906015WA0153101536004003039025355
B0003313645921N11906010WA0153201538004003042041018
B0003323645925N11906004WA0153301539004003044057037
B0003333645927N11905995WA0153401539004003044073060
B0003343645928N11905986WA0153501541004003047086082
B0003353645927N11905978WA0153701544004003047098098
B0003363645925N11905971WA0153901546004003039110113
B0003373645922N11905965WA0154001548004003039126132
B0003383645919N11905961WA0154201549004003035143149
B0003393645915N11905959WA0154301550004003032157167
B0003403645911N11905958WA0154401552004003029175181
B0003413645907N11905959WA0154601554004003022199197
B0003423645905N11905961WA0154801555004003022227217
B0003433645904N11905964WA0154901557004003019257234
B0003443645905N11905968WA0155001558004003019288252
B0003453645907N11905971WA0155201559004003020312270
B0003463645910N11905974WA0155201560004003029332286
B0003473645915N11905975WA0155301561004003033352308
B0003483645920N11905974WA0155401562004003033013328
B0003493645926N11905971WA0155501562004003038029349
B0003503645931N11905966WA0155601564004003043043012
B0003513645935N11905959WA0155701565004003045057034
B0003523645938N11905951WA0155901567004003045071054
B0003533645939N11905943WA0156001569004003044084073
B0003543645938N11905936WA0156101570004003043098092
B0003553645936N11905929WA0156201571004003041115112
B0003563645933N11905924WA0156301572004003035134133
B0003573645929N11905920WA0156401574004003035150156
B0003583645924N11905918WA0156501575004003032159177
B0003593645920N11905917WA0156701577004003030163187
B0004003645916N11905915WA0156801578004003029166193
B0004013645912N11905914WA0156901579004003029171191
B0004023645907N11905914WA0157001580004003029173178
B0004033645903N11905913WA0157101581004003028163169
B0004043645900N11905910WA0157301583004003028147164
B0004053645896N11905906WA0157501584004003033131165
B0004063645893N11905901WA0157601586004003033126161
B0004073645890N11905896WA0157701587004003033133162
B0004083645886N11905892WA0157801588004003034143175
B0004093645881N11905889WA0157901589004003035149178
B0004103645877N11905886WA0158001591004003035152186
B0004113645873N11905883WA0158201593004003032156188
B0004123645868N11905882WA0158401594004003030164195
B0004133645864N11905881WA0158501596004003029172193
B0004143645860N11905881WA0158601597004003029179196
B0004153645856N11905881WA0158801600004003028183201
B0004163645852N11905881WA0159101602004003026186211
B0004173645848N11905882WA0159301605004003024189216
B0004183645845N11905883WA0159501607004003024191215
B0004193645841N11905884WA0159701609004003024194212
B0004203645838N11905885WA0159901611004003023197216
B0004213645835N11905886WA0160101613004003023197216
B0004223645831N11905888WA0160201615004003026197214
B0004233645827N11905889WA0160401617004003026201221
B0004243645824N11905891WA0160601620004003026206226
B0004253645821N11905893WA0160901622004003024208222
B0004263645818N11905896WA0161001623004003025208216
B0004273645814N11905898WA0161201625004003026209228
B0004283645811N11905901WA0161401628004003026214221
B0004293645808N11905904WA0161701630004003026221203
B0004303645805N11905907WA0161901632004003025226205
B0004313645803N11905910WA0162001633004003023224211
B0004323645800N11905913WA0162101634004003024217208
B0004333645797N11905915WA0162101634004003024211214
B0004343645793N11905918WA0162201635004003027207207
B0004353645789N11905920WA0162301637004003029206196
B0004363645786N11905923WA0162501639004003027203190
B0004373645782N11905924WA0162701641004003027198196
B0004383645779N11905925WA0162801642004003024191195
B0004393645775N11905926WA0163001644004003024191195
B0004403645771N11905927WA0163101645004003028194207
B0004413645767N11905929WA0163301647004003028199210
B0004423645764N11905931WA0163501649004003028203209
B0004433645760N11905933WA0163701652004003024206201
B0004443645758N11905934WA0163901653004003022205210
B0004453645754N11905936WA0164001654004003024203209
B0004463645751N11905938WA0164101655004003024205214
B0004473645747N11905940WA0164201656004003026209212
B0004483645744N11905943WA0164301658004003028210219
B0004493645740N11905946WA0164501660004003027206218
B0004503645736N11905948WA0164601661004003028202210
B0004513645732N11905950WA0164701661004003028200195
B0004523645727N11905951WA0164701662004003030198192
B0004533645723N11905953WA0164801663004003030199184
B0004543645719N11905955WA0165001665004003026198191
B0004553645716N11905956WA0165101665004003026196197
B0004563645713N11905957WA0165201665004003024198204
B0004573645709N11905959WA0165201666004003024202216
B0004583645706N11905961WA0165301667004003026207216
B0004593645702N11905963WA0165401668004003026210210
B0005003645699N11905966WA0165501670004003026211213
B0005013645696N11905969WA0165601670004003026211220
B0005023645691N11905971WA0165801672004003030206222
B0005033645687N11905974WA0165901674004003030205229
B0005043645684N11905976WA0166101676004003030207219
B0005053645680N11905979WA0166301679004003029210227
B0005063645677N11905981WA0166501681004003026214220
B0005073645674N11905984WA0166701682004003027213219
B0005083645670N11905987WA0166801683004003028214221
B0005093645667N11905990WA0166901684004003028216219
B0005103645663N11905994WA0166901685004003029217223
B0005113645659N11905997WA0167001686004003031217223
B0005123645655N11906001WA0167101687004003034221212
B0005133645652N11906006WA0167201687004003034229224
B0005143645649N11906010WA0167401688004003033233220
B0005153645646N11906015WA0167501689004003032234228
B0005163645643N11906020WA0167501690004003032233235
B0005173645640N11906025WA0167501690004003034232247
B0005183645637N11906031WA0167501690004003034234254
B0005193645634N11906037WA0167601691004003036238260
B0005203645631N11906043WA0167601691004003038244255
B0005213645629N11906050WA0167701692004003039246254
B0005223645627N11906056WA0167701692004003039245245
B0005233645624N11906063WA0167801693004003039243243
B0005243645621N11906070WA0167801694004003040243231
B0005253645619N11906076WA0167901695004003040243228
B0005263645616N11906082WA0168001696004003037241214
B0005273645613N11906088WA0168101697004003037231209
B0005283645610N11906092WA0168201697004003034218212
B0005293645606N11906095WA0168101697004003032208208
B0005303645601N11906097WA0168101697004003032200198
B0005313645597N11906099WA0168101698004003032194191
B0005323645592N11906100WA0168201698004003032190185
B0005333645588N11906101WA0168201698004003030186182
B0005343645584N11906101WA0168201698004003029178180
B0005353645580N11906100WA0168201698004003026166178
B0005363645577N11906099WA0168101696004003023155177
B0005373645574N11906096WA0167901695004003025148175
B0005383645570N11906094WA0167801693004003025147168
B0005393645567N11906091WA0167701692004003025149168
B0005403645564N11906089WA0167601691004003025151165
B0005413645561N11906087WA0167501691004003023155162
B0005423645558N11906086WA0167401689004003023159167
B0005433645555N11906084WA0167301688004003023158171
B0005443645552N11906083WA0167201687004003022152176
B0005453645549N11906081WA0167001685004003022152175
B0005463645545N11906079WA0166701682004003024154169
B0005473645542N11906076WA0166501680004003025153166
B0005483645539N11906074WA0166401678004003025149160
B0005493645536N11906072WA0166201676004003025145164
B0005503645533N11906069WA0166001675004003025143165
B0005513645530N11906067WA0165901673004003021150175
B0005523645527N11906066WA0165701671004003022174200
B0005533645523N11906067WA0165501667004003022201223
B0005543645519N11906072WA0165101663004003028225240
B0005553645517N11906078WA0164701660004003035248256
B0005563645516N11906086WA0164501658004003041269287
B0005573645518N11906093WA0164301656004003041289306
B0005583645522N11906099WA0164001653004003041310313
B0005593645527N11906104WA0163701650004003042324317
B0006003645533N11906109WA0163601650004003044334328
B0006013645539N11906111WA0163401649004003043338334
B0006023645544N11906114WA0163301648004003043340330
B0006033645550N11906116WA0163201646004003039341330
B0006043645555N11906118WA0163001646004003036343327
B0006053645560N11906120WA0162701645004003036345328
B0006063645566N11906121WA0162401641004003042348329
B0006073645573N11906123WA0162201639004003044347334
B0006083645579N11906125WA0162001637004003044347334
B0006093645586N11906126WA0161801635004003044347333
B0006103645592N11906128WA0161701633004003042349334
B0006113645598N11906129WA0161601631004003042351336
B0006123645604N11906130WA0161501630004003043353338
B0006133645611N11906130WA0161301628004003042001342
B0006143645616N11906129WA0161201627004003041008351
B0006153645622N11906128WA0161201626004003038011000
B0006163645627N11906126WA0161201626004003035012005
B0006173645632N11906125WA0161101625004003036014006
B0006183645637N11906123WA0161101625004003036016010
B0006193645642N11906121WA0161101625004003036018014
B0006203645647N11906119WA0161101625004003035021019
B0006213645652N11906116WA0161101625004003032024024
B0006223645656N11906114WA0161101625004003032028030
B0006233645659N11906111WA0161101625004003030035037
B0006243645662N11906107WA0161101625004003029047052
B0006253645664N11906104WA0161101625004003026066068
B0006263645664N11906100WA0161101625004003018091092
B0006273645664N11906097WA0161101624004003020104124
B0006283645663N11906093WA0161101624004003020103123
B0006293645662N11906089WA0161201626004003020102129
B0006303645662N11906086WA0161301627004003020102122
B0006313645661N11906083WA0161401628004003015098125
B0006323645661N11906080WA0161401628004003018089127
B0006333645661N11906076WA0161401627004003018085109
B0006343645661N11906071WA0161401627004003022088120
B0006353645661N11906067WA0161401628004003024087109
B0006363645662N11906063WA0161501629004003021081111
B0006373645663N11906059WA0161601629004003021071110
B0006383645664N11906055WA0161601630004003021067107
B0006393645665N11906051WA0161601629004003021073111
B0006403645666N11906047WA0161501628004003024079120
B0006413645666N11906041WA0161501627003003027081115
B0006423645667N11906037WA0161401627004003027078137
B0006433645668N11906034WA0161401627003003023075126
B0006443645668N11906031WA0161301626004003016073124
B0006453645669N11906030WA0161201625004003011062119
B0006463645669N11906028WA0161101623004003010065117
B0006473645670N11906026WA0160901621004003013078116
B0006483645670N11906023WA0160601618004003013090115
B0006493645670N11906019WA0160401616004003016092115
B0006503645670N11906015WA0160201614004003025082107
B0006513645671N11906010WA0160101613004003026065105
B0006523645673N11906006WA0160001613004003025054103
B0006533645675N11906003WA0160001612004003024054090
B0006543645677N11905999WA0159901610004003024054085
B0006553645680N11905995WA0159701608004003027051083
B0006563645683N11905991WA0159501606004003031046078
B0006573645687N11905987WA0159301604004003031039079
B0006583645691N11905983WA0159201603004003034037071
B0006593645695N11905979WA0159101602004003034039075
B0007003645698N11905975WA0159001602004003033041081
B0007013645702N11905971WA0159001601004003034044073
B0007023645705N11905966WA0159001600004003034050076
B0007033645709N11905961WA0159001601004003035051073
B0007043645712N11905956WA0159101602004003035049074
B0007053645716N11905951WA0159201604004003033046076
B0007063645719N11905947WA0159301605004003033045081
B0007073645722N11905943WA0159401606004003031048074
B0007083645725N11905939WA0159401606003003031049078
B0007093645728N11905934WA0159401605004003031057076
B0007103645729N11905929WA0159301604004003027071106
B0007113645730N11905924WA0159201602004003028090122
B0007123645729N11905919WA0158901602004003028110146
B0007133645727N11905914WA0158701600004003029124158
B0007143645723N11905910WA0158601599004003031142166
B0007153645719N11905909WA0158601599004003030166174
B0007163645714N11905909WA0158601599003003030187187
B0007173645710N11905911WA0158601598004003030203192
B0007183645706N11905914WA0158501597004003032216203
B0007193645702N11905919WA0158401596004003035228212
B0007203645699N11905924WA0158201594004003037236221
B0007213645696N11905931WA0158101592004003037244229
B0007223645694N11905938WA0158001591004003040253234
B0007233645693N11905945WA0158001591004003040265244
B0007243645693N11905951WA0157901590004003029275257
B0007253645694N11905956WA0157801588004003029279268
B0007263645695N11905960WA0157501587004003029268264
B0007273645694N11905966WA0157101582004003029262266
B0007283645693N11905974WA0156601578004003034261261
B0007293645692N11905981WA0156301578003003043268261
B0007303645692N11905989WA0156101578003003043273269
B0007313645693N11905996WA0156001577004003040278277
B0007323645694N11906003WA0155901576004003036283269
B0007333645696N11906009WA0155801574004003036288275
B0007343645698N11906016WA0155701572004003037294268
B0007353645701N11906022WA0155601570004003037297283
B0007363645703N11906028WA0155501568004003037297276
B0007373645706N11906035WA0155301566004003039297276
B0007383645709N11906042WA0155201565004003041295255
B0007393645712N11906049WA0155101565004003041287259
B0007403645713N11906057WA0155101564004003041277256
B0007413645713N11906064WA0155101563004003040274258
B0007423645714N11906072WA0155101563004003040278263
B0007433645715N11906079WA0155101563004003041284270
B0007443645717N11906087WA0155001562004003045291300
B0007453645721N11906095WA0155001561004003045303317
B0007463645725N11906101WA0155001560003003045317334
B0007473645732N11906105WA0154901558003003045334347
B0007483645738N11906109WA0154801558004003048351002
B0007493645745N11906108WA0154601557004003045003018
B0007503645751N11906106WA0154501557004003045012027
B0007513645757N11906104WA0154501556004003040018034
B0007523645762N11906102WA0154401556004003037023038
B0007533645766N11906099WA0154401555004003034031041
B0007543645770N11906095WA0154301554004003032037051
B0007553645773N11906091WA0154301553004003032042057
B0007563645776N11906087WA0154201553004003030054062
B0007573645778N11906083WA0154201552004003026059071
B0007583645780N11906078WA0154101551003003026059082
B0007593645782N11906073WA0154001550004003029060080
B0008003645784N11906068WA0153901549004003030060089
B0008013645786N11906064WA0153901548004003030059090
B0008023645788N11906059WA0153901548004003030060084
B0008033645790N11906054WA0153901547004003029066085
B0008043645792N11906049WA0153801546004003029074087
B0008053645792N11906043WA0153701545004003029082097
B0008063645793N11906038WA0153601545004003028088103
B0008073645792N11906033WA0153601544004003028091105
B0008083645792N11906027WA0153501544004003029093110
B0008093645792N11906021WA0153501544004003032093108
B0008103645792N11906015WA0153601544004003033090111
B0008113645792N11906009WA0153601545004003032087120
B0008123645792N11906003WA0153701545004003032088117
B0008133645792N11905997WA0153701544004003032092122
B0008143645791N11905991WA0153601544004003034095122
B0008153645791N11905985WA0153601544003003035097122
B0008163645790N11905978WA0153601544004003034099114
B0008173645789N11905972WA0153601543004003035101114
B0008183645788N11905965WA0153601543004003035099118
B0008193645788N11905958WA0153601543004003039095115
B0008203645787N11905951WA0153601544004003040095123
B0008213645786N11905943WA0153701544004003039100113
B0008223645785N11905936WA0153801546004003039106129
B0008233645783N11905930WA0153901547004003037109108
B0008243645782N11905925WA0154001548004003031104106
B0008253645781N11905919WA0154101549004003031087086
B0008263645783N11905915WA0154201550004003027065075
B0008273645785N11905911WA0154201550004003025051060
B0008283645788N11905908WA0154201550004003025041044
B0008293645792N11905904WA0154101549004003034028032
B0008303645797N11905902WA0154101549004003040014013
B0008313645804N11905901WA0154101550004003040002359
B0008323645809N11905902WA0154201551004003040351330
B0008333645814N11905904WA0154301551004003038337325
B0008343645819N11905908WA0154201550004003035324317
B0008353645823N11905912WA0154101550004003039311307
B0008363645827N11905919WA0154001548004003039307303
B0008373645830N11905926WA0154001548004003043305298
B0008383645834N11905932WA0154001550004003043304284
B0008393645837N11905938WA0154201551004003035301293
B0008403645839N11905943WA0154301552004003035299286
B0008413645841N11905947WA0154401553004003031302291
B0008423645844N11905952WA0154401553004003029307280
B0008433645847N11905956WA0154401553003003029309278
B0008443645850N11905961WA0154401553004003037303281
B0008453645853N11905968WA0154501554004003038300270
B0008463645855N11905974WA0154701557004003037294254
B0008473645856N11905979WA0154901560004003034276264
B0008483645855N11905983WA0155201562004003025256257
B0008493645854N11905987WA0155401563004003022248246
B0008503645853N11905991WA0155501565004003027256237
B0008513645853N11905997WA0155701566004003027267252
B0008523645853N11906003WA0155901569004003030277269
B0008533645854N11906008WA0156201572004003030286255
B0008543645855N11906012WA0156401574004003024288275
B0008553645856N11906016WA0156601576004003024286252
B0008563645857N11906021WA0156701577004003024286255
B0008573645858N11906025WA0156801578004003025283257
B0008583645859N11906031WA0156901579004003027277266
B0008593645859N11906036WA0157001581004003028270276
B0009003645859N11906041WA0157201582004003028261256
B0009013645858N11906045WA0157301584004003026255243
B0009023645857N11906050WA0157401584004003025250241
B0009033645855N11906054WA0157501585003003025248260
B0009043645854N11906060WA0157501585004003033254256
B0009053645853N11906066WA0157601585004003036261267
B0009063645852N11906073WA0157701586004003036260242
B0009073645851N11906080WA0157801586004003036258244
B0009083645850N11906086WA0157701586004003036258226
B0009093645850N11906093WA0157801586004003035261232
B0009103645849N11906098WA0157701586004003035258225
B0009113645848N11906104WA0157701586004003031250216
B0009123645846N11906109WA0157601585004003029241214
B0009133645843N11906113WA0157501585004003029235213
B0009143645840N11906118WA0157401583004003031233211
B0009153645838N11906122WA0157301582004003032236222
B0009163645835N11906128WA0157101581004003031239224
B0009173645833N11906133WA0157001580004003032241225
B0009183645830N11906139WA0156901579004003034241217
B0009193645828N11906144WA0156901579004003034243225
B0009203645825N11906150WA0156801578004003034244220
B0009213645823N11906155WA0156801578004003033244220
B0009223645822N11906160WA0156801577004003031244216
B0009233645820N11906165WA0156701576004003030242214
B0009243645818N11906170WA0156601575004003027241211
B0009253645815N11906174WA0156501574004003027236210
B0009263645813N11906178WA0156301573004003027231205
B0009273645810N11906182WA0156201571004003029228206
B0009283645807N11906187WA0156101571004003032229211
B0009293645804N11906191WA0156101570004003032231235
B0009303645801N11906195WA0156101570004003030229218
B0009313645798N11906199WA0156101570004003028223198
B0009323645795N11906202WA0156001569004003028220186
B0009333645792N11906206WA0156001569004003030221225
B0009343645788N11906209WA0156001569004003030225181
B0009353645786N11906213WA0156001569004003029227190
B0009363645783N11906216WA0156001569004003026220197
B0009373645780N11906218WA0156001569004003023206206
B0009383645777N11906219WA0155901568004003021196208
B0009393645774N11906220WA0155801568004003023196224
B0009403645771N11906222WA0155701566004003023200197
B0009413645768N11906224WA0155601564004003023211180
B0009423645765N11906226WA0155401562004003023217188
B0009433645762N11906229WA0155201561003003025219190
B0009443645759N11906232WA0155101559004003026218201
B0009453645756N11906235WA0155001558004003026219209
B0009463645753N11906239WA0154801558004003026220207
B0009473645750N11906242WA0154701556004003026222208
B0009483645747N11906245WA0154501555004003028226203
B0009493645744N11906250WA0154301555004003030230217
B0009503645741N11906254WA0154201553004003030232226
B0009513645738N11906259WA0154001552004003030233227
B0009523645736N11906264WA0153901550004003031238210
B0009533645733N11906270WA0153701549004003034242192
B0009543645731N11906275WA0153601547004003034237189
B0009553645728N11906279WA0153501545004003033222179
B0009563645725N11906281WA0153301543004003028200181
B0009573645721N11906281WA0153201541004003024179169
B0009583645718N11906280WA0153001539004003019170158
B0009593645716N11906279WA0152801538004003019159149
B0010003645714N11906278WA0152601536004003016138144
B0010013645713N11906276WA0152401535004003016114132
B0010023645712N11906272WA0152201532003003017092119
B0010033645713N11906268WA0152001529004003025079103
B0010043645714N11906263WA0151801528004003027072089
B0010053645715N11906258WA0151701527004003026068081
B0010063645717N11906254WA0151701526004003026064091
B0010073645719N11906250WA0151601525004003025063082
B0010083645721N11906245WA0151501525004003024064086
B0010093645722N11906241WA0151401523004003024065094
B0010103645723N11906237WA0151301521003003024068090
B0010113645725N11906233WA0151101520004003024068090
B0010123645726N11906228WA0151001518003003026069094
B0010133645727N11906223WA0150901518004003027073087
B0010143645728N11906219WA0150901517004003027073103
B0010153645730N11906215WA0150901517004003025067107
B0010163645731N11906211WA0150901517004003023064108
B0010173645732N11906207WA0150901516004003023069100
B0010183645733N11906202WA0150801515004003026075104
B0010193645734N11906198WA0150701514004003026080102
B0010203645735N11906193WA0150601513004003026084098
B0010213645735N11906188WA0150601513004003026081106
B0010223645736N11906183WA0150501512004003026076102
B0010233645737N11906179WA0150501511004003026075100
B0010243645738N11906174WA0150401511004003027076100
B0010253645739N11906169WA0150301509004003027078096
B0010263645739N11906164WA0150101507004003027081104
B0010273645740N11906158WA0150101507004003029082111
B0010283645741N11906153WA0150101507004003028083123
B0010293645741N11906148WA0150101507004003028084125
B0010303645741N11906144WA0150001506003003026087115
B0010313645741N11906139WA0150001506004003023088117
B0010323645741N11906135WA0149901505004003023088108
B0010333645741N11906130WA0149901505004003025091105
B0010343645741N11906126WA0149801504004003025096102
B0010353645740N11906121WA0149701503003003025097105
B0010363645740N11906116WA0149701503004003026095113
B0010373645740N11906111WA0149701503004003026095125
B0010383645739N11906107WA0149801504004003023102131
B0010393645738N11906103WA0149801504004003023121144
B0010403645735N11906101WA0149801504003003020149162
B0010413645732N11906100WA0149801503004003020173181
B0010423645729N11906101WA0149801503004003022191191
B0010433645725N11906102WA0149801503004003026213207
B0010443645722N11906106WA0149801504004003029225215
B0010453645720N11906111WA0150001505004003029239222
B0010463645718N11906117WA0150101507004003032255232
B0010473645718N11906123WA0150101507004003032266237
B0010483645718N11906129WA0150101506004003031271236
B0010493645718N11906134WA0150001505004003031266242
B0010503645717N11906139WA0149801504004003027251241
B0010513645715N11906144WA0149501501004003027242233
B0010523645712N11906150WA0149301499004003032243235
B0010533645710N11906157WA0149301499004003039251246
B0010543645709N11906164WA0149301500004003039257251
B0010553645708N11906170WA0149401500004003037262253
B0010563645707N11906176WA0149401500004003033266239
B0010573645707N11906181WA0149401500004003029267251
B0010583645707N11906186WA0149401499004003029264246
B0010593645706N11906192WA0149201497004003034260248
B0011003645705N11906199WA0149101495004003034257246
B0011013645704N11906206WA0149001495004003039257237
B0011023645702N11906213WA0149001496004003039258227
B0011033645702N11906220WA0149101496004003034261236
B0011043645701N11906226WA0149101497004003034263241
B0011053645701N11906232WA0149201497004003033265252
B0011063645701N11906238WA0149101497003003033270261
B0011073645701N11906244WA0149101496004003033276270
B0011083645702N11906251WA0149101496004003038283279
B0011093645704N11906258WA0149101496004003043290292
B0011103645707N11906265WA0149201497004003043300302
B0011113645712N11906272WA0149301498004003044311320
B0011123645717N11906277WA0149401500004003044320339
B0011133645722N11906282WA0149601501004003042322345
B0011143645727N11906287WA0149701500004003043320329
B0011153645732N11906292WA0149501499004003043313307
B0011163645737N11906299WA0149401499004003047307292
B0011173645741N11906307WA0149301497004003049299286
B0011183645744N11906316WA0149101497004003048298297
B0011193645747N11906324WA0149001497004003048296291
B0011203645750N11906331WA0149001496004003045295287
B0011213645752N11906338WA0148801495004003044289291
B0011223645754N11906344WA0148701494004003039285261
B0011233645755N11906350WA0148401492004003034284251
B0011243645756N11906357WA0148101488004003036282259
B0011253645757N11906364WA0147701484004003036274247
B0011263645756N11906372WA0147401480004003039267233
B0011273645756N11906379WA0147201480004003043256244
B0011283645754N11906387WA0147101480004003041242221
B0011293645750N11906393WA0146901477004003041232214
B0011303645746N11906398WA0146701475004003037229211
B0011313645743N11906403WA0146601475004003036234214
B0011323645740N11906409WA0146401471004003037238207
B0011333645737N11906415WA0146201467004003038240205
B0011343645734N11906422WA0145801464004003037242213
B0011353645732N11906427WA0145601463004003037237197
B0011363645729N11906432WA0145301463004003033224201
B0011373645725N11906435WA0145001459004003028215188
B0011383645721N11906437WA0144801456004003031206193
B0011393645717N11906440WA0144601453004003031203185
B0011403645712N11906442WA0144501453004003033201182
B0011413645707N11906445WA0144501453004003034204199
B0011423645703N11906448WA0144601453004003031208204
B0011433645699N11906451WA0144701453004003031212199
B0011443645696N11906454WA0144601452004003029215200
B0011453645692N11906457WA0144601452004003029215213
B0011463645688N11906460WA0144601451004003030215201
B0011473645685N11906464WA0144501450004003031217202
B0011483645681N11906467WA0144401448004003032218199
B0011493645677N11906471WA0144301447004003032217206
B0011503645673N11906474WA0144201445004003032215194
B0011513645670N11906478WA0144001443004003031213176
B0011523645666N11906480WA0143801441004003030207166
B0011533645662N11906483WA0143801441004003030194187
B0011543645657N11906483WA0143801441004003030185196
B0011553645654N11906483WA0143901442004003027181194
B0011563645651N11906484WA0143801441004003022190206
B0011573645648N11906485WA0143801440004003023203190
B0011583645644N11906488WA0143601438004003029215213
B0011593645640N11906492WA0143601437004003029220214
B0012003645636N11906497WA0143501437004003034223198
B0012013645633N11906501WA0143501438004003034226184
B0012023645630N11906505WA0143501438004003027225189
B0012033645627N11906508WA0143601437004003027220174
B0012043645625N11906510WA0143401435004003020203178
B0012053645623N11906510WA0143001433004003017175170
B0012063645620N11906509WA0142601428004003017160163
B0012073645617N11906507WA0142401428004003024145171
B0012083645614N11906504WA0142101427004003024146161
B0012093645611N11906502WA0141901424004003023159162
B0012103645607N11906501WA0141801422004003023169163
B0012113645604N11906500WA0141701420004003024169166
B0012123645600N11906499WA0141701419004003025164171
B0012133645596N11906497WA0141601419004003025159161
B0012143645593N11906496WA0141701420004003025168159
B0012153645589N11906496WA0141801421004003024178166
B0012163645586N11906496WA0141901422004003022182170
B0012173645583N11906496WA0142001422004003021185171
B0012183645580N11906497WA0142001423004003022192172
B0012193645576N11906498WA0142101423004003022197176
B0012203645573N11906500WA0142101423004003023204185
B0012213645570N11906502WA0142201424004003023210193
B0012223645567N11906505WA0142301425004003021216196
B0012233645565N11906508WA0142401426004003022234202
B0012243645564N11906512WA0142401425004003022259216
B0012253645565N11906518WA0142301424004003026284238
B0012263645568N11906524WA0142201423004003034307273
B0012273645574N11906528WA0142201423004003042329309
B0012283645580N11906530WA0142301424004003042351338
B0012293645586N11906529WA0142401426004003042012005
B0012303645591N11906525WA0142501427004003041030028
B0012313645595N11906521WA0142601428004003039047047
B0012323645598N11906515WA0142801429004003037060064
B0012333645601N11906508WA0142801428004003037080077
B0012343645600N11906502WA0142901429004003037096094
B0012353645598N11906496WA0142901429005003037118108
B0012363645594N11906492WA0142901430004003034139127
B0012373645591N11906489WA0143001431004003024157146
B0012383645588N11906489WA0143101432004003024181161
B0012393645584N11906491WA0143101432004003023207180
B0012403645582N11906494WA0143201432004003023225200
B0012413645580N11906497WA0143201433004003024240214
B0012423645579N11906502WA0143201433004003024255227
B0012433645579N11906507WA0143201432004003028271240
B0012443645579N11906512WA0143101431004003028284255
B0012453645582N11906519WA0143001430004003034296267
B0012463645586N11906525WA0142901430005003038310282
B0012473645590N11906530WA0142901430004003043322298
B0012483645596N11906534WA0143001430004003043332312
B0012493645602N11906537WA0143101432004003042339328
B0012503645608N11906539WA0143301434004003042343339
B0012513645613N11906541WA0143401436004003040344344
B0012523645618N11906543WA0143601436004003036347352
B0012533645624N11906544WA0143601437004003036355001
B0012543645629N11906543WA0143601437004003036008008
B0012553645635N11906541WA0143601436004003037021020
B0012563645640N11906537WA0143601436004003039034035
B0012573645644N11906532WA0143601436004003040046051
B0012583645647N11906526WA0143501436004003040061061
B0012593645649N11906519WA0143501436004003038076076
B0013003645650N11906513WA0143601437004003037086093
B0013013645650N11906506WA0143701438004003036089100
B0013023645650N11906500WA0143901440004003034085109
B0013033645651N11906494WA0144101443004003034084121
B0013043645650N11906489WA0144301445004003031097130
B0013053645650N11906484WA0144401444004003026140141
B0013063645646N11906484WA0144401443004003024178173
B0013073645642N11906486WA0144401443004003024213199
B0013083645641N11906490WA0144501445004003024242221
B0013093645639N11906494WA0144501445004003023266238
B0013103645640N11906499WA0144501444004003023287252
B0013113645641N11906503WA0144401443004003024288255
B0013123645643N11906508WA0144301443004003030280258
B0013133645643N11906514WA0144201442004003031271253
B0013143645643N11906520WA0144201443004003030261252
B0013153645642N11906525WA0144301444004003030257242
B0013163645641N11906529WA0144301444004003028258243
B0013173645641N11906534WA0144301444004003025264236
B0013183645641N11906539WA0144301444004003027266245
B0013193645640N11906544WA0144301443004003027260235
B0013203645639N11906549WA0144201443004003027254231
B0013213645638N11906554WA0144201442004003027251238
B0013223645636N11906559WA0144101442004003029250230
B0013233645635N11906564WA0144101441004003030249236
B0013243645633N11906570WA0144101441004003030251216
B0013253645632N11906575WA0144101442004003030252216
B0013263645630N11906579WA0144101442004003028245211
B0013273645628N11906583WA0144001441004003023225200
B0013283645625N11906585WA0144001440004003023197187
B0013293645621N11906583WA0144001439004003023163171
B0013303645618N11906582WA0143901439004003026126148
B0013313645617N11906576WA0143801439004003027094124
B0013323645619N11906569WA0143801439004003033066100
B0013333645623N11906564WA0143801439004003035044069
B0013343645627N11906560WA0143801439004003035027040
B0013353645633N11906558WA0143801439004003037011013
B0013363645640N11906558WA0143701438004003040357356
B0013373645647N11906560WA0143701438004003047348341
B0013383645654N11906562WA0143701439004003047344344
B0013393645660N11906564WA0143701439004003046342332
B0013403645666N11906567WA0143701439004003044341323
B0013413645672N11906570WA0143701439004003042334306
B0013423645677N11906574WA0143701438004003044323293
B0013433645682N11906580WA0143601437004003046312291
B0013443645686N11906587WA0143601437004003044304284
B0013453645689N11906593WA0143601438004003044300282
B0013463645692N11906599WA0143701439004003040299274
B0013473645695N11906605WA0143801439004003037297273
B0013483645697N11906612WA0143701438004003038293272
B0013493645699N11906619WA0143701438004003038287270
B0013503645700N11906626WA0143701438004003038281267
B0013513645701N11906632WA0143801438004003038276264
B0013523645702N11906638WA0143901439004003031272252
B0013533645702N11906643WA0143901440004003031274251
B0013543645702N11906649WA0144101442004003030274250
B0013553645703N11906655WA0144201443004003030272238
B0013563645702N11906661WA0144301444004003031267240
B0013573645702N11906667WA0144401445004003032261234
B0013583645701N11906672WA0144601446004003032254229
B0013593645699N11906678WA0144701449004003031252223
B0014003645698N11906683WA0144901451004003029254223
B0014013645697N11906687WA0145201453004003025259240
B0014023645697N11906690WA0145301455004003020264226
B0014033645697N11906694WA0145401455004003021265223
B0014043645696N11906699WA0145401455004003021264240
B0014053645696N11906704WA0145401454004003025267256
B0014063645697N11906709WA0145401455004003027280283
B0014073645699N11906715WA0145401455004003035297297
B0014083645703N11906720WA0145401455004003039314323
B0014093645708N11906724WA0145401454004003039331338
B0014103645714N11906726WA0145401454004003041348355
B0014113645721N11906726WA0145401454005003043005009
B0014123645727N11906724WA0145501454004003042020026
B0014133645732N11906720WA0145501455005003042034041
B0014143645736N11906716WA0145601456004003039048055
B0014153645738N11906711WA0145601457004003034067071
B0014163645739N11906706WA0145801458004003030083091
B0014173645739N11906701WA0145801458004003024101108
B0014183645738N11906697WA0145801458004003024125129
B0014193645735N11906695WA0145701458004003021167149
B0014203645732N11906696WA0145701457004003021196178
B0014213645729N11906699WA0145701457004003023226197
B0014223645726N11906704WA0145701458004003028252220
B0014233645725N11906709WA0145801459004003028261236
B0014243645724N11906714WA0145801459004003028258239
B0014253645723N11906719WA0145901460004003028251242
B0014263645722N11906725WA0145901460004003028249230
B0014273645720N11906730WA0145901460004003032249232
B0014283645718N11906736WA0145901460004003032248217
B0014293645716N11906741WA0146001461004003032243219
B0014303645714N11906746WA0146101462004003029236227
B0014313645712N11906750WA0146101463004003028234231
B0014323645710N11906754WA0146201463004003026240252
B0014333645709N11906758WA0146201463004003026255238
B0014343645708N11906763WA0146101462004003023268247
B0014353645708N11906767WA0146001461005003023271244
B0014363645708N11906772WA0145801459004003024266247
B0014373645708N11906779WA0145601457004003038260235
B0014383645707N11906786WA0145601458004003042254230
B0014393645705N11906793WA0145701458004003039252224
B0014403645703N11906800WA0145901461004003039254245
B0014413645702N11906806WA0146101463004003035259248
B0014423645702N11906811WA0146301465005003028264250
B0014433645701N11906816WA0146401466004003029265237
B0014443645701N11906822WA0146401466004003029263242
B0014453645700N11906828WA0146501466004003033260262
B0014463645699N11906835WA0146601467004003034259239
B0014473645698N11906841WA0146701469004003031263238
B0014483645698N11906846WA0146801470004003031268238
B0014493645698N11906851WA0146901470004003029259256
B0014503645696N11906857WA0146901470004003029246228
B0014513645694N11906862WA0146901470004003031241251
B0014523645691N11906867WA0147001472004003033243243
B0014533645689N11906873WA0147201474004003033249254
B0014543645688N11906879WA0147301475004003032256227
B0014553645687N11906884WA0147401476004003030259237
B0014563645687N11906889WA0147401477004003029258228
B0014573645686N11906894WA0147401477004003030253220
B0014583645684N11906900WA0147401476004003033243238
B0014593645681N11906906WA0147401476004003033237231
B0015003645678N11906911WA0147401476004003035237246
B0015013645676N11906917WA0147501477004003036245249
B0015023645674N11906923WA0147601478004003034251245
B0015033645672N11906929WA0147701479004003034248227
B0015043645670N11906935WA0147701479004003034239230
B0015053645667N11906940WA0147701479004003034234232
B0015063645664N11906946WA0147801480004003036233238
B0015073645660N11906951WA0147901482004003034232241
B0015083645657N11906956WA0148101483004003034231243
B0015093645654N11906960WA0148201485004003033235260
B0015103645652N11906966WA0148401486004003032248270
B0015113645652N11906972WA0148501487004003032264276
B0015123645652N11906978WA0148501487004003037282286
B0015133645655N11906985WA0148601487004003038302302
B0015143645660N11906989WA0148701488004003037328321
B0015153645665N11906990WA0148701490004003037355344
B0015163645670N11906989WA0148901491004003035020011
B0015173645673N11906985WA0149001493004003028044039
B0015183645675N11906981WA0149201495004003028069069
B0015193645676N11906976WA0149301496004003026087094
B0015203645676N11906971WA0149501496004003026107112
B0015213645674N11906967WA0149601497004003026130129
B0015223645670N11906964WA0149701498004003030152148
B0015233645665N11906963WA0149801499004003034177163
B0015243645660N11906965WA0149901501004003034199182
B0015253645655N11906968WA0150001503004003035219198
B0015263645652N11906974WA0150201505004003035237214
B0015273645650N11906979WA0150401507004003032245228
B0015283645648N11906985WA0150601509004003032250233
B0015293645647N11906991WA0150801511004003032262237
B0015303645647N11906996WA0150901511004003032287247
B0015313645650N11907003WA0151101512004003036304271
B0015323645655N11907007WA0151201513004003039327292
B0015333645660N11907010WA0151301514004003039356320
B0015343645665N11907009WA0151501516004003036016357
B0015353645670N11907005WA0151701518004003034033022
B0015363645672N11907002WA0151901521004003030047044
B0015373645675N11906997WA0152101521004003024064063
B0015383645676N11906993WA0152201521004003026082091
B0015393645676N11906987WA0152401523004003026098112
B0015403645674N11906982WA0152501525004003029118129
B0015413645670N11906978WA0152701527004003029141142
B0015423645667N11906976WA0152801528004003031170158
B0015433645662N11906977WA0153001530004003032189178
B0015443645657N11906979WA0153101532004003032207191
B0015453645653N11906983WA0153301533004003033225205
B0015463645650N11906989WA0153501536004003034242219
B0015473645649N11906996WA0153701537004003035260234
B0015483645650N11907003WA0153801539004003037280251
B0015493645651N11907009WA0154001540004003037301270
B0015503645655N11907014WA0154201542004003037321293
B0015513645660N11907017WA0154401545004003036340316
B0015523645665N11907017WA0154601547004003032358340
B0015533645670N11907016WA0154701550004003032019004
B0015543645673N11907012WA0154801551004003029043030
B0015553645676N11907008WA0155001553004003029062059
B0015563645677N11907003WA0155201554004003029079079
B0015573645676N11906998WA0155301556004003027102097
B0015583645674N11906993WA0155401558004003028128117
B0015593645670N11906990WA0155601560004003028151137
B0016003645665N11906989WA0155701562004003030170157
B0016013645661N11906990WA0155901564004003030190171
B0016023645657N11906991WA0156101564004003032212186
B0016033645653N11906996WA0156201566004003033229205
B0016043645651N11907001WA0156301567004003033244219
B0016053645650N11907008WA0156401569004003035260233
B0016063645650N11907015WA0156601571004003035275249
B0016073645651N11907022WA0156701572004003037291264
B0016083645654N11907028WA0156901572004003037304282
B0016093645657N11907033WA0157001573004003037320296
B0016103645662N11907036WA0157201575004003035337316
B0016113645667N11907036WA0157201577004003033359337
B0016123645672N11907035WA0157401577004003031026005
B0016133645675N11907031WA0157601579004003031043039
B0016143645678N11907027WA0157701580004003031067057
B0016153645678N11907021WA0157801582004003029096080
B0016163645676N11907016WA0158001584004003028123107
B0016173645673N11907012WA0158201584004003029150134
B0016183645669N11907011WA0158301587004003029170159
B0016193645664N11907011WA0158501589004003028192173
B0016203645660N11907014WA0158601591004003028214191
B0016213645657N11907018WA0158601592004003030231207
B0016223645655N11907024WA0158701593004003034245222
B0016233645653N11907030WA0158801594004003036258236
B0016243645653N11907037WA0158801595004003036273250
B0016253645655N11907044WA0158901596004003038289266
B0016263645658N11907050WA0159101598004003038305284
B0016273645662N11907055WA0159301600004003035322301
B0016283645667N11907057WA0159401601004003036342321
B0016293645672N11907058WA0159501603004003036359345
B0016303645678N11907057WA0159601603004003036015006
B0016313645683N11907055WA0159701603004003036035024
B0016323645685N11907051WA0159901605004003029048046
B0016333645687N11907046WA0160101607004003029062062
B0016343645688N11907042WA0160201609004003025078075
B0016353645688N11907038WA0160301610004003022095092
B0016363645687N11907034WA0160401611004003022111108
B0016373645685N11907031WA0160401612004003023122121
B0016383645682N11907027WA0160501613004003025135129
B0016393645679N11907025WA0160601614004003025152138
B0016403645676N11907024WA0160701615004003025172152
B0016413645672N11907024WA0160801617004003028192168
B0016423645668N11907026WA0161001618004003029208185
B0016433645664N11907030WA0161101619004003029220200
B0016443645661N11907034WA0161101620004003030231211
B0016453645659N11907039WA0161201621004003031244222
B0016463645657N11907045WA0161301621004003036258237
B0016473645656N11907052WA0161301622005003038270254
B0016483645657N11907060WA0161301622004003038281259
B0016493645659N11907067WA0161401623004003040282250
B0016503645660N11907074WA0161401625004003040276250
B0016513645660N11907082WA0161601626004003040269251
B0016523645659N11907089WA0161701627004003040266253
B0016533645659N11907097WA0161801628004003040269253
B0016543645660N11907104WA0161901630004003040278256
B0016553645661N11907112WA0162001631004003042284249
B0016563645663N11907120WA0162201633004003041283246
B0016573645664N11907127WA0162301634004003041270241
B0016583645662N11907134WA0162501635005003039249228
B0016593645659N11907139WA0162501635004003037221210
B0017003645654N11907141WA0162501635004003037191188
B0017013645649N11907139WA0162501636004003032158163
B0017023645646N11907135WA0162501637004003032127141
B0017033645644N11907130WA0162701639004003029103120
B0017043645644N11907126WA0162801640004003025087104
B0017053645645N11907122WA0163001641004003024071092
B0017063645647N11907117WA0163101642004003028057082
B0017073645650N11907113WA0163201644004003030043064
B0017083645654N11907110WA0163401646004003030024048
B0017093645659N11907109WA0163601648004003031005026
B0017103645664N11907110WA0163701649004003033350006
B0017113645670N11907112WA0163801650004003039338346
B0017123645675N11907116WA0164001651004003041327324
B0017133645680N11907121WA0164101653004003041314306
B0017143645684N11907128WA0164101653004003043300283
B0017153645686N11907136WA0164201654004003044286272
B0017163645687N11907144WA0164301656004003044274259
B0017173645687N11907152WA0164401657004003044264250
B0017183645685N11907159WA0164501658004003040254241
B0017193645683N11907165WA0164701660004003038241230
B0017203645680N11907170WA0164801660004003035224218
B0017213645676N11907173WA0164801661004003032205203
B0017223645671N11907174WA0164901661004003032182187
B0017233645667N11907172WA0164901661004003032156168
B0017243645664N11907168WA0164901662004003029128147
B0017253645662N11907164WA0164901662004003026104126
B0017263645662N11907159WA0165001663004003026088108
B0017273645663N11907154WA0165101664004003026079093
B0017283645664N11907149WA0165301665004003026073091
B0017293645665N11907145WA0165401667004003025074097
B0017303645665N11907141WA0165501668004003024086109
B0017313645665N11907137WA0165701670004003020104111
B0017323645664N11907134WA0165801671004003020122125
B0017333645662N11907131WA0165901672004003020132136
B0017343645659N11907128WA0166001673004003020139149
B0017353645657N11907126WA0166001674004003022144153
B0017363645654N11907124WA0166201675004003023151162
B0017373645650N11907122WA0166301677004003023160169
B0017383645647N11907121WA0166401678004003023170176
B0017393645643N11907121WA0166501679004003023177170
B0017403645639N11907121WA0166501679004003025179180
B0017413645635N11907120WA0166601680004003027174167
B0017423645631N11907119WA0166601681004003029167157
B0017433645627N11907118WA0166701681004003029166171
B0017443645622N11907117WA0166701681004003029170163
B0017453645618N11907116WA0166801682004003029172147
B0017463645615N11907115WA0166801683004003023164133
B0017473645612N11907113WA0166901683004003023141126
B0017483645610N11907109WA0166801683004003023118114
B0017493645609N11907105WA0166901682005003025103101
B0017503645608N11907100WA0166801683004003024088092
B0017513645609N11907096WA0166901683004003024076085
B0017523645610N11907092WA0166901683004003024063065
B0017533645612N11907088WA0166801682004003024053055
B0017543645615N11907084WA0166801682004003026037044
B0017553645619N11907081WA0166701681004003032025030
B0017563645624N11907079WA0166601680004003034012015
B0017573645629N11907079WA0166501679004003034000001
B0017583645635N11907080WA0166401678004003036348351
B0017593645641N11907082WA0166301677004003038336337
B0018003645646N11907086WA0166201676004003041326319
B0018013645650N11907092WA0166201676004003041314298
B0018023645654N11907098WA0166101674004003041302285
B0018033645657N11907105WA0165901672004003042291274
B0018043645659N11907114WA0165701671004003044283261
B0018053645660N11907123WA0165501669004003047275251
B0018063645659N11907131WA0165501669004003047264244
B0018073645658N11907139WA0165501668004003044257250
B0018083645657N11907146WA0165401668004003042260255
B0018093645656N11907154WA0165401667004003041267268
B0018103645656N11907162WA0165401668004003042270278
B0018113645657N11907169WA0165501669004003042275274
B0018123645658N11907177WA0165701671004003042283283
B0018133645660N11907184WA0165901673004003040288283
B0018143645662N11907191WA0166001674004003040289281
B0018153645664N11907198WA0166101675004003044289272
B0018163645666N11907206WA0166201676004003044290278
B0018173645669N11907214WA0166401678004003044291266
B0018183645671N11907220WA0166501680004003040290266
B0018193645672N11907226WA0166601681004003036288266
B0018203645674N11907233WA0166601681004003038285272
B0018213645675N11907240WA0166701680004003042284288
B0018223645679N11907255WA0166701680004003041294327
B0018233645683N11907261WA0166601680004003040308334
B0018243645687N11907265WA0166501678004003040324344
B0018253645693N11907269WA0166301676004003043340353
B0018263645700N11907270WA0166301675004003043353007
B0018273645707N11907270WA0166301676004003044010018
B0018283645713N11907268WA0166301677004003044021034
B0018293645717N11907264WA0166401678004003036035041
B0018303645721N11907260WA0166601680004003036041053
B0018313645724N11907255WA0166601680004003032051059
B0018323645725N11907251WA0166601680004003029069068
B0018333645726N11907245WA0166601679005003028086083
B0018343645726N11907240WA0166601680004003027095097
B0018353645725N11907236WA0166601680004003027105108
B0018363645723N11907232WA0166701681004003024119116
B0018373645721N11907228WA0166801682004003023131133
B0018383645718N11907225WA0166901683004003023136137
B0018393645716N11907222WA0167001684004003025140145
B0018403645713N11907219WA0167101685004003026143146
B0018413645709N11907217WA0167201687004003026148150
B0018423645706N11907215WA0167401688004003026155144
B0018433645703N11907213WA0167501690004003023160155
B0018443645701N11907212WA0167601690004003016162161
B0018453645699N11907212WA0167601690004003016164153
B0018463645696N11907211WA0167501689004003016168156
B0018473645694N11907210WA0167401688004003017168153
B0018483645691N11907209WA0167301687004003018165154
B0018493645688N11907208WA0167201686004003020165155
B0018503645685N11907207WA0167001685004003022164153
B0018513645681N11907206WA0166901683004003022163164
B0018523645678N11907205WA0166801682004003025163160
B0018533645674N11907204WA0166801682004003025168175
B0018543645671N11907203WA0166801682004003021175170
B0018553645668N11907203WA0166701681004003021176164
B0018563645664N11907203WA0166601679004003021174172
B0018573645661N11907202WA0166501678004003023173157
B0018583645657N11907202WA0166401677004003024171171
B0018593645654N11907201WA0166401677004003024170189
B0019003645650N11907200WA0166401678004003024178184
B0019013645647N11907201WA0166401678004003021194191
B0019023645644N11907203WA0166401678004003021200193
B0019033645641N11907204WA0166401678004003024198183
B0019043645637N11907205WA0166401678004003028190193
B0019053645632N11907206WA0166401678004003029184181
B0019063645628N11907206WA0166501679004003028184185
B0019073645624N11907207WA0166601680004003028186168
B0019083645620N11907207WA0166701681004003025185181
B0019093645617N11907207WA0166701680004003023183174
B0019103645613N11907207WA0166601680004003023179173
B0019113645610N11907207WA0166601679004003023177166
B0019123645606N11907207WA0166501679004003024178161
B0019133645603N11907207WA0166401679004003024177161
B0019143645599N11907207WA0166401679004003021176155
B0019153645596N11907206WA0166301678004003021174141
B0019163645593N11907206WA0166201676004003021167141
B0019173645590N11907204WA0166001674004003022153133
B0019183645587N11907202WA0165901672004003023143136
B0019193645584N11907199WA0165701671004003024139133
B0019203645582N11907196WA0165501669004003024133129
B0019213645580N11907193WA0165401668004003022125122
B0019223645578N11907189WA0165301667004003022114107
B0019233645577N11907185WA0165201665004003022102101
B0019243645577N11907181WA0165101664004003024090095
B0019253645577N11907176WA0164901663004003025080086
B0019263645579N11907171WA0164901662004003025071083
B0019273645580N11907167WA0164801661004003025065080
B0019283645582N11907163WA0164701660004003025059088
B0019293645584N11907158WA0164701660004003026057095
B0019303645586N11907154WA0164601660004003026058090
B0019313645588N11907150WA0164601659004003025063101
B0019323645589N11907146WA0164501658004003025066098
B0019333645591N11907142WA0164401657004003024071101
B0019343645591N11907138WA0164401657004003020076113
B0019353645592N11907135WA0164301656004003020075107
B0019363645593N11907131WA0164301655004003020073112
B0019373645593N11907128WA0164201654004003017082102
B0019383645594N11907125WA0164001652004003017091117
B0019393645593N11907122WA0163901651004003019096122
B0019403645593N11907118WA0163801650004003019103131
B0019413645592N11907116WA0163701650004003015120142
B0019423645591N11907115WA0163701649004003013144147
B0019433645589N11907114WA0163501648004003013164155
B0019443645587N11907113WA0163401646004003016171165
B0019453645584N11907113WA0163201644004003019175171
B0019463645581N11907113WA0163001642004003019184188
B0019473645578N11907114WA0162901640005003021196197
B0019483645574N11907116WA0162701638004003023210206
B0019493645571N11907120WA0162401636004003031221215
B0019503645567N11907124WA0162201634004003036230228
B0019513645564N11907130WA0162001631004003036239243
B0019523645561N11907138WA0161801629004003040248258
B0019533645560N11907145WA0161601627005003044255255
B0019543645558N11907154WA0161301624004003046256233
B0019553645556N11907162WA0161101622004003045249212
B0019573645553N11907169WA0160801619004003045234199
B0019583645548N11907174WA0160601616004003039214189
B0019593645543N11907176WA0160301614004003039194179
B0020003645538N11907176WA0160101612004003036179164
B0020013645534N11907176WA0160001611004003031170155
B0020023645530N11907175WA0159901610004003025168153
B0020033645527N11907174WA0159801609004003025169152
B0020043645523N11907173WA0159701607004003024171155
B0020053645520N11907173WA0159501605004003024172146
B0020063645516N11907172WA0159401603004003025170154
B0020073645512N11907171WA0159301602004003025169151
B0020083645509N11907170WA0159201602004003024166140
B0020093645506N11907169WA0159101601004003021161140
B0020103645504N11907168WA0159001600004003018157134
B0020113645501N11907166WA0158801598004003018158142
B0020123645498N11907165WA0158601595004003018161140
B0020133645496N11907164WA0158401592004003018158153
B0020143645493N11907162WA0158201590004003022154156
B0020153645490N11907161WA0157901590004003023158143
B0020163645486N11907159WA0157701588004003023165156
B0020173645483N11907158WA0157601587004003023165143
B0020183645480N11907157WA0157501585004003021163152
B0020193645477N11907156WA0157401584004003021162139
B0020203645475N11907155WA0157301583004003019162151
B0020213645472N11907154WA0157101581004003019162143
B0020223645469N11907153WA0156901579004003023160145
B0020233645465N11907151WA0156701576004003025156149
B0020243645461N11907149WA0156501574004003025157153
B0020253645457N11907147WA0156301572004003027157151
B0020263645453N11907145WA0156101570004003030161161
B0020273645449N11907144WA0156001569004003030165160
B0020283645444N11907142WA0155901568004003030164142
B0020293645440N11907141WA0155901568004003030163132
B0020303645437N11907139WA0155901568004003028164149
B0020313645434N11907138WA0155801567004003021164148
B0020323645430N11907137WA0155601565004003022159154
B0020333645427N11907135WA0155401562004003022151145
B0020343645424N11907132WA0155201559004003026152155
B0020353645420N11907130WA0155001557004003028154150
B0020363645415N11907127WA0154801556004003033153151
B0020373645411N11907124WA0154701555004003033149149
B0020383645407N11907122WA0154701555004003031148150
B0020393645404N11907120WA0154701555004003027155169
B0020403645401N11907118WA0154501553004003025161167
B0020413645397N11907116WA0154301550004003029162160
B0020423645392N11907114WA0154101547004003034158155
B0020433645387N11907112WA0153801546004003034153157
B0020443645383N11907109WA0153801545004003034154164
B0020453645379N11907107WA0153701545004003031158172
B0020463645375N11907105WA0153601544004003025157160
B0020473645372N11907103WA0153501542004003025151160
B0020483645368N11907101WA0153201539004003025151161
B0020493645364N11907098WA0153001536004003029157159
B0020503645360N11907096WA0152801534004003031157160
B0020513645356N11907093WA0152701533004003027148155
B0020523645353N11907090WA0152501531004003027138149
B0020533645350N11907087WA0152201528004003026134149
B0020543645347N11907083WA0151901525004003026134155
B0020553645344N11907079WA0151601521004003029134141
B0020563645341N11907075WA0151301518004003031133146
B0020573645338N11907071WA0151001516004003031133148
B0020583645334N11907067WA0150801513004003030139157
B0020593645331N11907064WA0150501510004003030145159
B0021003645327N11907061WA0150301508004003031147155
B0021013645323N11907057WA0150101506004003032144150
B0021023645319N11907054WA0150001504004003032147161
B0021033645315N11907051WA0149801503004003032153163
B0021043645311N11907049WA0149701501004003030165164
B0021053645306N11907048WA0149501499004003028171165
B0021063645302N11907048WA0149301496004003029169157
B0021073645298N11907046WA0149001494004003030160153
B0021083645294N11907044WA0148701491004003030154163
B0021093645289N11907041WA0148501489004003030156162
B0021103645285N11907039WA0148301487004003030163167
B0021113645281N11907038WA0148101485004003029167167
B0021123645277N11907037WA0147901483004003029164153
B0021133645273N11907035WA0147701480004003028158153
B0021143645269N11907033WA0147401478004003028155162
B0021153645265N11907031WA0147201475004003029156159
B0021163645261N11907028WA0147001472004003031158168
B0021173645256N11907026WA0146801470004003031156162
B0021183645252N11907024WA0146601469004003031150151
B0021193645248N11907020WA0146501467004003031145162
B0021203645245N11907017WA0146301466004003029146154
B0021213645241N11907015WA0146201464004003030148163
B0021223645237N11907012WA0146001462004003031148162
B0021233645233N11907008WA0145901461004003031146159
B0021243645229N11907005WA0145701459004003033145160
B0021253645225N11907001WA0145501457004003033146153
B0021263645220N11906998WA0145401457004003036149155
B0021273645215N11906994WA0145201456004003037148139
B0021283645211N11906990WA0145201455004003037141135
B0021293645207N11906985WA0145201454004003037132139
B0021303645204N11906980WA0145101454004003035128145
B0021313645201N11906976WA0145001453004003030130147
B0021323645198N11906972WA0145001452004003030132136
B0021333645195N11906968WA0144801450004003030131138
B0021343645192N11906963WA0144601448004003031127129
B0021353645189N11906958WA0144401446004003033126140
B0021363645186N11906953WA0144201444004003034129142
B0021373645182N11906949WA0144101442004003035132138
B0021383645179N11906943WA0144001441004003035126130
B0021393645176N11906938WA0143901440004003036117126
B0021403645174N11906932WA0143901440004003036113128
B0021413645172N11906926WA0143801439004003036124147
B0021423645168N11906921WA0143801438004003036134131
B0021433645164N11906917WA0143801438004003036134121
B0021443645162N11906912WA0143701438004003033120114
B0021453645160N11906907WA0143701437004003031115142
B0021463645157N11906902WA0143501436004003030129143
B0021473645153N11906898WA0143401435004003031144142
B0021483645150N11906895WA0143301434004003030142122
B0021493645147N11906891WA0143201433004003030127121
B0021503645145N11906887WA0143101431004003028121131
B0021513645142N11906882WA0143001430004003031134149
B0021523645138N11906879WA0142901430004003033147153
B0021533645134N11906876WA0143001431004003031154143
B0021543645130N11906874WA0143001432004003030154122
B0021553645125N11906870WA0142901430004003021136119
B0021563645122N11906866WA0142801428004003027128124
B0021573645120N11906862WA0142601426004003027129141
B0021583645116N11906857WA0142501425004003033135145
B0022003645112N11906853WA0142501425004003033141147
B0022013645109N11906850WA0142501426004003033142137
B0022023645106N11906847WA0142501426004003028136137
B0022033645103N11906843WA0142501426004003025130136
B0022043645101N11906840WA0142401425004003025131142
B0022053645097N11906835WA0142301424004003033133132
B0022063645094N11906831WA0142401424004003034131123
B0022073645091N11906826WA0142501426004003033129136
B0022083645088N11906822WA0142701428004003030137155
B0022093645085N11906820WA0142801428004003025153166
B0022103645081N11906819WA0142801427004003028170172
B0022113645077N11906819WA0142601426004003034182165
B0022123645071N11906820WA0142501426004003034189173
B0022133645066N11906821WA0142501426004003034190147
B0022143645061N11906822WA0142601427004003034186150
B0022153645057N11906822WA0142601427004003030185156
B0022163645052N11906823WA0142601426004003031184155
B0022173645047N11906823WA0142501425004003031180152
B0022183645042N11906823WA0142501425004003032176149
B0022193645038N11906822WA0142401425004003032175147
B0022203645033N11906822WA0142401424004003029174146
B0022213645029N11906821WA0142401424004003029172144
B0022223645024N11906820WA0142301424004003029170133
B0022233645020N11906819WA0142301423004003029167129
B0022243645016N11906818WA0142201422004003028162129
B0022253645013N11906816WA0142101421004003026157131
B0022263645009N11906814WA0141901419004003027155122
B0022273645005N11906812WA0141801417004003027151124
B0022283645001N11906809WA0141601416004003029148113
B0022293644998N11906806WA0141501414004003029140114
B0022303644995N11906802WA0141401413004003028132110
B0022313644992N11906798WA0141201412004003028124105
B0022323644990N11906794WA0141101411004003028120102
B0022333644988N11906789WA0141001410004003028121113
B0022343644986N11906785WA0140901408004003028125103
B0022353644983N11906780WA0140701406004003030128117
B0022363644980N11906776WA0140601404004003031126102
B0022373644978N11906771WA0140401403004003031125100
B0022383644975N11906766WA0140301402004003031123105
B0022393644972N11906761WA0140201401004003031122109
B0022403644970N11906756WA0140101400004003031122106
B0022413644967N11906752WA0140001399004003031125111
B0022423644965N11906747WA0139901397004003031126103
B0022433644962N11906742WA0139801396004003031124110
B0022443644959N11906738WA0139601395004003031125114
B0022453644957N11906733WA0139501393004003030129115
B0022463644953N11906729WA0139401392004003031133110
B0022473644950N11906725WA0139201390004003030134108
B0022483644947N11906721WA0139101389004003030132103
B0022493644944N11906717WA0138901387004003029129106
B0022503644942N11906713WA0138801385004003029128109
B0022513644939N11906709WA0138601384004003030130114
B0022523644936N11906704WA0138401382004003030132127
B0022533644933N11906701WA0138301381004003030137119
B0022543644929N11906698WA0138201379004003028146120
B0022553644926N11906696WA0138101378004003024161134
B0022563644923N11906695WA0137901377004003024172142
B0022573644919N11906695WA0137801375004003022172137
B0022583644916N11906694WA0137501372004003022159130
B0022593644913N11906691WA0137301369004003022143123
B0023003644911N11906688WA0137101366004003025133119
B0023013644908N11906684WA0136901365004003025128120
B0023023644906N11906681WA0136801364004003023130123
B0023033644904N11906678WA0136701363004003022134115
B0023043644902N11906676WA0136601362004003021140116
B0023053644899N11906673WA0136401359004003024143109
B0023063644896N11906670WA0136101357004003029142103
B0023073644893N11906667WA0136001355004003029132097
B0023083644890N11906662WA0135801354004003029119100
B0023093644889N11906658WA0135801354004003028113097
B0023103644888N11906654WA0135701354004003022115112
B0023113644886N11906650WA0135701353004003022118115
B0023123644884N11906647WA0135601351004003022116129
B0023133644883N11906643WA0135401350004003023116121
B0023143644881N11906639WA0135301349004003024125137
B0023153644879N11906636WA0135201348004003023132133
B0023163644877N11906633WA0135101347004003023133142
B0023173644874N11906630WA0135001346004003021132131
B0023183644872N11906627WA0134801344004003021134146
B0023193644869N11906624WA0134701342004003023141149
B0023203644866N11906622WA0134501340004003022153134
B0023213644864N11906621WA0134401339004003022161135
B0023223644861N11906619WA0134301337004003020153144
B0023233644859N11906617WA0134001335004003018142136
B0023243644856N11906615WA0133801333004003018137145
B0023253644854N11906612WA0133601330004003023136153
B0023263644851N11906609WA0133401328004003023140148
B0023273644849N11906607WA0133301327004003023148143
B0023283644846N11906605WA0133101325004003022159141
B0023293644843N11906604WA0132901323004003020170153
B0023303644840N11906604WA0132701320004003020178135
B0023313644837N11906604WA0132401318004003024173141
B0023323644832N11906603WA0132201315004003024162142
B0023333644828N11906600WA0131901313004003030155142
B0023343644823N11906598WA0131801312004003033156164
B0023353644819N11906596WA0131801312004003031163160
B0023363644815N11906595WA0131701311004003031171169
B0023373644811N11906594WA0131701311004003028174167
B0023383644807N11906594WA0131601309004003025174162
B0023393644804N11906593WA0131501308004003024174165
B0023403644800N11906593WA0131301307004003025173158
B0023413644796N11906592WA0131201305004003026170153
B0023423644793N11906591WA0131201305004003025165167
B0023433644789N11906590WA0131301306004003025155164
B0023443644787N11906588WA0131401307004003020146164
B0023453644785N11906586WA0131401308004003015152171
B0023463644783N11906586WA0131401308004003016169162
B0023473644780N11906585WA0131401307004003016175154
B0023483644774N11906584WA0131501308004003020167159
B0023493644771N11906584WA0131501308004003021176140
B0023503644768N11906584WA0131401307004003024184152
B0023513644764N11906584WA0131301306004003024185156
B0023523644760N11906585WA0131201305004003026180152
B0023533644756N11906584WA0131101304004003026176150
B0023543644753N11906584WA0131001303004003024173151
B0023553644749N11906583WA0130901302004003024163156
B0023563644746N11906581WA0130801301004003024157151
B0023573644742N11906580WA0130701300004003024162151
B0023583644739N11906579WA0130601299004003025168156
B0023593644735N11906578WA0130501298004003026167148
B0024003644731N11906577WA0130401296004003026162151
B0024013644727N11906575WA0130301295004003026158155
B0024023644724N11906573WA0130301295004003026158156
B0024033644721N11906572WA0130201296004003025161158
B0024043644718N11906570WA0130201295004003021166154
B0024063644714N11906570WA0130101293004003023169151
B0024073644711N11906569WA0129901291004003023169156
B0024083644707N11906568WA0129801290004003025164156
B0024093644703N11906566WA0129701289004003025157148
B0024103644701N11906564WA0129601289004003025150155
B0024113644698N11906562WA0129601288004003021144141
B0024123644696N11906560WA0129501287004003021146149
B0024133644693N11906558WA0129401286004003021148151
B0024143644690N11906556WA0129401286004003023152141
B0024153644687N11906554WA0129401286004003024156155
B0024163644683N11906552WA0129401286004003024157163
B0024173644680N11906551WA0129401286004003024159160
B0024183644677N11906550WA0129301285004003023166150
B0024193644674N11906549WA0129201284004003019171158
B0024203644671N11906549WA0129001282004003021172153
B0024213644667N11906548WA0128801279004003021172152
B0024223644664N11906548WA0128501276004003023174158
B0024233644660N11906547WA0128301274004003023175163
B0024243644657N11906547WA0128001271004003023173156
B0024253644653N11906546WA0127801268004003025173166
B0024263644649N11906546WA0127501266004003025174167
B0024273644645N11906545WA0127401264004003026174168
B0024283644642N11906545WA0127201262004003026172169
B0024293644638N11906544WA0127001261004003026169161
B0024303644634N11906543WA0127001260004003026168165
B0024313644631N11906542WA0126901259004003024167157
B0024323644628N11906541WA0126701257004003022165154
B0024333644625N11906540WA0126501255004003022162158
B0024343644621N11906539WA0126301252004003025162162
B0024353644618N11906537WA0126101250004003026159163
B0024363644614N11906536WA0125901249004003025158159
B0024373644611N11906534WA0125801248004003025160163
B0024383644608N11906533WA0125701247004003022163162
B0024393644605N11906532WA0125601244004003019163152
B0024403644602N11906531WA0125201241004003019162162
B0024413644599N11906530WA0125001238004003019163148
B0024423644596N11906528WA0124701235004003022163160
B0024433644592N11906527WA0124501232004003025163163
B0024443644588N11906526WA0124301232004003025166168
B0024453644584N11906525WA0124101231004003025167168
B0024463644581N11906524WA0123901228004003025167174
B0024473644577N11906523WA0123801227004003025168160
B0024483644574N11906522WA0123601225004003025168172
B0024493644570N11906521WA0123501225004003030165175
B0024503644565N11906519WA0123301223004003035164166
B0024513644559N11906517WA0123201223004003035166156
B0024523644555N11906516WA0123201223004003035170163
B0024533644550N11906515WA0123301223004003031170146
B0024543644546N11906514WA0123301224004003026166145
B0024553644543N11906513WA0123301224004003026165160
B0024563644540N11906512WA0123301223004003023169146
B0024573644537N11906512WA0123201222004003021173152
B0024583644533N11906511WA0123001219004003021170149
B0024593644530N11906510WA0122701216004003025162147
B0025003644526N11906508WA0122501213004003026154151
B0025013644523N11906506WA0122301212004003025147156
B0025023644520N11906503WA0122301211004003025147158
B0025033644517N11906501WA0122101210004003023150160
B0025043644514N11906500WA0122001208004003020155142
B0025053644512N11906498WA0121801205004003020156138
B0025063644509N11906496WA0121601203004003020149155
B0025073644506N11906494WA0121401201004003022145135
B0025083644503N11906492WA0121201199004003023150156
B0025093644499N11906490WA0121001197004003025157171
B0025103644496N11906488WA0120801195004003025161160
B0025113644493N11906487WA0120601193004003023162159
B0025123644489N11906486WA0120301190004003023163170
B0025133644486N11906485WA0120201188004003025167164
B0025143644481N11906484WA0120001186004003027173163
B0025153644478N11906484WA0119801184004003027177151
B0025163644474N11906483WA0119601182004003025171160
B0025173644471N11906482WA0119401180004003024161153
B0025183644467N11906480WA0119101177004003024156153
B0025193644463N11906478WA0119001175004003028157155
B0025203644459N11906476WA0118801173004003029155156
B0025213644456N11906474WA0118601172004003028152158
B0025223644452N11906471WA0118501171004003027150150
B0025233644449N11906469WA0118401169004003026150155
B0025243644446N11906467WA0118301168004003026150153
B0025253644442N11906464WA0118101166004003026148157
B0025263644439N11906462WA0118001165004003026148155
B0025273644435N11906459WA0117901164004003027149160
B0025283644432N11906457WA0117901164004003027151163
B0025293644429N11906454WA0117801163004003023152144
B0025303644426N11906453WA0117701162004003023150149
B0025313644424N11906451WA0117601160004003020145138
B0025323644422N11906449WA0117201156004003016140147
B0025333644420N11906447WA0116901152004003016136151
B0025343644418N11906444WA0116501148004003025139152
B0025353644414N11906441WA0116101144004003029146161
B0025363644410N11906438WA0115901142004003028152164
B0025373644407N11906437WA0115701141004003028158161
B0025383644403N11906435WA0115601139004003026163151
B0025393644400N11906434WA0115401137004003022163150
B0025403644397N11906433WA0115201134004003022160148
B0025413644393N11906431WA0114901131004003022155145
B0025423644389N11906428WA0114701129004003027152145
B0025433644384N11906425WA0114501129004003035153162
B0025443644379N11906423WA0114401129004003034161150
B0025453644375N11906422WA0114401129004003034170157
B0025463644367N11906420WA0114401127004003024168156
B0025473644364N11906419WA0114301127004003024164165
B0025483644359N11906417WA0114301126004003033164164
B0025493644354N11906416WA0114201126004003034166157
B0025503644349N11906414WA0114301127004003033170168
B0025513644344N11906414WA0114401129004003033171161
B0025523644340N11906413WA0114501129004003031169183
B0025533644336N11906412WA0114501129004003027166165
B0025543644332N11906410WA0114501129004003029165175
B0025553644328N11906409WA0114501128004003029165153
B0025563644324N11906408WA0114401128004003029169156
B0025573644319N11906407WA0114301127004003030169158
B0025583644315N11906405WA0114201126004003032163155
B0025593644310N11906403WA0114201125004003033159157
B0026003644305N11906401WA0114201125004003032157162
B0026013644301N11906399WA0114101125004003032155150
B0026023644297N11906396WA0114001124004003030152147
B0026033644293N11906394WA0114001123004003030150149
B0026043644290N11906391WA0113901122004003030147143
B0026053644286N11906387WA0113801121004003030141146
B0026063644283N11906383WA0113701120004003030135139
B0026073644280N11906379WA0113601118004003030130150
B0026083644277N11906375WA0113401117004003031130153
B0026093644274N11906371WA0113301115004003031135157
B0026113644270N11906367WA0113201115004003031144151
B0026123644266N11906365WA0113101114004003030151158
B0026133644262N11906362WA0113101114004003028153153
B0026143644258N11906360WA0113101113004003030153150
B0026153644254N11906358WA0113101113004003030157147
B0026163644250N11906356WA0113101114004003030161151
B0026173644246N11906354WA0113101114004003028161152
B0026183644242N11906352WA0113101114004003028161165
B0026193644238N11906351WA0113201114004003030168163
B0026203644233N11906351WA0113201114004003030178170
B0026213644228N11906351WA0113201115004003031186153
B0026223644224N11906352WA0113201115004003031184143
B0026233644220N11906352WA0113101114004003026172133
B0026243644217N11906350WA0113001113004003026158134
B0026253644213N11906348WA0113001112004003026144130
B0026263644211N11906345WA0112901112004003025132130
B0026273644209N11906341WA0113001112004003024121122
B0026283644207N11906337WA0112901112004003023113121
B0026293644206N11906333WA0112901112004003023110118
B0026303644205N11906329WA0113001112004003023112119
B0026313644203N11906325WA0113101113004003023118119
B0026323644201N11906322WA0113101113004003022128115
B0026333644199N11906319WA0113101114004003019132131
B0026343644198N11906317WA0113201114004003019127127
B0026353644196N11906314WA0113201114004003019121129
B0026363644195N11906310WA0113201114004003019117119
B0026373644193N11906307WA0113101113004003020115129
B0026383644192N11906303WA0113101113004003025115123
B0026393644190N11906299WA0113001112004003025118134
B0026403644188N11906295WA0113001112004003025119141
B0026413644186N11906290WA0112901111004003025121138
B0026423644184N11906286WA0112801110004003026122141
B0026433644182N11906282WA0112701109004003030125146
B0026443644179N11906277WA0112601108004003030129141
B0026453644176N11906273WA0112601108004003030133152
B0026463644173N11906270WA0112601108004003027139159
B0026473644170N11906268WA0112501106004003025144159
B0026483644167N11906265WA0112301104004003025152162
B0026493644163N11906263WA0112201102004003028157165
B0026503644159N11906262WA0111901100004003028162165
B0026513644155N11906260WA0111801098004003028169170
B0026523644151N11906260WA0111601097004003028176169
B0026533644148N11906260WA0111501095004003023181171
B0026543644144N11906260WA0111301093004003023183170
B0026553644141N11906261WA0111201092004003023191172
B0026563644138N11906263WA0111001090004003023207177
B0026573644135N11906266WA0110801089004003023223188
B0026583644132N11906270WA0110701087004003030235200
B0026593644130N11906275WA0110501085004003033241217
B0027003644128N11906281WA0110401084004003033249224
B0027013644127N11906287WA0110201083004003034258232
B0027023644126N11906294WA0110101081004003034261242
B0027033644125N11906300WA0110001080004003034251235
B0027043644122N11906305WA0109801078005003034235216
B0027053644119N11906308WA0109701077004003032215201
B0027063644115N11906310WA0109501075004003029190180
B0027073644111N11906309WA0109401074004003026172169
B0027083644108N11906308WA0109301073004003023165162
B0027093644105N11906307WA0109201072004003023157163
B0027103644101N11906304WA0109001070005003023151159
B0027113644098N11906302WA0108901069004003026150148
B0027123644094N11906299WA0108801068004003027143128
B0027133644092N11906295WA0108701067004003027123109
B0027143644091N11906290WA0108701066004003029098094
B0027153644091N11906284WA0108701066004003029082099
B0027163644092N11906279WA0108701067004003029075091
B0027173644093N11906274WA0108701067004003029073090
B0027183644095N11906269WA0108701067004003029066062
B0027193644097N11906264WA0108701067004003029054049
B0027203644100N11906260WA0108701066004003029042046
B0027213644104N11906257WA0108601065004003029034044
B0027223644107N11906254WA0108501065004003029034053
B0027233644111N11906250WA0108401063004003032040059
B0027243644115N11906246WA0108301062004003034045065
B0027253644118N11906241WA0108201062004003034043042
B0027263644122N11906238WA0108101061004003034036036
B0027273644126N11906234WA0108001060004003032031031
B0027283644130N11906232WA0107901058004003031028030
B0027293644134N11906229WA0107701055004003032024027
B0027303644139N11906227WA0107501053004003032015008
B0027313644144N11906226WA0107301051004003032006001
B0027323644149N11906226WA0107101049004003034002004
B0027333644155N11906226WA0107001048004003038003006
B0027343644161N11906225WA0106801046004003038008024
B0027353644166N11906223WA0106701045004003038014025
B0027363644172N11906221WA0106601045004003039015031
B0027373644178N11906219WA0106601044004003039012008
B0027383644183N11906219WA0106501044004003035003340
B0027393644188N11906219WA0106501043004003035347334
B0027403644193N11906222WA0106401042004003035334331
B0027413644197N11906225WA0106201040004003035330323
B0027423644202N11906228WA0106101039004003036333329
B0027433644207N11906231WA0106001038004003034336327
B0027443644215N11906236WA0105701035004003032334316
B0027453644219N11906239WA0105501033004003031327308
B0027463644223N11906242WA0105301030004003031319299
B0027473644227N11906247WA0105001027004003034311296
B0027483644230N11906252WA0104801025004003034306294
B0027493644233N11906257WA0104601022004003034303291
B0027503644235N11906263WA0104401020004003034299286
B0027513644237N11906269WA0104201018004003034294280
B0027523644239N11906275WA0103901015004003034287278
B0027533644240N11906281WA0103701013004003035280272
B0027543644241N11906288WA0103401011004003035273263
B0027553644240N11906294WA0103301009004003035265258
B0027563644240N11906301WA0103101006004003035257250
B0027573644238N11906306WA0102901005004003032248243
B0027583644236N11906311WA0102701003004003032237234
B0027593644233N11906316WA0102501003004003030222224
B0028003644230N11906318WA0102301001004003027210210
B0028013644227N11906319WA0102200999004003025199199
B0028023644223N11906320WA0102000997004003023190190
B0028033644220N11906321WA0101900995004003023185182
B0028043644216N11906321WA0101700993004003023188175
B0028053644213N11906322WA0101500991004003023193174
B0028063644208N11906324WA0101400990004003026193171
B0028073644204N11906324WA0101300989004003029187170
B0028083644200N11906324WA0101200988004003029175166
B0028093644196N11906323WA0101000987004003026162156
B0028103644193N11906321WA0100900985004003026151150
B0028113644189N11906318WA0100700983004003028147139
B0028123644185N11906315WA0100600982004003029145132
B0028133644182N11906312WA0100500981004003029137125
B0028143644180N11906308WA0100400980004003025120121
B0028153644179N11906304WA0100300978004003025107117
B0028173644178N11906299WA0100200976004003030103108
B0028183644177N11906293WA0100000974004003032102105
B0028193644176N11906287WA0099900974005003031094097
B0028203644176N11906282WA0099800973004003031079074
B0028213644178N11906277WA0099800972004003029061067
B0028223644181N11906272WA0099700971004003032048052
B0028233644185N11906268WA0099500970004003034037038
B0028243644190N11906265WA0099400969004003034027021
B0028253644195N11906262WA0099300967004003036015016
B0028263644201N11906261WA0099200966004003037004003
B0028273644206N11906262WA0099100965004003036359002
B0028283644211N11906262WA0099000964004003036356012
B0028293644217N11906263WA0098900962004003036353013
B0028303644222N11906263WA0098800960004003037354023
B0028313644228N11906263WA0098700960004003039008035
B0028323644234N11906260WA0098600959004003038029052
B0028333644237N11906255WA0098500958004003038051064
B0028343644240N11906249WA0098500958004003036065073
B0028353644242N11906243WA0098500958004003035068083
B0028363644243N11906238WA0098400957004003032067083
B0028373644245N11906232WA0098300956004003031069083
B0028383644246N11906227WA0098200955004003032075084
B0028393644247N11906221WA0098100954004003032084089
B0028403644247N11906215WA0098100953004003032091096
B0028413644247N11906209WA0098000953004003031095102
B0028423644246N11906204WA0098000953004003026097105
B0028433644245N11906200WA0098000952004003026100108
B0028443644245N11906195WA0097900952004003025105110
B0028453644243N11906191WA0097800951004003025113115
B0028463644241N11906187WA0097700950004003025120121
B0028473644239N11906183WA0097700949004003024121127
B0028483644238N11906179WA0097700949004003024118129
B0028493644236N11906176WA0097500948004003022115128
B0028503644235N11906172WA0097400948004003022115129
B0028513644233N11906168WA0097200946004003023118134
B0028523644231N11906164WA0097100945004003027121140
B0028533644229N11906160WA0097100944004003027125144
B0028543644227N11906156WA0097000944004003027131150
B0028553644224N11906153WA0097000943004003025136143
B0028563644221N11906150WA0096900942004003023138149
B0028573644219N11906147WA0096700940004003022136149
B0028583644217N11906144WA0096500938004003023136149
B0028593644214N11906141WA0096300936004003023136146
B0029003644212N11906138WA0096200934004003023133132
B0029013644209N11906135WA0096100933004003024123116
B0029023644208N11906130WA0096000932004003027111109
B0029033644207N11906125WA0095900931004003028096088
B0029043644207N11906120WA0095800930004003028082075
B0029053644209N11906114WA0095600928004003029066063
B0029063644211N11906109WA0095500927004003032051049
B0029073644215N11906105WA0095400926004003034038038
B0029083644220N11906101WA0095300925004003034031041
B0029093644224N11906098WA0095200924004003034029040
B0029103644229N11906095WA0095100923004003036025041
B0029113644235N11906092WA0095100922004003038020024
B0029123644240N11906090WA0095000922004003037017016
B0029133644245N11906089WA0094900921004003038011359
B0029143644251N11906088WA0094800920004003038003349
B0029153644257N11906088WA0094700918004003039357344
B0029163644264N11906089WA0094600917004003041351339
B0029173644270N11906091WA0094400916004003041347337
B0029183644275N11906092WA0094300915004003041345343
B0029193644281N11906094WA0094200913004003039344324
B0029203644286N11906096WA0094100912004003037342321
B0029213644291N11906099WA0093900909004003037338311
B0029223644297N11906102WA0093700907004003040329302
B0029233644301N11906107WA0093500905004003040318291
B0029243644305N11906112WA0093400904004003039304283
B0029253644307N11906117WA0093200903004003035284273
B0029263644307N11906123WA0093000901004003032270256
B0029273644307N11906129WA0092800899004003028254244
B0029283644305N11906133WA0092700897004003028234229
B0029293644302N11906135WA0092500896004003024208213
B0029303644298N11906136WA0092300894004003024185193
B0029313644295N11906136WA0092200892004003024169173
B0029323644291N11906134WA0092100892004003024152162
B0029333644289N11906131WA0092100891004003024139157
B0029343644286N11906129WA0092000890004003022136156
B0029353644284N11906126WA0091900889004003022138149
B0029363644281N11906123WA0091700887004003022138150
B0029373644279N11906120WA0091700885005003026134148
B0029383644276N11906116WA0091600884004003026130145
B0029393644274N11906113WA0091400884004003026131152
B0029403644271N11906110WA0091300883004003024135157
B0029413644269N11906107WA0091200881004003023139153
B0029423644263N11906101WA0090900879004003025137133
B0029433644261N11906098WA0090800878004003024133129
B0029443644259N11906095WA0090800877004003024126135
B0029453644257N11906091WA0090700876004003022122141
B0029463644255N11906088WA0090500874004003024121139
B0029473644253N11906084WA0090400872004003025122139
B0029483644251N11906080WA0090300870004003025123146
B0029493644249N11906076WA0090100869004003025126153
B0029503644247N11906073WA0089900868004003024129152
B0029513644244N11906069WA0089800866004003024133151
B0029523644242N11906066WA0089700864004003024137158
B0029533644239N11906064WA0089500863004003024144166
B0029543644236N11906061WA0089400862004003024144158
B0029553644233N11906059WA0089300861004003023143174
B0029563644231N11906056WA0089200860004003022147177
B0029573644228N11906055WA0089100859004003022160188
B0029583644225N11906054WA0089000857004003021178188
B0029593644222N11906055WA0088900857004003021192195
B0030003644219N11906056WA0088800857004003021194201
B0030013644216N11906057WA0088700856004003016199194
B0030023644214N11906058WA0088600854004003016220209
B0030033644213N11906061WA0088400852004003016242223
B0030043644212N11906065WA0088100849004003019263240
B0030053644212N11906071WA0087900846004003026279260
B0030063644214N11906077WA0087800845004003036295275
B0030073644217N11906083WA0087700844004003036308286
B0030083644221N11906087WA0087600844004003034317287
B0030093644225N11906091WA0087600843004003032322298
B0030103644229N11906094WA0087500842004003032330326
B0030113644234N11906097WA0087400841004003036341341
B0030123644239N11906098WA0087300840004003039351346
B0030133644245N11906099WA0087200839004003038356341
B0030143644251N11906099WA0087100838004003038358350
B0030153644256N11906099WA0087000838004003037000355
B0030163644262N11906098WA0086900837004003037004002
B0030173644267N11906097WA0086800835004003037007003
B0030183644273N11906096WA0086700834004003037009352
B0030193644279N11906095WA0086600832004003038008349
B0030203644285N11906094WA0086400831004003040005347
B0030213644291N11906094WA0086400830004003040000343
B0030233644297N11906094WA0086300829004003040354333
B0030243644302N11906096WA0086200828004003038348332
B0030253644308N11906098WA0086100827004003038343323
B0030263644313N11906100WA0086000826004003037336319
B0030273644318N11906103WA0085800825004003037328310
B0030283644322N11906107WA0085700823004003035319308
B0030293644325N11906111WA0085600821004003033310299
B0030303644328N11906116WA0085400820004003030302290
B0030313644330N11906121WA0085300818005003030295276
B0030323644331N11906126WA0085100817004003029289271
B0030333644332N11906131WA0085000816004003027281262
B0030343644332N11906135WA0084900815004003026271252
B0030353644332N11906139WA0084800813004003024265239
B0030363644332N11906144WA0084600811004003025257229
B0030373644331N11906148WA0084500810004003024246223
B0030383644329N11906151WA0084500810005003021227208
B0030393644327N11906152WA0084400809004003018210194
B0030403644325N11906153WA0084300808004003014191182
B0030413644323N11906153WA0084200807004003016170172
B0030423644320N11906152WA0084100806004003016156165
B0030433644317N11906150WA0084000804004003019148158
B0030443644314N11906148WA0083900803004003022140162
B0030453644312N11906144WA0083800803004003025135151
B0030463644309N11906141WA0083700802004003025131157
B0030473644307N11906138WA0083700802004003023129154
B0030483644305N11906135WA0083600800004003021128155
B0030493644304N11906132WA0083500799004003020128154
B0030503644302N11906129WA0083300797004003021131156
B0030513644299N11906126WA0083200796004003021134156
B0030523644297N11906124WA0083000794004003019135156
B0030533644295N11906122WA0082900792004003019136151
B0030543644293N11906119WA0082700791004003019136155
B0030553644291N11906116WA0082600789004003021138159
B0030563644289N11906114WA0082400788004003021141165
B0030573644286N11906112WA0082400787004003021143169
B0030583644284N11906109WA0082300787004003021141164
B0030593644281N11906107WA0082200786004003021140168
B0031003644279N11906105WA0082200786004003019143172
B0031013644277N11906103WA0082100785004003019144172
B0031023644275N11906101WA0082000784004003017146173
B0031033644272N11906099WA0081900782004003017148174
B0031043644270N11906097WA0081800781004003018151179
B0031053644267N11906096WA0081700780004003020153179
B0031063644265N11906094WA0081600779004003020156185
B0031073644262N11906093WA0081500778004003017162184
B0031083644260N11906093WA0081400777004003016167185
B0031093644258N11906092WA0081300776004003015169182
B0031103644256N11906091WA0081200775004003016168181
B0031113644253N11906091WA0081100774004003016165180
B0031123644251N11906090WA0081000773004003016161177
B0031133644249N11906089WA0080900772004003016160192
B0031143644247N11906088WA0080800770004003016167201
B0031153644244N11906088WA0080700769004003015183209
B0031163644242N11906089WA0080600767004003015211216
B0031173644241N11906091WA0080400766004003015246227
B0031183644240N11906094WA0080300766004003015274242
B0031193644241N11906097WA0080100764004003018291257
B0031203644243N11906101WA0080000763004003025309273
B0031213644247N11906104WA0079800761004003029323299
B0031223644251N11906107WA0079700760004003029334314
B0031233644255N11906109WA0079600759004003032341318
B0031243644260N11906111WA0079500757004003033346317
B0031253644265N11906112WA0079300756004003034348319
B0031263644270N11906114WA0079200754004003034346322
B0031273644275N11906116WA0079000752004003034342322
B0031283644280N11906118WA0078900751004003034339322
B0031293644284N11906120WA0078800750004003033338323
B0031303644289N11906122WA0078600749004003032337324
B0031313644293N11906125WA0078500747004003032336323
B0031323644297N11906127WA0078400746004003032334322
B0031333644301N11906130WA0078400746004003031331321
B0031343644305N11906132WA0078300745004003029326318
B0031353644308N11906135WA0078200744004003023316310
B0031363644310N11906138WA0078100742004003023304294
B0031373644311N11906142WA0077900742004003022285280
B0031383644311N11906147WA0077600741004003016226232
B0031393644308N11906148WA0077400739004003015193205
B0031403644306N11906148WA0077300737004003017178186
B0031413644303N11906148WA0077200735004003017174177
B0031423644301N11906148WA0077200735004003017167170
B0031433644299N11906146WA0077100734004003015148156
B0031443644297N11906144WA0077000732004003019136150
B0031453644295N11906141WA0076900731004003022131155
B0031463644293N11906138WA0076800730004003022127163
B0031473644291N11906135WA0076700729004003022128165
B0031483644289N11906132WA0076600727004003020135160
B0031493644287N11906130WA0076500726004003017142161
B0031503644285N11906129WA0076400725004003017151165
B0031513644282N11906128WA0076200723004003016160175
B0031523644280N11906127WA0076200722004003015166176
B0031533644278N11906127WA0076000721004003014168178
B0031543644276N11906126WA0075900719004003015168179
B0031553644274N11906125WA0075800718004003017165178
B0031563644271N11906124WA0075700717004003017162173
B0031573644269N11906123WA0075600716004003017153166
B0031583644267N11906122WA0075500715004003016147176
B0031593644265N11906120WA0075400714004003016146184
B0032003644262N11906118WA0075300712004003016156186
B0032013644260N11906118WA0075100711004003016172187
B0032023644258N11906118WA0075000709004003016185198
B0032033644256N11906119WA0074900707004003014197205
B0032043644254N11906120WA0074700706004003013219215
B0032053644253N11906122WA0074500704004003015244227
B0032063644253N11906125WA0074300702004003015265240
B0032073644253N11906129WA0074200700004003018282244
B0032083644255N11906132WA0074000699004003020297249
B0032093644256N11906136WA0073900698004003023307247
B0032103644258N11906139WA0073700698004003023306255
B0032113644261N11906143WA0073600697004003023303262
B0032123644262N11906146WA0073500695004003022300258
B0032133644264N11906149WA0073300693004003021298258
B0032143644265N11906152WA0073200692004003014289251
B0032153644265N11906154WA0073000690004003014257239
B0032163644264N11906156WA0072900687004003012228218
B0032173644262N11906158WA0072700687004003012219201
B0032183644261N11906160WA0072500685004003015219204
B0032193644259N11906161WA0072500684004003013214207
B0032203644257N11906162WA0072300682004003014210214
B0032213644255N11906164WA0072100681004003014216197
B0032223644253N11906166WA0071900679004003017225210
B0032233644251N11906169WA0071700677004003018224204
B0032243644249N11906171WA0071600675004003018221209
B0032253644247N11906173WA0071500675004003021216210
B0032263644245N11906175WA0071400674004003020215207
B0032273644242N11906178WA0071300673004003020217213
B0032293644240N11906180WA0071300672004003018219204
B0032303644238N11906182WA0071200672004003018221201
B0032313644236N11906184WA0071100671004003018216197
B0032323644234N11906186WA0071100670004003018211192
B0032333644232N11906187WA0071100669004003015208196
B0032343644230N11906188WA0071000669004003015201188
B0032353644228N11906189WA0070900667004003013197188
B0032363644226N11906190WA0070800666004003013201197
B0032373644224N11906192WA0070600663004003018214199
B0032383644222N11906194WA0070500663004003021223199
B0032393644219N11906197WA0070300662004003021223210
B0032403644216N11906200WA0070200661004003025217209
B0032413644213N11906203WA0070200661004003020220205
B0032423644211N11906205WA0070200660004003020235206
B0032433644210N11906207WA0070100658004003015235216
B0032443644209N11906210WA0070000656004003015231209
B0032453644207N11906213WA0069800655004003022228207
B0032463644204N11906216WA0069600653004003022228209
B0032473644202N11906219WA0069600652004003022225217
B0032483644200N11906222WA0069500652004003021223220
B0032493644198N11906224WA0069500651004003021224217
B0032503644196N11906227WA0069500651004003019227217
B0032513644194N11906229WA0069500651004003019228214
B0032523644192N11906232WA0069400651004003018231214
B0032533644191N11906234WA0069400650004003017233216
B0032543644189N11906237WA0069300649004003017241212
B0032553644188N11906240WA0069100648004003020240217
B0032563644186N11906244WA0068900645004003024233215
B0032573644184N11906248WA0068600643004003024232217
B0032583644182N11906252WA0068500642004003027237214
B0032593644180N11906256WA0068400642004003027238220
B0033003644178N11906259WA0068300641004003019239208
B0033013644177N11906262WA0068200640004003019240207
B0033023644175N11906265WA0068100638004003019235212
B0033033644173N11906268WA0067900635004003020233211
B0033043644171N11906273WA0067600633004003024237223
B0033053644169N11906278WA0067400632004003029243231
B0033063644167N11906282WA0067400632004003029247227
B0033073644166N11906286WA0067400631004003026247228
B0033083644165N11906290WA0067400630004003022244229
B0033093644164N11906293WA0067300629004003020247231
B0033103644163N11906296WA0067200629004003015255248
B0033113644162N11906298WA0067200629004003015267247
B0033123644162N11906300WA0067200629004003012254236
B0033133644161N11906302WA0067200628004003012241237
B0033143644160N11906304WA0067200628004003014242232
B0033153644160N11906306WA0067200628004003012249245
B0033163644159N11906308WA0067200628004003014250245
B0033173644158N11906311WA0067200627004003014252243
B0033183644158N11906314WA0067200627004003014252244
B0033193644157N11906316WA0067200627004003013250244
B0033203644156N11906319WA0067200627004003015254239
B0033213644156N11906321WA0067200627004003015253247
B0033223644155N11906323WA0067200627004003015262264
B0033233644155N11906325WA0067200627004003013274267
B0033243644156N11906328WA0067200627004003011278258
B0033253644156N11906330WA0067200627004003010266258
B0033263644155N11906331WA0067200627004003010258253
B0033273644155N11906332WA0067200627004003009260243
B0033283644155N11906333WA0067300627004003006252260
B0033293644155N11906334WA0067300627004003005224251
B0033303644155N11906334WA0067300627004003001224243
B0033313644155N11906334WA0067300627004003000224241
B0033323644155N11906334WA0067300627004003001224221
B0033333644155N11906334WA0067300627004003000224231
B0033343644155N11906334WA0067300627004003000224237
B0033353644155N11906334WA0067200627004003000224225
B0033363644155N11906334WA0067300627004003000224222
B0033373644155N11906334WA0067300627004003001224216
B0033383644155N11906334WA0067300627004003000224222
B0033393644155N11906334WA0067200627004003000224220
B0033403644155N11906334WA0067200627004003000224221
B0033413644155N11906334WA0067200627004003000224217
B0033423644155N11906334WA0067300627004003001224218
B0033433644155N11906334WA0067300628004003000224216
B0033443644155N11906334WA0067300628004003000224215
B0033453644155N11906334WA0067300628004003000224215
B0033463644155N11906334WA0067200628004003000224214
B0033473644155N11906334WA0067200628004003000224214
B0033483644155N11906334WA0067200628004003000224213
B0033493644155N11906334WA0067200628004003000224212
B0033503644155N11906334WA0067200628004003000224213
B0033513644155N11906334WA0067200628004003000224213
B0033523644155N11906334WA0067200627004003000224212
B0033533644155N11906334WA0067200627004003000224212
B0033543644155N11906334WA0067200627004003000224211
B0033553644155N11906334WA0067200627004003000224211
B0033563644155N11906334WA0067200627004003000224211
B0033573644155N11906334WA0067200627004003000224211
GmhK9CaFgBsd0HnwCOxR3X20yK4cemI1iZPjqOTcmNvhz0AumMj8e9dDYUztQe5SR
GbEvsSLS819jKEO+o+BJxTT2QkpI8wkOfoQDmPzkw0SAFd4yCE27VLaB6VC95bOkH
GAglvrh1cBZbOgTsG90E7s5iPMKHU0Ic/C3aoZ8jIJ4M=
