AXFH000
HFDTE040926
HFPLTPILOT:KaranS
HFGTYGLIDERTYPE:Niviuk Hiko P
HFDTM100GPSDATUM:WGS84
HFRFWFIRMWAREVERSION:9.7.1
HFRHWHARDWAREVERSION:iPhone 17 Pro
HFFTYFRTYPE:Flyskyhy,9.7.1
HFGPS:Internal
HFPRSVARIO:XC Tracer
HFCCLCOMPETITIONCLASS:Paraglider,EN-B
HFTZNTIMEZONE:-7
HFSITSITE:Mission Ridge (Fremont- San Jose),US
I053638FXA3941VXA4244GSP4547CCO4850HDT
C040926191407040926000106TASK
C0000000N00000000ETAKEOFF
C3646164N11906086W00000000000400000000360000STARTAREA DNLNCH
C3646886N11907285W00000000000400000000360000TURNAREA 49917
C3644816N11904600W00000000000400000000360000TURNAREA SONTAG
C3647347N11907139W00000000001000000000360000TURNAREA DELILA
C3644411N11907767W00000000001200000000360000TURNAREA TURKEY
C3646164N11906086W00000000000400000000360000TURNAREA DNLNCH
C3642989N11908259W00000000001200000000360000TURNAREA AIRSTR
C3644153N11906287W00000000000400000000360000FINISHAREA DNLPLZ
C0000000N00000000ELANDING
B1914353731045N12153519WA0058100581002003000347288
B1914363731045N12153519WA0058100581002003000347286
B1914373731045N12153519WA0058100581002003000347286
B1914383731045N12153519WA0058100581002003000347290
B1914393731045N12153519WA0058100581002003000347315
B1914403731045N12153519WA0058100581002003001347009
B1914413731045N12153519WA0058100581001003001228013
B1914423731046N12153519WA0058100581001003002011010
B1914433731046N12153518WA0058100581002003003028021
B1914443731047N12153518WA0058100581003003005029279
B1914453731048N12153517WA0058100581003003005046140
B1914463731048N12153517WA0058100581003003004358162
B1914473731048N12153517WA0058100581003003004266196
B1914483731048N12153518WA0058100582003003004237184
B1914493731047N12153519WA0058000583002003005236175
B1914503731047N12153520WA0058000583002003005253213
B1914513731047N12153521WA0058000582002003005249195
B1914523731046N12153522WA0058000582002003005220222
B1914533731045N12153522WA0057900581002003006199214
B1914543731044N12153523WA0057900581002003006202193
B1914553731043N12153524WA0057900580002003007220197
B1914563731042N12153525WA0057900580003003007221257
B1914573731040N12153526WA0058100580003003007212233
B1914583731039N12153526WA0058200581003003007185280
B1914593731037N12153527WA0058200581002003008193291
B1915003731036N12153529WA0058100580002003009235310
B1915013731037N12153532WA0058000580002003009271299
B1915023731037N12153535WA0058000580002003011284298
B1915033731037N12153539WA0058100581002003013276268
B1915043731037N12153542WA0058200582002003013256262
B1915053731036N12153545WA0058300583002003013251306
B1915063731036N12153548WA0058400584002003013270301
B1915073731037N12153552WA0058500586002003013294318
B1915083731040N12153555WA0058700587002003017308291
B1915093731042N12153558WA0058800588001003017317301
B1915103731045N12153561WA0058800588002003017319294
B1915113731047N12153564WA0058700588002003018313290
B1915123731049N12153567WA0058700587002003018304291
B1915133731051N12153572WA0058800588004003024294293
B1915143731052N12153575WA0058900590004003024297279
B1915153731054N12153578WA0059000591004003018300293
B1915163731055N12153580WA0059000591004003016296302
B1915173731056N12153584WA0059100591004003016287300
B1915183731057N12153588WA0059300593004003020287275
B1915193731058N12153591WA0059500596004003020299313
B1915203731059N12153593WA0059800599004003017314323
B1915213731060N12153594WA0060100601004003012324312
B1915223731060N12153595WA0060200603004003007305301
B1915233731061N12153596WA0060400604004003011284307
B1915243731061N12153599WA0060500605004003015280300
B1915253731062N12153602WA0060700608004003014284308
B1915263731062N12153604WA0061000612004003014294290
B1915273731063N12153605WA0061300616004003010317309
B1915283731064N12153606WA0061600618004003008328304
B1915293731065N12153607WA0061900620004003010316319
B1915303731066N12153608WA0062100621004003010301306
B1915313731067N12153610WA0062300622004003011293303
B1915323731068N12153612WA0062500625004003011297283
B1915333731068N12153614WA0062800628004003012299281
B1915343731069N12153616WA0063000631004003012300291
B1915353731070N12153617WA0063300633004003011299280
B1915363731071N12153619WA0063500635004003011298294
B1915373731072N12153622WA0063600636004003013302274
B1915383731073N12153623WA0063800638004003014309263
B1915393731074N12153625WA0064000640004003014300268
B1915403731074N12153627WA0064100642004003010274265
B1915413731074N12153628WA0064300643004003009263260
B1915423731074N12153630WA0064400645004003008266261
B1915433731074N12153631WA0064600647004003006279262
B1915443731074N12153632WA0064800649004003006279264
B1915453731074N12153632WA0065000651004003005279253
B1915463731074N12153633WA0065100652004003005206261
B1915473731073N12153634WA0065200653004003005222240
B1915483731071N12153636WA0065200654004003013241262
B1915493731071N12153638WA0065400656004003013252256
B1915503731070N12153640WA0065700659004003012245256
B1915513731070N12153641WA0066000662004003008239245
B1915523731069N12153642WA0066300664004003007251263
B1915533731069N12153643WA0066400665004003008253263
B1915543731069N12153645WA0066500667004003008252265
B1915553731068N12153646WA0066600668004003008243253
B1915563731068N12153647WA0066700668004003007241263
B1915573731067N12153648WA0066700668004003006244259
B1915583731067N12153649WA0066600667004003004259266
B1915593731067N12153650WA0066400665004003005266271
B1916003731067N12153651WA0066200662004003005262262
B1916013731067N12153652WA0066000663004003007244239
B1916023731066N12153653WA0065800661004003007235239
B1916033731066N12153654WA0065600660004003006220252
B1916043731065N12153655WA0065500658004003006237271
B1916053731065N12153655WA0065400656004003004271263
B1916063731066N12153656WA0065200654004003004282260
B1916073731066N12153658WA0064900652004003006287246
B1916083731067N12153660WA0064700650004003010286239
B1916093731067N12153662WA0064500649005003010249231
B1916103731065N12153662WA0064400647004003010195219
B1916113731063N12153662WA0064200645004003011173212
B1916123731059N12153661WA0064000643004003018163200
B1916133731056N12153660WA0063800641004003025156192
B1916143731052N12153657WA0063600639005003027150175
B1916153731048N12153654WA0063400637004003027148181
B1916163731044N12153651WA0063300635004003031146178
B1916173731040N12153647WA0063100635004003035144188
B1916183731035N12153643WA0063000635004003035143188
B1916193731031N12153639WA0062900634004003034142177
B1916203731028N12153636WA0062700633004003032142175
B1916213731024N12153632WA0062500633005003032143169
B1916223731020N12153628WA0062400633004003036141183
B1916233731015N12153623WA0062300633004004039139176
B1916243731010N12153618WA0062400632004004039138173
B1916253731006N12153613WA0062500632004003039138173
B1916263731002N12153608WA0062600631004003039133182
B1916273730999N12153603WA0062600630004003037129169
B1916283730995N12153597WA0062600630004003037131166
B1916293730991N12153593WA0062500628004003035140168
B1916303730987N12153590WA0062500628004003035145173
B1916313730982N12153586WA0062500629004003036147176
B1916323730977N12153582WA0062600629004003035146175
B1916333730973N12153579WA0062700629004003035146174
B1916343730969N12153575WA0062800629004003034146172
B1916353730965N12153572WA0062900630004003033145174
B1916363730961N12153568WA0063100632004003032152176
B1916373730958N12153567WA0063200634004003023165183
B1916383730955N12153567WA0063400635004003023194203
B1916393730954N12153569WA0063500636004003015253222
B1916403730955N12153571WA0063700638004003012307260
B1916413730957N12153572WA0063900641004003012348286
B1916423730961N12153571WA0064100643004003024011305
B1916433730965N12153570WA0064200643004003032028344
B1916443730969N12153566WA0064300644004003032032359
B1916453730973N12153563WA0064500646004003032029350
B1916463730977N12153561WA0064700648004003031020341
B1916473730979N12153560WA0064800649004003017002332
B1916483730981N12153561WA0064900650004003017335308
B1916493730982N12153562WA0065000651004003012309297
B1916503730982N12153563WA0065100652004003008282280
B1916513730982N12153565WA0065200654004003008257270
B1916523730982N12153566WA0065300655004003010239261
B1916533730981N12153568WA0065500656004003011229262
B1916543730979N12153569WA0065600658004003011221257
B1916553730978N12153571WA0065700659004003012216257
B1916563730976N12153572WA0065800660004003013213267
B1916573730974N12153574WA0065900660004003016213266
B1916583730972N12153576WA0065900661004003017223260
B1916593730971N12153579WA0066000662004003017237263
B1917003730969N12153582WA0066100664004003018240255
B1917013730968N12153584WA0066300666004003018235225
B1917023730966N12153587WA0066500668004003016224231
B1917033730964N12153589WA0066700670004003019210232
B1917043730961N12153590WA0066900672004003019198237
B1917053730958N12153591WA0067100674004003022191231
B1917063730954N12153592WA0067300676004003024192223
B1917073730951N12153594WA0067500678004003024205229
B1917083730948N12153596WA0067700680004003024218238
B1917093730946N12153599WA0068000683004003023223229
B1917103730943N12153601WA0068400687004003022217223
B1917113730941N12153604WA0068800687004003020210238
B1917123730939N12153605WA0069000690004003017216250
B1917133730937N12153608WA0069200692004003017234252
B1917143730936N12153611WA0069500695004003017242251
B1917153730935N12153613WA0069800699004003017238223
B1917163730933N12153616WA0070100702004003015226228
B1917173730931N12153617WA0070400706004003015211226
B1917183730929N12153618WA0070800709004003015198229
B1917193730926N12153619WA0071000711004003016195231
B1917203730924N12153620WA0071300714004003018196235
B1917213730921N12153621WA0071500716004003018194239
B1917223730919N12153622WA0071700719004003018196224
B1917233730916N12153623WA0072000722004003018195226
B1917243730913N12153624WA0072200724004003019190217
B1917253730910N12153624WA0072500727004003020184204
B1917263730906N12153624WA0072700729004003024174192
B1917273730903N12153622WA0072900732004003028158182
B1917283730899N12153619WA0073200735004003028145164
B1917293730895N12153616WA0073600739004003031137187
B1917303730892N12153612WA0074000743005003031133194
B1917313730890N12153608WA0074300746004003023131180
B1917323730888N12153605WA0074600749004003024133186
B1917333730885N12153602WA0074800751004003024136189
B1917343730882N12153598WA0075000753004003025137193
B1917353730879N12153595WA0075200754004003025139200
B1917363730876N12153593WA0075300756004003024143203
B1917373730873N12153590WA0075400757004003024150204
B1917383730870N12153588WA0075500759004003024157202
B1917393730867N12153587WA0075800762004003024165215
B1917403730864N12153587WA0076100764004003021170214
B1917413730862N12153586WA0076300767004003012166224
B1917423730861N12153585WA0076500768004003012157216
B1917433730859N12153584WA0076500768004003012158208
B1917443730856N12153583WA0076400767004003015161209
B1917453730853N12153582WA0076400767004003020162206
B1917463730849N12153581WA0076400768004003023161209
B1917473730846N12153579WA0076500768004003023159211
B1917483730843N12153578WA0076500768004003022159222
B1917493730840N12153576WA0076500768004003022159223
B1917503730837N12153575WA0076600769004003021160220
B1917513730834N12153574WA0076600769004003022154218
B1917523730831N12153571WA0076700769004003023145204
B1917533730828N12153569WA0076700769004003023146207
B1917543730825N12153566WA0076600768004003024150207
B1917553730822N12153563WA0076400768004003024154204
B1917563730818N12153561WA0076300768004003025161204
B1917573730815N12153560WA0076200768004003025161202
B1917583730811N12153559WA0076200768005004025161209
B1917593730808N12153557WA0076300769006005025160208
B1918003730804N12153555WA0076300769007006025158220
B1918013730800N12153553WA0076300769008006026159209
B1918023730796N12153552WA0076200769008006027161210
B1918033730792N12153551WA0076100767008006026168200
B1918043730787N12153552WA0076000765004004025169214
B1918053730783N12153551WA0075800763004003025170214
B1918063730779N12153551WA0075600762004003025177228
B1918073730776N12153552WA0075500760004003025188228
B1918083730773N12153553WA0075400759004003023196231
B1918093730770N12153554WA0075300758004003021193229
B1918103730767N12153555WA0075200756004003019192235
B1918113730764N12153556WA0074900753004003021198242
B1918123730762N12153558WA0074800751004003023214260
B1918133730759N12153560WA0074700752004003021227272
B1918143730757N12153563WA0074700751004003020249279
B1918153730758N12153566WA0074700751004003015282285
B1918163730759N12153568WA0074600750004003015306293
B1918173730761N12153571WA0074500749004003019316302
B1918183730763N12153573WA0074400748004003019325309
B1918193730767N12153575WA0074300748004003022339316
B1918203730771N12153576WA0074300748004003026349325
B1918213730776N12153577WA0074300748004003031357334
B1918223730781N12153577WA0074300748004003033002340
B1918233730786N12153576WA0074300748004003033007345
B1918243730792N12153575WA0074300749004003035012347
B1918253730797N12153573WA0074400750004003037015355
B1918263730802N12153571WA0074600751004003036017000
B1918273730808N12153569WA0074700752004003036017007
B1918283730813N12153567WA0074800753004003036017007
B1918293730818N12153564WA0075000755004003037020009
B1918303730823N12153561WA0075100757004003037022009
B1918313730828N12153559WA0075300758004003036021004
B1918323730833N12153557WA0075400759004003036018356
B1918333730838N12153555WA0075500760004003035014353
B1918343730843N12153553WA0075600762004003035013354
B1918353730849N12153552WA0075800764004003036011346
B1918363730854N12153551WA0076100764004003033006346
B1918373730858N12153550WA0076400768004003033001333
B1918383730862N12153551WA0076700771004003028357308
B1918393730864N12153551WA0076900774004003022351301
B1918403730866N12153552WA0077200775004003017330294
B1918413730867N12153554WA0077200776004003011285282
B1918423730866N12153556WA0077300776004003015241257
B1918433730864N12153558WA0077300776004003015208238
B1918443730861N12153559WA0077400778004003019181208
B1918453730856N12153558WA0077600780004003025166192
B1918463730852N12153556WA0077800782004003033154165
B1918473730848N12153552WA0078000785004003034141158
B1918483730844N12153547WA0078200786004003034131149
B1918493730841N12153542WA0078300788004003036125153
B1918503730838N12153535WA0078400788004003038122152
B1918513730834N12153528WA0078600790004003042119139
B1918523730831N12153521WA0078800792004003042116153
B1918533730829N12153515WA0079000795004003042116152
B1918543730826N12153508WA0079200797004003039117153
B1918553730824N12153502WA0079400798004003038118153
B1918563730821N12153496WA0079500799004003040118154
B1918573730818N12153489WA0079600801004003040117164
B1918583730815N12153483WA0079800802004003039116160
B1918593730813N12153477WA0079900803004003036115158
B1919003730811N12153471WA0080000804004003034117150
B1919013730808N12153466WA0080000804004003033119145
B1919023730806N12153460WA0080100805004003034121149
B1919033730803N12153455WA0080100805004003034120152
B1919043730801N12153449WA0080100806004003034119155
B1919053730798N12153443WA0080100805004003035118157
B1919063730796N12153437WA0080000805004003036120164
B1919073730793N12153432WA0079900803004003036129171
B1919083730790N12153428WA0079700802004003033141178
B1919093730786N12153425WA0079500800004003030160195
B1919103730782N12153425WA0079200797004003028180209
B1919113730779N12153427WA0079000794004003021206223
B1919123730777N12153429WA0078800793004003021231241
B1919133730776N12153432WA0078600792004003019257251
B1919143730776N12153436WA0078500791004003017275263
B1919153730776N12153439WA0078400790004003017275267
B1919163730776N12153442WA0078300789004003016266270
B1919173730776N12153445WA0078200787004003018263267
B1919183730776N12153449WA0078100786004003018271277
B1919193730777N12153454WA0078000785004003022278278
B1919203730777N12153458WA0077900784004003021282273
B1919213730778N12153462WA0077900784004003021280263
B1919223730778N12153465WA0077900783004003021276261
B1919233730778N12153469WA0077900782004003021274259
B1919243730779N12153474WA0077800782004003021271258
B1919253730778N12153478WA0077800782004003022265268
B1919263730778N12153482WA0077800783004003022261260
B1919273730777N12153486WA0077800783004003021261282
B1919283730777N12153489WA0077800782004003020263272
B1919293730777N12153494WA0077800782004003020262273
B1919303730776N12153498WA0077800782004003022260271
B1919313730776N12153502WA0077800782004003022258256
B1919323730775N12153505WA0077800782004003020257283
B1919333730774N12153509WA0077800782004003019256258
B1919343730774N12153512WA0077600781004003019257274
B1919353730773N12153516WA0077500780004003020259276
B1919363730773N12153520WA0077500779004003021261295
B1919373730773N12153523WA0077600779004003020271304
B1919383730773N12153527WA0077500779004003020292308
B1919393730775N12153530WA0077500778004003020310311
B1919403730778N12153533WA0077400777004003025324311
B1919413730782N12153536WA0077200777004003027332313
B1919423730786N12153538WA0077200776004003027337321
B1919433730790N12153540WA0077100775004003028342323
B1919443730794N12153541WA0077000774004003029345321
B1919453730798N12153542WA0077000774004003030345325
B1919463730803N12153544WA0076900773004003031344328
B1919473730808N12153545WA0076900773004003031346331
B1919483730813N12153547WA0076800772004003033347334
B1919493730818N12153548WA0076800773004003034348322
B1919503730823N12153549WA0076900773004003034349335
B1919513730828N12153550WA0076900773004003034349333
B1919523730833N12153552WA0076900773004003034348338
B1919533730838N12153553WA0076900772004003035350318
B1919543730843N12153554WA0076800772004003036352325
B1919553730848N12153555WA0076800772004003035352337
B1919563730853N12153556WA0076800772004003035352343
B1919573730858N12153556WA0076900773004003034351333
B1919583730863N12153557WA0076900773004003033352329
B1919593730867N12153558WA0076900773004003032352326
B1920003730871N12153559WA0076900773004003027352334
B1920013730876N12153559WA0076900773004003029356310
B1920023730881N12153560WA0077000774004003029355327
B1920033730886N12153560WA0077100775004003033353318
B1920043730890N12153561WA0077300778004003033353331
B1920053730895N12153562WA0077500780004003029356318
B1920063730899N12153562WA0077700782004003030358332
B1920073730904N12153562WA0077900784004003030001328
B1920083730909N12153561WA0078200786004003032003306
B1920093730914N12153561WA0078400790004003032001302
B1920103730917N12153561WA0078800792004003024351288
B1920113730920N12153563WA0078900794004003024332285
B1920123730922N12153565WA0079100795004003018301274
B1920133730922N12153568WA0079100796004003016264260
B1920143730920N12153570WA0079300797004003016226243
B1920153730918N12153572WA0079400798004003018196223
B1920163730915N12153572WA0079600801004003021172209
B1920173730911N12153570WA0079800802004003021154192
B1920183730907N12153567WA0080000803004003027138180
B1920193730904N12153562WA0080200805004003034127157
B1920203730901N12153555WA0080500808005003039114140
B1920213730900N12153548WA0080700811004003039101122
B1920223730899N12153541WA0081000811004003038086106
B1920233730900N12153533WA0081200813004003038076087
B1920243730903N12153526WA0081300814004003040064072
B1920253730907N12153519WA0081400816004003044050055
B1920263730912N12153514WA0081600818004003044037038
B1920273730917N12153511WA0081800820004003041025021
B1920283730922N12153508WA0082000822004003038015007
B1920293730927N12153507WA0082200825004003035008355
B1920303730932N12153507WA0082400827004003030359346
B1920313730936N12153508WA0082600828004003030350334
B1920323730939N12153509WA0082700830004003026330325
B1920333730940N12153512WA0082800831004003021302307
B1920343730941N12153515WA0082900832004003018272284
B1920353730940N12153518WA0083100833004003016260261
B1920363730940N12153521WA0083200835004003016262260
B1920373730940N12153524WA0083300836004003015264254
B1920383730939N12153527WA0083400836004003015259257
B1920393730939N12153531WA0083500838004003019255247
B1920403730938N12153534WA0083700840004003019255245
B1920413730937N12153537WA0083900843004003019257240
B1920423730937N12153540WA0084200846004003017251248
B1920433730936N12153543WA0084400848004003016245253
B1920443730935N12153546WA0084600849004003016247240
B1920453730934N12153550WA0084600850005003020251231
B1920463730933N12153553WA0084700851004003020243205
B1920473730930N12153556WA0084800852004003020211197
B1920483730927N12153556WA0084900852004003020182188
B1920493730923N12153556WA0085000853004003025169187
B1920503730918N12153554WA0085000854005003030158178
B1920513730914N12153551WA0085100856004003030152170
B1920523730910N12153548WA0085400859005003030148167
B1920533730906N12153545WA0085700861004003031142161
B1920543730903N12153541WA0085800862004003031136159
B1920553730900N12153537WA0085900863004003031129152
B1920563730897N12153532WA0085900863004003033122144
B1920573730894N12153526WA0085900863004003033119134
B1920583730892N12153519WA0085900863004003038118128
B1920593730889N12153512WA0086000864004003041117123
B1921003730886N12153505WA0086200866004003039115127
B1921013730884N12153499WA0086300868004003039114119
B1921023730882N12153493WA0086500869004003035112129
B1921033730880N12153487WA0086600870004003034112106
B1921043730878N12153481WA0086600870004003034111110
B1921053730876N12153475WA0086600869004003036110115
B1921063730874N12153468WA0086500868004003037109115
B1921073730872N12153461WA0086400867004003037109118
B1921083730870N12153454WA0086400867004003039109110
B1921093730868N12153447WA0086400867004003039108115
B1921103730867N12153440WA0086300867004003038107105
B1921113730865N12153433WA0086300866004003039107115
B1921123730863N12153426WA0086300866004003039104121
B1921133730862N12153419WA0086200866004003039100110
B1921143730862N12153413WA0086100865004003037098112
B1921153730861N12153406WA0086000864004003036097113
B1921163730860N12153399WA0085900862004003036097122
B1921173730859N12153393WA0085700861004003036097123
B1921183730859N12153386WA0085500859004003034099116
B1921193730857N12153380WA0085400857004003034102104
B1921203730856N12153372WA0085200856004003042104116
B1921213730854N12153364WA0085200855004003042102115
B1921223730853N12153357WA0085200855004003041099106
B1921233730853N12153350WA0085100854004003037094111
B1921243730853N12153343WA0085000853004003039093114
B1921253730852N12153335WA0084800851004003042096103
B1921263730851N12153327WA0084600849004003042100120
B1921273730849N12153320WA0084400847004003042102120
B1921283730848N12153313WA0084300846004003038100106
B1921293730848N12153306WA0084200845004003039098105
B1921303730847N12153298WA0084100844004003039097116
B1921313730846N12153291WA0084000843004003040095114
B1921323730845N12153283WA0084000843004003041097139
B1921333730845N12153276WA0084000843004003036099132
B1921343730843N12153270WA0084000843004003036104124
B1921353730842N12153264WA0083900843004003033107135
B1921363730841N12153258WA0083800841004003033105120
B1921373730839N12153251WA0083700840004003035101120
B1921383730838N12153244WA0083500838004003040099123
B1921393730837N12153237WA0083400838004003040099116
B1921403730836N12153230WA0083300838004003039099138
B1921413730836N12153223WA0083200837004003036101138
B1921423730834N12153218WA0083200836004003032105147
B1921433730833N12153213WA0083000834004003027115153
B1921443730831N12153209WA0082900833004003027127167
B1921453730828N12153206WA0082700831004003026140176
B1921463730825N12153204WA0082500829004003022156194
B1921473730823N12153203WA0082300827004003020168198
B1921483730820N12153203WA0082200826004003018174209
B1921493730817N12153203WA0082000825004003018176202
B1921503730814N12153203WA0081900826004003018177215
B1921513730812N12153202WA0081800826004003018177201
B1921523730809N12153202WA0081700825004003018176201
B1921533730806N12153202WA0081600824004003018173195
B1921543730803N12153202WA0081600824004003018168198
B1921553730801N12153201WA0081500822004003018164200
B1921563730798N12153199WA0081400820004003018159205
B1921573730795N12153198WA0081200817004003019160199
B1921583730791N12153196WA0081100817004003021160205
B1921593730788N12153195WA0081000817004003021161209
B1922003730786N12153194WA0080900817004003021162212
B1922013730783N12153193WA0080900816005004019163211
B1922023730781N12153192WA0080800815004003018165214
B1922033730779N12153192WA0080700813004003018162203
B1922043730776N12153190WA0080600813004003019157188
B1922053730773N12153189WA0080400811004003019158193
B1922063730770N12153187WA0080400811004003021159196
B1922073730767N12153186WA0080300810004003021160201
B1922083730764N12153184WA0080300810004003021159210
B1922093730761N12153183WA0080200809004003023152196
B1922103730758N12153180WA0080200808004003023148202
B1922113730755N12153178WA0080100807004003024147192
B1922123730752N12153176WA0080000806004003024152199
B1922133730749N12153174WA0079900805004003019154208
B1922143730746N12153173WA0079900804004003019158202
B1922153730744N12153172WA0079800803004003018164205
B1922163730741N12153171WA0079600802004003018170207
B1922173730738N12153170WA0079500800004003019172211
B1922183730735N12153170WA0079400799004003023169199
B1922193730732N12153169WA0079300799004003023163188
B1922203730728N12153167WA0079400799004003023151173
B1922213730725N12153164WA0079400799004003023138157
B1922223730722N12153160WA0079300798004003027128138
B1922233730719N12153154WA0079100797004003041119125
B1922243730716N12153147WA0079000796004003043108109
B1922253730715N12153139WA0079000796004003041099120
B1922263730715N12153132WA0078900795004003040091143
B1922273730715N12153125WA0078800793004003037089126
B1922283730715N12153118WA0078600793004003036092119
B1922293730715N12153111WA0078300793005003037096123
B1922303730714N12153103WA0078200793004003037097123
B1922313730713N12153095WA0078100792004003039099125
B1922323730711N12153088WA0078100791004003040099126
B1922333730710N12153080WA0078000789004003042096122
B1922343730709N12153072WA0077900788004003043096113
B1922353730709N12153064WA0077900787004003043097114
B1922363730708N12153056WA0077900787004003043097116
B1922373730707N12153048WA0077900787004003042098113
B1922383730706N12153042WA0077900787004003036098122
B1922393730705N12153035WA0077900787004003036098123
B1922403730704N12153028WA0077800786005003035096127
B1922413730704N12153022WA0077700786005003035096124
B1922423730703N12153015WA0077500786005004035095120
B1922433730702N12153007WA0077400783004003041099125
B1922443730701N12152999WA0077300782004003041104130
B1922453730699N12152992WA0077400782004003041108153
B1922463730697N12152985WA0077400782004003039111145
B1922473730695N12152978WA0077300781004003036111133
B1922483730694N12152973WA0077200779004004036108117
B1922493730692N12152967WA0077100776004003039100111
B1922503730692N12152959WA0077000776004003039095119
B1922513730691N12152951WA0077000776004003043096128
B1922523730690N12152943WA0077000776004003043098130
B1922533730689N12152935WA0077000775004003042099123
B1922543730688N12152927WA0077100775004003045098121
B1922553730687N12152918WA0077100775004003045098137
B1922563730686N12152910WA0077200776004003045103154
B1922573730684N12152903WA0077300777004003044112157
B1922583730681N12152898WA0077300777004003033127156
B1922593730678N12152894WA0077200776004003033142171
B1923003730674N12152892WA0077100775004003028159184
B1923013730671N12152891WA0077000774004003024185203
B1923023730669N12152893WA0076900773004003019222226
B1923033730669N12152896WA0076900773004003014275249
B1923043730670N12152898WA0076900772004003017308275
B1923053730672N12152901WA0076900772004003017327292
B1923063730675N12152902WA0076900772004003019336298
B1923073730678N12152904WA0076800771004003021341306
B1923083730681N12152905WA0076700771004003022337313
B1923093730684N12152907WA0076600770004003022329304
B1923103730686N12152909WA0076600769004003022312294
B1923113730688N12152912WA0076500769004003019290282
B1923123730688N12152915WA0076500768004003017266275
B1923133730687N12152918WA0076500768004003013250263
B1923143730686N12152920WA0076500768004003013235260
B1923153730685N12152921WA0076500768004003013222248
B1923163730683N12152923WA0076500768004003014212254
B1923173730680N12152925WA0076500769004003017202246
B1923183730677N12152926WA0076600769004003020193236
B1923193730674N12152926WA0076600770004003020183208
B1923203730671N12152926WA0076700771004003020173198
B1923213730667N12152925WA0076700771004003023161189
B1923223730663N12152923WA0076800772005003026154198
B1923233730660N12152920WA0076800772004003027153192
B1923243730656N12152918WA0076900772004003028153195
B1923253730652N12152915WA0076800772004003028152184
B1923263730648N12152913WA0076800771004003029150194
B1923273730644N12152910WA0076800771004003030151189
B1923283730640N12152907WA0076700771004003031152190
B1923293730636N12152904WA0076800771004003031150198
B1923303730632N12152901WA0076800771004003031147181
B1923313730628N12152898WA0076800771004003031144192
B1923323730625N12152895WA0076800771004003028144185
B1923333730621N12152892WA0076700770004003028148199
B1923343730617N12152889WA0076600769004003028155200
B1923353730613N12152888WA0076500768004003028161207
B1923363730609N12152886WA0076400766004003028163215
B1923373730606N12152885WA0076200765004003024168231
B1923383730603N12152885WA0076000763004003024187247
B1923393730601N12152887WA0075800761004003018233255
B1923403730601N12152889WA0075600758004003016280278
B1923413730603N12152892WA0075400757004003016312297
B1923423730606N12152894WA0075300756004003021338300
B1923433730609N12152895WA0075400757004003021350312
B1923443730612N12152896WA0075400757004003021349315
B1923453730615N12152897WA0075400757004003021345321
B1923463730618N12152898WA0075500758004003021343317
B1923473730622N12152899WA0075500758004003026344315
B1923483730626N12152901WA0075500758004003026347313
B1923493730629N12152901WA0075500758004003026349314
B1923503730633N12152902WA0075500758004003025349323
B1923513730637N12152903WA0075400758004003025348323
B1923523730641N12152905WA0075400757004003029342308
B1923533730645N12152907WA0075400758004003029330298
B1923543730648N12152910WA0075500758004003028323293
B1923553730651N12152913WA0075600760004003026322298
B1923563730654N12152915WA0075700761004003022325305
B1923573730656N12152917WA0075700761004003020326303
B1923583730659N12152919WA0075700761004003022326299
B1923593730661N12152922WA0075700760004003022323302
B1924003730664N12152925WA0075700760004003024320307
B1924013730667N12152928WA0075700761004003024318297
B1924023730669N12152930WA0075800762004003021323301
B1924033730672N12152932WA0075900762004003021329304
B1924043730675N12152934WA0075900763004003021330304
B1924053730677N12152936WA0075900763004003021330313
B1924063730680N12152938WA0076000763004003022331311
B1924073730684N12152940WA0076000763004003025333309
B1924083730687N12152942WA0076100764004003025333294
B1924093730690N12152944WA0076100765004003024329288
B1924103730693N12152946WA0076200766004003023325281
B1924113730695N12152948WA0076300766004003020323294
B1924123730697N12152950WA0076300766004003018320292
B1924133730699N12152953WA0076300766004003019319295
B1924143730701N12152955WA0076300766004003019320293
B1924153730703N12152957WA0076300766004003019318291
B1924163730705N12152960WA0076400767004003019314291
B1924173730707N12152962WA0076400768004003013308267
B1924183730707N12152963WA0076500769004003013300261
B1924193730708N12152965WA0076600770004003010278253
B1924203730707N12152966WA0076700770004003009256269
B1924213730707N12152968WA0076800771004003009254282
B1924223730707N12152970WA0076900773004003010276287
B1924233730708N12152972WA0077000774004003012304284
B1924243730709N12152974WA0077100775004003012317288
B1924253730711N12152975WA0077300776004003014325308
B1924263730713N12152977WA0077400778004003016337315
B1924273730717N12152978WA0077500779004003022349326
B1924283730720N12152978WA0077700780004003026002345
B1924293730725N12152977WA0077800782004003026011350
B1924303730729N12152976WA0078000783004003029016354
B1924313730733N12152974WA0078100784004003031019340
B1924323730738N12152971WA0078200785004003033018326
B1924333730743N12152970WA0078300786004003033009313
B1924343730747N12152970WA0078400787004003032353292
B1924353730749N12152972WA0078400787004003027328274
B1924363730751N12152973WA0078400787004003017235258
B1924373730750N12152975WA0078400787004003016180218
B1924383730745N12152973WA0078300787004003026153196
B1924393730741N12152969WA0078300788004003026134170
B1924403730738N12152963WA0078400788004003033120157
B1924413730736N12152956WA0078400788005003039109136
B1924423730733N12152947WA0078500788004003047098122
B1924433730732N12152938WA0078500788004003047097104
B1924443730731N12152929WA0078600790004003047095104
B1924453730731N12152920WA0078700791004003048093101
B1924463730730N12152911WA0078800791004003048089102
B1924473730731N12152902WA0079000792004003047088108
B1924483730731N12152894WA0079100793004003047091127
B1924493730730N12152886WA0079200794004003044101127
B1924503730727N12152879WA0079200795004003041115135
B1924513730724N12152873WA0079400796004003038126149
B1924523730721N12152869WA0079500797004003032131162
B1924533730718N12152865WA0079700798004003032134167
B1924543730715N12152862WA0079800800004003028142167
B1924553730712N12152859WA0079900801004003025149182
B1924563730709N12152857WA0080000802004003023149190
B1924573730706N12152855WA0080100803004003024150193
B1924583730703N12152853WA0080100803004003025153194
B1924593730699N12152851WA0080100803004003025160198
B1925003730695N12152850WA0080300805004003025160199
B1925013730692N12152848WA0080400807004003024156204
B1925023730690N12152846WA0080500808004003021153203
B1925033730687N12152845WA0080500808004003021155202
B1925043730684N12152843WA0080600808004003020159211
B1925053730681N12152842WA0080500808004003020165225
B1925063730679N12152842WA0080500808004003019177230
B1925073730677N12152842WA0080500808004003014191226
B1925083730675N12152843WA0080500808004003014200230
B1925093730673N12152844WA0080600808004003014202228
B1925103730671N12152845WA0080600808004003015199233
B1925113730668N12152846WA0080600809004003015196239
B1925123730666N12152846WA0080600809004003013189238
B1925133730665N12152847WA0080600809004003013190257
B1925143730664N12152847WA0080600809004003009207258
B1925153730664N12152848WA0080600808004003006281276
B1925163730666N12152849WA0080600808004003006331282
B1925173730668N12152850WA0080600808004003018348290
B1925183730671N12152850WA0080500808004003022357302
B1925193730674N12152850WA0080500808004003022003304
B1925203730678N12152850WA0080500808004003022006306
B1925213730681N12152849WA0080500807004003022006310
B1925223730685N12152849WA0080300806004003026004306
B1925233730689N12152849WA0080200805004003028000308
B1925243730693N12152849WA0080200804004003027355303
B1925253730697N12152850WA0080100804004003027350301
B1925263730700N12152850WA0080100804004003025348301
B1925273730703N12152851WA0080200804004003017351298
B1925283730705N12152851WA0080100804004003017350294
B1925293730707N12152852WA0080000803004003015339294
B1925303730709N12152853WA0080000802004003013321288
B1925313730710N12152855WA0079900801004003012302278
B1925323730710N12152857WA0079800801004003009280270
B1925333730710N12152858WA0079800800004003009249260
B1925343730709N12152859WA0079800800004003009220248
B1925353730708N12152860WA0079800800004003009207237
B1925363730706N12152861WA0079800801004003011194225
B1925373730704N12152861WA0079800801004003012177220
B1925383730703N12152861WA0079800800004003012170203
B1925393730700N12152860WA0079800801004003014165204
B1925403730698N12152859WA0079800801004003016158191
B1925413730696N12152857WA0079800800004003019150189
B1925423730693N12152855WA0079800801004003019144194
B1925433730691N12152853WA0079800800004003020146199
B1925443730688N12152851WA0079700800004003020156212
B1925453730686N12152851WA0079600799004003014169219
B1925463730684N12152851WA0079600798004003014181227
B1925473730682N12152851WA0079500797004003013189229
B1925483730680N12152851WA0079400796004003013195237
B1925493730679N12152852WA0079300796004003012204236
B1925503730677N12152853WA0079300796004003010210238
B1925513730676N12152854WA0079200795004003010212237
B1925523730675N12152855WA0079200795004003010215233
B1925533730674N12152856WA0079100794004003010220229
B1925543730673N12152858WA0079100794004003010222234
B1925553730672N12152859WA0079100794004003009227234
B1925563730671N12152860WA0079100794004003009228231
B1925573730670N12152861WA0079100794004003009225226
B1925583730669N12152863WA0079100794004003009218227
B1925593730668N12152864WA0079100794004003010214236
B1926003730666N12152865WA0079100794004003011217236
B1926013730665N12152866WA0079100794004003011224232
B1926023730664N12152868WA0079100794004003011227227
B1926033730663N12152870WA0079100793004003011223221
B1926043730661N12152871WA0079100793004003013219222
B1926053730660N12152873WA0079100793004003013218229
B1926063730658N12152874WA0079100794004003013217223
B1926073730657N12152876WA0079100794004003013218229
B1926083730655N12152877WA0079100794004003013219218
B1926093730653N12152879WA0079200795004003014220223
B1926103730652N12152881WA0079300796004003012214232
B1926113730650N12152881WA0079500798004003012200226
B1926123730648N12152882WA0079600800004003012192227
B1926133730646N12152883WA0079800801004003014196231
B1926143730644N12152884WA0079900803004003014199217
B1926153730642N12152884WA0080200806004003013194222
B1926163730641N12152885WA0080400808004003013192222
B1926173730639N12152885WA0080500809004003012189225
B1926183730637N12152886WA0080700810004003012192234
B1926193730635N12152886WA0080700810004003013202233
B1926203730633N12152888WA0080800811004003015218247
B1926213730632N12152890WA0081000813004003015230267
B1926223730632N12152890WA0081000814004003010231264
B1926233730631N12152891WA0081000813004003006231262
B1926243730631N12152891WA0080900812004003004217249
B1926253730630N12152892WA0080800810004003009225235
B1926263730629N12152894WA0080700810004003013223224
B1926273730627N12152896WA0080600811004003013216201
B1926283730625N12152897WA0080600811004003016211209
B1926293730622N12152896WA0080600811004003016172215
B1926303730618N12152895WA0080600810004003019162205
B1926313730615N12152893WA0080600810004003022164204
B1926323730611N12152892WA0080500809004003022165199
B1926333730608N12152891WA0080500809004003025163202
B1926343730603N12152889WA0080600810004003027157201
B1926353730600N12152886WA0080700811004003026151207
B1926363730596N12152884WA0080700810004003026147203
B1926373730593N12152881WA0080600809004003026143205
B1926383730590N12152878WA0080500809004003026142200
B1926393730587N12152875WA0080300809004003025144197
B1926403730584N12152872WA0080300808004003024152200
B1926413730580N12152871WA0080200808004003025155200
B1926423730577N12152869WA0080200808004003025155200
B1926433730573N12152867WA0080200807004003025154217
B1926443730570N12152865WA0080100807004003024155211
B1926453730567N12152864WA0080100806004003023160216
B1926463730564N12152862WA0080100805004003023163211
B1926473730560N12152861WA0080100805004003022162215
B1926483730558N12152860WA0080000805004003022161203
B1926493730555N12152859WA0080000804004003020163209
B1926503730552N12152858WA0079900803004003019164213
B1926513730549N12152857WA0079800802004003021163212
B1926523730546N12152856WA0079700801004003021160212
B1926533730543N12152854WA0079700801004003022158211
B1926543730540N12152853WA0079600801004003022155214
B1926553730538N12152851WA0079600800004003019153217
B1926563730535N12152850WA0079600800004003019150210
B1926573730533N12152848WA0079500800004003019147215
B1926583730530N12152845WA0079400799004003019145202
B1926593730527N12152843WA0079200799004003021148200
B1927003730524N12152841WA0079100798004003022149206
B1927013730521N12152839WA0079100797004003024145199
B1927023730518N12152836WA0079000796004003024143209
B1927033730515N12152833WA0079000796004003025145216
B1927043730512N12152831WA0079000795004003025148203
B1927053730509N12152829WA0079000795004003023150206
B1927063730506N12152827WA0079000794004003026151209
B1927073730502N12152824WA0078900794004003026154212
B1927083730498N12152823WA0078900794004003026159210
B1927093730495N12152821WA0078900794004003025159203
B1927103730493N12152819WA0078900794004003020151210
B1927113730490N12152817WA0079000794005003020145212
B1927123730488N12152815WA0079000794004003020148199
B1927133730485N12152813WA0078900794004003020151204
B1927143730482N12152811WA0078900793005003021149205
B1927153730479N12152809WA0078900794004003021150213
B1927163730477N12152808WA0079000794004003021153237
B1927173730474N12152806WA0079000795004003018152234
B1927183730473N12152805WA0079100795004003015157218
B1927193730472N12152805WA0079100795004003010187217
B1927203730470N12152806WA0079100795004003010202223
B1927213730469N12152806WA0079100795004003011200230
B1927223730467N12152807WA0079000794004003011196223
B1927233730465N12152808WA0079000794004003012191223
B1927243730463N12152808WA0078900793004003015190219
B1927253730460N12152809WA0078900793004003019191224
B1927263730457N12152810WA0078900792004003021196225
B1927273730454N12152811WA0078900793004003020197220
B1927283730451N12152812WA0079000794004003020189218
B1927293730449N12152812WA0079000794004003017172219
B1927303730447N12152811WA0079100794004003017158215
B1927313730444N12152810WA0079000793005003019159212
B1927323730441N12152809WA0078900792005003019168224
B1927333730438N12152808WA0078800791004003021177230
B1927343730434N12152808WA0078700790004003021177233
B1927353730432N12152808WA0078700790004003018173233
B1927363730429N12152807WA0078600789004003018170225
B1927373730426N12152807WA0078500788004003018170215
B1927383730423N12152806WA0078400787004003018172223
B1927393730420N12152806WA0078300786004003020172221
B1927403730417N12152805WA0078200786004003020169223
B1927413730415N12152804WA0078200785005003020163224
B1927423730412N12152803WA0078200784005003017163229
B1927433730410N12152803WA0078000783004003016171222
B1927443730408N12152803WA0077800781004003016183235
B1927453730405N12152803WA0077700779004003016197244
B1927463730403N12152805WA0077500778004003016207240
B1927473730401N12152806WA0077400777004003015210238
B1927483730399N12152808WA0077300776004003015208237
B1927493730397N12152809WA0077200775004003016208241
B1927503730395N12152810WA0077200775004003016216251
B1927513730394N12152812WA0077100774004003014228246
B1927523730393N12152814WA0077100774004003013232240
B1927533730392N12152816WA0077000773004003012226234
B1927543730390N12152817WA0077000772004003013224246
B1927553730389N12152819WA0076900772004003013230259
B1927563730389N12152821WA0076800771004003012253268
B1927573730389N12152823WA0076700770004003011273257
B1927583730389N12152825WA0076600769004003011276262
B1927593730389N12152828WA0076400767004003014269246
B1928003730389N12152830WA0076400767004003014259254
B1928013730388N12152833WA0076300767004003014253263
B1928023730388N12152835WA0076200767004003014253264
B1928033730387N12152837WA0076200766004003012255272
B1928043730387N12152839WA0076100765004003012264270
B1928053730387N12152842WA0075900765004003013265257
B1928063730387N12152844WA0075800764004003013264260
B1928073730386N12152847WA0075700763004003014258263
B1928083730386N12152850WA0075600762004003014260268
B1928093730386N12152852WA0075500760004003012270275
B1928103730386N12152855WA0075400760004003013277275
B1928113730386N12152857WA0075400759004003013283272
B1928123730387N12152860WA0075300758004003013282259
B1928133730387N12152862WA0075200757004003013280273
B1928143730388N12152864WA0075200756004003012282271
B1928153730388N12152867WA0075100755004003014282270
B1928163730389N12152869WA0075000754004003014281276
B1928173730389N12152872WA0075000754004003014283275
B1928183730390N12152874WA0075000753004003013286273
B1928193730390N12152876WA0074900753004003013292286
B1928203730391N12152879WA0074900752004003014291265
B1928213730392N12152881WA0074800752004003013281266
B1928223730392N12152883WA0074800752004003013275265
B1928233730392N12152885WA0074800752004003012269257
B1928243730392N12152887WA0074700751004003008247267
B1928253730391N12152888WA0074700750004003010227259
B1928263730389N12152890WA0074500748004003010227247
B1928273730388N12152892WA0074400747004003014238261
B1928283730387N12152895WA0074300746004003016247242
B1928293730386N12152898WA0074300746004003015240240
B1928303730385N12152900WA0074300745004003015223245
B1928313730383N12152902WA0074200745004003014221245
B1928323730382N12152904WA0074000743004003014234249
B1928333730380N12152907WA0073900742004003016242244
B1928343730379N12152910WA0073800742004003019237215
B1928353730377N12152913WA0073900742004003019227224
B1928363730375N12152915WA0073900743004003017215224
B1928373730373N12152916WA0073900743004003016214240
B1928383730372N12152918WA0073900742004003014218242
B1928393730370N12152920WA0073800742004003016222233
B1928403730368N12152922WA0073800741004003017219233
B1928413730366N12152924WA0073700740004003017215216
B1928423730364N12152926WA0073600740004003017213238
B1928433730362N12152927WA0073700740004003017209227
B1928443730360N12152928WA0073700740004003012205227
B1928453730358N12152929WA0073600740004003012202210
B1928463730357N12152930WA0073500738004003012196209
B1928473730354N12152930WA0073400737004003013183199
B1928483730351N12152930WA0073300736004003018171195
B1928493730347N12152929WA0073200735004003024166186
B1928503730344N12152928WA0073100734004003024166204
B1928513730340N12152927WA0073100734004003023166195
B1928523730337N12152926WA0073000733004003023162187
B1928533730333N12152924WA0072900732004003024159185
B1928543730329N12152922WA0072800730004003030157183
B1928553730325N12152920WA0072600729004003031159193
B1928563730320N12152918WA0072400728005003031161202
B1928573730316N12152916WA0072400728005003031163200
B1928583730312N12152915WA0072400728004003030167215
B1928593730308N12152914WA0072400728004003025170211
B1929003730304N12152913WA0072400728004003025171206
B1929013730301N12152913WA0072300727004003025173191
B1929023730297N12152912WA0072200726004003026173198
B1929033730294N12152912WA0072200725004003026173221
B1929043730290N12152912WA0072100724004003023179228
B1929053730287N12152912WA0072000722004003023189230
B1929063730284N12152913WA0071900721004003019194209
B1929073730282N12152914WA0071700720004003019192195
B1929083730279N12152914WA0071600719004003019180190
B1929093730275N12152914WA0071600718004003027172197
B1929103730270N12152913WA0071500717004003029169182
B1929113730266N12152912WA0071400717004003028166191
B1929123730262N12152910WA0071400717004003028161179
B1929133730258N12152908WA0071400716004003028157191
B1929143730254N12152906WA0071300715004003030155192
B1929153730250N12152904WA0071200715004003030155194
B1929163730246N12152902WA0071200715004003030158202
B1929173730242N12152900WA0071200714004003029161206
B1929183730238N12152898WA0071100713005003028167213
B1929193730234N12152898WA0071000712005003025173205
B1929203730231N12152897WA0070900711004003026175203
B1929213730227N12152897WA0070800710004003026173196
B1929223730223N12152896WA0070700709005003027171201
B1929233730219N12152896WA0070700709004003027172208
B1929243730215N12152895WA0070600708004003026174211
B1929253730211N12152895WA0070500707004003026179211
B1929263730207N12152895WA0070400706004003025183209
B1929273730204N12152895WA0070300705005003025185210
B1929283730200N12152896WA0070200704004003024186215
B1929293730197N12152897WA0070100703004003023187218
B1929303730193N12152897WA0070000702004003023190222
B1929313730190N12152898WA0069900701004003023195227
B1929323730187N12152899WA0069800700005003022199228
B1929333730184N12152901WA0069700699004003021201226
B1929343730181N12152902WA0069600698004003021202228
B1929353730178N12152904WA0069600697004003021204228
B1929363730176N12152906WA0069500696004003021207231
B1929373730173N12152908WA0069400695004003020208227
B1929383730170N12152910WA0069300694004003020211226
B1929393730168N12152912WA0069200693004003021211224
B1929403730165N12152914WA0069100693004003021211224
B1929413730162N12152916WA0069000693004003021209228
B1929423730160N12152917WA0069000692004003020206224
B1929433730158N12152919WA0068900691004003018206236
B1929443730155N12152920WA0068800690004003019208238
B1929453730153N12152922WA0068700689004003019211243
B1929463730150N12152924WA0068600688004003019218249
B1929473730148N12152926WA0068600688004003018221236
B1929483730146N12152929WA0068500687004003018221237
B1929493730144N12152931WA0068500686004003018221236
B1929503730142N12152933WA0068400686004003018222242
B1929513730140N12152936WA0068400686004003018222239
B1929523730138N12152938WA0068400685004003016220241
B1929533730137N12152939WA0068300684005003016220250
B1929543730135N12152942WA0068100683004003016227247
B1929553730133N12152944WA0068000681004003017235250
B1929563730131N12152948WA0067800680004003020237247
B1929573730129N12152952WA0067800680004003027234255
B1929583730127N12152956WA0068000682004003027227231
B1929593730124N12152959WA0068100684004003024215231
B1930003730122N12152960WA0068400686004003020206239
B1930013730119N12152962WA0068500687004003019201256
B1930023730116N12152963WA0068600687004003019204255
B1930033730114N12152965WA0068600687004003019208252
B1930043730111N12152966WA0068600687004003019212257
B1930053730109N12152968WA0068600687004003018209251
B1930063730107N12152969WA0068500686004003016214246
B1930073730106N12152971WA0068300684004003014229244
B1930083730105N12152974WA0068100682004003015256254
B1930093730105N12152977WA0067900680004003015288269
B1930103730107N12152979WA0067700678004003017319281
B1930113730109N12152981WA0067700679004003020332293
B1930123730112N12152983WA0067600679004003017333291
B1930133730114N12152984WA0067600678004003017317276
B1930143730115N12152987WA0067400676004003017301286
B1930153730117N12152990WA0067300674004003017298277
B1930163730118N12152993WA0067100673004003019308291
B1930173730120N12152995WA0067000672004003017321282
B1930183730122N12152997WA0066900670004003017320283
B1930193730124N12152999WA0066600667004003017311273
B1930203730126N12153002WA0066300664004003017302275
B1930213730127N12153006WA0066100662004003020301280
B1930223730129N12153009WA0066000661004003020302279
B1930233730130N12153012WA0065900660004003020301283
B1930243730132N12153015WA0065800659004003019298284
B1930253730133N12153018WA0065700658004003018295289
B1930263730134N12153021WA0065600657004003018297293
B1930273730136N12153024WA0065500656004003019303277
B1930283730137N12153027WA0065400655004003019304288
B1930293730139N12153030WA0065300654004003019297277
B1930303730140N12153034WA0065200653004003019292274
B1930313730141N12153037WA0065100652004003018289281
B1930323730142N12153040WA0065000651004003017292278
B1930333730143N12153042WA0064900649004003017292275
B1930343730144N12153045WA0064700648004003017293275
B1930353730145N12153048WA0064700648004003017300268
B1930363730146N12153050WA0064600647004003015306277
B1930373730147N12153052WA0064600646004003012307265
B1930383730148N12153054WA0064400645004003013309267
B1930393730149N12153056WA0064300644004003013300283
B1930403730150N12153059WA0064200643004003014293281
B1930413730151N12153061WA0064100642004003014289276
B1930423730152N12153063WA0064000640004003013286283
B1930433730152N12153066WA0063800639004003015284271
B1930443730153N12153069WA0063800638004003015282273
B1930453730153N12153071WA0063700637004003015279260
B1930463730153N12153073WA0063700637004003013276266
B1930473730153N12153075WA0063600637004003008283267
B1930483730154N12153076WA0063600636004003010287269
B1930493730154N12153078WA0063600636004003010285270
B1930503730155N12153081WA0063600636004003012274261
B1930513730155N12153083WA0063700637004003014260281
B1930523730154N12153086WA0063700638004003014243259
B1930533730152N12153088WA0063800639004003014228257
B1930543730151N12153089WA0063800639004003013217247
B1930553730150N12153090WA0063800639004003011215240
B1930563730149N12153092WA0063700637004003011220239
B1930573730147N12153094WA0063600636004003016220238
B1930583730145N12153096WA0063600637004003020223240
B1930593730142N12153099WA0063600638004003020224246
B1931003730140N12153102WA0063800639004003021227266
B1931013730139N12153104WA0064000642004003021234257
B1931023730138N12153106WA0064100643004003009227265
B1931033730137N12153107WA0064200643004003009208228
B1931043730136N12153108WA0064200642004003009213241
B1931053730134N12153110WA0064100640004003011230257
B1931063730132N12153113WA0064100641004003016250278
B1931073730131N12153117WA0064200643004003022270281
B1931083730132N12153121WA0064500646004003022295275
B1931093730134N12153124WA0064700649004003019309279
B1931103730135N12153125WA0064900651004003016305258
B1931113730136N12153128WA0065000651004003015288267
B1931123730137N12153132WA0065000651004003022279265
B1931133730137N12153136WA0065100652004003025275253
B1931143730137N12153141WA0065300655004003023268258
B1931153730137N12153144WA0065500657004003023260256
B1931163730137N12153148WA0065700659004003019260253
B1931173730136N12153151WA0065800659004003020262256
B1931183730136N12153155WA0065800660004003022264254
B1931193730135N12153160WA0065900660004003022261250
B1931203730135N12153164WA0066000661004003022255261
B1931213730134N12153168WA0066000662004003022251276
B1931223730133N12153171WA0066000661004003018257292
B1931233730133N12153174WA0065800660004003018272275
B1931243730133N12153178WA0065600657004003018283280
B1931253730135N12153183WA0065500655004003022286281
B1931263730136N12153188WA0065300653004003026287275
B1931273730137N12153192WA0065100653004003025287282
B1931283730138N12153196WA0065100652004003025288278
B1931293730139N12153200WA0065000651004003021289273
B1931303730140N12153203WA0064900650004003021290274
B1931313730141N12153208WA0064800649004003022293279
B1931323730143N12153212WA0064700648004003024297270
B1931333730145N12153215WA0064700648004003024301278
B1931343730146N12153218WA0064600647004003022301266
B1931353730148N12153222WA0064500646004003021302261
B1931363730150N12153225WA0064500646004003021299269
B1931373730151N12153229WA0064500646004003023296260
B1931383730153N12153233WA0064500647004003023297253
B1931393730154N12153235WA0064600647004003019300248
B1931403730155N12153237WA0064600647004003014301258
B1931413730156N12153240WA0064500645004003014302265
B1931423730158N12153243WA0064400644004003021297280
B1931433730159N12153247WA0064400643004003021293288
B1931443730160N12153250WA0064300643004003021291274
B1931453730161N12153253WA0064300644004003019293264
B1931463730162N12153256WA0064400644004003018291266
B1931473730163N12153260WA0064400645004003020282269
B1931483730163N12153264WA0064600646004003021275287
B1931493730163N12153268WA0064700647004003020269295
B1931503730163N12153271WA0064700648004003019263283
B1931513730163N12153273WA0064800648004003017258270
B1931523730162N12153277WA0064900648004003019259277
B1931533730162N12153281WA0064900649004003021267279
B1931543730162N12153285WA0064900649004003021275282
B1931553730163N12153289WA0065100651004003021280281
B1931563730163N12153292WA0065100652004003018282284
B1931573730164N12153296WA0065200652004003018288301
B1931583730165N12153299WA0065200652004003018300300
B1931593730167N12153302WA0065100651004003019308297
B1932003730170N12153306WA0065100651004003024312302
B1932013730173N12153310WA0065200652004003026317305
B1932023730176N12153312WA0065300654004003026321311
B1932033730178N12153314WA0065400655004003022330288
B1932043730181N12153316WA0065500656004003020339293
B1932053730184N12153317WA0065500655004003020346309
B1932063730187N12153318WA0065400655004003023346287
B1932073730191N12153319WA0065500655004003024343288
B1932083730194N12153320WA0065500656004003024343287
B1932093730198N12153322WA0065600657004003024342294
B1932103730201N12153323WA0065700658004003024338287
B1932113730205N12153325WA0065900660004003026333286
B1932123730208N12153327WA0066100661004003026328287
B1932133730211N12153330WA0066400663004003025324286
B1932143730214N12153333WA0066600666004003024320292
B1932153730216N12153335WA0066800668004003024323282
B1932163730220N12153338WA0067000670004003025329264
B1932173730223N12153340WA0067200672004003025329289
B1932183730225N12153342WA0067400673004003021318267
B1932193730226N12153344WA0067400673004003017298280
B1932203730227N12153348WA0067400673004003017290277
B1932213730229N12153352WA0067400672004003025288288
B1932223730230N12153356WA0067400673004003025295275
B1932233730232N12153359WA0067400674004003023306289
B1932243730233N12153362WA0067400674004003021302296
B1932253730234N12153366WA0067400673004003019291273
B1932263730235N12153369WA0067200673004003021284284
B1932273730236N12153373WA0067100671004003022287289
B1932283730237N12153377WA0067000671004003022290297
B1932293730238N12153381WA0066900671004003022292305
B1932303730239N12153383WA0067000671004003019296282
B1932313730240N12153385WA0067100673004003013315303
B1932323730242N12153387WA0067100672004003015327307
B1932333730244N12153389WA0067100672004003015328317
B1932343730246N12153390WA0067100672004003017323297
B1932353730248N12153392WA0067000671004003017319286
B1932363730251N12153395WA0066900670004003019318286
B1932373730253N12153397WA0066800669004003019324284
B1932383730255N12153399WA0066700669004003019332273
B1932393730257N12153400WA0066700669004003017332290
B1932403730259N12153402WA0066700668004003017321294
B1932413730261N12153405WA0066600667004003022309292
B1932423730263N12153408WA0066600667004003024301278
B1932433730265N12153412WA0066600668004003024298294
B1932443730267N12153416WA0066700669004003024298277
B1932453730268N12153419WA0066800670004003021295301
B1932463730269N12153423WA0066900670004003019294308
B1932473730270N12153426WA0067000671004003019293297
B1932483730271N12153429WA0067000672004003018292294
B1932493730272N12153433WA0067100673004003018292295
B1932503730274N12153436WA0067200674004003021295291
B1932513730275N12153439WA0067400676004003018304296
B1932523730277N12153442WA0067500677004003018314285
B1932533730278N12153443WA0067600678004003016321295
B1932543730280N12153445WA0067700678004003013323315
B1932553730281N12153446WA0067600677004003011322315
B1932563730283N12153447WA0067500676004003015318301
B1932573730285N12153450WA0067400675004003021313288
B1932583730287N12153453WA0067500676004003021309270
B1932593730289N12153457WA0067800678004003022308269
B1933003730291N12153460WA0068200682004003022302283
B1933013730292N12153462WA0068600686004003015292276
B1933023730292N12153465WA0068800689004003015285275
B1933033730293N12153467WA0069100692004003013285305
B1933043730293N12153469WA0069300693004003012283301
B1933053730294N12153470WA0069400694004003010293288
B1933063730294N12153472WA0069400694004003012300286
B1933073730295N12153474WA0069300693004003016303296
B1933083730297N12153477WA0069200693004003016298284
B1933093730298N12153481WA0069200693004003018290287
B1933103730299N12153484WA0069200693004003018282275
B1933113730299N12153486WA0069000692004003013275292
B1933123730299N12153489WA0068900691004003015275284
B1933133730300N12153492WA0068600688004003015280291
B1933143730301N12153496WA0068400685004003017290287
B1933153730302N12153499WA0068200684004003020297291
B1933163730304N12153502WA0068100683004003020302297
B1933173730305N12153505WA0067900681004003020302291
B1933183730307N12153508WA0067700678004003019306279
B1933193730309N12153511WA0067400675004003019311294
B1933203730311N12153513WA0067100672004003019315286
B1933213730313N12153516WA0066700668004003021311260
B1933223730314N12153520WA0066300663004003021294243
B1933233730315N12153524WA0065900660004003021272242
B1933243730314N12153527WA0065500656004003021244234
B1933253730311N12153530WA0065200652004003021216223
B1933263730308N12153532WA0064900649004003024192209
B1933273730304N12153532WA0064500648004003028172197
B1933283730300N12153530WA0064100644004003028160187
B1933293730295N12153528WA0063700644004003030150180
B1933303730291N12153524WA0063300643004003033141174
B1933313730286N12153520WA0063000643004003038133163
B1933323730282N12153514WA0062800643004003038131152
B1933333730279N12153508WA0062500640004003038127148
B1933343730276N12153502WA0062300636004003038124146
B1933353730273N12153496WA0062100633004003038120138
B1933363730269N12153489WA0061700632004003043116133
B1933373730267N12153480WA0061500628004003045113128
B1933383730264N12153473WA0061300625004003045111118
B1933393730262N12153465WA0061200625004003045115121
B1933403730259N12153458WA0061000624004003045127137
B1933413730254N12153453WA0060900622004003041142157
B1933423730249N12153449WA0061000622004003041152172
B1933433730244N12153446WA0061100621004003039155174
B1933443730239N12153443WA0061200620004003036150167
B1933453730234N12153439WA0061200620004003036144160
B1933463730230N12153435WA0061200618004003039142156
B1933473730225N12153430WA0061200617004003041144173
B1933483730220N12153426WA0061300618004003039150188
B1933493730215N12153423WA0061400618004003039157199
B1933503730211N12153422WA0061400619004003033161198
B1933513730207N12153420WA0061400618004003025163194
B1933523730204N12153419WA0061400617004003025164202
B1933533730201N12153418WA0061200616004003023173211
B1933543730198N12153419WA0061000614004003022191232
B1933553730195N12153420WA0060900612004003021211251
B1933563730193N12153423WA0060800610004003018225259
B1933573730192N12153425WA0060600609004003018236259
B1933583730191N12153427WA0060500608004003014245269
B1933593730191N12153429WA0060300605004003013261270
B1934003730191N12153432WA0060100603004003013279271
B1934013730191N12153434WA0059800600004003016289279
B1934023730192N12153438WA0059600598004003016290280
B1934033730193N12153441WA0059400596004003018292285
B1934043730194N12153444WA0059200595004003018304296
B1934053730196N12153446WA0059000593004003018313297
B1934063730198N12153449WA0058800591004003019319306
B1934073730201N12153451WA0058700590004003019322301
B1934083730203N12153453WA0058600589004003019324303
B1934093730205N12153455WA0058500588004003017325303
B1934103730207N12153456WA0058400587004003015324309
B1934113730208N12153458WA0058300585004003015325300
B1934123730210N12153460WA0058200584004003015330313
B1934133730212N12153461WA0058100583004003015334308
B1934143730214N12153462WA0058000582004003015333299
B1934153730216N12153463WA0057800580004003013326313
B1934163730218N12153465WA0057600578004003014320297
B1934173730219N12153467WA0057500576004003014317295
B1934183730221N12153468WA0057400575004003015319288
B1934193730223N12153470WA0057300574004003015323304
B1934203730225N12153472WA0057200573004003016328300
B1934213730227N12153473WA0057000572004003017330295
B1934223730229N12153475WA0056900570004003017328296
B1934233730231N12153477WA0056800569004003018326292
B1934243730234N12153479WA0056700568004003018326297
B1934253730236N12153481WA0056600567004003018328305
B1934263730238N12153482WA0056600566004003018330313
B1934273730241N12153484WA0056400565004003018333311
B1934283730243N12153486WA0056300564004003019334314
B1934293730246N12153487WA0056200563004003019336314
B1934303730249N12153488WA0056100562004003020341313
B1934313730252N12153489WA0056100562004003021347306
B1934323730255N12153490WA0056100562004003020347305
B1934333730257N12153491WA0056100561004003020340299
B1934343730260N12153492WA0056000561004003018336311
B1934353730262N12153494WA0055900560004003015336301
B1934363730264N12153495WA0055800559004003016338310
B1934373730267N12153496WA0055800558004003016340299
B1934383730270N12153497WA0055700557004003018346305
B1934393730273N12153498WA0055600556004003021352298
B1934413730276N12153498WA0055500555004003020353304
B1934423730279N12153499WA0055500555004003020349291
B1934433730281N12153499WA0055300553004003017345293
B1934443730283N12153500WA0055200552004003017342298
B1934453730286N12153501WA0055100551004003017338305
B1934463730288N12153503WA0055000550004003018339302
B1934473730291N12153504WA0054900550004003018343294
B1934483730293N12153504WA0054900549004003016334288
B1934493730294N12153506WA0054700547004003014313281
B1934503730296N12153508WA0054500545004003014297288
B1934513730297N12153511WA0054300543004003016292311
B1934523730298N12153514WA0054200542004003018297314
B1934533730299N12153517WA0054100540004003018308317
B1934543730302N12153520WA0054000540004003021322315
B1934553730304N12153522WA0054000541004003021335311
B1934563730307N12153522WA0054100542004003014348310
B1934573730308N12153523WA0054100541004003014349309
B1934583730310N12153523WA0054000540004003013338307
B1934593730312N12153525WA0053800538004003013332310
B1935003730315N12153527WA0053700537004003018330306
B1935013730318N12153529WA0053700538004003022332307
B1935023730321N12153530WA0053800539004003022338315
B1935033730323N12153531WA0053900539004003020341309
B1935043730326N12153532WA0053900539004003017343327
B1935053730328N12153533WA0053900539004003016347300
B1935063730330N12153534WA0053700537004003014341295
B1935073730332N12153535WA0053500534004003014323294
B1935083730333N12153537WA0053200534004003014300294
B1935093730334N12153541WA0053000531004003018293293
B1935103730336N12153545WA0052900532004003023297296
B1935113730337N12153549WA0053100533004003018306289
B1935123730339N12153551WA0053300535004003018321311
B1935133730341N12153552WA0053300535004003013329299
B1935143730343N12153553WA0053400535004003013326309
B1935153730344N12153555WA0053400534004003015319296
B1935163730346N12153558WA0053300534004003017311290
B1935173730348N12153560WA0053300534004003017308300
B1935183730349N12153562WA0053300534004003015316313
B1935193730351N12153564WA0053300533004003015330309
B1935203730353N12153565WA0053200533004003016342310
B1935213730356N12153566WA0053200533004003019341314
B1935223730359N12153567WA0053300533004003019335305
B1935233730362N12153569WA0053400534004003019336292
B1935243730364N12153570WA0053400534004003018345317
B1935253730366N12153570WA0053400534004003016351296
B1935263730369N12153571WA0053500534004003018351301
B1935273730372N12153572WA0053500534004003018345291
B1935283730374N12153573WA0053500535004003017326308
B1935293730376N12153574WA0053600535004003015319291
B1935303730377N12153576WA0053700537004003014325290
B1935313730379N12153577WA0053800538004003012335287
B1935323730381N12153578WA0053900539004003012334286
B1935333730382N12153579WA0054000539004003012337278
B1935343730384N12153580WA0054000539004003012346292
B1935353730386N12153580WA0054000539004003013349297
B1935363730388N12153581WA0054000539004003015348292
B1935373730390N12153581WA0053900538004003015344298
B1935383730393N12153582WA0053800538004003015342303
B1935393730395N12153583WA0053700537004003016341296
B1935403730398N12153584WA0053600536004003017340307
B1935413730400N12153586WA0053600535004003020341312
B1935423730403N12153587WA0053600535004003020343306
B1935433730406N12153588WA0053500535004003020345297
B1935443730409N12153589WA0053500535004003021343308
B1935453730412N12153590WA0053600535004003022339321
B1935463730415N12153592WA0053800537004003021338312
B1935473730418N12153593WA0053900539004003021340305
B1935483730421N12153594WA0054100542004003020345311
B1935493730423N12153595WA0054300543004003017345311
B1935503730425N12153596WA0054400544004003017338318
B1935513730428N12153597WA0054500544004003021335316
B1935523730431N12153599WA0054600546004003021339315
B1935533730434N12153600WA0054700548004003021353306
B1935543730436N12153599WA0054900549004003018006283
B1935553730438N12153599WA0054900549004003013355280
B1935563730439N12153600WA0054900549004003008305262
B1935573730439N12153602WA0054800547004003013261250
B1935583730438N12153605WA0054800547004003013234233
B1935593730435N12153606WA0054700547004003017202223
B1936003730431N12153606WA0054700547004003020166206
B1936013730426N12153602WA0054600546004003039143184
B1936023730422N12153596WA0054500545004003045125151
B1936033730419N12153588WA0054600545004003045112128
B1936043730418N12153580WA0054700547004003045095112
B1936053730417N12153572WA0054700546004003039076091
B1936063730419N12153565WA0054700545004003039059062
B1936073730423N12153559WA0054800545004003039048039
B1936083730428N12153554WA0054700546004003039041025
B1936093730433N12153551WA0054700547004003032032015
B1936103730437N12153548WA0054800547004003032020000
B1936113730440N12153548WA0054800548004003026007349
B1936123730443N12153548WA0054900549004003023355330
B1936133730447N12153548WA0055100550004003021348313
B1936143730449N12153549WA0055300553004003021346307
B1936153730452N12153550WA0055500555004003018344307
B1936163730455N12153551WA0055700556004003017341298
B1936173730457N12153552WA0055800558004003016337286
B1936183730459N12153554WA0056000560004003016333282
B1936193730461N12153555WA0056100561004003014321267
B1936203730462N12153557WA0056200562004003013295271
B1936213730462N12153560WA0056400563004003013271267
B1936223730462N12153562WA0056500564004003015263271
B1936233730462N12153565WA0056700566004003015270275
B1936243730463N12153567WA0056900568004003014305305
B1936253730465N12153569WA0057100570004003014345320
B1936263730468N12153569WA0057400573004003017008331
B1936273730471N12153567WA0057600576004003023024342
B1936283730474N12153565WA0057800578004003024036358
B1936293730477N12153561WA0058000580004003024050007
B1936303730480N12153555WA0058100581004003031062021
B1936313730482N12153547WA0058300582004003040070043
B1936323730484N12153538WA0058600583004003046081064
B1936333730484N12153530WA0058800587004003046093082
B1936343730484N12153523WA0058900587004003042116099
B1936353730480N12153517WA0059100587004003042130132
B1936363730475N12153511WA0059200589004003042143151
B1936373730469N12153508WA0059300591004003040154171
B1936383730464N12153506WA0059500593004003040169188
B1936393730459N12153506WA0059600594004003034187199
B1936403730455N12153508WA0059800596004003029202222
B1936413730452N12153510WA0060100599004003026212241
B1936423730451N12153512WA0060200601004003015235250
B1936433730450N12153515WA0060400602004003015263265
B1936443730450N12153517WA0060500604004003014275282
B1936453730451N12153520WA0060700606004003014274277
B1936463730451N12153523WA0060900608004003014277277
B1936473730451N12153525WA0061000609004003013291277
B1936483730452N12153527WA0061100610004003016299292
B1936493730454N12153530WA0061100609005003016302296
B1936503730456N12153533WA0061100609004003019309313
B1936513730458N12153536WA0061100609004003020324334
B1936523730461N12153537WA0061100610004003020338341
B1936533730464N12153538WA0061000609004003021348342
B1936543730467N12153539WA0060900608004003021359347
B1936553730471N12153538WA0060800607004003024013351
B1936563730475N12153536WA0060800607004003028026000
B1936573730479N12153532WA0060700607004003034040010
B1936583730483N12153527WA0060700606004003035049020
B1936593730486N12153522WA0060700606004003035050015
B1937003730489N12153518WA0060600605004003035041010
B1937013730494N12153514WA0060500604004003033024005
B1937023730498N12153513WA0060400603004003032010347
B1937033730503N12153512WA0060500604004003032005332
B1937043730507N12153512WA0060600606004003030004344
B1937053730511N12153511WA0060800608004003027007338
B1937063730514N12153511WA0061000610004003024008345
B1937073730517N12153510WA0061100610004003021008342
B1937083730520N12153510WA0061200611004003021006334
B1937093730524N12153509WA0061100610004003021008323
B1937103730527N12153509WA0061000609004003022006325
B1937113730531N12153508WA0061000608004003024003328
B1937123730534N12153508WA0060900608004003024006329
B1937133730538N12153507WA0060900609004003024009333
B1937143730541N12153507WA0060900609004003023007333
B1937153730545N12153506WA0060900609004003023003337
B1937163730549N12153506WA0060900608004003024002347
B1937173730553N12153506WA0060800608004003028006342
B1937183730557N12153505WA0060800608004003028011339
B1937193730561N12153503WA0060800608004003028012331
B1937203730564N12153503WA0060800608004003025010318
B1937213730568N12153502WA0060800608004003025008313
B1937223730572N12153501WA0060700607004003026005330
B1937233730576N12153501WA0060700607004003026003327
B1937243730579N12153501WA0060700607004003026002330
B1937253730583N12153501WA0060700607004003025001326
B1937263730587N12153501WA0060600606004003025359326
B1937273730591N12153501WA0060600605004003026357327
B1937283730595N12153501WA0060500605004003026356327
B1937293730599N12153501WA0060500605004003026356334
B1937303730602N12153501WA0060500604004003025357316
B1937313730605N12153502WA0060400604004003023357313
B1937323730609N12153502WA0060400603004003025358305
B1937333730613N12153502WA0060400603004003026358309
B1937343730616N12153502WA0060400604004003025355312
B1937353730620N12153503WA0060300604004003023353319
B1937363730623N12153503WA0060300603004003021351313
B1937373730626N12153504WA0060200602004003022350315
B1937383730630N12153505WA0060200602004003025350315
B1937393730633N12153505WA0060300603004003024350301
B1937403730636N12153506WA0060300603004003024349305
B1937413730639N12153507WA0060300603004003022345309
B1937423730642N12153508WA0060300603004003021339307
B1937433730646N12153510WA0060300604004003022336305
B1937443730649N12153511WA0060400604004003022337312
B1937453730652N12153513WA0060400605004003022341311
B1937463730654N12153514WA0060400604004003020348301
B1937473730657N12153514WA0060400604004003018350302
B1937483730660N12153515WA0060300603004003020344299
B1937493730663N12153516WA0060200601004003020339309
B1937503730666N12153518WA0060100601004003022343313
B1937513730669N12153518WA0060000600004003023351319
B1937523730673N12153519WA0059900600004003024358326
B1937533730677N12153519WA0059800599004003024003332
B1937543730681N12153518WA0059700597004003024007338
B1937553730685N12153517WA0059600596004003026007342
B1937563730689N12153516WA0059400594004003029008336
B1937573730694N12153516WA0059300593004003031008313
B1937583730698N12153515WA0059300593004003031005309
B1937593730706N12153515WA0059100591004003027352319
B1938003730710N12153516WA0059100591004003025347323
B1938013730712N12153517WA0059100591004003020348319
B1938023730715N12153518WA0059100591004003020341320
B1938033730717N12153519WA0059200592004003016334310
B1938043730720N12153520WA0059300593004003016331291
B1938053730723N12153523WA0059400595004003020330307
B1938063730725N12153525WA0059600596004003020328274
B1938073730728N12153527WA0059700598004003020319284
B1938083730730N12153529WA0059800599004003019312291
B1938093730732N12153532WA0059900600004003019315296
B1938113730734N12153534WA0060100601004003019323291
B1938123730736N12153536WA0060300604004003019330303
B1938133730738N12153538WA0060500606004003018321287
B1938143730739N12153540WA0060700607004003014304291
B1938153730740N12153541WA0060800608004003010297284
B1938163730741N12153543WA0060900609004003010292260
B1938173730741N12153545WA0060900609004003009273265
B1938183730741N12153546WA0060800608004003009239249
B1938193730739N12153548WA0060700606004003018212242
B1938203730735N12153549WA0060600606004003024189225
B1938213730731N12153549WA0060600606004003024168208
B1938223730727N12153547WA0060600606004003027156197
B1938233730722N12153544WA0060700607004003036150178
B1938243730717N12153540WA0060800608004003041140164
B1938253730713N12153535WA0061100609004003040122148
B1938263730711N12153527WA0061400612004003040107126
B1938273730710N12153520WA0061700613004003037090105
B1938283730711N12153513WA0061800614004003038081075
B1938293730712N12153506WA0061800615004003038076059
B1938303730715N12153498WA0061900617004003040066046
B1938313730718N12153492WA0062000618004003040051032
B1938323730723N12153487WA0062100619004003041032014
B1938333730729N12153484WA0062200620004003040017355
B1938343730734N12153483WA0062400623004003039008344
B1938353730737N12153483WA0062700626004003024001339
B1938363730741N12153483WA0062800627004003024001325
B1938373730743N12153483WA0062900628004003020003317
B1938383730747N12153483WA0063000629004003020357318
B1938393730750N12153483WA0063000629004003022351312
B1938403730753N12153484WA0063100631004003021348309
B1938413730756N12153485WA0063200631004003021343308
B1938423730758N12153486WA0063200631004003018336305
B1938433730761N12153487WA0063200631004003018333296
B1938443730764N12153489WA0063100631004003018331288
B1938453730766N12153491WA0063100631004003022329291
B1938463730769N12153493WA0063200631004003022319289
B1938473730771N12153496WA0063200631004003020303286
B1938483730772N12153499WA0063200631004003018288281
B1938493730772N12153502WA0063100631004003017278270
B1938503730772N12153505WA0063000630004003016276273
B1938513730773N12153508WA0062900629004003016285281
B1938523730774N12153511WA0062800628004003016302293
B1938533730776N12153514WA0062700626004003017315299
B1938543730779N12153517WA0062600625004003021323309
B1938553730782N12153519WA0062500625004003025330312
B1938563730785N12153521WA0062500625004003025336309
B1938573730789N12153523WA0062500625004003025341314
B1938583730793N12153524WA0062500625004003026346312
B1938593730797N12153525WA0062500625004003027350295
B1939003730801N12153526WA0062500624004003025351306
B1939013730804N12153527WA0062400624004003025345300
B1939023730808N12153528WA0062400623004003024342302
B1939033730811N12153529WA0062200622004003023342306
B1939043730814N12153531WA0062100621004003023337304
B1939053730818N12153533WA0062000619004003027332311
B1939063730821N12153535WA0061900619004003027330297
B1939073730824N12153537WA0061900619004003024331298
B1939083730826N12153539WA0061800618004003019334301
B1939093730829N12153540WA0061700616004003019334304
B1939103730832N12153542WA0061500614004003023333307
B1939113730835N12153544WA0061300613004003024335306
B1939123730838N12153546WA0061200612004003023337306
B1939133730841N12153547WA0061100611004003023335310
B1939143730844N12153549WA0061000609004003021333309
B1939153730847N12153551WA0060800608004003020332306
B1939163730849N12153553WA0060600606004003021330301
B1939173730852N12153555WA0060500605004003021331301
B1939183730855N12153556WA0060400604004003021337304
B1939193730858N12153558WA0060300603004003020336305
B1939203730860N12153559WA0060100601004003018329301
B1939213730863N12153561WA0060000599004003021321298
B1939223730865N12153564WA0059900598004003021321305
B1939233730868N12153567WA0059900599004003024326285
B1939243730871N12153569WA0059900599004003024331311
B1939253730874N12153571WA0059900599004003020336315
B1939263730877N12153572WA0059900599004003021341317
B1939273730880N12153573WA0059800598004003021341316
B1939283730884N12153575WA0059700597004003024339309
B1939293730888N12153577WA0059700596004003027337301
B1939303730891N12153579WA0059600596004003025335300
B1939313730894N12153581WA0059600596004003025331307
B1939323730897N12153583WA0059600595004003023329317
B1939333730900N12153585WA0059400594004003023333324
B1939343730904N12153587WA0059300593004003024342337
B1939353730908N12153588WA0059200592004003028348339
B1939363730912N12153589WA0059200591004003029352333
B1939373730916N12153589WA0059100591004003028352330
B1939383730920N12153590WA0059100591004003027351335
B1939393730924N12153591WA0059100590004003027354313
B1939403730929N12153591WA0059000590004003029356317
B1939413730933N12153592WA0059000590004003029351312
B1939423730937N12153593WA0059100591004003029345304
B1939433730941N12153594WA0059200592004003029342299
B1939443730945N12153596WA0059300593004003027344313
B1939453730948N12153597WA0059400594004003024347307
B1939463730952N12153598WA0059400594004003026348307
B1939473730956N12153599WA0059500595004003026343304
B1939483730960N12153601WA0059600596004003028335304
B1939493730964N12153604WA0059800597004003028331308
B1939503730967N12153606WA0060000599004003023329295
B1939513730970N12153608WA0060200601004003023327283
B1939523730972N12153610WA0060200601004003020321311
B1939533730974N12153613WA0060200601004003020319285
B1939543730977N12153615WA0060100600004003021316291
B1939553730980N12153619WA0060100599004003027307278
B1939563730982N12153624WA0060100599004003032302285
B1939573730985N12153629WA0060100600004003032301314
B1939583730987N12153633WA0060200602004003032306295
B1939593730989N12153636WA0060300602004003025313301
B1940003730992N12153641WA0060200602004003016313277
B1940013730994N12153643WA0060200601004003014305272
B1940023730995N12153645WA0060000600004003014299282
B1940033730996N12153648WA0060000600004003017302250
B1940043730997N12153650WA0060000600004003011303239
B1940053730998N12153651WA0059900600004003011277246
B1940063730997N12153653WA0059800598004003010231236
B1940073730995N12153654WA0059600595004003010206226
B1940083730993N12153654WA0059400594004003013178216
B1940093730990N12153653WA0059200592004003021156203
B1940103730987N12153651WA0059000590004003026138181
B1940113730984N12153647WA0058800588004003026127163
B1940123730982N12153641WA0058700586004003029116154
B1940133730980N12153635WA0058500585004003033108140
B1940143730979N12153629WA0058400584004003036105131
B1940163730977N12153622WA0058300582004003037105134
B1940173730975N12153616WA0058200582004003036116144
B1940183730972N12153611WA0058100581004003036134156
B1940193730968N12153609WA0058000579004003028161175
B1940203730965N12153609WA0057900578004003028191204
B1940213730962N12153611WA0057800577004003023225222
B1940223730962N12153614WA0057700577004003017259244
B1940233730962N12153617WA0057600576004003018270261
B1940243730962N12153621WA0057600575004003019276267
B1940253730963N12153625WA0057500575005003019285271
B1940263730964N12153628WA0057500575004003020293283
B1940273730965N12153632WA0057500575004003020297285
B1940283730967N12153635WA0057500575004003020303288
B1940293730968N12153638WA0057400574004003019309285
B1940303730970N12153640WA0057300573004003019313286
B1940313730972N12153643WA0057200571004003021313295
B1940323730975N12153646WA0057000570004003022313283
B1940333730977N12153649WA0056900568004003022314293
B1940343730980N12153652WA0056700567004003023313294
B1940353730982N12153656WA0056600565004003025314298
B1940363730985N12153659WA0056400564004003027317302
B1940373730988N12153662WA0056300562004003027321307
B1940383730991N12153665WA0056100561004003028325314
B1940393730995N12153668WA0056000560004003028331316
B1940403730999N12153670WA0055900559004003029333313
B1940413731003N12153673WA0055900558004003029331302
B1940423731007N12153676WA0055800558004003030331311
B1940433731011N12153678WA0055800558004003026335305
B1940443731014N12153680WA0055700556004003026338305
B1940453731018N12153682WA0055500555004003026337298
B1940463731022N12153684WA0055400553004003026338313
B1940473731026N12153686WA0055200551004003029343313
B1940483731031N12153687WA0055000550004003033346316
B1940493731036N12153688WA0054900548004003035347305
B1940503731041N12153690WA0054700547004003035348312
B1940513731046N12153691WA0054500545004003035349325
B1940523731051N12153692WA0054400543004003035348324
B1940533731057N12153694WA0054200541004003037346318
B1940543731062N12153696WA0054100540004003037345321
B1940553731067N12153697WA0054000540004003037347318
B1940563731073N12153698WA0054000540004003036350326
B1940573731078N12153700WA0054000539004003036351328
B1940583731083N12153700WA0053900539004003037354336
B1940593731089N12153701WA0053900538004003038356340
B1941003731095N12153701WA0053800537004003038359334
B1941013731101N12153701WA0053800537004003039358326
B1941023731108N12153702WA0053800537004003042352306
B1941033731113N12153704WA0053900539004003039345308
B1941043731119N12153706WA0054100540004003039342303
B1941053731124N12153708WA0054200541004003036343299
B1941063731129N12153709WA0054200542004003036347317
B1941073731135N12153711WA0054300543004003037348309
B1941083731141N12153712WA0054400543004003040350312
B1941093731147N12153713WA0054400543004003040352305
B1941103731153N12153714WA0054400544004003040350303
B1941113731158N12153716WA0054500544004003040343299
B1941123731164N12153719WA0054600546004003040335302
B1941133731169N12153722WA0054700546004003037330308
B1941143731173N12153725WA0054800547004003038331301
B1941153731179N12153729WA0054900548004003038335306
B1941163731185N12153731WA0055100550004003039340309
B1941173731190N12153734WA0055300552004003040342308
B1941183731196N12153736WA0055600556004003037341312
B1941193731201N12153738WA0055900558004003037338300
B1941203731205N12153740WA0056000560004003033337287
B1941213731209N12153743WA0056200561004003033334297
B1941223731214N12153746WA0056300562004003033332303
B1941233731219N12153749WA0056400563004003035335311
B1941243731223N12153751WA0056500564004003035338317
B1941253731228N12153754WA0056500565004003035338305
B1941263731234N12153756WA0056600565004003037338311
B1941273731240N12153759WA0056600566004003041337308
B1941283731246N12153763WA0056900567004003041337307
B1941293731251N12153765WA0057300571004003041340318
B1941303731256N12153767WA0057600575004003036345306
B1941313731260N12153768WA0057900578004003032346311
B1941323731265N12153769WA0058100579004003030345294
B1941333731269N12153771WA0058200580004003029339291
B1941343731273N12153774WA0058200580004003030327288
B1941353731276N12153777WA0058200581004003030313275
B1941363731278N12153782WA0058300582004003030297273
B1941373731280N12153786WA0058400582004003027283259
B1941383731280N12153790WA0058400582004003013265252
B1941393731279N12153791WA0058500583004003013220244
B1941403731277N12153791WA0058600583004003011180224
B1941413731275N12153791WA0058700584004003011166210
B1941423731272N12153789WA0058800586004003014147204
B1941433731270N12153787WA0058900587004003021135187
B1941443731268N12153783WA0059000588004003024128165
B1941453731266N12153779WA0059100589004003024120154
B1941463731264N12153775WA0059200590004003026114156
B1941473731262N12153770WA0059300592004003027115149
B1941483731261N12153765WA0059400592004003027116157
B1941493731259N12153761WA0059400592004003027118157
B1941503731257N12153757WA0059400592004003025123154
B1941513731255N12153754WA0059400592004003023124165
B1941523731253N12153751WA0059400593004003021131155
B1941533731251N12153748WA0059400593004003021136180
B1941543731249N12153746WA0059500594004003021139176
B1941553731247N12153744WA0059600594004003019144170
B1941563731245N12153743WA0059700595004003014149169
B1941573731244N12153742WA0059700595004003010154171
B1941583731242N12153742WA0059700595004003011170208
B1941593731240N12153742WA0059700596004003014189218
B1942003731239N12153743WA0059800597004003014218250
B1942013731238N12153745WA0060000599004003014248257
B1942023731238N12153746WA0060200601004003009278255
B1942033731238N12153747WA0060300601004003005304247
B1942043731238N12153747WA0060300601004003006282252
B1942053731238N12153749WA0060200600004003006265248
B1942063731238N12153751WA0060200599004003009254246
B1942073731238N12153754WA0060100599004003013251235
B1942083731237N12153756WA0060100599004003011247216
B1942093731236N12153757WA0060100599004003011207203
B1942103731233N12153758WA0060000598004003011185204
B1942113731231N12153758WA0059900597004003015175192
B1942123731227N12153757WA0059900597004003020171192
B1942133731224N12153756WA0060000598004003020169204
B1942143731222N12153756WA0060000599004003020165203
B1942153731219N12153755WA0060100599004003017162208
B1942163731217N12153754WA0059900597004003014164225
B1942173731216N12153754WA0059700595004003013178223
B1942183731214N12153754WA0059500593004003010194208
B1942193731212N12153756WA0059100591004003010234216
B1942203731210N12153759WA0058900589004003012235226
B1942223731209N12153761WA0058800589004003013234209
B1942233731208N12153762WA0058600588004003013227215
B1942243731207N12153764WA0058500586004003011221207
B1942253731206N12153765WA0058300585004003011213190
B1942263731203N12153766WA0058200583004003013188174
B1942273731201N12153765WA0058100582004003020155169
B1942283731198N12153762WA0058000581004003027131155
B1942293731196N12153757WA0058100581004003027118143
B1942303731194N12153752WA0058200583004003031114134
B1942313731192N12153747WA0058400583004003030114140
B1942323731190N12153742WA0058600583004003031108136
B1942333731189N12153736WA0058800584004003031105137
B1942343731188N12153731WA0059000584004003031099134
B1942353731188N12153724WA0059100585004003032092124
B1942363731188N12153719WA0059200585005004033087110
B1942373731189N12153713WA0059300585005004033087122
B1942383731189N12153707WA0059400585004004034093136
B1942393731189N12153700WA0059600585004004033101132
B1942403731188N12153694WA0059700587004004033106135
B1942413731186N12153688WA0059900588004004032106148
B1942423731185N12153683WA0059900588005004031109166
B1942433731183N12153678WA0059800590004004024142178
B1942443731179N12153677WA0059700591004003024176194
B1942453731176N12153677WA0059700592004003024218222
B1942463731174N12153681WA0059700594004003021247243
B1942473731174N12153685WA0059800596004003020264254
B1942483731174N12153689WA0060000598004003021283274
B1942493731176N12153693WA0060000599004003021310277
B1942503731179N12153696WA0060100599004003023330292
B1942513731184N12153699WA0060200600004003032336308
B1942523731190N12153702WA0060200601004003043343320
B1942533731197N12153704WA0060400603005003046350337
B1942543731203N12153704WA0060700607004003043358320
B1942553731210N12153704WA0061000610004003042000334
B1942563731215N12153704WA0061200612004003039358330
B1942573731221N12153705WA0061400613004003037352333
B1942583731226N12153706WA0061500613004003037347318
B1942593731232N12153708WA0061500614004003037345318
B1943003731237N12153710WA0061700615004003036347319
B1943013731241N12153710WA0061800617004003033357309
B1943023731246N12153710WA0061900618004003029356302
B1943033731250N12153711WA0062000618004003029345309
B1943043731253N12153713WA0061900617004003027327296
B1943053731256N12153716WA0061800615004003026314276
B1943063731258N12153720WA0061600615004003026304268
B1943073731259N12153723WA0061600614004003017293263
B1943083731260N12153726WA0061500614004003017284265
B1943093731261N12153730WA0061400612004003017290258
B1943103731263N12153735WA0061300611004003022295272
B1943113731265N12153741WA0061300612004003032294275
B1943123731267N12153746WA0061400613004003030289265
B1943133731268N12153750WA0061400613004003030280254
B1943143731268N12153754WA0061200611004003022275242
B1943153731268N12153758WA0061100610004003022277247
B1943163731269N12153763WA0060900608004003022275226
B1943173731268N12153767WA0060800608004003026259229
B1943183731266N12153771WA0060900608004003026234225
B1943193731264N12153773WA0060900608004003022210212
B1943203731262N12153775WA0060800607004003018213218
B1943213731259N12153777WA0060700606004003018223213
B1943223731257N12153780WA0060500604004003020219199
B1943233731255N12153782WA0060400604004003020209205
B1943243731252N12153783WA0060400603004003020201189
B1943253731249N12153785WA0060300602004003019199195
B1943263731247N12153786WA0060100601004003019197187
B1943273731244N12153787WA0060000600004003022189185
B1943283731240N12153787WA0060000600004003025181182
B1943293731236N12153787WA0059900599004003025177179
B1943303731233N12153786WA0059800599004003025172183
B1943313731229N12153785WA0059800598005003025165182
B1943323731225N12153784WA0059700597004003025161190
B1943333731221N12153783WA0059600596004003025161195
B1943343731218N12153781WA0059400595004003024165198
B1943353731215N12153780WA0059300593004003023169182
B1943363731211N12153780WA0059200592004003023168183
B1943373731207N12153778WA0059100591004003027164187
B1943383731203N12153776WA0059000591004003027158184
B1943393731200N12153775WA0059100592004003026158200
B1943403731197N12153773WA0059100592004003023157182
B1943413731194N12153772WA0059200592004003021154181
B1943423731191N12153769WA0059200593004003021144169
B1943433731189N12153767WA0059200593004003021137170
B1943443731187N12153764WA0059200592004003020132180
B1943453731186N12153762WA0059100591004003017133185
B1943463731184N12153760WA0059000590004003016142190
B1943473731182N12153759WA0058800588004003017152187
B1943483731179N12153757WA0058600586004003018156186
B1943493731177N12153756WA0058500586004003018158190
B1943503731174N12153755WA0058400586004003018156190
B1943513731173N12153754WA0058300585004003016153178
B1943523731171N12153752WA0058200583004003015147180
B1943533731169N12153750WA0058000581004003018141176
B1943543731166N12153748WA0057800579004003018141175
B1943553731163N12153746WA0057600577004003021148180
B1943563731160N12153743WA0057600576004003024154192
B1943573731156N12153741WA0057500576004003025153191
B1943583731153N12153739WA0057500576004003025150186
B1943593731150N12153737WA0057400575004003024152184
B1944003731147N12153735WA0057300573004003024154183
B1944013731144N12153733WA0057200572004003025151178
B1944023731140N12153730WA0057100571004003026146174
B1944033731137N12153727WA0057000570004003027145165
B1944043731134N12153724WA0056900569004003027148173
B1944053731130N12153722WA0056900569004003027148180
B1944063731128N12153719WA0056900569004003026144174
B1944073731125N12153717WA0056900569004003020136179
B1944083731123N12153714WA0056800567004003021134172
B1944093731120N12153711WA0056600566004003021141175
B1944103731117N12153709WA0056500565004003024151188
B1944113731113N12153707WA0056400564004003025159196
B1944123731110N12153706WA0056400564004003023166204
B1944133731107N12153705WA0056400565005003023169201
B1944143731105N12153704WA0056400564004003018166202
B1944153731102N12153703WA0056400564004003017163195
B1944163731100N12153703WA0056300563004003017167196
B1944173731097N12153702WA0056200562004003020173195
B1944183731093N12153702WA0056300563004003020171188
B1944193731091N12153701WA0056400564004003019164193
B1944203731089N12153700WA0056500565004003017156221
B1944213731087N12153699WA0056500565005003016156198
B1944223731084N12153698WA0056400564004003016161208
B1944233731082N12153697WA0056400564005003017167207
B1944243731079N12153696WA0056300563004003017168204
B1944253731077N12153695WA0056300563004003017165208
B1944263731075N12153695WA0056200562004003017163198
B1944273731072N12153694WA0056100561004003016162201
B1944283731070N12153693WA0056000560005003016163203
B1944293731067N12153692WA0055900559004003016176197
B1944303731064N12153693WA0055900558004003018188204
B1944313731062N12153694WA0055900559004003020202210
B1944323731059N12153695WA0056000560004003020207204
B1944333731057N12153697WA0056200562004003019204226
B1944343731054N12153698WA0056500565004003017187210
B1944353731052N12153697WA0056800568004003014161204
B1944363731051N12153696WA0057000570004003014145211
B1944373731049N12153694WA0057100571004003014142198
B1944383731047N12153692WA0057200571004003015146201
B1944393731044N12153691WA0057200572004003019150202
B1944403731042N12153689WA0057200572004003019162208
B1944413731040N12153689WA0057200573005003017190213
B1944423731038N12153691WA0057300573004003013227221
B1944433731038N12153692WA0057400574004003011242229
B1944443731037N12153694WA0057500575004003011239236
B1944453731036N12153695WA0057500575004003010226232
B1944463731035N12153697WA0057500575005003010222232
B1944473731034N12153698WA0057500575004003011217231
B1944483731032N12153699WA0057600576004003011211238
B1944493731031N12153700WA0057700577004003009197235
B1944503731030N12153700WA0057800578004003008175226
B1944513731030N12153700WA0057700577005003003175222
B1944523731030N12153699WA0057700576004003001175218
B1944533731030N12153701WA0057500574004003003279212
B1944543731030N12153703WA0057400573004003010274208
B1944553731030N12153706WA0057200572004003018270232
B1944563731030N12153710WA0057200572004003018263232
B1944573731030N12153712WA0057200573004003016239230
B1944583731028N12153713WA0057200573004003012186215
B1944593731026N12153712WA0057200572004003015152195
B1945003731024N12153710WA0057200571004003019145177
B1945013731021N12153708WA0057100570004003019148177
B1945023731019N12153706WA0057000570004003019153190
B1945033731016N12153705WA0057000569004003019168195
B1945043731015N12153705WA0056900568005003010203206
B1945053731014N12153707WA0056900568004003010245223
B1945063731014N12153709WA0056900568004003010275237
B1945073731015N12153710WA0056800568004003010298248
B1945083731016N12153712WA0056800568004003011302249
B1945093731017N12153714WA0056800567004003012300251
B1945103731017N12153716WA0056800567004003012297251
B1945113731018N12153718WA0056700567004003011297252
B1945123731019N12153720WA0056700567004003010293251
B1945133731019N12153722WA0056600566004003010283255
B1945143731019N12153724WA0056600565004003013274254
B1945153731019N12153727WA0056500564004003014268245
B1945163731019N12153730WA0056400564004003014265243
B1945173731019N12153732WA0056400564004003014262232
B1945183731019N12153734WA0056400564004003013257240
B1945193731018N12153736WA0056300563004003011254234
B1945203731018N12153739WA0056200562004003013259238
B1945213731018N12153741WA0056200562004003013258229
B1945223731017N12153744WA0056200562004003013253218
B1945233731016N12153746WA0056200562004003013235202
B1945243731015N12153746WA0056200563004003009187194
B1945253731013N12153746WA0056200562004003015151180
B1945263731011N12153743WA0056100561004003015139164
B1945273731008N12153740WA0056000559004003022134156
B1945283731005N12153735WA0055900558004003028128141
B1945293731002N12153730WA0055800558004003035120129
B1945303731000N12153724WA0055800558004003036112117
B1945313730998N12153717WA0055800558004003036106125
B1945323730997N12153711WA0055700557004003037106144
B1945333730995N12153704WA0055700556004003037112155
B1945343730992N12153698WA0055600556004003035121156
B1945353730989N12153693WA0055500555004003035126158
B1945363730986N12153688WA0055500554005003035124148
B1945373730983N12153682WA0055400554004003035121153
B1945383730981N12153677WA0055300553004003034121167
B1945393730978N12153672WA0055200551004003032126177
B1945403730975N12153668WA0055100550004003032136177
B1945413730971N12153664WA0054900549004003029146174
B1945423730968N12153662WA0054800548004003028148174
B1945433730964N12153659WA0054700548004003028141165
B1945443730961N12153655WA0054600547004003031135159
B1945453730958N12153651WA0054500546004003032132160
B1945463730954N12153646WA0054400544004003032131164
B1945473730951N12153641WA0054300543004003033132166
B1945483730947N12153637WA0054300543004003033133163
B1945493730944N12153632WA0054200542004003034133165
B1945503730940N12153627WA0054200542004003034133171
B1945513730937N12153623WA0054100541004003033135166
B1945523730933N12153619WA0054000540004003033138168
B1945533730929N12153615WA0054000539004003033139171
B1945543730926N12153611WA0053900538004003033140176
B1945553730922N12153607WA0053700537004003033145181
B1945563730917N12153604WA0053600536004003033150183
B1945573730913N12153602WA0053600536004003031155181
B1945583730910N12153599WA0053500535004003029156171
B1945593730906N12153597WA0053400534004003028157181
B1946003730902N12153595WA0053300533004003028156184
B1946013730898N12153594WA0053200532004003028163190
B1946023730894N12153593WA0053100531004003027171199
B1946033730890N12153592WA0053000530004003027177191
B1946043730887N12153592WA0053000530004003023175201
B1946053730884N12153592WA0053100530004003023171185
B1946063730880N12153591WA0053100530004003023165191
B1946073730877N12153589WA0053000529005003022155167
B1946083730874N12153587WA0052900528004003023143206
B1946093730872N12153585WA0052700527004003024150201
B1946103730868N12153583WA0052400524004003024169212
B1946113730865N12153584WA0052100522004003024192211
B1946123730861N12153586WA0052000520004003024209217
B1946133730859N12153588WA0051900520004003023210229
B1946143730857N12153589WA0052000520004003016207225
B1946153730855N12153591WA0052000520004003016211225
B1946163730853N12153592WA0051900519004003015223228
B1946173730852N12153595WA0051800518004003015246232
B1946183730851N12153597WA0051700517004003014266239
B1946193730852N12153600WA0051600516004003015271244
B1946203730851N12153603WA0051500516004003016263238
B1946213730850N12153606WA0051500515004003016241225
B1946223730848N12153608WA0051400515005003016215211
B1946233730846N12153609WA0051400514004003018193201
B1946243730843N12153610WA0051300514004003022182194
B1946253730839N12153610WA0051200513004003024177196
B1946263730835N12153609WA0051100512004003024176196
B1946273730832N12153609WA0051000512004003024176193
B1946283730828N12153608WA0050900511004003024174199
B1946293730824N12153608WA0050800509004003024173204
B1946303730821N12153607WA0050600508004003024173202
B1946313730817N12153607WA0050400506004003024177201
B1946323730813N12153607WA0050300506004003026181204
B1946333730809N12153607WA0050200505004003026180206
B1946343730806N12153607WA0050100504004003023176204
B1946353730802N12153606WA0050100504004003023170205
B1946363730799N12153606WA0050100503004003022171196
B1946373730796N12153605WA0050100503004003022172211
B1946383730793N12153605WA0050100503004003022175219
B1946393730790N12153605WA0050100502004003022179218
B1946403730786N12153605WA0050000501004003022181206
B1946413730783N12153605WA0049800499004003021183203
B1946423730780N12153605WA0049700497004003022180197
B1946433730777N12153605WA0049500495004003024178196
B1946443730773N12153605WA0049300493004003024179201
B1946453730769N12153605WA0049100491004003026184213
B1946463730765N12153606WA0048900489004003026190219
B1946473730761N12153607WA0048800488004003026196225
B1946483730758N12153608WA0048600486004003024202221
B1946493730755N12153610WA0048500485004003023208222
B1946503730752N12153613WA0048300483004003023211217
B1946513730749N12153615WA0048200482004003023213229
B1946523730746N12153617WA0048200481004003023212227
B1946533730744N12153619WA0048000480004003021214232
B1946543730741N12153621WA0047900479004003021215222
B1946553730739N12153624WA0047800477004003021212223
B1946563730736N12153626WA0047700476004003022210215
B1946573730733N12153628WA0047600475004003022207226
B1946583730730N12153630WA0047600475004003020206218
B1946593730728N12153631WA0047600475004003020202220
B1947003730725N12153632WA0047600475004003020195217
B1947013730722N12153633WA0047700476004003020192238
B1947023730719N12153634WA0047700476004003020196225
B1947033730717N12153635WA0047700475004003020207226
B1947043730715N12153637WA0047500473004003016230235
B1947053730714N12153640WA0047200470004003016233230
B1947063730712N12153642WA0046900468004003020225230
B1947073730709N12153645WA0046800466004003023214226
B1947083730706N12153647WA0046600464004003023212236
B1947093730704N12153650WA0046500464004003023218243
B1947103730701N12153652WA0046300462004003021228252
B1947113730700N12153656WA0046200460004003022238254
B1947123730698N12153660WA0046000458004003025251260
B1947133730697N12153665WA0045900457004003025260258
B1947143730697N12153669WA0045900457004003025263259
B1947153730697N12153674WA0045800457004003024263251
B1947163730696N12153678WA0045700456004003022265255
B1947173730696N12153682WA0045500454004003022265240
B1947183730696N12153686WA0045400452004003021258226
B1947193730695N12153689WA0045200450004003020241223
B1947203730693N12153691WA0045000448004003019215215
B1947213730689N12153693WA0044700445004003024202200
B1947223730686N12153695WA0044600445004003030202212
B1947233730681N12153697WA0044600445004003030205206
B1947243730678N12153700WA0044600446004003030208217
B1947253730675N12153702WA0044600446004003025206228
B1947263730672N12153703WA0044600446004003022199210
B1947273730668N12153704WA0044600445004003026197219
B1947283730664N12153706WA0044600445004003026200215
B1947293730660N12153709WA0044700446004003029205229
B1947303730656N12153711WA0044800448004003029205214
B1947313730652N12153713WA0045000448004003026199234
B1947323730649N12153714WA0045100447004003026192233
B1947333730645N12153716WA0045100447004003025197239
B1947343730642N12153718WA0044900446004003025209240
B1947353730639N12153721WA0044800444004003025223243
B1947363730636N12153725WA0044700444004003029233243
B1947373730634N12153730WA0044700444004003029242242
B1947383730632N12153735WA0044800445004003029251246
B1947393730631N12153739WA0044800445004003027255248
B1947403730631N12153744WA0044800445004003027257252
B1947413730630N12153749WA0044900446004003026262258
B1947423730630N12153754WA0044800445004003027264261
B1947433730629N12153759WA0044800445004003027262259
B1947443730628N12153765WA0044800444004003028260265
B1947453730627N12153771WA0044700444004003029262261
B1947463730627N12153776WA0044600444004003024269274
B1947473730627N12153780WA0044400443004003024270259
B1947483730627N12153784WA0044200440004003022264249
B1947493730627N12153788WA0043900436004003022260244
B1947503730626N12153793WA0043500433004003025260246
B1947513730625N12153798WA0043200430004003028262251
B1947523730625N12153804WA0042900427004003028266253
B1947533730625N12153809WA0042700425004003028276268
B1947543730626N12153814WA0042500425004003027283276
B1947553730627N12153818WA0042300422004003026288275
B1947563730628N12153823WA0042100420004003026288259
B1947573730630N12153828WA0041900417004003028284274
B1947583730630N12153833WA0041800415004003028277257
B1947593730630N12153838WA0041500413004003028270259
B1948003730630N12153842WA0041200410004003025267252
B1948013730630N12153846WA0040900408004003024265244
B1948023730630N12153851WA0040600404004003026262242
B1948033730629N12153856WA0040400402004003026257241
B1948043730628N12153861WA0040200399004003027255250
B1948053730627N12153866WA0040000397004003027258258
B1948063730627N12153871WA0039700394004003025263257
B1948073730626N12153876WA0039500392004003028265268
B1948083730626N12153882WA0039300390004003028260264
B1948093730625N12153887WA0039200389004003031260246
B1948103730624N12153893WA0039200390004003031261252
B1948113730623N12153898WA0039300390004003027260243
B1948123730622N12153903WA0039400391004003027254251
B1948133730621N12153907WA0039400391004003025251250
B1948143730620N12153912WA0039400391004003025248250
B1948153730619N12153917WA0039400391004003026250247
B1948163730617N12153922WA0039400390004003030251253
B1948173730616N12153927WA0039400391004003030252252
B1948183730615N12153932WA0039400391004003028253258
B1948193730614N12153936WA0039400390004003024254250
B1948203730613N12153940WA0039300389004003024249253
B1948213730611N12153945WA0039100387004003028246247
B1948223730609N12153950WA0038700384004003032248243
B1948233730608N12153956WA0038600382004003032251235
B1948243730606N12153963WA0038500382004003034252226
B1948253730604N12153968WA0038400382004003034247226
B1948263730603N12153972WA0038400381004003025239209
B1948273730601N12153976WA0038300380004003026228204
B1948283730597N12153979WA0038100378004003026220203
B1948293730594N12153983WA0037900376004003029213199
B1948303730590N12153986WA0037800375004003030212218
B1948313730586N12153989WA0037700374004003028217227
B1948323730583N12153992WA0037500372004003028221226
B1948333730580N12153995WA0037300370004003027222221
B1948343730577N12153999WA0037100368004003027221221
B1948353730574N12154002WA0036900366004003028220219
B1948363730570N12154006WA0036700364004003029218215
B1948373730567N12154009WA0036500362004003029218199
B1948383730564N12154012WA0036400361004003028213188
B1948393730560N12154014WA0036200359004003026201180
B1948403730557N12154015WA0035900356004003027189181
B1948413730552N12154015WA0035700354004003028180181
B1948423730548N12154015WA0035600354004003028175175
B1948433730544N12154014WA0035500352004003028171177
B1948443730540N12154013WA0035300351004003027168170
B1948453730536N12154012WA0035100349004003027166167
B1948463730532N12154011WA0035000347004003027162166
B1948473730528N12154009WA0034800345004003028158169
B1948483730524N12154007WA0034700344004003029155166
B1948493730520N12154004WA0034600343004003027154161
B1948503730517N12154002WA0034500341004003027154165
B1948513730513N12154000WA0034300339004003025155166
B1948523730510N12153998WA0034000336004003025157164
B1948533730505N12153996WA0033800336004003028160174
B1948543730501N12153995WA0033700336004003030162178
B1948553730497N12153993WA0033600335004003030165172
B1948563730493N12153992WA0033500333004003028169171
B1948573730489N12153991WA0033400332004003027171179
B1948583730485N12153991WA0033300331004003027175169
B1948593730481N12153991WA0033200329004003026177182
B1949003730477N12153990WA0033100328004003027175179
B1949013730473N12153990WA0033000328004003027174173
B1949023730469N12153989WA0032800326004003028178181
B1949033730464N12153989WA0032800326004003029182173
B1949043730460N12153990WA0032800325004003029181174
B1949053730456N12153989WA0032800325004003029174175
B1949063730451N12153989WA0032800325004003028171165
B1949073730447N12153988WA0032700324004003028171169
B1949083730443N12153987WA0032700324004003028171175
B1949093730439N12153986WA0032700324004003027172161
B1949103730435N12153985WA0032600323004003028168185
B1949113730431N12153984WA0032600322004003028167191
B1949123730427N12153983WA0032500322004003029172199
B1949133730422N12153983WA0032600322004003030180193
B1949143730417N12153983WA0032700323004003031184196
B1949153730413N12153984WA0032900325004003031184211
B1949163730410N12153984WA0033100327004003027182231
B1949173730407N12153984WA0033100328004003021189223
B1949183730404N12153986WA0033100328004003021209226
B1949193730402N12153989WA0033000326004003027221221
B1949203730398N12153993WA0032900325004003030223226
B1949213730395N12153996WA0032900325004003029219196
B1949223730392N12153999WA0032900325004003029209183
B1949233730389N12154000WA0032800324004003023190186
B1949243730386N12154000WA0032600321004003020173183
B1949253730383N12153999WA0032400318004003024160171
B1949263730379N12153997WA0032100316004003024147158
B1949273730376N12153993WA0031900314004003029125146
B1949283730375N12153987WA0031700311004003029094129
B1949293730377N12153982WA0031500309004003032066103
B1949303730380N12153977WA0031200306004003034039070
B1949313730385N12153974WA0031000304004003034015030
B1949323730391N12153974WA0030800302004003036355355
B1949333730396N12153976WA0030600301004003036340333
B1949343730400N12153979WA0030400299004003032328315
B1949353730404N12153983WA0030300299004003034320311
B1949363730408N12153987WA0030200298004003034317304
B1949373730412N12153992WA0030300299004003034315298
B1949383730415N12153996WA0030400300004003034311306
B1949393730417N12154000WA0030600302004003027307301
B1949403730419N12154004WA0030700304004003027305310
B1949413730422N12154008WA0030800304004003024308288
B1949423730424N12154011WA0030800304004003024314291
B1949433730428N12154015WA0030800304004003027315286
B1949443730431N12154020WA0030900304004003031308280
B1949453730433N12154024WA0031000304004003031291255
B1949463730434N12154030WA0031000305004003030274234
B1949473730434N12154034WA0030900304004003026243228
B1949483730431N12154038WA0030900303004003024221208
B1949493730427N12154039WA0030800303004003023199194
B1949503730424N12154039WA0030800303004003023173178
B1949513730420N12154037WA0030700302004003023148158
B1949523730417N12154033WA0030700301004003025124139
B1949533730416N12154028WA0030600300004003029097120
B1949543730417N12154022WA0030600300004003030073099
B1949553730420N12154017WA0030700301004003030054074
B1949563730423N12154014WA0030700303004003029039057
B1949573730426N12154011WA0030800304004003028027041
B1949583730430N12154010WA0030900304004003028013029
B1949593730435N12154009WA0031000305004003028001012
B1950003730439N12154010WA0031000305004003028352359
B1950013730443N12154011WA0031000305004003028344346
B1950023730447N12154013WA0031000305004003028340333
B1950033730451N12154015WA0031000305004003028331329
B1950043730453N12154018WA0031000305004003024318320
B1950053730455N12154021WA0031000305004003024302306
B1950063730457N12154025WA0030900304004003022285290
B1950073730457N12154030WA0030800303004003022271268
B1950083730456N12154034WA0030700302004003024257253
B1950093730455N12154039WA0030600302004003031242240
B1950103730452N12154044WA0030600302004003031229231
B1950113730449N12154047WA0030700302004003030212219
B1950123730445N12154049WA0030700302004003026201208
B1950133730442N12154051WA0030600301004003026201203
B1950143730438N12154053WA0030400299004003031206215
B1950153730433N12154056WA0030400300004003033215209
B1950163730429N12154060WA0030300300004003032217203
B1950173730426N12154064WA0030400301004003032217201
B1950183730422N12154067WA0030500302004003029216220
B1950193730420N12154069WA0030600302004003024216214
B1950203730417N12154072WA0030500302004003024213211
B1950213730414N12154074WA0030400299004003024212211
B1950223730410N12154077WA0030200297004003025209209
B1950233730406N12154080WA0030100296004003029211220
B1950243730401N12154083WA0030100296004003032210218
B1950253730398N12154086WA0030200297004003032208221
B1950263730394N12154088WA0030300298004003028203216
B1950273730390N12154090WA0030500299004003028200222
B1950283730386N12154092WA0030500300004003027198211
B1950293730382N12154093WA0030600301004003024193213
B1950303730379N12154094WA0030600301004003024191191
B1950313730376N12154095WA0030600300004003024193204
B1950323730371N12154096WA0030500298004003026195213
B1950333730367N12154098WA0030400298004003029197223
B1950343730363N12154100WA0030300297004003028204223
B1950353730359N12154102WA0030200296004003029209223
B1950363730356N12154105WA0030100296004003029212222
B1950373730352N12154108WA0030100295004003029212235
B1950383730348N12154111WA0030100295004003029212219
B1950393730345N12154114WA0030000294004003030213235
B1950403730341N12154117WA0029900294004003030212230
B1950413730338N12154120WA0029900293004003028216218
B1950423730335N12154123WA0029900293004003026227246
B1950433730332N12154127WA0029900292004003026229247
B1950443730330N12154132WA0029700291004003030229252
B1950453730327N12154136WA0029600290004003030228248
B1950463730324N12154140WA0029500289004003030226246
B1950473730321N12154144WA0029500289004003029223232
B1950483730318N12154147WA0029400289004003026213218
B1950493730314N12154149WA0029300287004003026203191
B1950503730310N12154150WA0029100285004003026196207
B1950513730305N12154152WA0028900284004003028191189
B1950523730300N12154152WA0028800283004003033185185
B1950533730295N12154152WA0028800283004003033172201
B1950543730291N12154150WA0028900283004003033160174
B1950553730287N12154148WA0028800283004003030153162
B1950563730283N12154145WA0028800283004003030150157
B1950573730279N12154142WA0028800283004003030144148
B1950583730276N12154138WA0028900283004003032139149
B1950593730272N12154134WA0028800283004003032135141
B1951003730269N12154130WA0028700282004003032135152
B1951013730265N12154125WA0028800281004003033134139
B1951023730261N12154119WA0028800282004003039128146
B1951033730257N12154113WA0028900283004003038123143
B1951043730255N12154107WA0028900284004003038123142
B1951053730251N12154102WA0029000284004003035129169
B1951063730248N12154098WA0029000284004003034138166
B1951073730244N12154094WA0028900283004003034145157
B1951083730240N12154091WA0028900283004003032151156
B1951093730235N12154088WA0028800282004003032152146
B1951103730231N12154085WA0028700281004003032148144
B1951113730227N12154081WA0028500280004003034139123
B1951123730223N12154076WA0028500279004003036132124
B1951133730220N12154071WA0028500280004003035123114
B1951143730217N12154066WA0028500280004003035119114
B1951153730215N12154060WA0028500280004003033116103
B1951163730213N12154055WA0028500279004003032116108
B1951173730211N12154049WA0028300277004003032115106
B1951183730209N12154043WA0028200277004003036111091
B1951193730207N12154036WA0028200276004003036106087
B1951203730206N12154030WA0028100275004003036102085
B1951213730205N12154024WA0028000275004003034098086
B1951223730205N12154018WA0028000274004003033093089
B1951233730205N12154011WA0028000274004003034090082
B1951243730205N12154005WA0027900274004003034092079
B1951253730205N12153999WA0028000274004003033087075
B1951263730206N12153994WA0028000275004003030068062
B1951273730207N12153990WA0028000274004003027047046
B1951283730211N12153986WA0027900273004003031034032
B1951293730215N12153983WA0027800273004003033029027
B1951303730220N12153981WA0027900273004003031024023
B1951313730224N12153979WA0028100274004003031016003
B1951323730227N12153978WA0028100274004003026007355
B1951333730230N12153978WA0028200275004003021355348
B1951343730234N12153979WA0028100274004003023347342
B1951353730238N12153981WA0028100273004003023346332
B1951363730242N12153982WA0028000273004003026348331
B1951373730246N12153982WA0027900272004003027350334
B1951383730249N12153983WA0027800271004003026351328
B1951393730253N12153984WA0027800271004003026351329
B1951403730257N12153985WA0027700270004003026346335
B1951413730261N12153986WA0027700270004003026339322
B1951423730264N12153989WA0027600269004003026332318
B1951433730268N12153991WA0027500269004003027324316
B1951443730271N12153995WA0027500268004003029313307
B1951453730274N12153999WA0027500268004003028301298
B1951463730275N12154004WA0027400268004003028289288
B1951473730276N12154009WA0027400268004003028276278
B1951483730275N12154014WA0027400268004003024265269
B1951493730275N12154018WA0027400268004003024258260
B1951503730274N12154022WA0027400268004003023255255
B1951513730273N12154026WA0027400267004003023250249
B1951523730271N12154031WA0027400268004003024247256
B1951533730270N12154034WA0027400268004003019247248
B1951543730269N12154038WA0027400268004003019248258
B1951553730268N12154041WA0027400268004003019249265
B1951563730267N12154045WA0027300267004003021248257
B1951573730265N12154049WA0027300267004003021244272
B1951583730264N12154052WA0027300267004003021243256
B1951593730262N12154056WA0027200266004003021242267
B1952003730261N12154059WA0027200266004003021240265
B1952013730259N12154063WA0027200266004003022240266
B1952023730257N12154067WA0027200265004003022238263
B1952033730256N12154070WA0027100266004003021241251
B1952043730255N12154074WA0027100265004003022251253
B1952053730254N12154078WA0027200266004003021260257
B1952063730254N12154081WA0027200267004003021269277
B1952073730254N12154085WA0027300268004003019272289
B1952083730254N12154088WA0027400268004003020278302
B1952093730255N12154092WA0027400268004003020295304
B1952103730257N12154095WA0027400269004003020318318
B1952113730260N12154097WA0027600269004003020337323
B1952123730262N12154098WA0027700269004003018349324
B1952133730264N12154098WA0027700270004003013355327
B1952143730266N12154098WA0027600269004003013346316
B1952153730268N12154099WA0027300268004003013335317
B1952163730270N12154101WA0027100265004003013323319
B1952173730272N12154103WA0026900263004003016319311
B1952183730273N12154104WA0026700263004003013335330
B1952193730275N12154105WA0026700263004003013004346
B1952203730277N12154104WA0026600261004003013023352
B1952213730280N12154102WA0026500259004003015017345
B1952223730283N12154102WA0026300257004003018002335
B1952233730287N12154103WA0026100256004003024348321
B1952243730289N12154104WA0026000255004003024335318
B1952253730292N12154106WA0026000255004003020323313
B1952263730293N12154107WA0025900253004003015312305
B1952273730294N12154109WA0025700251004003012304298
B1952283730295N12154111WA0025400249004003015297290
B1952293730296N12154114WA0025200245004003018288287
B1952303730297N12154118WA0024900243004003018281281
B1952313730297N12154121WA0024700241004003018272277
B1952323730297N12154124WA0024400238004003017257265
B1952333730296N12154127WA0024100237004003020251270
B1952343730295N12154131WA0023800233004003022249275
B1952353730294N12154135WA0023500233004003022254281
B1952363730293N12154140WA0023400233004003023258283
B1952373730292N12154144WA0023500233004003023262278
B1952383730292N12154146WA0023600234004003013261279
B1952393730291N12154148WA0023600234004003013260273
B1952403730291N12154151WA0023600233004003013263274
B1952413730291N12154154WA0023600233004003015273281
B1952423730291N12154158WA0023500232004003016284273
B1952433730292N12154160WA0023600232004003014283280
B1952443730292N12154163WA0023600232004003014271286
B1952453730292N12154165WA0023600232004003014259280
B1952463730292N12154168WA0023600231004003016253281
B1952473730291N12154172WA0023700232004003020247280
B1952483730290N12154176WA0023800232004003016254257
B1952493730289N12154178WA0023800232004003016266286
B1952503730289N12154180WA0023800232004003013267282
B1952513730289N12154183WA0023800231004003013255268
B1952523730288N12154186WA0023800231004003020246269
B1952533730287N12154190WA0023800232004003021245280
B1952543730285N12154193WA0023900232004003020259304
B1952553730286N12154196WA0024100233004003017298296
B1952563730288N12154198WA0024200233004003017330314
B1952573730291N12154199WA0024400234004003022348339
B1952583730295N12154200WA0024500235004003022006350
B1952593730298N12154198WA0024600237005003021021000
B1953003730301N12154196WA0024600237004003021026354
B1953013730305N12154194WA0024600237004003024021339
B1953023730309N12154193WA0024600237004003028008332
B1953033730313N12154193WA0024500237004003028348329
B1953043730316N12154196WA0024500237004003027323319
B1953053730318N12154199WA0024600239004003024313303
B1953063730320N12154201WA0024800241004003021312294
B1953073730321N12154203WA0024900242004003012301296
B1953083730322N12154205WA0025000242004003013280285
B1953093730322N12154208WA0025000242004003013261272
B1953103730321N12154212WA0024900242004003017245260
B1953113730319N12154215WA0024900242004003019221247
B1953123730316N12154217WA0024900242004003024201228
B1953133730312N12154218WA0024800242004003029180210
B1953143730307N12154217WA0024900242004003029166185
B1953153730303N12154214WA0024900242004003030146172
B1953163730300N12154209WA0024800242004003031128151
B1953173730297N12154203WA0024800241004003040111131
B1953183730296N12154195WA0024700241004003042094110
B1953193730298N12154187WA0024800241004003042071091
B1953203730300N12154180WA0024900242004003042047064
B1953213730304N12154176WA0025000243004003035032037
B1953223730308N12154174WA0025100244004003026022017
B1953233730311N12154173WA0025200246004003026016000
B1953243730315N12154172WA0025300246004003025007353
B1953253730318N12154172WA0025400247004003023355343
B1953263730321N12154173WA0025400247004003022344330
B1953273730324N12154175WA0025500248004003024338320
B1953283730328N12154177WA0025600249004003024330316
B1953293730330N12154179WA0025800251004003023306309
B1953303730331N12154182WA0025800250004003018256292
B1953313730330N12154184WA0025700249004003017222259
B1953323730328N12154187WA0025500247004003019230238
B1953333730326N12154190WA0025300245004003019251250
B1953343730326N12154194WA0025200245004003019272263
B1953353730327N12154196WA0025100245004003018302285
B1953363730329N12154198WA0025100244004003016325293
B1953373730331N12154200WA0025000243004003018334317
B1953383730334N12154201WA0025000243004003021340325
B1953393730337N12154202WA0025000243004003021351336
B1953403730341N12154202WA0024900242004003023005327
B1953413730344N12154201WA0024800241004003024013330
B1953423730348N12154200WA0024700241004003025018339
B1953433730352N12154198WA0024600239004003028019341
B1953443730356N12154196WA0024600239004003028022345
B1953453730360N12154193WA0024500238004003032027349
B1953463730364N12154190WA0024400238004003033031333
B1953473730369N12154186WA0024300236004003034029334
B1953483730374N12154184WA0024100235004003035021332
B1953493730379N12154183WA0024000233004003034006329
B1953503730384N12154182WA0023900234004003034349328
B1953513730388N12154184WA0024000235004003032345315
B1953523730391N12154185WA0024200237004003024343315
B1953533730395N12154187WA0024300237004003024333307
B1953543730397N12154189WA0024500238004003022318303
B1953553730399N12154192WA0024600239004003020303291
B1953563730400N12154195WA0024600239004003018286282
B1953573730400N12154198WA0024600239004003014273273
B1953583730400N12154200WA0024600239004003015259262
B1953593730399N12154203WA0024600238004003015253262
B1954003730399N12154206WA0024400238004003017258261
B1954013730398N12154210WA0024300237004003019272265
B1954023730399N12154214WA0024200236004003021293271
B1954033730401N12154217WA0024100235004003021311276
B1954043730403N12154219WA0024000235004003019321290
B1954053730405N12154221WA0024000234004003018326294
B1954063730407N12154223WA0023900233004003017327286
B1954073730409N12154225WA0023700231004003017324274
B1954083730411N12154227WA0023600230004003018316265
B1954093730413N12154230WA0023500228004003017300258
B1954103730413N12154233WA0023300227004003017276255
B1954113730413N12154235WA0023200226004003016250246
B1954123730411N12154238WA0023100225004003016225235
B1954133730409N12154240WA0023100224004003019211225
B1954143730406N12154242WA0023000224004003019205221
B1954153730402N12154244WA0023000223004003024202213
B1954163730398N12154245WA0022900223004003026195207
B1954173730395N12154246WA0022900223004003025180196
B1954183730391N12154245WA0022800222004003026166190
B1954193730387N12154243WA0022700220004003026154179
B1954203730383N12154240WA0022500218004003028143172
B1954213730380N12154236WA0022400216005003031136165
B1954223730376N12154231WA0022200215004003033132153
B1954233730373N12154226WA0022100215004003034127149
B1954243730371N12154220WA0022000214004003034116140
B1954253730369N12154214WA0021900212004003036110138
B1954263730366N12154207WA0021800211004003038114138
B1954273730363N12154201WA0021700210004003037126145
B1954283730359N12154196WA0021500208004003037132150
B1954293730356N12154191WA0021400206004003037132156
B1954303730352N12154186WA0021200204004003035135172
B1954313730349N12154183WA0020900203004003031153184
B1954323730345N12154181WA0020600202004003029186202
B1954333730341N12154184WA0020300199004003029214234
B1954343730339N12154189WA0020100197004003028243257
B1954353730339N12154192WA0019900195004003023292270
B1954363730342N12154194WA0019800194004003020336295
B1954373730345N12154195WA0019700192004003024347315
B1954383730349N12154196WA0019500191004003024353313
B1954393730352N12154196WA0019500190004003022356311
B1954403730355N12154196WA0019400189004003022356317
B1954413730359N12154197WA0019400189004003023350322
B1954423730362N12154198WA0019400189004003024347319
B1954433730366N12154199WA0019500190004003024347303
B1954443730369N12154200WA0019500190004003023354300
B1954453730372N12154200WA0019500190004003023357306
B1954463730376N12154200WA0019400189004003022351302
B1954473730378N12154202WA0019200187004003021331304
B1954483730381N12154204WA0019100185004003022313297
B1954493730382N12154207WA0019000184004003021305284
B1954503730383N12154210WA0018800184004003018294274
B1954513730384N12154212WA0018700182004003014279264
B1954523730384N12154214WA0018400181004003013244253
B1954533730382N12154216WA0018200178004003019224242
B1954543730379N12154219WA0017900175004003019214229
B1954553730376N12154221WA0017800174004003021208218
B1954563730374N12154222WA0017700173004003021204219
B1954573730372N12154223WA0017600171004003015200213
B1954583730369N12154225WA0017500170004003018202226
B1954593730366N12154226WA0017300168004003018200223
B1955003730363N12154227WA0017200166004003022197231
B1955013730360N12154229WA0017100166004003022208250
B1955023730358N12154231WA0017000165004003016239263
B1955033730358N12154234WA0016900163004003016281293
B1955043730360N12154236WA0016700161004003016318303
B1955053730364N12154238WA0016500159004003020347310
B1955063730368N12154238WA0016400158004003028358337
B1955073730373N12154238WA0016300158004003029359345
B1955083730376N12154238WA0016300157004003029002335
B1955093730380N12154238WA0016100156004003024354329
B1955103730383N12154239WA0016000155004003021331317
B1955113730385N12154242WA0015900153004003021313307
B1955123730387N12154245WA0015700153004003007307295
B1955133730387N12154245WA0015700153004003007307279
B1955143730386N12154245WA0015700152004003000307280
B1955153730386N12154245WA0015800152004003001307280
B1955163730386N12154245WA0015800152004003001307280
B1955173730386N12154245WA0015800152004003000307279
B1955183730386N12154245WA0015800151004003001307279
B1955193730386N12154245WA0015800151004003000307279
B1955203730386N12154245WA0015800151004003001307279
B1955213730386N12154245WA0015800151004003000307282
B1955223730386N12154245WA0015800151004003001307290
B1955233730386N12154245WA0015800151004003001307289
B1955243730386N12154245WA0015800151004003000307286
B1955253730386N12154245WA0015800151004003001307280
B1955263730386N12154245WA0015800151004003001307303
B1955273730386N12154245WA0015800151004003001307298
B1955283730386N12154245WA0015800151004003001307292
B1955293730386N12154245WA0015800151004003000307293
B1955303730386N12154245WA0015800150004003000307292
B1955313730386N12154245WA0015800150004003000307290
B1955323730386N12154245WA0015800150004003000307291
B1955333730386N12154245WA0015800150004003000307291
B1955343730386N12154245WA0015800150004003000307290
B1955353730386N12154245WA0015800150004003000307290
B1955363730386N12154245WA0015800150004003000307280
B1955373730386N12154245WA0015800150004003000307291
B1955383730386N12154245WA0015800150004003000307294
B1955393730386N12154245WA0015800150004003000307274
B1955403730386N12154245WA0015800150004003000307297
B1955413730386N12154245WA0015800150004003001307313
B1955423730386N12154245WA0015800150004003000307310
B1955433730386N12154245WA0015800150004003000307332
B1955443730386N12154245WA0015800150004003000307327
B1955453730386N12154245WA0015800150004003001307319
GqwsaLWMsfkF9soZqYsnBVb+yGBoSnZlvxbyLhaeQWm4EVzvXGAh4+/aDJE/h2hjl
GqhllPOF46m9rfM2sg6i6XsOpO+wXfWHULtHLIX88Ri1QaOw5OpzzTInYFjpKov/C
GOuZuigbCK3S2wnf5xvTZkZMsw0798dzuaG6esRY9UVQ=
