AXFH000
HFDTE300826
HFPLTPILOT:KaranS
HFGTYGLIDERTYPE:Niviuk Hiko P
HFDTM100GPSDATUM:WGS84
HFRFWFIRMWAREVERSION:9.7.1
HFRHWHARDWAREVERSION:iPhone 17 Pro
HFFTYFRTYPE:Flyskyhy,9.7.1
HFGPS:Internal
HFPRSVARIO:XC Tracer
HFCCLCOMPETITIONCLASS:Paraglider,EN-B
HFTZNTIMEZONE:-7
HFSITSITE:Dunlap,US
I053638FXA3941VXA4244GSP4547CCO4850HDT
C300826183529300826000106TASK
C0000000N00000000ETAKEOFF
C3646164N11906086W00000000000400000000360000STARTAREA DNLNCH
C3646886N11907285W00000000000400000000360000TURNAREA 49917
C3644816N11904600W00000000000400000000360000TURNAREA SONTAG
C3647347N11907139W00000000001000000000360000TURNAREA DELILA
C3644411N11907767W00000000001200000000360000TURNAREA TURKEY
C3646164N11906086W00000000000400000000360000TURNAREA DNLNCH
C3642989N11908259W00000000001200000000360000TURNAREA AIRSTR
C3644153N11906287W00000000000400000000360000FINISHAREA DNLPLZ
C0000000N00000000ELANDING
B1835583645905N11905879WA0141701417005003000109017
B1835593645905N11905879WA0141701417005003000109018
B1836003645905N11905879WA0141701417005003000109018
B1836013645905N11905879WA0141701417005003000109017
B1836023645905N11905879WA0141701417005003000109017
B1836033645905N11905879WA0141701417005003000109010
B1836043645905N11905879WA0141701417005003000109009
B1836053645905N11905879WA0141701417005003000109017
B1836063645905N11905879WA0141701417005003000109027
B1836073645905N11905879WA0141701417005003000109034
B1836083645905N11905879WA0141701418005003001109333
B1836093645905N11905879WA0141701417005003000109309
B1836103645905N11905879WA0141701418005003000109336
B1836113645905N11905879WA0141701417005003001109034
B1836123645905N11905879WA0141701417005003000109000
B1836133645905N11905879WA0141701417005003000109358
B1836143645905N11905879WA0141701417005003000109359
B1836153645905N11905879WA0141701417005003000109031
B1836163645905N11905879WA0141701417005003001109038
B1836173645906N11905879WA0141701417005003003013050
B1836183645906N11905878WA0141701417005003003031056
B1836193645906N11905878WA0141801417005003003031288
B1836203645907N11905878WA0141701417005003002031192
B1836213645907N11905878WA0141701417005003002278186
B1836223645906N11905878WA0141601417005003002240118
B1836233645906N11905880WA0141501417005003002228165
B1836243645904N11905882WA0141401416005003009233121
B1836253645903N11905884WA0141301415005003015241175
B1836263645902N11905887WA0141301415005003016238234
B1836273645900N11905889WA0141201414005003016220251
B1836283645897N11905891WA0141101414005003018215192
B1836293645896N11905894WA0141201414005003018238202
B1836313645895N11905898WA0141201414005003023259261
B1836323645894N11905903WA0141301415005003023258263
B1836333645893N11905906WA0141701417005003023239269
B1836343645891N11905909WA0141901417005003017218266
B1836353645890N11905911WA0142001417005003018225256
B1836363645888N11905914WA0142001418005003018245266
B1836373645887N11905919WA0142101419005003021252260
B1836383645886N11905924WA0142201421005003025260270
B1836393645886N11905927WA0142301422005003025268276
B1836403645886N11905930WA0142301422005003020278272
B1836413645887N11905933WA0142201421005003020288281
B1836423645888N11905937WA0142101419005003026291295
B1836433645890N11905942WA0142101420005003034293300
B1836443645892N11905948WA0142101421005003034305296
B1836453645895N11905953WA0142301422005003034316316
B1836463645898N11905957WA0142501424005003029318309
B1836473645901N11905960WA0142701424005003029303295
B1836483645903N11905964WA0142701424005003023293293
B1836493645904N11905969WA0142701424005003023283289
B1836503645905N11905973WA0142801425005003025286297
B1836513645906N11905977WA0142901426005003025294294
B1836523645907N11905981WA0142901426005003024300311
B1836533645909N11905984WA0142801425005003022299287
B1836543645910N11905987WA0142601424005003022287279
B1836553645911N11905992WA0142301421005003025278281
B1836563645912N11905997WA0142201422005003025273296
B1836573645912N11906003WA0142201422005003029280288
B1836583645913N11906008WA0142201423005003027285302
B1836593645914N11906012WA0142201423005003027289288
B1837003645916N11906017WA0142101422005003027289288
B1837013645917N11906022WA0142001420005003028288288
B1837023645918N11906027WA0141901420005003027286290
B1837033645919N11906032WA0141901420005003027282298
B1837043645920N11906036WA0141901419005003025280287
B1837053645921N11906041WA0141901419005003025283288
B1837063645922N11906045WA0141901420005003024285286
B1837073645923N11906049WA0142001420005003024285285
B1837083645924N11906053WA0142001420005003023287280
B1837093645925N11906057WA0142001420005003023290294
B1837103645926N11906061WA0142001420005003024287286
B1837113645927N11906066WA0142001420005003024280277
B1837123645927N11906070WA0142001420005003023268278
B1837133645926N11906074WA0142001420005003023262282
B1837143645926N11906079WA0142101422005003024262290
B1837153645925N11906084WA0142301422005003025268289
B1837163645925N11906089WA0142501425005003025272282
B1837173645926N11906093WA0142701427005003024278287
B1837183645927N11906098WA0142901429005003024282291
B1837193645928N11906102WA0143101431005003024285294
B1837203645929N11906108WA0143301433005003029288293
B1837213645930N11906113WA0143501436005003029285266
B1837223645930N11906118WA0143801438005003029271243
B1837233645929N11906121WA0144101441004003026247229
B1837243645928N11906122WA0144301443005003018209219
B1837253645926N11906122WA0144401445004003011175203
B1837263645924N11906121WA0144501446004003014151191
B1837273645922N11906118WA0144601446004003014132161
B1837283645921N11906114WA0144701448004003020116165
B1837293645920N11906109WA0144901450004003024102143
B1837303645919N11906104WA0145001451004003028097165
B1837313645919N11906098WA0145201452004003029095151
B1837323645918N11906093WA0145301454004003028101154
B1837333645916N11906089WA0145401455004003028117149
B1837343645913N11906087WA0145501455004003025144163
B1837353645910N11906086WA0145601456004003022175181
B1837363645907N11906088WA0145701459004003022210204
B1837373645905N11906090WA0146101459004003021256224
B1837383645905N11906094WA0146401463004003018274247
B1837393645906N11906097WA0146601463004003017295262
B1837403645907N11906100WA0146701462004003015294262
B1837413645908N11906103WA0146801462004003016276259
B1837423645909N11906106WA0146701462004003016263256
B1837433645908N11906111WA0146701462004003021259250
B1837443645907N11906116WA0146901463004003025260268
B1837453645907N11906121WA0147101465004003023267254
B1837463645907N11906125WA0147301468004003023272272
B1837473645907N11906129WA0147501468004003022288269
B1837483645908N11906133WA0147501468004003021293278
B1837493645910N11906136WA0147401467004003021297284
B1837503645912N11906141WA0147301466004003028300297
B1837513645915N11906146WA0147101466004003033306306
B1837523645918N11906151WA0147101466004003033313320
B1837533645922N11906155WA0147201467004003033317327
B1837543645926N11906159WA0147301469004003032320335
B1837553645929N11906162WA0147401470004003029324307
B1837563645933N11906165WA0147301469004003033325310
B1837573645938N11906170WA0147301469004003033320297
B1837583645942N11906175WA0147301470004003038311308
B1837593645946N11906181WA0147501471004003038299280
B1838003645948N11906186WA0147501472004003029296295
B1838013645949N11906190WA0147401471004003029296288
B1838023645951N11906194WA0147201470004003026298290
B1838033645953N11906199WA0147001470004003026298302
B1838043645955N11906204WA0146901468004003030299301
B1838053645958N11906208WA0146701467004003032305319
B1838063645961N11906212WA0146701467004003032314323
B1838073645965N11906216WA0146601466004003031324306
B1838083645970N11906219WA0146501465004003031330306
B1838093645974N11906222WA0146401464004003035329299
B1838103645979N11906227WA0146401464004003037321286
B1838113645982N11906231WA0146401464004003037309288
B1838123645984N11906236WA0146401464004003033299285
B1838133645986N11906241WA0146401465004003030294279
B1838143645989N11906251WA0146501466004003029293284
B1838153645991N11906256WA0146601466004003029291277
B1838163645992N11906260WA0146601467004003026286273
B1838173645992N11906264WA0146501466004003022279262
B1838183645993N11906268WA0146501466004003021274269
B1838193645993N11906271WA0146501465005003021271275
B1838203645993N11906275WA0146401465005003021266258
B1838213645992N11906279WA0146301464005003020265261
B1838223645992N11906282WA0146301463004003019266266
B1838233645992N11906286WA0146201463004003019266272
B1838243645992N11906289WA0146201462004003019267271
B1838253645992N11906293WA0146101461004003018269268
B1838263645992N11906296WA0146101461004003019271270
B1838273645992N11906300WA0146001460004003021274272
B1838283645993N11906304WA0146001460004003021281289
B1838293645993N11906308WA0145901460004003021287278
B1838303645995N11906312WA0146001460004003025290283
B1838313645996N11906316WA0146001460004003025294274
B1838323645998N11906320WA0146001461004003023291268
B1838333645998N11906324WA0146101461004003023284263
B1838343645999N11906328WA0146101462004003022277269
B1838353645999N11906332WA0146201464005003022269258
B1838363645999N11906335WA0146301464004003019267253
B1838373645999N11906338WA0146401465004003016269260
B1838383645999N11906341WA0146401465005003018271268
B1838393645999N11906345WA0146401464005003021270279
B1838403645999N11906349WA0146401465004003021270270
B1838413645999N11906353WA0146401465004003022270274
B1838423645999N11906357WA0146501466005003021269269
B1838433645999N11906361WA0146501467005003021272269
B1838443645999N11906365WA0146601467005003020276275
B1838453646000N11906368WA0146601467005003019276269
B1838463646000N11906372WA0146601467005003019274263
B1838473646000N11906375WA0146601466004003021272248
B1838483646000N11906379WA0146601467004003021267244
B1838493645999N11906383WA0146601468005003022258230
B1838503645998N11906387WA0146701469004003020241211
B1838513645996N11906388WA0146801470004003020215194
B1838523645994N11906388WA0146901471004003015178182
B1838533645992N11906386WA0147001471004003015147159
B1838543645990N11906383WA0146901470004003023126160
B1838553645988N11906378WA0146901471004003028113146
B1838563645987N11906373WA0147001471004003028106136
B1838573645986N11906367WA0147001472004003030098132
B1838583645986N11906362WA0147101472004003030092130
B1838593645986N11906356WA0147101472004003031091125
B1839003645986N11906350WA0147101473004003031089125
B1839013645986N11906343WA0147201473004003033087123
B1839023645986N11906336WA0147201473004003035085137
B1839033645987N11906330WA0147301474004003035085147
B1839043645987N11906325WA0147301474004003033092137
B1839053645985N11906319WA0147301474004003030103142
B1839063645984N11906314WA0147301474004003031114146
B1839073645981N11906310WA0147401475004003031122153
B1839083645980N11906307WA0147401476004003027135160
B1839093645978N11906306WA0147401476004003018157168
B1839103645976N11906306WA0147501476004003012174180
B1839113645974N11906307WA0147601478004003016185193
B1839123645971N11906307WA0147701478004003015197196
B1839133645969N11906308WA0147901481004003015204205
B1839143645968N11906310WA0148101482004003016227211
B1839153645967N11906314WA0148301484004003021250232
B1839163645966N11906319WA0148501486004003021263250
B1839173645967N11906324WA0148801488004003027276268
B1839183645969N11906329WA0148901490004003030300279
B1839193645971N11906334WA0148901489004003034329301
B1839203645977N11906336WA0148901489004003034338326
B1839213645982N11906338WA0148901489004003036350335
B1839233645988N11906338WA0149001490004003038359348
B1839243645994N11906336WA0148901490004003039010001
B1839253646000N11906335WA0148801489004003039034014
B1839263646004N11906328WA0148801489004003043047044
B1839273646009N11906320WA0148901489004003049057059
B1839283646012N11906312WA0149201492004003049081069
B1839293646012N11906304WA0149501496004003043091096
B1839303646011N11906297WA0149801496004003037120108
B1839313646008N11906294WA0150001498004003023142138
B1839323646004N11906294WA0150101500004003023175164
B1839333646000N11906294WA0150401501004003022220187
B1839343645999N11906297WA0150601505004003021242217
B1839353645999N11906301WA0150901507004003019284232
B1839363646001N11906305WA0151201510004003022303259
B1839373646003N11906308WA0151301511004003022313277
B1839383646007N11906312WA0151301512004003026323285
B1839393646011N11906316WA0151501512004003042344298
B1839403646018N11906317WA0151701513004003046004331
B1839413646025N11906314WA0151901516004003046020355
B1839423646030N11906308WA0152001518004003046046015
B1839433646031N11906300WA0152201520004003041076050
B1839443646030N11906293WA0152401522004003041102089
E183944TPCWaypoint DNLNCH reached
B1839453646029N11906286WA0152601523004003038121119
B1839463646025N11906282WA0152801526004003033131139
B1839473646023N11906278WA0153101529004003030125149
B1839483646021N11906272WA0153301532004003033115149
B1839493646019N11906266WA0153701536004003033106137
B1839503646018N11906259WA0154001540004003036099128
B1839513646017N11906253WA0154301544004003035095130
B1839523646017N11906246WA0154601546004003036091127
B1839533646017N11906239WA0154801548004003036093141
B1839543646016N11906231WA0155001550004003039100142
B1839553646015N11906224WA0155101550004003036109149
B1839563646012N11906219WA0155201551004003036116159
B1839573646010N11906216WA0155301552004003032135163
B1839583646007N11906215WA0155301553004003025162174
B1839593646004N11906215WA0155401554004003020187192
B1840003646001N11906216WA0155601556004003020197204
B1840013645998N11906217WA0155801559004003019193214
B1840023645995N11906218WA0156101559004003019177209
B1840033645993N11906218WA0156301562004003015178209
B1840043645991N11906219WA0156401564004003015203211
B1840053645990N11906221WA0156501565004003015252222
B1840063645991N11906225WA0156601565004003015280245
B1840073645992N11906230WA0156801566004003031300259
B1840083645995N11906235WA0157001568004003034321283
B1840093646000N11906238WA0157301571004003034336302
B1840103646006N11906238WA0157501574004003036352317
B1840113646012N11906238WA0157801576004003041001335
B1840123646018N11906237WA0158001579004003044008348
B1840133646025N11906234WA0158201582004003044020358
B1840143646031N11906229WA0158401584004003046034014
B1840153646036N11906222WA0158601586004003049049033
B1840163646041N11906215WA0158901587004003049064054
B1840173646042N11906207WA0159201590004003047077074
B1840183646042N11906200WA0159401593004003043093091
B1840193646040N11906194WA0159601595004003033109111
B1840203646034N11906189WA0159901599004003027171155
B1840213646032N11906192WA0160101601004003020215187
B1840223646030N11906195WA0160301604004003020248217
B1840233646031N11906199WA0160601608004003022274237
B1840243646033N11906203WA0160801611004003025303254
B1840253646037N11906206WA0161101614004003025325276
B1840263646042N11906209WA0161401616004003031341294
B1840273646047N11906211WA0161601616004003041356315
B1840283646053N11906210WA0161801617004003048014339
B1840293646061N11906206WA0162001619004003048025004
B1840303646067N11906201WA0162101619004003051043019
B1840313646072N11906193WA0162401620004003045070044
B1840323646073N11906185WA0162801622004003045097081
B1840333646070N11906178WA0163101627004003037114114
B1840353646067N11906174WA0163501631004003034132136
B1840363646063N11906171WA0163801636004003025143154
B1840373646060N11906169WA0164101639004003025153169
B1840383646058N11906168WA0164301642004003020173176
B1840393646055N11906169WA0164601645004003016196192
B1840403646053N11906170WA0164701647004003016217208
B1840413646051N11906173WA0164901650004003019241219
B1840423646051N11906177WA0165301654004003019263233
B1840433646052N11906180WA0165601658004003021287246
B1840443646054N11906184WA0165901661004003026315262
B1840453646058N11906186WA0166201665004003031332286
B1840463646063N11906188WA0166501667004003031341305
B1840473646068N11906189WA0166601670004003033347314
B1840483646073N11906190WA0166701671004003038355322
B1840493646079N11906188WA0166801672004003043009336
B1840503646086N11906185WA0166901673004003043023356
B1840513646092N11906179WA0167001675004003047036015
B1840523646096N11906173WA0167201677004003047047033
B1840533646100N11906165WA0167301679004003048056048
B1840543646104N11906157WA0167501681004003048064061
B1840553646106N11906149WA0167801684004003048071072
B1840563646107N11906141WA0168101688004003042080082
B1840573646106N11906134WA0168301691004003042092095
B1840583646105N11906128WA0168601693004003036107110
B1840593646103N11906122WA0168801693004003033129130
B1841003646100N11906118WA0169001696004003033135153
B1841013646096N11906115WA0169301700004003033147158
B1841023646093N11906114WA0169601704004003028167168
B1841033646090N11906114WA0169801704004003021211186
B1841043646088N11906116WA0170001706004003014226217
B1841053646087N11906119WA0170101707004003016234229
B1841063646085N11906121WA0170201709004003016228231
B1841073646083N11906124WA0170301711004003019218231
B1841083646080N11906126WA0170601713004003021207230
B1841093646077N11906127WA0170801715004003021204237
B1841103646076N11906129WA0171001717004003018218235
B1841113646075N11906131WA0171101719004003014248239
B1841123646075N11906135WA0171301721004003017262246
B1841133646074N11906138WA0171601722004003020270258
B1841143646074N11906142WA0171901723004003020291270
B1841153646076N11906146WA0172101723004003020326281
B1841163646080N11906148WA0172301724004003035350302
B1841173646086N11906148WA0172401725004003037356334
B1841183646091N11906148WA0172501728004003037359327
B1841193646097N11906148WA0172701729004003037346317
B1841203646101N11906151WA0172801731004003027333309
B1841213646103N11906154WA0172901732004003027309294
B1841223646105N11906158WA0173001733004003025295274
B1841233646106N11906163WA0173001735004003024289261
B1841243646106N11906167WA0173201737004003023269246
B1841253646105N11906171WA0173401740004003023239236
B1841263646103N11906174WA0173701741004003023201221
B1841273646099N11906175WA0173901743004003023169201
B1841283646095N11906173WA0174301747004003023157198
B1841293646092N11906171WA0174601748004003023142200
B1841303646089N11906168WA0174801748004003023144190
B1841313646085N11906165WA0175001750004003024157185
B1841323646081N11906163WA0175101752004003027163194
B1841333646077N11906162WA0175401754004003030171196
B1841343646073N11906161WA0175801757004003027175215
B1841353646069N11906161WA0176201763004003027174217
B1841363646066N11906160WA0176701768004003022168197
B1841373646062N11906159WA0177001769004003022156200
B1841383646060N11906158WA0177101769004003022142199
B1841393646057N11906155WA0177101770004003022136180
B1841403646054N11906152WA0177001771004003030141181
B1841413646050N11906148WA0177001771004003033146180
B1841423646046N11906145WA0177001772004003033154192
B1841433646041N11906144WA0177001774004003033163194
B1841443646038N11906143WA0177101775004003025170192
B1841453646034N11906142WA0177001775004003025172194
B1841463646031N11906141WA0176901775004003025168195
B1841473646027N11906139WA0176901775004003025158191
B1841483646023N11906137WA0176801774004003030150189
B1841493646019N11906134WA0176701774004003032150186
B1841503646014N11906131WA0176601774004003032152175
B1841513646010N11906127WA0176601775004003034145158
B1841523646007N11906122WA0176601775004003036131135
B1841533646004N11906115WA0176601774004003038115124
B1841543646003N11906108WA0176501774004003038103117
B1841553646002N11906100WA0176501774004003041092098
B1841563646003N11906091WA0176501774004003044083086
B1841573646005N11906083WA0176501774004003045073075
B1841583646008N11906076WA0176401774004003045060057
B1841593646013N11906069WA0176301774004003046045041
B1842003646019N11906066WA0176301773004003044026021
B1842013646025N11906065WA0176201772004003044005001
B1842023646029N11906066WA0176101772004003038346339
B1842033646033N11906068WA0176101772004003031334320
B1842043646035N11906070WA0176001771004003020327303
B1842053646037N11906073WA0175901769004003020316297
B1842063646039N11906076WA0175801768004003020310297
B1842073646042N11906079WA0175701769004003023319303
B1842083646045N11906082WA0175801770004003024328304
B1842093646048N11906084WA0176001772004003024329292
B1842103646051N11906086WA0176001772004003021322294
B1842113646052N11906088WA0176001771004003017319294
B1842123646054N11906090WA0175801770004003017317290
B1842133646057N11906093WA0175701768004003020315298
B1842143646059N11906096WA0175501767004003020314295
B1842153646062N11906099WA0175401766004003023319306
B1842163646065N11906101WA0175301765004003024328309
B1842173646069N11906103WA0175201764004003027338319
B1842183646073N11906104WA0175101763004003027343328
B1842193646077N11906106WA0175101764004003029345317
B1842203646081N11906107WA0175101764004003029346318
B1842213646085N11906108WA0175101765004003029351318
B1842223646090N11906108WA0175201766004003029352313
B1842233646094N11906109WA0175301767004003028349331
B1842243646097N11906110WA0175401768004003025344317
B1842253646101N11906112WA0175401768004003025343329
B1842263646105N11906113WA0175401769004003025343336
B1842273646109N11906115WA0175501769004003028341328
B1842283646114N11906117WA0175501769004003033339314
B1842293646119N11906119WA0175601771004003033340325
B1842303646123N11906121WA0175701772004003033347317
B1842313646128N11906122WA0175801772004003032004312
B1842323646133N11906121WA0175701772004003030002318
B1842333646137N11906121WA0175601771004003030344298
B1842343646141N11906123WA0175401768004003028333296
B1842353646144N11906126WA0175201766004003028322294
B1842363646147N11906130WA0175101766004003029316296
B1842373646150N11906134WA0175201767004003029313303
B1842383646152N11906137WA0175301768004003025315308
B1842393646155N11906139WA0175301768004003022343260
B1842403646157N11906139WA0175301767004003013345271
B1842413646158N11906140WA0175101766004003013309273
B1842423646159N11906142WA0174801766004003013268277
B1842433646159N11906146WA0174601764004003017273283
B1842443646159N11906150WA0174401764004003028296283
B1842453646162N11906155WA0174301763004003031303302
B1842463646165N11906160WA0174301763004003031307286
B1842473646167N11906164WA0174201763004003031306281
B1842483646169N11906168WA0174301763004003024304276
B1842493646171N11906171WA0174301763004003024310287
B1842503646173N11906173WA0174301763004003019318291
B1842513646175N11906174WA0174301762004003015318268
B1842523646176N11906177WA0174201761004003014301252
B1842533646177N11906179WA0174101761004003015262241
B1842543646176N11906182WA0174101761004003015221228
B1842553646173N11906183WA0174201762004003017195203
B1842563646169N11906182WA0174301762004003023172195
B1842573646166N11906181WA0174401762004003023147191
B1842583646163N11906179WA0174401762004003023142192
B1842593646160N11906175WA0174301761004003023135186
B1843003646157N11906171WA0174201759004003029131190
B1843013646155N11906166WA0174101758004003030125185
B1843023646152N11906162WA0174001757004003029121182
B1843033646150N11906157WA0173901755004003029117166
B1843043646149N11906152WA0173701753004003030112159
B1843053646147N11906146WA0173401750004003034110151
B1843063646144N11906140WA0173201748004003034117144
B1843073646141N11906135WA0173001746004003034126155
B1843083646138N11906130WA0172801743004003031133161
B1843093646134N11906127WA0172601741004003031143170
B1843103646131N11906124WA0172301739004003029148176
B1843113646128N11906123WA0172101736004003026157177
B1843123646125N11906122WA0171901734004003021173187
B1843133646122N11906122WA0171601731004003021180200
B1843143646119N11906123WA0171501730004003020184203
B1843153646117N11906124WA0171301728004003019194211
B1843163646114N11906124WA0171301729004003017200211
B1843173646112N11906126WA0171301729004003017201228
B1843183646109N11906127WA0171301729004003016203227
B1843193646108N11906128WA0171301728004003015202233
B1843203646105N11906129WA0171201727004003016193231
B1843213646102N11906129WA0171201727004003020187232
B1843223646099N11906130WA0171201727004003020186233
B1843233646096N11906130WA0171201727004003020187235
B1843243646094N11906131WA0171201727004003016192225
B1843253646091N11906132WA0171101726004003020205225
B1843263646088N11906135WA0171101726004003020213230
B1843273646085N11906138WA0171201726004003025217228
B1843283646082N11906141WA0171301727004003025223233
B1843293646079N11906144WA0171501729004003025222239
B1843303646076N11906146WA0171701731004003024212245
B1843313646073N11906148WA0171901733004003022200235
B1843323646070N11906149WA0172101735004003023198237
B1843333646067N11906150WA0172301737004003023199226
B1843343646064N11906152WA0172401739004003022201232
B1843353646061N11906153WA0172501740004003020200219
B1843363646059N11906154WA0172601740004003019204223
B1843373646056N11906156WA0172601741004003021202220
B1843383646052N11906157WA0172701742004003021186213
B1843393646048N11906155WA0172901744004003024168194
B1843403646044N11906153WA0173001745004003033152173
B1843413646040N11906148WA0173101746004003039139155
B1843423646035N11906143WA0173201746004003039120129
B1843433646033N11906134WA0173201746004003045108109
B1843443646032N11906125WA0173301747004003048093088
B1843453646033N11906116WA0173301747004003048081067
B1843463646036N11906108WA0173201747004003047067051
B1843473646041N11906101WA0173101746004003047050033
B1843483646047N11906097WA0173101745004003046029014
B1843493646053N11906096WA0173001745004003046007355
B1843503646057N11906096WA0173101745004003038351336
B1843513646060N11906098WA0173101746004003029340325
B1843523646062N11906099WA0173101746004003017328310
B1843533646064N11906101WA0173101746004003017318294
B1843543646066N11906104WA0173101746004003017311290
B1843553646068N11906107WA0173101746004003018305289
B1843563646069N11906111WA0173201747004003022298283
B1843573646070N11906115WA0173201748004003023289290
B1843583646071N11906119WA0173401749004003023276283
B1843593646071N11906123WA0173501751004003023268272
B1844003646071N11906127WA0173601752004003020266290
B1844013646070N11906130WA0173701753004003020265269
B1844023646070N11906134WA0173701753004003018266260
B1844033646070N11906137WA0173701753004003018258262
B1844043646068N11906140WA0173801753004003019244251
B1844053646067N11906143WA0173801754004003019231249
B1844063646065N11906145WA0173901755004003019225262
B1844073646064N11906147WA0174101757004003017228258
B1844083646063N11906149WA0174201757004003010244257
B1844093646062N11906150WA0174201757004003011247257
B1844103646062N11906152WA0174101756004003011256256
B1844113646061N11906156WA0174001755004003015257257
B1844123646061N11906159WA0173901754004003019259263
B1844133646060N11906162WA0173801754004003019258259
B1844143646060N11906164WA0173701754004003015246244
B1844153646058N11906166WA0173701753004003013223224
B1844163646056N11906167WA0173501752004003018207213
B1844173646053N11906169WA0173501752004003024177196
B1844183646049N11906167WA0173601753004003024160200
B1844193646045N11906163WA0173701754004003029142188
B1844203646042N11906159WA0173701753004003032118156
B1844213646039N11906153WA0173601752004003037115154
B1844223646037N11906146WA0173301751004003037118150
B1844233646034N11906139WA0173101749004003043119149
B1844243646030N11906131WA0173101750004003045116155
B1844253646028N11906123WA0173001750004003045114162
B1844263646025N11906116WA0173001749004003044112150
B1844273646023N11906108WA0172901747004003043112152
B1844283646020N11906100WA0172801746004003045115155
B1844293646017N11906092WA0172701745004003047115152
B1844303646014N11906085WA0172701745004003047116150
B1844313646011N11906078WA0172701745004003047120144
B1844323646008N11906073WA0172701745004003041123149
B1844333646005N11906068WA0172701745004003032123148
B1844343646003N11906062WA0172701745004003034121159
B1844353646000N11906056WA0172701744004003034120163
B1844363645997N11906049WA0172701744004003038119164
B1844373645994N11906043WA0172801745004003040117161
B1844383645991N11906036WA0172701745004003038116165
B1844393645989N11906030WA0172701744004003038114146
B1844403645987N11906023WA0172701743004003038111160
B1844413645985N11906016WA0172601743004003039107141
B1844423645983N11906009WA0172501741004003040104143
B1844433645982N11906001WA0172401740004003042102136
B1844443645981N11905993WA0172301739004003042099148
B1844453645980N11905985WA0172301738004003042096142
B1844463645980N11905978WA0172201738004003042095136
B1844473645979N11905970WA0172101736004003041096136
B1844483645978N11905963WA0172001735004003038097130
B1844493645977N11905957WA0171801733004003038102130
B1844503645976N11905950WA0171501730004003037106132
B1844513645974N11905943WA0171301728004003037108138
B1844523645972N11905936WA0171101726004003037107142
B1844533645970N11905930WA0171001724004003038107144
B1844543645969N11905923WA0170701722004003038109143
B1844553645967N11905917WA0170501719004003037112136
B1844563645964N11905911WA0170201717004003037116143
B1844573645962N11905905WA0170001715004003036119147
B1844583645959N11905900WA0169901713004003034119159
B1844593645956N11905894WA0169701711004003034119160
B1845003645954N11905889WA0169501709004003033119148
B1845013645951N11905884WA0169301706004003033123161
B1845023645948N11905879WA0169101704004003034127169
B1845033645945N11905874WA0168901703004003033130160
B1845043645942N11905869WA0168801701004003033130165
B1845053645939N11905865WA0168601699004003032127161
B1845063645936N11905859WA0168501697004003032123161
B1845073645933N11905852WA0168401696004003040116157
B1845083645930N11905846WA0168301696004003040108147
B1845093645929N11905839WA0168201696004003038104145
B1845103645928N11905833WA0168101694004003036105141
B1845113645926N11905827WA0167901692004003035110152
B1845123645924N11905820WA0167801691004003037113144
B1845133645922N11905814WA0167701690004003037114149
B1845143645919N11905807WA0167601689004003039112160
B1845153645918N11905800WA0167501688004003036107159
B1845163645916N11905794WA0167401687004003036106155
B1845173645914N11905788WA0167201685004003036112153
B1845183645911N11905781WA0167101683004003038121161
B1845193645908N11905775WA0167001683004003038126164
B1845203645905N11905770WA0166901682004003038127159
B1845213645902N11905766WA0166801681004003033124158
B1845223645899N11905760WA0166701679004003033123168
B1845233645896N11905755WA0166601678004003034125171
B1845243645893N11905750WA0166401676004003034127173
B1845253645890N11905746WA0166301674004003033128175
B1845263645887N11905741WA0166101672004003031128168
B1845273645884N11905737WA0165801669004003030131174
B1845283645881N11905733WA0165501666004003033135178
B1845293645877N11905729WA0165301664004003033138182
B1845303645873N11905724WA0165001662004003035140168
B1845313645869N11905720WA0164901660004003035139180
B1845323645865N11905716WA0164801658004003035134145
B1845333645862N11905711WA0164501656004003034131160
B1845343645859N11905706WA0164301653004003032129177
B1845353645856N11905702WA0163901649004003033129179
B1845363645852N11905696WA0163601645004003038131185
B1845373645848N11905691WA0163301642004003038133185
B1845383645844N11905685WA0163101643004003040136185
B1845393645840N11905681WA0163001642004003037138185
B1845403645836N11905677WA0162901641004003037143188
B1845413645832N11905675WA0162801640004003032152188
B1845423645829N11905674WA0162701638004003028161193
B1845433645825N11905672WA0162501637004003023166198
B1845443645822N11905672WA0162301635004003023168203
B1845453645819N11905671WA0162101632004003022177204
B1845463645816N11905672WA0161901630004003021190210
B1845473645813N11905673WA0161701628004003018201217
B1845483645811N11905675WA0161501625004003018216223
B1845493645810N11905678WA0161301623004003017229229
B1845503645808N11905680WA0161101621004003016238236
B1845513645807N11905683WA0160901620004003015241242
B1845523645806N11905685WA0160801618004003015241244
B1845533645805N11905687WA0160601616004003015247249
B1845543645805N11905690WA0160401614004003014259251
B1845553645805N11905692WA0160201612004003013270259
B1845563645805N11905695WA0160101610004003016275265
B1845573645806N11905699WA0159901608004003016276270
B1845583645806N11905702WA0159701606004003018280285
B1845593645807N11905705WA0159601605004003019290283
B1846003645809N11905709WA0159501604004003019300285
B1846013645810N11905712WA0159301602004003019305284
B1846023645812N11905715WA0159101600004003020306279
B1846033645814N11905718WA0159001599004003022299273
B1846043645815N11905723WA0159001599004003024283265
B1846053645815N11905727WA0159001599004003024261262
B1846063645815N11905731WA0159001599004003024253269
B1846073645813N11905735WA0159101600004003022251266
B1846083645812N11905739WA0159101599004003022250260
B1846093645811N11905743WA0159001599004003022244257
B1846103645809N11905747WA0158901598004003024241252
B1846113645807N11905752WA0158801597004003029237250
B1846123645804N11905756WA0158801597004003029233252
B1846133645802N11905760WA0158901598004003028229260
B1846143645799N11905763WA0159101601004003025227267
B1846153645797N11905765WA0159301602004003017226257
B1846163645796N11905767WA0159301603004003017231251
B1846173645794N11905770WA0159301603004003016229231
B1846183645792N11905772WA0159401603004003016210208
B1846193645788N11905772WA0159401602004003025187205
B1846203645783N11905771WA0159401603004003031172190
B1846213645779N11905770WA0159501603004003030153190
B1846223645775N11905767WA0159701605004003030143163
B1846233645772N11905763WA0159701604004003032126172
B1846243645769N11905758WA0159701604004003035128179
B1846253645765N11905753WA0159601602004003035133182
B1846263645761N11905748WA0159601603004003035154190
B1846273645757N11905746WA0159601603004003026172205
B1846283645754N11905747WA0159701604004003026186216
B1846293645751N11905747WA0159701604004003020210220
B1846303645750N11905749WA0159601602004003015221232
B1846313645748N11905752WA0159501601004003019224239
B1846323645746N11905755WA0159401600004003020225243
B1846333645744N11905757WA0159301600004003019223248
B1846343645742N11905760WA0159301599004003019225244
B1846353645741N11905762WA0159201599004003016243245
B1846363645741N11905765WA0159101598004003016265253
B1846373645741N11905768WA0159001597004003016281265
B1846383645742N11905771WA0159001596004003015291271
B1846393645743N11905774WA0158901596004003021297276
B1846403645746N11905779WA0158901595004003028301281
B1846413645748N11905783WA0158801595004003028307291
B1846423645751N11905787WA0158801596004003028311296
B1846433645753N11905790WA0158901596004003027316297
B1846443645756N11905793WA0158801596004003022329308
B1846453645759N11905795WA0158701595004003025330310
B1846463645763N11905798WA0158601594004003025325301
B1846473645766N11905801WA0158501593004003028319301
B1846483645769N11905805WA0158501593004003028315289
B1846493645771N11905808WA0158401593004003025310289
B1846503645773N11905812WA0158401592004003025303286
B1846513645775N11905816WA0158401592004003024294295
B1846523645776N11905820WA0158501592004003023289299
B1846533645777N11905823WA0158501593004003020292299
B1846543645778N11905825WA0158401592004003018300290
B1846553645780N11905828WA0158401591004003021311295
B1846563645783N11905832WA0158301591004003021317299
B1846573645786N11905835WA0158301591004003025315301
B1846583645788N11905838WA0158301590004003025310293
B1846593645790N11905842WA0158201590004003024306291
B1847003645793N11905846WA0158201590004003025306283
B1847013645795N11905850WA0158201589004003025303279
B1847023645797N11905854WA0158101589004003026296273
B1847033645798N11905859WA0158201590004003026285272
B1847043645799N11905862WA0158301591004003019282257
B1847053645799N11905865WA0158301591004003019276264
B1847063645799N11905867WA0158201590004003015255258
B1847073645798N11905870WA0158101590004003015248258
B1847083645797N11905873WA0157901589004003017250275
B1847093645796N11905876WA0157701587004003020252281
B1847103645796N11905880WA0157501585004003020264276
B1847113645797N11905884WA0157401583004003020282278
B1847123645798N11905887WA0157301582004003020295281
B1847133645800N11905891WA0157101580004003022300291
B1847143645802N11905896WA0157001579004003027302290
B1847153645804N11905901WA0157001579004003032302297
B1847163645807N11905906WA0157001579004003031305306
B1847173645810N11905910WA0157101579004003031310317
B1847183645813N11905913WA0157101580004003030322318
B1847193645818N11905915WA0157001579004003031337322
B1847203645823N11905917WA0157001578004003034346327
B1847213645828N11905918WA0156901577004003034347330
B1847223645834N11905920WA0156801575004003038347321
B1847233645840N11905921WA0156701575004003039350326
B1847243645845N11905922WA0156601575004003038354318
B1847253645851N11905923WA0156601574004003038355312
B1847263645856N11905924WA0156601574004003037350314
B1847273645861N11905925WA0156501573004003036343303
B1847283645866N11905928WA0156501573004003036338312
B1847293645871N11905931WA0156501573004003035334299
B1847303645875N11905934WA0156501573004003035331296
B1847313645879N11905937WA0156401572004003032328289
B1847323645883N11905940WA0156301570004003032322290
B1847333645887N11905945WA0156201569004003033315285
B1847343645890N11905949WA0156101568004003033311285
B1847353645893N11905954WA0156001568004003033308270
B1847363645895N11905958WA0156001567004003030301281
B1847373645897N11905962WA0155801565004003026296269
B1847383645898N11905966WA0155701564004003026295292
B1847393645900N11905970WA0155601563004003025298279
B1847403645902N11905974WA0155501561004003024301286
B1847413645904N11905978WA0155301559004003025300274
B1847423645906N11905983WA0155101557004003027297275
B1847433645907N11905988WA0154901555004003027293275
B1847443645909N11905993WA0154801555004003030289272
B1847453645910N11905998WA0154701555004003028288274
B1847463645912N11906003WA0154701554004003028287273
B1847473645913N11906008WA0154601554004003027283285
B1847483645913N11906013WA0154601554004003027279305
B1847493645914N11906017WA0154601554004003021279273
B1847503645914N11906020WA0154501553004003021284289
B1847513645915N11906023WA0154401551004003018284272
B1847523645916N11906027WA0154201548004003018283284
B1847533645917N11906031WA0154001546004003026284280
B1847543645918N11906036WA0153801546004003029285278
B1847553645919N11906042WA0153701546004003029284282
B1847563645920N11906047WA0153701545005003029282278
B1847573645921N11906051WA0153601544004003025286277
B1847583645922N11906056WA0153501543004003025293285
B1847593645924N11906060WA0153401541004003025297288
B1848003645926N11906064WA0153201538004003025296284
B1848013645928N11906069WA0152901536004003028295294
B1848023645929N11906074WA0152801535004003029293278
B1848033645931N11906079WA0152701533004003029292266
B1848043645933N11906084WA0152601533004003030287286
B1848053645933N11906090WA0152601533004003032279266
B1848063645934N11906096WA0152701535004003032277271
B1848073645934N11906100WA0152801536004003028274278
B1848083645934N11906105WA0152901536004003025271281
B1848093645935N11906109WA0152801535004003026274283
B1848103645936N11906115WA0152801535004003028281291
B1848113645937N11906120WA0152801534004003028290301
B1848123645939N11906125WA0152801535004003030297306
B1848133645942N11906130WA0152801534004003030302290
B1848143645944N11906134WA0152701533004003030307289
B1848153645947N11906138WA0152601532004003028309306
B1848163645949N11906142WA0152401530004003028307308
B1848173645952N11906147WA0152201528004003032307312
B1848183645956N11906151WA0152101526004003036313320
B1848193645960N11906156WA0151901525004003036320323
B1848203645965N11906160WA0151901524004003037322310
B1848213645969N11906165WA0151801524004003035317288
B1848223645973N11906169WA0151901524004003035316282
B1848233645976N11906173WA0151901526004003035317294
B1848243645980N11906178WA0152101528004003035317290
B1848253645984N11906182WA0152301530004003034317302
B1848263645988N11906186WA0152501531004003035318296
B1848273645992N11906191WA0152601533004003035319288
B1848283645996N11906196WA0152801534004003038317264
B1848293645999N11906200WA0152901536004003033310259
B1848303646001N11906204WA0153001537004003033295249
B1848313646002N11906208WA0153001536004003025261238
B1848323646000N11906210WA0153101537004003019217226
B1848333645996N11906210WA0153101537004003021176204
B1848343645994N11906208WA0153201539004003021149182
B1848353645992N11906205WA0153401540004003021125167
B1848363645991N11906200WA0153501541004003021102150
B1848373645991N11906195WA0153501541004003030088128
B1848383645992N11906189WA0153601542004003035071099
B1848393645996N11906182WA0153701543004003035054075
B1848403646001N11906177WA0153801544004003040043051
B1848413646005N11906171WA0154001545004003046029036
B1848423646012N11906168WA0154201547004003046021020
B1848433646018N11906167WA0154401550004003045007011
B1848443646024N11906168WA0154601551004003041356354
B1848453646029N11906170WA0154701552004003037343339
B1848463646034N11906173WA0154801553004003037332323
B1848473646038N11906177WA0154901555004003035321312
B1848483646041N11906182WA0155001556004003033310294
B1848493646043N11906186WA0155201558004003031302282
B1848503646045N11906191WA0155401560004003030296272
B1848513646046N11906197WA0155601563004003030284253
B1848523646046N11906201WA0155901566004003029262237
B1848533646043N11906204WA0156201569004003025224223
B1848543646040N11906204WA0156401571004003022184197
B1848553646036N11906202WA0156601573004003028149175
B1848563646034N11906197WA0156901576004003032123151
B1848573646031N11906192WA0157201576004003032090129
B1848583646033N11906185WA0157501579004003033069102
B1848593646036N11906179WA0157701579004003037040080
B1849003646042N11906175WA0157901581004003045027044
B1849013646049N11906173WA0158101582004003048012026
B1849023646057N11906172WA0158301583004003048354006
B1849033646065N11906173WA0158601585004003048337344
B1849043646070N11906177WA0159001589004003040329324
B1849053646073N11906182WA0159301593004003029313313
B1849063646075N11906186WA0159601596004003029299289
B1849073646076N11906191WA0159801599004003027286275
B1849083646076N11906196WA0160001602004003026267258
B1849093646074N11906199WA0160301605004003025236242
B1849103646072N11906200WA0160501607004003019182220
B1849113646069N11906200WA0160701607004003026142185
B1849123646066N11906195WA0160801609004003026132152
B1849133646063N11906191WA0161001609004003029110136
B1849143646063N11906185WA0161201612004003030095115
B1849153646062N11906178WA0161201612004003042068102
B1849163646067N11906170WA0161301613004003048056070
B1849173646071N11906163WA0161601615004003046031055
B1849183646078N11906161WA0161901619004003046018027
B1849193646084N11906161WA0162201623004003044358012
B1849203646090N11906163WA0162601626004003038343347
B1849213646095N11906166WA0162901630004003038333327
B1849223646100N11906170WA0163201634004003037324316
B1849233646104N11906174WA0163401634004003035308305
B1849243646107N11906178WA0163701636004003032303284
B1849253646109N11906183WA0163901638004003026305284
B1849263646111N11906187WA0164101641004003026307276
B1849273646113N11906190WA0164301643004003024307279
B1849283646115N11906193WA0164501645004003022301261
B1849293646116N11906196WA0164601647004003019287256
B1849303646116N11906200WA0164701648004003020273237
B1849313646115N11906203WA0164901651004003020258232
B1849323646114N11906206WA0165101653004003019248216
B1849333646113N11906209WA0165201654004003018237214
B1849343646111N11906212WA0165301655004003018219198
B1849353646108N11906213WA0165301656004003020194183
B1849363646105N11906211WA0165401658004003020158170
B1849373646104N11906208WA0165501659004003020125153
B1849383646102N11906204WA0165601660004003020111157
B1849393646101N11906200WA0165601660004003024110156
B1849403646099N11906195WA0165601660004003027113152
B1849413646097N11906190WA0165701661004003029115159
B1849423646095N11906185WA0165701661004003029113160
B1849433646094N11906179WA0165901663004003031105157
B1849443646093N11906172WA0166101665004003034100158
B1849453646092N11906165WA0166301668004003037105152
B1849463646089N11906160WA0166501671004003037117158
B1849473646087N11906156WA0166801674004003033126162
B1849483646085N11906152WA0167001677004003027130165
B1849493646083N11906150WA0167201679004003022131168
B1849503646082N11906148WA0167301678004003013155173
B1849513646079N11906148WA0167301679004003015182190
B1849523646077N11906149WA0167601680004003015203201
B1849533646075N11906151WA0167801681004003015227212
B1849543646074N11906153WA0168101686004003015248222
B1849553646074N11906156WA0168401689004003016282234
B1849563646076N11906160WA0168601691004003021302252
B1849573646079N11906163WA0168801693004003021315270
B1849583646082N11906167WA0168901695004003025319279
B1849593646086N11906171WA0169101697004003031320291
B1850003646091N11906174WA0169301699004003035329297
B1850013646096N11906176WA0169501701004003038346308
B1850023646102N11906177WA0169601703004003038356326
B1850033646109N11906177WA0169701704004003042356330
B1850043646116N11906179WA0169901706004003044348329
B1850053646122N11906181WA0170201707004003044337321
B1850063646128N11906185WA0170501711004003044331310
B1850073646132N11906188WA0170901715004003042324306
B1850083646136N11906192WA0171101715004003035314299
B1850093646139N11906196WA0171201715004003027306285
B1850103646141N11906200WA0171201715004003023297274
B1850113646142N11906204WA0171101715004003023284262
B1850123646142N11906207WA0171001714004003021268254
B1850133646140N11906211WA0170901713004003020242243
B1850143646139N11906214WA0170901714004003019219228
B1850153646136N11906216WA0171001715004003020209225
B1850163646133N11906218WA0171101717004003021207218
B1850173646129N11906220WA0171301719004003021213218
B1850183646126N11906223WA0171701724004003025215219
B1850193646122N11906225WA0172101725004003025209221
B1850203646119N11906227WA0172601730004003023204227
B1850213646116N11906228WA0173001735004003023198222
B1850223646113N11906229WA0173301739004003021195221
B1850233646110N11906230WA0173601742004003021196214
B1850243646107N11906232WA0173901745004003022204216
B1850253646103N11906235WA0174101748004003027213217
B1850263646100N11906238WA0174501749004003027222223
B1850273646097N11906241WA0174901751004003026226230
B1850283646096N11906243WA0175301756004003021233228
B1850293646094N11906246WA0175601756004003016251227
B1850303646094N11906249WA0175801757004003017253237
B1850313646093N11906253WA0175901758004003017245233
B1850323646092N11906256WA0175901758004003017229238
B1850333646090N11906258WA0175901759004003018230242
B1850343646089N11906261WA0175901760004003018245249
B1850353646089N11906265WA0175901761004003022271253
B1850363646090N11906270WA0175901761004003022290263
B1850373646093N11906274WA0175801762004003026304275
B1850383646097N11906278WA0175801763004003030317287
B1850393646101N11906282WA0176001765004003038324297
B1850403646106N11906286WA0176201768004003039330311
B1850413646111N11906288WA0176301770004003038338314
B1850423646116N11906291WA0176401770004003035350320
B1850433646122N11906291WA0176301771004003041347325
B1850443646128N11906294WA0176401771004003046341314
B1850453646135N11906297WA0176501773004003041326305
B1850463646139N11906302WA0176701774004003041303291
B1850473646141N11906307WA0176801776004003029290275
B1850483646141N11906312WA0177001778004003029276256
B1850493646141N11906315WA0177101779004003025281241
B1850503646142N11906318WA0177001779004003017278249
B1850513646142N11906319WA0176801778004003008233240
B1850523646141N11906320WA0176501777004003017228229
B1850533646138N11906323WA0176201774004003017228228
B1850543646136N11906326WA0176001775004003021222232
B1850553646133N11906329WA0175901775004003026217225
B1850563646129N11906332WA0175901775004003026210228
B1850573646126N11906334WA0175901775004003026207231
B1850583646122N11906336WA0176001775004003025209223
B1850593646119N11906339WA0176001775004003025211232
B1851003646116N11906341WA0176001776004003025213234
B1851013646113N11906344WA0176001776004003022215231
B1851023646111N11906346WA0175901775004003022217235
B1851033646109N11906348WA0175801774004003020220231
B1851043646106N11906351WA0175701773004003020223234
B1851053646103N11906354WA0175601771004003022223242
B1851063646101N11906358WA0175501772004003025232248
B1851073646098N11906362WA0175601772004003025242260
B1851083646097N11906365WA0175701773004003021247254
B1851093646097N11906367WA0175701773004003017247237
B1851103646095N11906369WA0175701773004003015236237
B1851113646094N11906371WA0175701773004003016218231
B1851123646091N11906372WA0175801774004003016197227
B1851133646089N11906372WA0176001776004003016189217
B1851143646087N11906373WA0176101778004003014197231
B1851153646085N11906374WA0176201778004003014203223
B1851163646083N11906376WA0176201778004003013210232
B1851173646081N11906378WA0176201778004003017217223
B1851183646079N11906380WA0176201779004003017222232
B1851193646076N11906383WA0176401780004003022218218
B1851203646074N11906386WA0176801781004003024218225
B1851213646071N11906389WA0177201782004003022218214
B1851223646068N11906391WA0177701789004003022214220
B1851233646066N11906393WA0178201794004003019208210
B1851243646063N11906394WA0178701798004003019205210
B1851253646060N11906396WA0179101803004003021206217
B1851263646057N11906398WA0179601809004003021208220
B1851273646054N11906400WA0180101814004003021210218
B1851283646052N11906402WA0180501818004003021209219
B1851293646048N11906404WA0180801822004003022207216
B1851303646045N11906406WA0181301827004003023206223
B1851313646042N11906408WA0181701832004003026208231
B1851323646039N11906411WA0182101837004003026210227
B1851333646036N11906412WA0182601841004003024207207
B1851343646033N11906413WA0183001845004003020199209
B1851353646031N11906414WA0183301848004003018192222
B1851363646028N11906414WA0183601852004003016182221
B1851373646026N11906414WA0183801851004003016176215
B1851383646024N11906414WA0183901852004003014179219
B1851393646023N11906414WA0184001854004003012174216
B1851403646020N11906413WA0184001854004003012167187
B1851413646018N11906413WA0184001854004003018172203
B1851423646015N11906413WA0184001854004003021181207
B1851433646011N11906414WA0184101855004003021195214
B1851443646008N11906416WA0184101856004003022204210
B1851453646006N11906418WA0184301858004003022205213
B1851463646003N11906419WA0184401859004003018198205
B1851473646000N11906419WA0184501860004003018189194
B1851483645998N11906420WA0184501860004003018174200
B1851493645994N11906419WA0184401859004003021175198
B1851503645991N11906418WA0184401858004003023169211
B1851513645987N11906417WA0184301859004003026164192
B1851523645983N11906416WA0184401860004003027169199
B1851533645979N11906415WA0184601861004003026179215
B1851543645975N11906415WA0184901862004003025178203
B1851553645972N11906415WA0185101865004003022173199
B1851563645969N11906414WA0185301867004003020165207
B1851573645966N11906413WA0185501869004003021164198
B1851583645963N11906412WA0185601871004003021173179
B1851593645959N11906412WA0185701873004003023178190
B1852003645956N11906412WA0185901874004003024171176
B1852013645952N11906410WA0186001875004003028158169
B1852023645948N11906407WA0186101876004003030152188
B1852033645944N11906405WA0186101877004003030153179
B1852043645939N11906403WA0186201879004003030160194
B1852053645935N11906402WA0186301880004003029169196
B1852063645931N11906402WA0186301880004003028179222
B1852073645927N11906403WA0186401881004003028192214
B1852083645924N11906405WA0186401880004003026208224
B1852093645921N11906409WA0186301879004003026223229
B1852103645919N11906413WA0186201878004003026233238
B1852113645917N11906417WA0186101877004003028241247
B1852123645915N11906422WA0185901875004003028248253
B1852133645914N11906428WA0185601872004003028253258
B1852143645913N11906433WA0185401869004003029256255
B1852153645912N11906438WA0185001866004003029257251
B1852163645911N11906443WA0184701863004003029259249
B1852173645910N11906449WA0184401860004003031256243
B1852183645908N11906454WA0184301859004003030240240
B1852193645904N11906457WA0184101857004003030221224
B1852203645901N11906461WA0183901857004003030210233
B1852213645897N11906464WA0183601854004003030212232
B1852223645894N11906467WA0183301851004003030219229
B1852233645891N11906471WA0183101848004003030225235
B1852243645888N11906475WA0182801846004003030230241
B1852253645886N11906478WA0182501843004003027232235
B1852263645883N11906482WA0182201839004003028230228
B1852273645880N11906487WA0181901836004003032225226
B1852283645877N11906491WA0181701836004003030220227
B1852293645873N11906494WA0181401834004003030217225
B1852303645870N11906497WA0181201831004003029215230
B1852313645866N11906500WA0180901828004003028212228
B1852323645863N11906502WA0180701825004003028207210
B1852333645859N11906504WA0180501826004003028191195
B1852343645854N11906504WA0180401824004003028180180
B1852353645850N11906502WA0180201822004003029166190
B1852363645845N11906501WA0180001822004003035160172
B1852373645840N11906498WA0179601821004003035166194
B1852383645835N11906497WA0179401818004003032171190
B1852393645831N11906496WA0179101815004003031175193
B1852403645827N11906496WA0178801811004003028173193
B1852413645823N11906495WA0178501808004003029168186
B1852423645818N11906493WA0178301806004003030161186
B1852433645814N11906490WA0178001803004003030155172
B1852443645810N11906488WA0177801800004003031153177
B1852453645805N11906485WA0177501797004003033153164
B1852463645800N11906482WA0177201794004003035155180
B1852473645795N11906479WA0177001791004003037154182
B1852483645791N11906475WA0176801788004003037148162
B1852493645786N11906471WA0176601786004003037141151
B1852503645783N11906466WA0176401785004003037134145
B1852513645779N11906461WA0176301783004003034127139
B1852523645777N11906455WA0176001780004003036120123
B1852533645775N11906449WA0175801778004003036113118
B1852543645773N11906442WA0175601775004003037105096
B1852553645772N11906435WA0175401773004003040099103
B1852563645772N11906427WA0175201771004003041091087
B1852573645773N11906420WA0175001769004003040082086
B1852583645774N11906413WA0174801767004003040073082
B1852593645776N11906406WA0174601765004003040068081
B1853003645779N11906399WA0174401762004003041062072
B1853013645783N11906392WA0174201760004003043057071
B1853023645787N11906386WA0174001758004003043052054
B1853033645791N11906379WA0173801757004003044049041
B1853043645795N11906373WA0173701756004003044049044
B1853053645800N11906367WA0173701755004003042046035
B1853063645804N11906363WA0173601754004003042039032
B1853073645809N11906358WA0173501752004003040035018
B1853083645813N11906354WA0173401750004003039039037
B1853093645817N11906349WA0173201749004003037045038
B1853103645821N11906344WA0173001747004003038045021
B1853113645825N11906339WA0172901745004003038046019
B1853123645829N11906334WA0172701744004003038046031
B1853133645833N11906329WA0172601742004003038044015
B1853143645837N11906324WA0172401740004003038041018
B1853153645842N11906320WA0172201738004003039037020
B1853163645847N11906315WA0172001736004003041033018
B1853173645852N11906311WA0171901735004003041032016
B1853183645857N11906307WA0171901735004003041034021
B1853193645862N11906302WA0171801735004003041036024
B1853203645867N11906298WA0171801734004003038038016
B1853213645871N11906294WA0171701733004003038038013
B1853223645875N11906289WA0171601731004003038037019
B1853233645880N11906285WA0171401730004003038035008
B1853243645885N11906281WA0171301729004003040032005
B1853253645890N11906278WA0171301729004003038030002
B1853263645895N11906274WA0171201729004003038029357
B1853273645900N11906271WA0171201728004003037029358
B1853283645904N11906268WA0171101726004003035027005
B1853293645909N11906265WA0170901725004003035024358
B1853303645915N11906262WA0170801724004003037022002
B1853313645919N11906260WA0170801723004003037019358
B1853323645924N11906258WA0170701722004003035016355
B1853333645928N11906257WA0170601720004003032016349
B1853343645932N11906255WA0170301718004003029019358
B1853353645936N11906254WA0170201717004003028015348
B1853363645940N11906253WA0170201717004003031007351
B1853373645945N11906252WA0170201718004003030010341
B1853383645949N11906251WA0170301719004003030020002
B1853393645952N11906249WA0170501720004003024029000
B1853403645955N11906247WA0170401719004003023032338
B1853413645958N11906245WA0170301718004003027022349
B1853423645962N11906243WA0170001715004003027016347
B1853433645967N11906242WA0169901713004003029007345
B1853443645971N11906242WA0169701712004003031000342
B1853453645976N11906242WA0169701712004003029002337
B1853463645980N11906241WA0169601712004003029007341
B1853473645984N11906240WA0169501712004003029016340
B1853483645989N11906239WA0169401710004003031007345
B1853493645995N11906239WA0169101707004003035359334
B1853503646001N11906239WA0169001708004003044348334
B1853513646007N11906241WA0169101709004003044346334
B1853523646013N11906243WA0169201710004003040344327
B1853533646017N11906244WA0169501713004003033346331
B1853543646021N11906245WA0169701714004003031348320
B1853553646025N11906246WA0169801715004003026355316
B1853563646029N11906246WA0169901715004003026001311
B1853573646033N11906246WA0169901715004003026001314
B1853583646036N11906246WA0169801714004003025353318
B1853593646040N11906248WA0169801715004003024339314
B1854003646043N11906250WA0169901715004003024325301
B1854013646046N11906253WA0170101716004003025316291
B1854023646048N11906256WA0170301716004003024311276
B1854033646050N11906260WA0170601720004003024303263
B1854043646051N11906264WA0170801722004003022283256
B1854053646050N11906266WA0171001725004003016249243
B1854063646047N11906268WA0171301727004003017204220
B1854073646044N11906267WA0171501729004003017165194
B1854083646041N11906263WA0171601730004003022135172
B1854093646038N11906257WA0171701731004003029118146
B1854103646037N11906250WA0171701732004003039102129
B1854113646037N11906242WA0171801733004003044089108
B1854123646038N11906234WA0171901733004003044079092
B1854133646041N11906226WA0171901734004003046066080
B1854143646045N11906219WA0171901734004003046051066
B1854153646051N11906214WA0171901733004003048036047
B1854163646058N11906209WA0172001734004003052026029
B1854173646065N11906205WA0172101735004003049014017
B1854183646072N11906204WA0172301737004003049011002
B1854193646078N11906203WA0172501740004003047006358
B1854203646084N11906203WA0172801741004003036359350
B1854213646089N11906204WA0173001743004003036353336
B1854223646093N11906206WA0173201744004003034338328
B1854233646097N11906210WA0173201744004003032318310
B1854243646099N11906215WA0173301745004003032300289
B1854253646101N11906221WA0173401746004003033288276
B1854263646102N11906227WA0173501748004003033287275
B1854273646104N11906232WA0173701750004003032292282
B1854283646105N11906236WA0173801751004003028294271
B1854293646106N11906240WA0173901753004003023287269
B1854303646107N11906244WA0174001753004003024277251
B1854313646107N11906249WA0174101755004003026265241
B1854323646106N11906254WA0174301756004003024247220
B1854333646104N11906257WA0174501760004003022228206
B1854343646102N11906257WA0174901763004003018181204
B1854353646100N11906257WA0175101762004003020150194
B1854363646097N11906255WA0175201763004003020150178
B1854373646094N11906252WA0175201764004003020149175
B1854383646090N11906249WA0175301766004003024142158
B1854393646087N11906244WA0175401767004003030131142
B1854403646084N11906238WA0175601769004003036119127
B1854413646082N11906231WA0175801771004003037111119
B1854423646081N11906225WA0176001774004003037100112
B1854433646081N11906217WA0176201776004003037086096
B1854443646083N11906210WA0176401778004003039069084
B1854453646087N11906204WA0176501779004003042054070
B1854463646091N11906198WA0176701782004003042045055
B1854473646095N11906194WA0176901784004003041038040
B1854483646100N11906191WA0177101786004003037026032
B1854493646104N11906189WA0177201786004003032005015
B1854503646109N11906189WA0177301786004003031357339
B1854513646113N11906190WA0177301787004003033349328
B1854523646118N11906192WA0177301787004003033341314
B1854533646123N11906195WA0177401788004003033336312
B1854543646127N11906198WA0177401788004003032329290
B1854553646130N11906202WA0177301789004003031317279
B1854563646132N11906206WA0177401790004003031301270
B1854573646133N11906211WA0177601791004003028285263
B1854583646133N11906214WA0177801793004003024268254
B1854593646133N11906218WA0177901795004003017259255
B1855003646132N11906220WA0178101797004003017263260
B1855013646133N11906223WA0178301800004003015271265
B1855023646133N11906225WA0178501802004003013269260
B1855033646132N11906225WA0178701803004003008255241
B1855043646132N11906227WA0178901804004003010256238
B1855053646132N11906230WA0178901805004003017262231
B1855063646131N11906234WA0179001807004003017256233
B1855073646129N11906236WA0179301810004003017222198
B1855083646127N11906235WA0179501812004003018171193
B1855093646124N11906235WA0179601812004003027143178
B1855103646120N11906231WA0179801813004003029142172
B1855113646117N11906228WA0179901815004003029142166
B1855123646113N11906224WA0180101817004003029140173
B1855133646110N11906220WA0180301820004003030135175
B1855143646107N11906216WA0180501821004003030134174
B1855153646103N11906212WA0180701823004003031138176
B1855163646100N11906208WA0180801825004003031139179
B1855173646096N11906204WA0181001827004003032137159
B1855183646092N11906199WA0181201829004003032135147
B1855193646089N11906195WA0181301831004003032128117
B1855203646087N11906189WA0181501832004003033114102
B1855213646085N11906183WA0181501831004003033091094
B1855223646086N11906175WA0181401830004003039081078
B1855233646089N11906167WA0181401830004003041067068
B1855243646093N11906161WA0181401830004003045054053
B1855253646098N11906155WA0181401830004003045040039
B1855263646104N11906151WA0181301829004003043027023
B1855273646110N11906150WA0181201829004003043013009
B1855283646115N11906150WA0181201829004003041359353
B1855293646120N11906151WA0181201829004003035346339
B1855303646125N11906153WA0181201829004003035337321
B1855313646128N11906155WA0181201829004003031334314
B1855323646132N11906157WA0181101828004003027331298
B1855333646135N11906160WA0181001827004003025322288
B1855343646137N11906164WA0181001827004003027309279
B1855353646140N11906168WA0181001827004003029296271
B1855363646142N11906173WA0181101828004003027288276
B1855373646142N11906177WA0181201830004003024282269
B1855383646143N11906180WA0181301831004003021278272
B1855393646143N11906184WA0181401831004003019279275
B1855403646144N11906188WA0181501832004003019277268
B1855413646144N11906191WA0181501832004003019276264
B1855423646144N11906196WA0181501832004003019274264
B1855433646145N11906200WA0181601833004003024274267
B1855443646145N11906206WA0181801834004003025273264
B1855453646145N11906210WA0181901838004003025269237
B1855463646145N11906214WA0182201838004003021238214
B1855473646143N11906216WA0182301837004003018201207
B1855483646140N11906216WA0182301838004003018189204
B1855493646136N11906216WA0182501840004003024177204
B1855503646132N11906215WA0182601842004003024165184
B1855513646129N11906213WA0182701843004003024151157
B1855523646126N11906210WA0182801844004003024142149
B1855533646122N11906206WA0182901845004003026140160
B1855543646118N11906201WA0183001847004003035135180
B1855553646115N11906197WA0183201849004003035130172
B1855563646113N11906192WA0183301851004003033126170
B1855573646110N11906188WA0183401851004003029125148
B1855583646107N11906183WA0183401851004003029123148
B1855593646105N11906177WA0183401851004003036120143
B1856003646102N11906171WA0183401851004003039117153
B1856013646099N11906164WA0183501852004003038116150
B1856023646097N11906159WA0183601854004003038118148
B1856033646094N11906153WA0183601854004003035121147
B1856043646091N11906148WA0183601854004003034123155
B1856053646088N11906142WA0183701854004003036125135
B1856063646084N11906137WA0183701855004003036125163
B1856073646081N11906130WA0183801855004003039121149
B1856083646079N11906124WA0183801856004003039118148
B1856093646076N11906118WA0183701855004003035117157
B1856103646074N11906112WA0183601854004003036117158
B1856113646071N11906106WA0183501853004003036118151
B1856123646068N11906100WA0183501853004003038120161
B1856133646065N11906094WA0183601854004003038121174
B1856143646063N11906089WA0183601854004003032123180
B1856153646060N11906085WA0183501854004003032139180
B1856163646056N11906083WA0183401852004003028154186
B1856173646052N11906083WA0183301851004003028177199
B1856183646048N11906083WA0183301852004003028196208
B1856193646045N11906085WA0183301852004003022204220
B1856203646042N11906087WA0183301852004003022226225
B1856213646041N11906090WA0183101850004003019251240
B1856223646042N11906095WA0183001848004003019273250
B1856233646042N11906099WA0182901847004003022280260
B1856243646043N11906103WA0182701846004003022279265
B1856253646043N11906107WA0182701846004003022272264
B1856263646043N11906111WA0182601845004003021270262
B1856273646043N11906115WA0182501844004003021274267
B1856283646043N11906119WA0182501843004003020270266
B1856293646043N11906123WA0182501843004003021265263
B1856303646043N11906127WA0182501843004003021264257
B1856313646043N11906130WA0182501844004003021269257
B1856323646043N11906134WA0182601845004003019274259
B1856333646044N11906136WA0182601845004003016281260
B1856343646045N11906139WA0182501844004003018293261
B1856353646046N11906143WA0182401843004003021306271
B1856363646049N11906146WA0182301842004003021313286
B1856373646051N11906149WA0182201841004003024311280
B1856383646053N11906153WA0182101840004003024297277
B1856393646053N11906157WA0182001838004003021274259
B1856403646052N11906161WA0181801837004003021253255
B1856413646051N11906164WA0181801837004003021237254
B1856423646049N11906166WA0181801837004003020236259
B1856433646048N11906169WA0181701836004003017247256
B1856443646048N11906171WA0181701836004003013266264
B1856453646049N11906174WA0181601835004003013280263
B1856463646049N11906176WA0181601834004003013283258
B1856473646049N11906179WA0181501834004003013277248
B1856483646049N11906181WA0181501835004003014264234
B1856493646048N11906184WA0181601835004003013238224
B1856503646046N11906185WA0181601835004003014204212
B1856513646044N11906185WA0181601835004003014182198
B1856523646041N11906184WA0181601835004003017170192
B1856533646037N11906183WA0181601835004003021161184
B1856543646033N11906180WA0181601835004003030155183
B1856553646029N11906178WA0181501835004003030153192
B1856563646025N11906175WA0181501835004003030150185
B1856573646021N11906172WA0181601835004003030148184
B1856583646017N11906169WA0181601834004003031147186
B1856593646013N11906166WA0181501834004003032149182
B1857003646008N11906163WA0181501834005003032150186
B1857013646004N11906160WA0181601835004003032148175
B1857023646000N11906156WA0181601836004003032143173
B1857033645997N11906152WA0181601836004003032137151
B1857043645994N11906147WA0181601835004003034132147
B1857053645990N11906142WA0181501834004003037129149
B1857063645987N11906136WA0181401833004003037125144
B1857073645984N11906129WA0181301831004003040120144
B1857083645981N11906123WA0181101829004003040115138
B1857093645979N11906116WA0181001828004003040111125
B1857103645977N11906109WA0180801826004003041108132
B1857113645975N11906101WA0180601824004003041106132
B1857123645973N11906093WA0180401822004003042105119
B1857133645971N11906086WA0180101819004003043106132
B1857143645970N11906078WA0179901817004003041105097
B1857153645969N11906071WA0179701814004003041099067
B1857163645969N11906064WA0179301810004003041088057
B1857173645971N11906056WA0179001806004003041072049
B1857183645974N11906050WA0178601802004003041054038
B1857193645979N11906046WA0178201798004003037036026
B1857203645983N11906044WA0177901796004003037022006
B1857213645988N11906041WA0177701796004003035005353
B1857223645992N11906042WA0177401793004003028354338
B1857233645996N11906044WA0177201790004003026335321
B1857243645999N11906047WA0177001788004003025323308
B1857253646001N11906050WA0176801786004003025318306
B1857263646004N11906053WA0176601784004003025318304
B1857273646007N11906056WA0176401782004003025320308
B1857283646010N11906059WA0176301780004003025321302
B1857293646012N11906062WA0176101779004003020317293
B1857303646014N11906065WA0175901777004003020313300
B1857313646016N11906068WA0175701775004003020308301
B1857323646018N11906071WA0175601774004003022309294
B1857333646021N11906074WA0175501773004003024317308
B1857343646024N11906077WA0175401772004003024326299
B1857353646027N11906079WA0175301770004003025332299
B1857363646031N11906081WA0175101769004003025331296
B1857373646034N11906084WA0175001767004003025326290
B1857383646037N11906087WA0174801765004003025323301
B1857393646040N11906090WA0174601763004003028324311
B1857403646043N11906093WA0174501762004003028324310
B1857413646046N11906095WA0174301760004003026325310
B1857423646050N11906098WA0174101758004003026329318
B1857433646054N11906100WA0174001756004003027335319
B1857443646058N11906102WA0173801755004003029338319
B1857453646062N11906104WA0173601753004003029337313
B1857463646066N11906107WA0173501751004003028332320
B1857473646069N11906109WA0173301749004003028326312
B1857483646073N11906112WA0173201748004003027328280
B1857493646076N11906114WA0173101747004003026330273
B1857503646079N11906117WA0173001746004003026321272
B1857513646080N11906121WA0172901745004003024300270
B1857523646081N11906125WA0172801744004003022275265
B1857533646081N11906129WA0172801745004003022263269
B1857543646081N11906133WA0172901745004003021266267
B1857553646080N11906137WA0173001746004003021271274
B1857563646080N11906141WA0173101746004003021278275
B1857573646081N11906145WA0173201746004003021286286
B1857583646083N11906149WA0173301748004003022296291
B1857593646085N11906154WA0173501750004003029296293
B1858003646086N11906159WA0173701753004003029292262
B1858013646088N11906163WA0173901754004003027292275
B1858023646089N11906166WA0174001755004003023290277
B1858033646090N11906170WA0174001756004003021288280
B1858043646091N11906174WA0174001755004003023291290
B1858053646093N11906178WA0174001755004003024297300
B1858063646095N11906181WA0173901754004003024306310
B1858073646098N11906185WA0173901754004003025317317
B1858083646102N11906188WA0173801753004003028327322
B1858093646106N11906191WA0173801753004003032334334
B1858103646111N11906193WA0173701752004003033340334
B1858113646116N11906194WA0173601751004003033343331
B1858123646121N11906196WA0173501750004003034344334
B1858133646126N11906198WA0173401749004003036344326
B1858143646131N11906200WA0173301748004003038341322
B1858153646137N11906203WA0173301748004003038338316
B1858163646142N11906205WA0173401749004003038341314
B1858173646147N11906207WA0173501750004003037340315
B1858183646151N11906210WA0173601751004003036332295
B1858193646154N11906214WA0173601752004003029316269
B1858203646157N11906218WA0173701753004003029302276
B1858213646158N11906222WA0173701753004003026295287
B1858223646160N11906227WA0173801753004003026295285
B1858233646162N11906233WA0173901755004003030299291
B1858243646165N11906237WA0174101757004003027301276
B1858253646166N11906240WA0174301759004003027302276
B1858263646168N11906244WA0174401759004003022303277
B1858273646169N11906246WA0174401759004003016302274
B1858283646171N11906249WA0174401758004003016297276
B1858293646172N11906252WA0174401758004003022300280
B1858303646175N11906256WA0174401758004003025308295
B1858313646178N11906259WA0174401758004003025317312
B1858323646181N11906262WA0174401759004003028329323
B1858333646186N11906264WA0174501759004003029338337
B1858343646191N11906266WA0174501759004003035347345
B1858353646197N11906266WA0174401759004003040353328
B1858363646203N11906267WA0174401759004003040356315
B1858373646208N11906268WA0174301758004003040352300
B1858383646214N11906270WA0174301758004003039341295
B1858393646219N11906273WA0174301758004003036330291
B1858403646223N11906277WA0174301758004003036318296
B1858413646226N11906280WA0174401759004003031314288
B1858423646228N11906284WA0174501760004003028308286
B1858433646230N11906288WA0174501760004003025298276
B1858443646232N11906293WA0174501760004003030293285
B1858453646233N11906298WA0174601761004003032292275
B1858463646235N11906304WA0174801763004003031292271
B1858473646237N11906309WA0174901764004003031292269
B1858483646238N11906314WA0175001765004003029292262
B1858493646240N11906319WA0175101765004003027292257
B1858503646241N11906324WA0175001764004003029289267
B1858513646243N11906329WA0175001764004003029285265
B1858523646243N11906335WA0174901764004003030281250
B1858533646244N11906340WA0175001764004003030278242
B1858543646245N11906346WA0175001765004003028278258
B1858553646245N11906350WA0175101766004003028277265
B1858563646246N11906355WA0175201766004003026278269
B1858573646247N11906359WA0175101766004003025286266
B1858583646248N11906363WA0175101766004003023294278
B1858593646250N11906366WA0175001765004003022297266
B1859003646251N11906370WA0175001764004003023298251
B1859013646253N11906374WA0174901763004003023294265
B1859023646254N11906378WA0174701761004003023289272
B1859033646255N11906382WA0174601760004003023290264
B1859043646256N11906385WA0174301757005003019291245
B1859053646257N11906389WA0174101754005003020287255
B1859063646257N11906393WA0173801752005003020278256
B1859073646258N11906397WA0173601749005003020272246
B1859083646258N11906401WA0173301747005003021271243
B1859093646258N11906406WA0173201746005003025270236
B1859103646257N11906410WA0173101745005003025260236
B1859113646255N11906413WA0173101744005003023234230
B1859123646252N11906415WA0173001742005003021201217
B1859133646249N11906414WA0172801741005003024176199
B1859143646245N11906413WA0172601740005003026157186
B1859153646242N11906409WA0172601739005003026141174
B1859163646239N11906405WA0172601739005003028132162
B1859173646237N11906401WA0172601740005003028121161
B1859183646236N11906397WA0172701741005003022104150
B1859193646236N11906393WA0172701740005003022090120
B1859203646236N11906389WA0172601739005003022094129
B1859213646235N11906384WA0172501738005003024100129
B1859223646234N11906378WA0172501739005003029105123
B1859233646233N11906372WA0172501739005003033104135
B1859243646232N11906366WA0172601741005003035100124
B1859253646231N11906359WA0172701742005003034098128
B1859263646230N11906353WA0172901743005003034095122
B1859273646230N11906346WA0173001744005003034090137
B1859283646230N11906339WA0173001745005003037087125
B1859293646231N11906333WA0173001745005003037089139
B1859303646230N11906327WA0173101746005003037097139
B1859313646229N11906322WA0173201747005003032107142
B1859323646227N11906318WA0173201747005003027113144
B1859333646226N11906315WA0173201748005003017120148
B1859343646225N11906313WA0173201747005003017127165
B1859353646223N11906311WA0173101746005003016130161
B1859363646221N11906308WA0173001744005003016130155
B1859373646219N11906304WA0172901744005003021128159
B1859383646216N11906300WA0172901744005003027109151
B1859393646215N11906295WA0173001746005003028106141
B1859403646214N11906290WA0173101747005003028102142
B1859413646214N11906284WA0173301749005003028099131
B1859423646213N11906279WA0173501751005003028093127
B1859433646213N11906274WA0173601751005003034089102
B1859443646213N11906267WA0173701752005003036090130
B1859453646213N11906260WA0173901752005003034100145
B1859463646212N11906254WA0174201753005003034118166
B1859473646210N11906252WA0174301755005003028138173
B1859483646206N11906252WA0174401756005003021181186
B1859493646203N11906253WA0174701757005003021219212
B1859503646202N11906255WA0174901760005003018229231
B1859513646201N11906257WA0175001762005003015241238
B1859523646200N11906260WA0175101764005003015240239
B1859533646198N11906263WA0175201764005003020243246
B1859543646197N11906267WA0175301765005003029269268
B1859553646197N11906274WA0175501766005003029295289
B1859563646201N11906279WA0175601767005003033306302
B1859573646205N11906284WA0175701768005003035320306
B1859583646210N11906288WA0175701768005003038326320
B1859593646216N11906291WA0175601767005003040332327
B1900003646222N11906294WA0175401765005003040344333
B1900013646229N11906294WA0175201763005003043359342
B1900023646236N11906292WA0174901761005003045014358
B1900033646242N11906287WA0174801759005003047030017
B1900043646247N11906280WA0174601757005003048048033
B1900053646252N11906274WA0174501758005003048061054
B1900063646255N11906265WA0174501759005003048070071
B1900073646257N11906256WA0174601762005003047075081
B1900083646257N11906249WA0174801763005003040083086
B1900093646258N11906241WA0175001764005003040092102
B1900103646257N11906235WA0175201766005003036091113
B1900113646257N11906230WA0175401768005003034087118
B1900123646258N11906224WA0175501767005003029083118
B1900133646258N11906219WA0175501767005003027086116
B1900143646258N11906214WA0175401767005003030091125
B1900153646257N11906208WA0175401767005003030099120
B1900163646255N11906202WA0175401767005003032106136
B1900173646254N11906196WA0175401768005003032108138
B1900183646252N11906191WA0175501768005003032109138
B1900193646250N11906185WA0175501769005003032119147
B1900203646249N11906183WA0175601770005003022127164
B1900213646247N11906181WA0175801772005003019139177
B1900223646245N11906179WA0175901773005003016138172
B1900233646244N11906178WA0175901773005003011146176
B1900243646242N11906177WA0176001774005003011154196
B1900253646242N11906177WA0176001774005003009134191
B1900263646241N11906176WA0175901774005003007143195
B1900273646240N11906175WA0175801772005003007161199
B1900283646239N11906175WA0175601770005003008161199
B1900293646237N11906174WA0175401768005003009139189
B1900303646236N11906172WA0175201766005003009131194
B1900313646235N11906170WA0175101765005003013132203
B1900323646233N11906168WA0175101765005003015134190
B1900333646231N11906166WA0175101765005003014134196
B1900343646230N11906164WA0175101766005003014134184
B1900353646228N11906162WA0175201767005003014135184
B1900363646228N11906161WA0175301768005003013126205
B1900373646227N11906159WA0175401769005003011118177
B1900383646226N11906157WA0175401770005003012132182
B1900393646224N11906156WA0175601771005003013135191
B1900403646223N11906153WA0175701773005003013125164
B1900413646221N11906150WA0175901775005003017123154
B1900423646219N11906147WA0176101777005003018124176
B1900433646218N11906145WA0176201779005003018124182
B1900443646216N11906142WA0176401781005003019123167
B1900453646215N11906139WA0176601782005003019120170
B1900463646213N11906135WA0176801784005003019114164
B1900473646212N11906129WA0177001786005003023112154
B1900483646210N11906124WA0177201786005003031113154
B1900493646208N11906119WA0177501790005003031111175
B1900503646207N11906115WA0177701790004003027104162
B1900513646206N11906111WA0177901791005003023101156
B1900523646206N11906106WA0178001792005003023100140
B1900533646204N11906101WA0178101794005003028109155
B1900543646202N11906097WA0178301796005003028118163
B1900553646201N11906094WA0178601799005003026121163
B1900563646199N11906090WA0178801802005003022124162
B1900573646197N11906087WA0179001802005003020123167
B1900583646196N11906085WA0179101801005003016126165
B1900593646194N11906083WA0179001801005003016133170
B1901003646192N11906081WA0179001801005003015151173
B1901013646190N11906081WA0179001801005003014178183
B1901023646189N11906083WA0179001802005003014212201
B1901033646188N11906085WA0179001803005003013256218
B1901043646189N11906088WA0179101804005003017280241
B1901053646189N11906092WA0179301806005003017283262
B1901063646190N11906094WA0179501808005003017289262
B1901073646192N11906097WA0179601810005003018308276
B1901083646195N11906100WA0179701811005003026319290
B1901093646198N11906104WA0179901811005003034327301
B1901103646203N11906107WA0180001813005003034329318
B1901113646207N11906110WA0180201816005003035331327
B1901123646212N11906113WA0180301818005003035335332
B1901133646217N11906115WA0180401819005003035342332
B1901143646223N11906116WA0180501820005003039348344
B1901153646229N11906117WA0180601821005003039352343
B1901163646235N11906118WA0180601820005003039016007
B1901173646240N11906115WA0180601820005003038027031
B1901183646245N11906109WA0180401818005003042038036
B1901193646250N11906103WA0180301818005003042044048
B1901203646255N11906096WA0180301817005003046050074
B1901213646259N11906088WA0180201817005003049057089
B1901223646263N11906080WA0180301817005003046068098
B1901233646264N11906072WA0180301818005003046073110
B1901243646265N11906065WA0180401819005003042079111
B1901253646266N11906059WA0180401819005003036087115
B1901263646266N11906053WA0180501820005003031092127
B1901273646265N11906049WA0180601821005003024105134
B1901283646263N11906046WA0180601822005003024127151
B1901293646261N11906045WA0180701823005003018155163
B1901303646259N11906045WA0180801824005003014169185
B1901313646257N11906044WA0181001826005003014167197
B1901323646255N11906044WA0181201828005003014169199
B1901333646253N11906044WA0181501831005003014189208
B1901343646252N11906045WA0181701833005003012207214
B1901353646251N11906045WA0181901836005003010189218
B1901363646249N11906045WA0182101838005003010172200
B1901373646247N11906044WA0182301841005003015170201
B1901383646244N11906044WA0182501843005003016168206
B1901393646242N11906043WA0182701845005003016160198
B1901403646239N11906041WA0182901847005003018150199
B1901413646236N11906039WA0183101849005003020147206
B1901423646234N11906037WA0183301851005003019152188
B1901433646231N11906036WA0183401852005003019164197
B1901443646229N11906036WA0183501853005003018172193
B1901453646225N11906035WA0183501853005003018175212
B1901463646222N11906035WA0183601854005003020177220
B1901473646219N11906036WA0183601854005003020189227
B1901483646217N11906038WA0183601853005003020214227
B1901493646216N11906041WA0183501853005003018244232
B1901503646216N11906043WA0183501854005003017261238
B1901513646216N11906046WA0183501854005003015268239
B1901523646215N11906048WA0183501854005003013261237
B1901533646215N11906051WA0183501853005003022255240
B1901543646214N11906055WA0183501853005003022254258
B1901553646213N11906059WA0183601854005003022263261
B1901563646213N11906062WA0183701856005003017274260
B1901573646214N11906065WA0183801857005003013293264
B1901583646215N11906067WA0183901858005003013295228
B1901593646215N11906069WA0184001858005003013278216
B1902003646214N11906070WA0184001858005003012235216
B1902013646213N11906072WA0184001858005003012189202
B1902023646211N11906071WA0183901858005003013171200
B1902033646209N11906070WA0183901858005003016163193
B1902043646206N11906069WA0184001859005003016162207
B1902053646203N11906068WA0184301860005003019153197
B1902063646200N11906066WA0184601861005003019138199
B1902073646199N11906063WA0185001865005003016119196
B1902083646198N11906061WA0185101865005003016095171
B1902093646197N11906058WA0185201864005003014112166
B1902103646197N11906056WA0185101864005003014136185
B1902113646194N11906053WA0184901861005003019144193
B1902123646191N11906051WA0184601860005003022151195
B1902133646188N11906050WA0184401859005003022156199
B1902143646185N11906048WA0184201859005003020149197
B1902153646183N11906046WA0183901858005003020149181
B1902163646180N11906045WA0183401853005003020157201
B1902173646177N11906044WA0183101849005003021170217
B1902183646174N11906044WA0182701845005003021183228
B1902193646172N11906045WA0182401843005003019210233
B1902203646172N11906048WA0182101840005003015255244
B1902213646173N11906051WA0181901837005003015292254
B1902223646174N11906054WA0181701837005003022314268
B1902233646177N11906057WA0181601837005003023323285
B1902243646180N11906058WA0181501836005003022332294
B1902253646183N11906060WA0181401835005003023333290
B1902263646187N11906063WA0181201833005003024326295
B1902273646190N11906067WA0181201833005003029314282
B1902283646192N11906071WA0181201833005003029306273
B1902293646194N11906075WA0181201833005003027300274
B1902303646196N11906079WA0181201833005003024297270
B1902313646197N11906083WA0181101833005003024297271
B1902323646199N11906087WA0181101832005003028298265
B1902333646202N11906092WA0181101831005003033299269
B1902343646204N11906098WA0181101832005003033298272
B1902353646207N11906103WA0181101832005003033299274
B1902363646209N11906108WA0181101831005003032304271
B1902373646211N11906112WA0180901830005003024304263
B1902383646213N11906116WA0180601827005003027302274
B1902393646216N11906120WA0180401826005003027295277
B1902403646217N11906125WA0180101823005003031291275
B1902413646219N11906131WA0179801820005003031286274
B1902423646221N11906137WA0179501817005003030289284
B1902433646222N11906140WA0179201814005003030299249
B1902443646223N11906143WA0178901810005003022297237
B1902453646225N11906147WA0178401809005003022274243
B1902463646224N11906151WA0178001804005003024264226
B1902473646224N11906156WA0177601804005003023247218
B1902483646222N11906159WA0177301800005003023231215
B1902493646219N11906161WA0177001796005003022213213
B1902503646216N11906162WA0176701792005003021193195
B1902513646212N11906162WA0176201787005003021179190
B1902523646208N11906161WA0175801782005003029171186
B1902533646203N11906160WA0175601782005003029152184
B1902543646199N11906157WA0175501782005003028132171
B1902553646198N11906153WA0175201779005003024120178
B1902563646196N11906149WA0174801778005003022116150
B1902573646195N11906145WA0174501773005003022121169
B1902583646192N11906142WA0174101768005003026132170
B1902593646189N11906138WA0173801768005003026139191
B1903003646186N11906134WA0173601768005003029143183
B1903013646182N11906130WA0173501768005003029148183
B1903023646179N11906128WA0173601767005003024148185
B1903033646177N11906126WA0173501766004003024146187
B1903043646174N11906124WA0173401765004003019140173
B1903053646172N11906122WA0173201763005003019132181
B1903063646169N11906118WA0173001759004003023132170
B1903073646166N11906114WA0172701756004003034137179
B1903083646162N11906109WA0172601756004003038140173
B1903093646157N11906105WA0172601755004003037143184
B1903103646154N11906102WA0172601755004003037145184
B1903113646151N11906099WA0172601754004003030145179
B1903123646147N11906097WA0172501753004003027150182
B1903133646144N11906094WA0172401752004003032157183
B1903143646139N11906092WA0172301749004003032158180
B1903153646135N11906090WA0172101748004003032154184
B1903163646131N11906087WA0172001746004003031145173
B1903173646128N11906084WA0171801745004003026147179
B1903183646124N11906082WA0171501741004003027149181
B1903193646120N11906079WA0171201736004003027150171
B1903203646116N11906076WA0170901733004003030153180
B1903213646112N11906073WA0170701733004003030152199
B1903223646108N11906071WA0170601731004003027149189
B1903233646105N11906068WA0170401730004003027144185
B1903243646102N11906065WA0170101728004003027145175
B1903253646098N11906062WA0169801724004003029147168
B1903263646093N11906059WA0169501721004003031149180
B1903273646089N11906056WA0169401719004003032148175
B1903283646085N11906053WA0169201717004003032146182
B1903293646081N11906050WA0169101715004003032144174
B1903303646078N11906046WA0169101715004003032148185
B1903313646073N11906043WA0169101715004003035153182
B1903323646068N11906040WA0169201716004003039156191
B1903333646062N11906037WA0169401716004003039157165
B1903343646058N11906035WA0169401716004003036157200
B1903353646054N11906033WA0169301715004003030154173
B1903363646050N11906031WA0169101714004003030155172
B1903373646045N11906028WA0168901711004003037155172
B1903383646039N11906024WA0168801708004003042152168
B1903393646034N11906020WA0168801709004003042147175
B1903403646028N11906016WA0168901711004003042146190
B1903413646024N11906012WA0169101713004003042139168
B1903423646020N11906007WA0169201712004003033121171
B1903433646018N11906002WA0169101710004003033114162
B1903443646016N11905997WA0169001707004003032115169
B1903453646014N11905992WA0168701704004003031117164
B1903463646012N11905987WA0168501701004003030124161
B1903473646009N11905983WA0168201698004003029132165
B1903483646006N11905979WA0168001698004003029139172
B1903493646003N11905976WA0167801696004003028137176
B1903503646000N11905972WA0167701694004003028132171
B1903513645998N11905968WA0167501692004003028128168
B1903523645996N11905964WA0167401691004003027122170
B1903533645993N11905959WA0167201688004003029120158
B1903543645991N11905955WA0166901685004003029121163
B1903553645988N11905950WA0166701683004003031124158
B1903563645985N11905945WA0166501681004003031126170
B1903573645983N11905941WA0166401679004003029129174
B1903583645980N11905937WA0166201677004003029135178
B1903593645977N11905934WA0166001675004003027140176
B1904003645974N11905931WA0165801672004003024139164
B1904013645971N11905928WA0165601670004003024136173
B1904023645968N11905924WA0165401668004003030135176
B1904033645965N11905920WA0165301668004003030137171
B1904043645962N11905917WA0165201668004003029135181
B1904053645959N11905913WA0165201667004003027132162
B1904063645957N11905910WA0165001666004003024133146
B1904073645954N11905907WA0164801663004003023138165
B1904083645951N11905904WA0164501659004003028139172
B1904093645948N11905900WA0164301659004003028135162
B1904103645944N11905895WA0164101659004003033133165
B1904113645941N11905891WA0163901656004003033132141
B1904123645937N11905886WA0163601655004003035129158
B1904133645934N11905880WA0163201651004003036129172
B1904143645930N11905875WA0162901647004003036133171
B1904153645926N11905869WA0162701647004003040135190
B1904163645922N11905864WA0162501645004003040133174
B1904173645919N11905860WA0162301643004003033130172
B1904183645916N11905855WA0162101640004003033127159
B1904193645913N11905850WA0161901637004003033128166
B1904203645909N11905844WA0161801635004003034127156
B1904213645906N11905839WA0161601635004003034121170
B1904223645903N11905833WA0161501633004003034120155
B1904233645901N11905828WA0161501632004003034124168
B1904243645898N11905823WA0161401631004003033125164
B1904253645895N11905818WA0161201629004003033124162
B1904263645892N11905812WA0161101627004003035123176
B1904273645888N11905806WA0161001627004003041127167
B1904283645885N11905800WA0161001627004003042136163
B1904293645880N11905795WA0161101628004003041139176
B1904303645876N11905790WA0161301630004003041137154
B1904313645872N11905785WA0161401631004003038132168
B1904323645868N11905780WA0161601633004003037128165
B1904333645865N11905774WA0161901635004003039129180
B1904343645861N11905769WA0162201638004003037134182
B1904353645857N11905766WA0162501641004003037143183
B1904363645854N11905765WA0162701644004003030158185
B1904373645851N11905764WA0163001646004003020169188
B1904383645848N11905763WA0163201648004003020172202
B1904393645845N11905763WA0163401650004003020172205
B1904403645842N11905763WA0163601652004003020177211
B1904413645839N11905763WA0163901654004003021183212
B1904423645836N11905764WA0164101656004003017187208
B1904433645834N11905764WA0164201656004003017197213
B1904443645832N11905765WA0164301656004003012206225
B1904453645831N11905767WA0164301657004003011232239
B1904463645831N11905769WA0164401657004003011265249
B1904473645833N11905772WA0164401657004003017301263
B1904483645836N11905774WA0164501658004003023330282
B1904493645840N11905775WA0164601659004003023347303
B1904503645844N11905775WA0164701660004003028001320
B1904513645850N11905774WA0164701660004003031011341
B1904523645855N11905771WA0164801661004003042022355
B1904533645861N11905766WA0164801661004003048035017
B1904543645866N11905758WA0164901662004003048052035
B1904553645869N11905748WA0165101664004003052068057
B1904563645870N11905738WA0165301666004003053084079
B1904573645869N11905729WA0165501669004003050099099
B1904583645866N11905721WA0165701671004003050111119
B1904593645863N11905715WA0165901673004003045123133
B1905003645859N11905710WA0166101674004003041137150
B1905013645855N11905707WA0166201676004003037149166
B1905023645851N11905706WA0166401678004003024163181
B1905033645848N11905705WA0166501677004003024178202
B1905043645846N11905706WA0166501677004003018190211
B1905053645844N11905707WA0166501677004003015205228
B1905063645842N11905709WA0166501677004003015215235
B1905073645840N11905712WA0166501677004003021221243
B1905083645837N11905715WA0166501677004003021239257
B1905093645836N11905718WA0166701678004003019266266
B1905103645837N11905721WA0166801679004003016287274
B1905113645839N11905724WA0166901680004003016308284
B1905123645842N11905726WA0167001681004003022322296
B1905133645845N11905728WA0167101682004003025335308
B1905143645849N11905730WA0167201683004003025346321
B1905153645854N11905730WA0167301683004003029354325
B1905163645858N11905730WA0167301684004003029358291
B1905173645862N11905731WA0167401685004003022349284
B1905183645864N11905733WA0167401685004003022324276
B1905193645864N11905736WA0167301684004003017288268
B1905203645864N11905739WA0167301684004003015259259
B1905213645863N11905741WA0167301684004003015243251
B1905223645862N11905743WA0167301685004003014229237
B1905233645860N11905745WA0167401685004003014217238
B1905243645858N11905746WA0167401686004003013204228
B1905253645856N11905746WA0167501686004003013191229
B1905263645854N11905747WA0167501686004003013183229
B1905273645852N11905747WA0167401686004003016181215
B1905283645849N11905747WA0167401686004003018181210
B1905293645846N11905746WA0167401686004003018172190
B1905303645843N11905745WA0167401686004003021157185
B1905313645840N11905742WA0167401685004003025145187
B1905323645836N11905739WA0167301684004003028140179
B1905333645833N11905735WA0167201683004003028139180
B1905343645829N11905731WA0167201683004003032135165
B1905353645825N11905726WA0167201684004003032133164
B1905363645823N11905722WA0167401686004003029127175
B1905373645821N11905717WA0167501686005003029114168
B1905383645819N11905714WA0167401685004003025118154
B1905393645817N11905709WA0167301684004003025127160
B1905403645814N11905704WA0167201683004003030132163
B1905413645810N11905700WA0167201683004003035132162
B1905423645807N11905695WA0167301684004003035130191
B1905433645805N11905691WA0167401686004003029131188
B1905443645802N11905688WA0167501685004003025135182
B1905453645800N11905686WA0167501685004003020133183
B1905463645798N11905683WA0167401684004003020127166
B1905473645796N11905679WA0167301683004003024126165
B1905483645794N11905675WA0167201682004003024129169
B1905493645791N11905671WA0167201683004003026130177
B1905503645789N11905668WA0167201683004003026128182
B1905513645787N11905665WA0167101682004003018138170
B1905523645784N11905663WA0166901680004003019147178
B1905533645781N11905662WA0166701677004003019159184
B1905543645778N11905660WA0166501676004003023156183
B1905553645774N11905658WA0166501676004003026140179
B1905563645771N11905654WA0166501676004003023129191
B1905573645770N11905651WA0166501677004003023125154
B1905583645768N11905648WA0166501677004003021126159
B1905593645766N11905645WA0166501676004003020128163
B1906003645764N11905642WA0166401675004003020130169
B1906013645761N11905638WA0166301673004003027134177
B1906023645758N11905635WA0166201674004003027141159
B1906033645755N11905632WA0166101673004003027142173
B1906043645753N11905629WA0166101673004003025131163
B1906053645752N11905625WA0166101672004003022113156
B1906063645751N11905621WA0166001671004003024108153
B1906073645749N11905617WA0165901670004003024120180
B1906083645746N11905614WA0165801669004003024139163
B1906093645743N11905612WA0165801669004003024151186
B1906103645741N11905610WA0165701668004003021152159
B1906113645739N11905608WA0165601667004003017140164
B1906123645737N11905606WA0165401665004003018128167
B1906133645736N11905602WA0165201662004003018120168
B1906143645734N11905598WA0164901659004003021119169
B1906153645731N11905595WA0164801658004003024130184
B1906163645729N11905591WA0164901659004003022137196
B1906173645727N11905589WA0164901660004003022136167
B1906183645725N11905587WA0164901659004003019151183
B1906193645724N11905587WA0164801659004003010162187
B1906203645722N11905586WA0164701657004003010166186
B1906213645720N11905586WA0164601657005003016161191
B1906223645717N11905584WA0164501656004003020155182
B1906233645714N11905582WA0164501656004003020150190
B1906243645711N11905580WA0164601656004003023149190
B1906253645708N11905577WA0164601657004003025151188
B1906263645705N11905575WA0164701658004003024151204
B1906273645702N11905573WA0164801660004003024153189
B1906283645698N11905572WA0164901660004003023157192
B1906293645695N11905570WA0164901660004003023158184
B1906303645691N11905568WA0165001660004003025157188
B1906313645687N11905566WA0165101662004003028158205
B1906323645684N11905565WA0165301664004003028162215
B1906333645681N11905565WA0165401665004003025177224
B1906343645678N11905566WA0165501666004003021201227
B1906353645675N11905569WA0165501665004003021221243
B1906363645673N11905573WA0165401664004003027239259
B1906373645672N11905579WA0165301663004003030258262
B1906383645673N11905584WA0165101662004003030277273
B1906393645674N11905589WA0165001660004003030293268
B1906403645676N11905594WA0164701658004003029299256
B1906413645678N11905598WA0164501655004003023291251
B1906423645678N11905602WA0164201652004003023270248
B1906433645676N11905606WA0164001649004003023246239
B1906443645675N11905609WA0163801649004003023209229
B1906453645672N11905610WA0163701649004003018186216
B1906463645670N11905608WA0163601648004003017160203
B1906473645667N11905607WA0163501647004003018152186
B1906483645664N11905605WA0163401645004003018153187
B1906493645661N11905602WA0163201643004003020143182
B1906503645658N11905598WA0163101641004003024131168
B1906513645655N11905592WA0162901639004003035125170
B1906523645652N11905587WA0162901640004003035124176
B1906533645649N11905582WA0162901640004003033134162
B1906543645647N11905579WA0162901641004003026137182
B1906553645645N11905576WA0162901640004003023135176
B1906563645642N11905574WA0162901640004003025126157
B1906573645640N11905569WA0162701638004003026126167
B1906583645637N11905565WA0162601637004003026129172
B1906593645634N11905561WA0162501636004003028132178
B1907003645632N11905557WA0162401634004003028130153
B1907013645628N11905553WA0162201633004003032130170
B1907023645625N11905548WA0162101631004003034129169
B1907033645622N11905543WA0162001630004003033131161
B1907043645619N11905540WA0161801628004003033135165
B1907053645616N11905536WA0161701626004003029140170
B1907063645612N11905533WA0161401623004003032145175
B1907073645607N11905530WA0161201621004003035149155
B1907083645603N11905526WA0161101621004003032149183
B1907093645599N11905523WA0161101621004003031142165
B1907103645597N11905519WA0160901619004003030130160
B1907113645593N11905515WA0160701617004003033132167
B1907123645589N11905510WA0160501615004003036139180
B1907133645585N11905506WA0160401615004003033146180
B1907143645581N11905503WA0160401615004003033148177
B1907153645577N11905500WA0160301614004003032148168
B1907163645574N11905497WA0160101612004003028148166
B1907173645570N11905494WA0160001610004003028145171
B1907183645566N11905491WA0159701607005003028145163
B1907193645562N11905488WA0159401604005003030146182
B1907203645558N11905484WA0159301604004003031142185
B1907213645555N11905481WA0159201604004003027138177
B1907223645552N11905478WA0159101603004003027134162
B1907233645550N11905476WA0158901601005003022140165
B1907243645548N11905473WA0158801601004003022145169
B1907253645545N11905470WA0158601598005003022145169
B1907263645541N11905467WA0158401598004003031147159
B1907273645537N11905464WA0158401599004003031147182
B1907283645533N11905461WA0158401599004003031145170
B1907293645530N11905457WA0158401599004003031140159
B1907303645527N11905453WA0158401599005003031135178
B1907313645524N11905449WA0158401598004003031130159
B1907323645521N11905444WA0158401597004003034126149
B1907333645517N11905438WA0158301596004003034124177
B1907343645515N11905433WA0158401596004003034123171
B1907353645512N11905428WA0158301596004003032125171
B1907363645509N11905423WA0158301596004003032126176
B1907373645506N11905419WA0158201594005003031131155
B1907383645502N11905415WA0158101593005003031141158
B1907393645497N11905411WA0158001591004003033146171
B1907403645493N11905407WA0157901590004003037147202
B1907413645488N11905404WA0157801588004003038149189
B1907423645483N11905401WA0157601586004003037154191
B1907433645477N11905399WA0157401584004003037159194
B1907443645472N11905396WA0157201582004003037158186
B1907453645468N11905394WA0157101580004003034155199
B1907463645463N11905391WA0156901579004003034152179
B1907473645459N11905388WA0156701577004003033153188
B1907483645454N11905385WA0156501574004003033154177
B1907493645450N11905382WA0156301572004003035151166
B1907503645445N11905379WA0156101570004003034149176
B1907513645441N11905376WA0155901567004003034149177
B1907523645437N11905373WA0155601565004003032151187
B1907533645433N11905370WA0155401563004003032152178
B1907543645428N11905367WA0155301561004003032152179
B1907553645424N11905365WA0155101559004003030152176
B1907563645421N11905363WA0155001558004003030153178
B1907573645417N11905360WA0154801555004003027151169
B1907583645414N11905358WA0154601553004003027150176
B1907593645410N11905355WA0154301550004003027145164
B1908003645407N11905351WA0154101547004003029138162
B1908013645404N11905348WA0153901545004003029133168
B1908023645401N11905344WA0153701544004003028133178
B1908033645398N11905340WA0153501542004003027138182
B1908043645395N11905338WA0153401540004003027144175
B1908053645392N11905336WA0153101538004003023149173
B1908063645389N11905334WA0152901535004003023152168
B1908073645386N11905332WA0152601531004003023156172
B1908083645382N11905330WA0152201527004003025161178
B1908093645378N11905328WA0152001528004003028161191
B1908103645373N11905326WA0151801528004003025160190
B1908113645370N11905325WA0151601526004003025160189
B1908123645367N11905324WA0151401523004003022161187
B1908133645364N11905322WA0151201520004003022159174
B1908143645360N11905320WA0151001518004003025154178
B1908153645356N11905317WA0150801517004003028149175
B1908163645353N11905314WA0150701515004003028143177
B1908173645350N11905311WA0150601513004003026137171
B1908183645347N11905307WA0150301510004003026136161
B1908193645344N11905304WA0150001507004003028138165
B1908203645340N11905300WA0149801505004003034141160
B1908213645335N11905296WA0149601502004003034144166
B1908223645332N11905293WA0149301500004003034145166
B1908233645328N11905289WA0149101497004003032145162
B1908243645323N11905286WA0148801493004003032147172
B1908253645319N11905283WA0148501490004003033147160
B1908263645315N11905279WA0148301491004003033143159
B1908273645312N11905276WA0148201489004003031139149
B1908283645309N11905272WA0148101489004003029134156
B1908293645306N11905269WA0148101488004003027131160
B1908303645304N11905265WA0147901486004003026127156
B1908313645302N11905261WA0147801484004003027125163
B1908323645299N11905256WA0147601482004003027128159
B1908333645296N11905252WA0147401480004003029132151
B1908343645292N11905248WA0147301479004003032133137
B1908353645289N11905244WA0147201478004003029133139
B1908363645286N11905240WA0147101477004003029136165
B1908373645283N11905236WA0147001476004003029138167
B1908383645280N11905233WA0147001475004003028140171
B1908393645277N11905230WA0146901474004003028142158
B1908403645274N11905228WA0146801473004003025146171
B1908413645270N11905225WA0146601471004003025151166
B1908423645267N11905223WA0146401469004003025152160
B1908433645263N11905220WA0146301466004003027149157
B1908443645259N11905217WA0146001465004003030146154
B1908453645255N11905214WA0145901463004003029145153
B1908463645252N11905211WA0145801462004003029143149
B1908473645249N11905208WA0145701460004003027140152
B1908483645246N11905204WA0145501459004003027137142
B1908493645242N11905200WA0145401457004003029137153
B1908503645239N11905196WA0145301457004003031136155
B1908513645236N11905192WA0145301456005003031133154
B1908523645233N11905188WA0145201455005003030128149
B1908533645231N11905184WA0145101454004003028123144
B1908543645229N11905179WA0145001453005003028119144
B1908553645226N11905174WA0144901452004003031119144
B1908563645224N11905169WA0144901451005003031118149
B1908573645222N11905164WA0144801451005003031117131
B1908583645220N11905159WA0144701450004003030117146
B1908593645218N11905154WA0144701449004003030117133
B1909003645216N11905149WA0144601448004003030117143
B1909013645214N11905144WA0144501447004003030117140
B1909023645212N11905139WA0144401447004003030117141
B1909033645209N11905133WA0144301446004003031117133
B1909043645207N11905128WA0144201445004003032116134
B1909053645205N11905122WA0144101444004003036117141
B1909063645202N11905116WA0144101443004003036117150
B1909073645199N11905110WA0144001443004003036119144
B1909083645197N11905105WA0144001442004003034119147
B1909093645195N11905100WA0143901441004003032121152
B1909103645193N11905096WA0143701441004003031127148
B1909113645189N11905091WA0143501438004003032131151
B1909123645186N11905087WA0143301436004003032132161
B1909133645182N11905082WA0143101434004003034131165
B1909143645178N11905076WA0143001432004003035132169
B1909153645174N11905071WA0142801430004003042138172
B1909163645169N11905066WA0142801431004003042145166
B1909173645164N11905062WA0142801431004003040146181
B1909183645159N11905059WA0142901432004003038149190
B1909193645155N11905056WA0143001432004003035151202
B1909203645151N11905054WA0142901432004003028156205
B1909213645148N11905053WA0142901431004003028162202
B1909223645144N11905052WA0142701429004003027165193
B1909233645139N11905050WA0142601428004003027166200
B1909243645134N11905049WA0142401426004003030167183
B1909253645130N11905048WA0142401426004003033173201
B1909263645125N11905048WA0142301426004003033177198
B1909273645121N11905048WA0142401426004003030174185
B1909283645117N11905047WA0142401425004003028169176
B1909293645114N11905046WA0142301424004003025170206
B1909303645111N11905046WA0142201423004003021173202
B1909313645108N11905045WA0142101422004003021173205
B1909323645104N11905045WA0141901420004003021170192
B1909333645101N11905044WA0141701418004003022167189
B1909343645097N11905042WA0141501416004003024164186
B1909353645093N11905040WA0141401414004003027156180
B1909363645090N11905037WA0141201413004003029146168
B1909373645086N11905034WA0141101411004003029139165
B1909383645083N11905030WA0141001410004003031136170
B1909393645079N11905025WA0140901409004003032137172
B1909403645075N11905022WA0140801408004003032139174
B1909413645072N11905018WA0140701407004003032140173
B1909423645069N11905014WA0140701407004003030138173
B1909433645066N11905011WA0140601406004003029137166
B1909443645063N11905008WA0140501405004003027139171
B1909453645059N11905004WA0140401403004003029142172
B1909463645055N11905001WA0140201401004003029145176
B1909473645051N11904998WA0140101400004003032149181
B1909483645046N11904995WA0140101401004003032149173
B1909493645043N11904992WA0140101401004003030147171
B1909503645039N11904989WA0140001400004003030140163
B1909513645036N11904986WA0139801399004003026138166
B1909523645033N11904983WA0139601396004003024139162
B1909533645030N11904980WA0139201392004003024143160
B1909543645026N11904977WA0138901388004003032146166
B1909553645022N11904973WA0138701389004003034151177
B1909563645018N11904970WA0138501389004003032154185
B1909573645014N11904968WA0138401387004003031157188
B1909583645010N11904967WA0138201385004003028161177
B1909593645006N11904965WA0138001382004003030163178
B1910003645001N11904963WA0137801382004003034161169
B1910013644996N11904961WA0137601381004003034159172
B1910023644992N11904958WA0137601380004003034154171
B1910033644988N11904955WA0137601379004003033148166
B1910043644984N11904952WA0137401377004003033143156
B1910053644979N11904947WA0137301376004003036140153
B1910063644975N11904942WA0137301375004003036137174
B1910073644972N11904937WA0137301375004003036129190
B1910083644969N11904932WA0137201374004003035121172
B1910093644967N11904927WA0137101373004003027118175
B1910103644965N11904924WA0136901371004003027124175
B1910113644962N11904920WA0136701368004003027135159
B1910123644958N11904916WA0136601368004003031155179
B1910133644954N11904913WA0136601369004003031158209
B1910143644950N11904912WA0136701370004003028161201
B1910153644945N11904910WA0136901371004003028165178
B1910163644941N11904909WA0137301371004003028163204
B1910173644938N11904908WA0137501373004003024162205
B1910183644935N11904907WA0137601373004003022171220
B1910193644933N11904907WA0137601372004003022191232
B1910203644929N11904909WA0137601371004003025201237
B1910213644926N11904911WA0137701372004003025216251
B1910223644922N11904915WA0137801373004003025215262
B1910233644920N11904917WA0137901373004003022215249
B1910243644918N11904919WA0137901372004003009232253
B1910253644918N11904921WA0137701370004003012244252
B1910263644917N11904924WA0137601368004003012254247
B1910273644916N11904928WA0137501369004003019254250
B1910283644915N11904932WA0137601370004003023251261
B1910293644914N11904936WA0137601371004003020241256
B1910303644912N11904939WA0137701372004003022235249
B1910313644910N11904943WA0137801373004003022236252
B1910323644908N11904948WA0137901374004003025239250
B1910333644906N11904952WA0138001374004003025237280
B1910343644904N11904956WA0138201377004003022236246
B1910353644903N11904959WA0138301378004003022244252
B1910363644902N11904962WA0138501380004003019256252
B1910373644902N11904965WA0138601382004003018258268
B1910383644901N11904968WA0138801384004003017261273
B1910393644902N11904972WA0139001385004003020277287
B1910403644903N11904976WA0139101387004003025297298
B1910413644907N11904980WA0139401390004003025319312
B1910423644911N11904981WA0139701393004003027343325
B1910433644915N11904982WA0140001396004003029355332
B1910443644920N11904981WA0140201398004003029003347
B1910453644923N11904980WA0140401400004003029019351
B1910463644927N11904978WA0140501400004003029046009
B1910473644930N11904971WA0140501400004003033060044
B1910483644931N11904963WA0140601401004003039081067
B1910493644930N11904955WA0140701403004003044104092
B1910503644928N11904947WA0140801403004003044138119
B1910513644923N11904943WA0140901403004003039158153
B1910523644917N11904942WA0141001404004003036167178
B1910533644912N11904942WA0141101405004003035179188
B1910543644907N11904942WA0141301406004003024206199
B1910553644905N11904945WA0141601410004003024223227
B1910563644904N11904949WA0141901414004003021254243
B1910573644904N11904952WA0142101416004003019268265
B1910583644904N11904956WA0142201415004003018256258
B1910593644903N11904959WA0142201415004003016252262
B1911003644902N11904963WA0142201415004003020255277
B1911013644903N11904967WA0142201415004003020275286
B1911023644903N11904972WA0142201416004003025306301
B1911033644907N11904976WA0142401418004003029314313
B1911043644910N11904980WA0142601418004003029330332
B1911053644914N11904981WA0142801422004003029344345
B1911063644918N11904982WA0142901422004003029016350
B1911073644923N11904980WA0143101421004003030026017
B1911083644929N11904976WA0143201422004003038030027
B1911093644934N11904970WA0143301424004003042041037
B1911103644937N11904964WA0143401426004003042056048
B1911113644939N11904957WA0143501428004003041071060
B1911123644940N11904950WA0143601429004003039083074
B1911133644940N11904943WA0143701429004003037094087
B1911143644939N11904936WA0143701431004003037104097
B1911153644935N11904930WA0143801432004003038128115
B1911163644930N11904927WA0143901433004003037152144
B1911173644925N11904926WA0144001434004003037172171
B1911183644921N11904927WA0144201436004003034192192
B1911193644918N11904929WA0144301439004003022212211
B1911203644916N11904931WA0144501441004003022227234
B1911213644915N11904934WA0144701444004003018239249
B1911223644914N11904937WA0144901446004003017246258
B1911233644914N11904940WA0145101448004003017256267
B1911243644913N11904944WA0145401450004003022265277
B1911253644914N11904948WA0145701454004003022277295
B1911263644915N11904951WA0145901457004003022301306
B1911273644917N11904954WA0146001456004003019341312
B1911283644920N11904955WA0146001455004003019351332
B1911293644926N11904955WA0146001456004003039353344
B1911303644931N11904956WA0146301457004003042006006
B1911313644938N11904954WA0146701458004003039032019
B1911323644941N11904949WA0147001462004003034051039
B1911333644944N11904944WA0147201462004003034077054
B1911343644944N11904936WA0147301462004003040102083
B1911353644941N11904929WA0147401465004003042116120
B1911363644938N11904924WA0147601468004003040131136
B1911373644934N11904919WA0147701468004003031154150
B1911383644927N11904916WA0147701468004003030163176
B1911393644922N11904915WA0147701469004003039172186
B1911403644915N11904914WA0147901472004003038183207
B1911413644910N11904915WA0148201476004003038192219
B1911423644906N11904918WA0148501480004003036210231
B1911433644903N11904922WA0148701482004003025232243
B1911453644901N11904926WA0148801482004003025262251
B1911463644901N11904930WA0148901482004003021290281
B1911473644903N11904934WA0148801482004003021305294
B1911483644906N11904936WA0148801482004003024326303
B1911493644910N11904937WA0148801483004003027345324
B1911503644915N11904937WA0148801483004003027000338
B1911513644920N11904936WA0148801484004003030014350
B1911523644925N11904932WA0148801484004003034028004
B1911533644930N11904928WA0148901485004003042052021
B1911543644932N11904921WA0149101487004003042067049
B1911553644932N11904913WA0149201489004003042089065
B1911563644931N11904905WA0149501493004003042107092
B1911573644928N11904899WA0149801496004003041117114
B1911583644925N11904893WA0150101500004003034125128
B1911593644922N11904888WA0150301500004003034133143
B1912003644918N11904884WA0150501501004003032138157
B1912013644914N11904880WA0150601502004003032147168
B1912023644908N11904878WA0150701504004003035158178
B1912033644902N11904877WA0150901506004003038171202
B1912043644898N11904878WA0151101509004003038190215
B1912053644893N11904879WA0151201508004003031224224
B1912063644891N11904884WA0151301509004003028235247
B1912073644890N11904889WA0151401510004003028249260
B1912083644889N11904893WA0151401511004003024264273
B1912093644890N11904897WA0151401512004003024287283
B1912103644893N11904901WA0151401511004003023311297
B1912113644896N11904903WA0151401511004003023334313
B1912123644900N11904903WA0151501512004003026352327
B1912133644905N11904903WA0151501513004003029009342
B1912143644909N11904900WA0151501514004003033023356
B1912153644914N11904896WA0151601514004003033035010
B1912163644918N11904891WA0151701515004003037044022
B1912173644922N11904885WA0151701516004003039053034
B1912183644925N11904878WA0151801517004003041063044
B1912193644926N11904871WA0151801518004003042073057
B1912203644927N11904863WA0151901518004003041081067
B1912213644927N11904855WA0151901519004003042090078
B1912223644926N11904848WA0152001520004003042099088
B1912233644925N11904841WA0152201522004003040106099
B1912243644922N11904834WA0152301524004003040115108
B1912253644919N11904829WA0152501526004003037125119
B1912263644915N11904824WA0152701527004003037134132
B1912273644911N11904820WA0152901529004003036143147
B1912283644906N11904817WA0153001531004003032153156
B1912293644902N11904815WA0153201531004003032171170
B1912303644899N11904815WA0153201531004003026180188
B1912313644895N11904815WA0153101531004003025193203
B1912323644892N11904817WA0152901531004003025206215
B1912333644888N11904820WA0152601530004003027238226
B1912343644887N11904825WA0152401527004003028249252
B1912353644886N11904831WA0152201527004003028249251
B1912363644884N11904836WA0152201528004003029236244
B1912373644882N11904841WA0152101527004003029232229
B1912383644879N11904845WA0152101527004003029233235
B1912393644877N11904850WA0152101527004003029235245
B1912403644874N11904854WA0152201527004003029231216
B1912413644872N11904857WA0152201527004003028227219
B1912423644869N11904861WA0152101526004003026224226
B1912433644866N11904864WA0152001525004003028219227
B1912443644862N11904867WA0151801523004003030215238
B1912453644858N11904871WA0151701522004003030214231
B1912463644854N11904874WA0151601521004003032217225
B1912473644851N11904878WA0151501520004003032221237
B1912483644848N11904882WA0151401518004003029227255
B1912493644846N11904886WA0151201516004003029240257
B1912503644845N11904892WA0151001513004003029258281
B1912513644845N11904898WA0150801511004003029273290
B1912523644846N11904904WA0150601511004003032289293
B1912533644847N11904909WA0150501511004003031299310
B1912543644850N11904914WA0150401511004003031303309
B1912553644853N11904917WA0150301509004003028312323
B1912563644856N11904920WA0150101506004003025320317
B1912573644859N11904923WA0149801503004003025325325
B1912583644863N11904926WA0149601501004003032331337
B1912593644868N11904928WA0149501501004003032340349
B1913003644872N11904930WA0149501501004003031350353
B1913013644876N11904930WA0149401500004003027355344
B1913023644881N11904930WA0149201498004003027358340
B1913033644885N11904930WA0149101496004003031356333
B1913043644890N11904931WA0148901495004003033352328
B1913053644895N11904932WA0148801494004003033351320
B1913063644900N11904933WA0148801494004003033353323
B1913073644904N11904933WA0148801493004003030350321
B1913083644907N11904935WA0148701492004003024341309
B1913093644911N11904937WA0148601490004003024337312
B1913103644914N11904938WA0148401489004003024337314
B1913113644918N11904940WA0148301487004003025339324
B1913123644922N11904942WA0148101485004003029340332
B1913133644927N11904944WA0148101485004003029340316
B1913143644930N11904945WA0147901483004003029344316
B1913153644934N11904946WA0147801483004003026344316
B1913163644938N11904948WA0147501479004003026341321
B1913173644943N11904950WA0147301477004003028339329
B1913183644947N11904952WA0147401478004003037339341
B1913193644952N11904954WA0147601479004003037340338
B1913203644956N11904956WA0147901480004003028335293
B1913213644958N11904957WA0148101482004003020332284
B1913223644960N11904960WA0148201483004003019312286
B1913233644960N11904964WA0148401485004003021281262
B1913243644961N11904967WA0148601485004003021232244
B1913253644957N11904969WA0148901488004003021208213
B1913263644954N11904971WA0149101488004003023171199
B1913273644950N11904969WA0149201488004003026155172
B1913283644944N11904961WA0149101489004003026100130
B1913293644944N11904955WA0148801488004003026082099
B1913303644944N11904949WA0148601485004003029090096
B1913313644942N11904942WA0148401484004003033105112
B1913323644939N11904935WA0148201482004003039120123
B1913333644936N11904931WA0148101480004003039137138
B1913343644931N11904928WA0147901478004003035152152
B1913353644927N11904926WA0147601476004003031163173
B1913363644923N11904926WA0147401473004003029173187
B1913373644919N11904927WA0147201471004003028191197
B1913383644916N11904929WA0147001470004003028209214
B1913393644913N11904933WA0146901469004003028231232
B1913403644913N11904937WA0146901469004003025263249
B1913413644914N11904941WA0146801468004003022287270
B1913423644915N11904944WA0146701467004003022299288
B1913433644917N11904947WA0146701467004003022301292
B1913443644919N11904950WA0146701466004003021305304
B1913453644921N11904953WA0146701467004003021312305
B1913463644924N11904956WA0146801468004003021322309
B1913473644927N11904958WA0146901470004003024328307
B1913483644930N11904960WA0147001472004003024331307
B1913493644933N11904963WA0147101473004003024330303
B1913513644937N11904965WA0147301474004003025328294
B1913523644940N11904968WA0147401476004003027325316
B1913533644943N11904971WA0147601478004003027320289
B1913543644946N11904975WA0147801480004003027317280
B1913553644948N11904978WA0148001483004003026307270
B1913563644949N11904983WA0148201484004003024283263
B1913573644948N11904988WA0148301485004003028256248
B1913583644945N11904992WA0148501487004003031226228
B1913593644942N11904996WA0148801488004003029185208
B1914003644937N11904993WA0149001490004003031162178
B1914013644932N11904991WA0149101490004003035131159
B1914023644930N11904984WA0149201491004003036117129
B1914033644929N11904977WA0149301492004003036100111
B1914043644929N11904970WA0149401493004003036080092
B1914053644932N11904964WA0149401493004003037057068
B1914063644937N11904960WA0149401492004003038033042
B1914073644942N11904956WA0149501493004003037012018
B1914083644947N11904956WA0149701495004003036345358
B1914093644952N11904958WA0150001497004003032331333
B1914103644954N11904961WA0150301500004003020325319
B1914113644957N11904964WA0150501501004003020307312
B1914123644958N11904967WA0150601500004003020285298
B1914133644959N11904973WA0150701502004003023278282
B1914143644958N11904978WA0150901505004003027265277
B1914153644956N11904983WA0151001507004003027241266
B1914163644952N11904986WA0151201509004003029213247
B1914173644948N11904987WA0151301510004003029189223
B1914183644943N11904984WA0151501512004003032157201
B1914193644939N11904982WA0151501511004003032118168
B1914203644938N11904974WA0151401511004003040101124
B1914213644939N11904966WA0151401511004003041078102
B1914223644942N11904960WA0151401513004003040053074
B1914233644947N11904957WA0151601514004003039028045
B1914243644952N11904953WA0151901516004003038004018
B1914253644957N11904954WA0152101519004003029352354
B1914263644960N11904957WA0152401523004003029328339
B1914273644962N11904960WA0152701526004003025306319
B1914283644963N11904964WA0153001529004003023290299
B1914293644964N11904968WA0153201532004003021282286
B1914303644964N11904971WA0153301533004003017275280
B1914313644964N11904974WA0153401534004003017255274
B1914323644962N11904977WA0153501535004003017234260
B1914333644960N11904979WA0153601536004003019221245
B1914343644957N11904982WA0153701537004003022211234
B1914353644954N11904983WA0153701538004003021193225
B1914363644951N11904983WA0153701537004003026162210
B1914373644947N11904981WA0153601536004003026154176
B1914383644943N11904977WA0153501535004003028147167
B1914393644939N11904974WA0153601536004003028156169
B1914403644936N11904972WA0153701537004003023166176
B1914413644932N11904972WA0153901539004003023172186
B1914423644929N11904972WA0153901539004003023177194
B1914433644925N11904971WA0154001540004003023175195
B1914443644922N11904971WA0154001540004003024179214
B1914453644918N11904972WA0153801539004003024198220
B1914463644915N11904975WA0153701537004003024221233
B1914473644913N11904979WA0153501536004003024235244
B1914483644911N11904984WA0153501536004003026245243
B1914493644909N11904989WA0153501537004003031251263
B1914503644909N11904995WA0153601539004003028260272
B1914513644909N11904999WA0153701540004003028270276
B1914523644909N11905004WA0153701539004003024279285
B1914533644911N11905008WA0153601538004003024288306
B1914543644913N11905013WA0153501538004003026300311
B1914553644916N11905017WA0153501537004003031314314
B1914563644920N11905021WA0153501538004003034324322
B1914573644925N11905024WA0153601539004003033332326
B1914583644929N11905025WA0153601540004003033342341
B1914593644934N11905026WA0153701540004003033351335
B1915003644940N11905027WA0153801541004003037356330
B1915013644945N11905027WA0153901542004003037355303
B1915023644951N11905028WA0154001543004003037338299
B1915033644956N11905032WA0154301545004003038325290
B1915043644959N11905038WA0154601549004003038303275
B1915053644960N11905044WA0154801552004003030280264
B1915063644958N11905048WA0155201555004003030247248
B1915073644955N11905051WA0155401557004003024217230
B1915083644952N11905052WA0155601559004003024197214
B1915093644949N11905052WA0155801562004003024174199
B1915103644946N11905051WA0156001562004003021133178
B1915113644944N11905048WA0156101562004003026103145
B1915123644944N11905042WA0156101562004003026094107
B1915133644944N11905035WA0156101562004003031083091
B1915143644947N11905027WA0156301564004003038069076
B1915153644951N11905021WA0156301565004003043051058
B1915163644956N11905016WA0156401566004003043033039
B1915173644962N11905014WA0156501567004003042015019
B1915183644969N11905014WA0156601568004003042357001
B1915193644975N11905017WA0156801570004003042341344
B1915203644981N11905020WA0157001571004003043328329
B1915213644986N11905024WA0157401576004003043325316
B1915223644990N11905028WA0157801580004003040317314
B1915233644993N11905033WA0158101580004003033298307
B1915243644995N11905041WA0158501582004003022285275
B1915253644996N11905045WA0158601583004003022279272
B1915263644996N11905050WA0158801585004003022270268
B1915273644995N11905054WA0158901588004003024263262
B1915283644994N11905058WA0159101590004003024257257
B1915293644993N11905061WA0159201593004003018248252
B1915303644992N11905064WA0159301593004003018212245
B1915313644989N11905065WA0159401593004003018196221
B1915323644986N11905065WA0159601595004003019175209
B1915333644982N11905064WA0159701596004003021163192
B1915343644979N11905062WA0160001599004003022152181
B1915353644977N11905059WA0160201602004003022126170
B1915363644976N11905054WA0160401604004003022100146
B1915373644977N11905048WA0160601606004003026078116
B1915383644979N11905042WA0160701608004003032058084
B1915393644984N11905037WA0160801610004003042038056
B1915403644991N11905035WA0161001612004003047016032
B1915413644998N11905036WA0161201613004003047353007
B1915423645004N11905040WA0161301616004003047327344
B1915433645010N11905045WA0161701617004003047303317
B1915443645011N11905050WA0162001621004003030291295
B1915453645013N11905055WA0162301621004003030272281
B1915463645012N11905059WA0162501623004003018263265
B1915473645011N11905062WA0162601623004003018243256
B1915483645009N11905066WA0162701624004003021231241
B1915493645006N11905069WA0162801624004003019196233
B1915503645003N11905069WA0162901626004003020169208
B1915513645000N11905068WA0163001629004003019157187
B1915523644998N11905065WA0163301632004003019121178
B1915533644996N11905061WA0163401633004003019082147
B1915543644998N11905056WA0163601634004003026070097
B1915553645000N11905051WA0163601636004003031062071
B1915573645003N11905046WA0163801639004003031052051
B1915583645008N11905041WA0164001641004003035035038
B1915593645014N11905039WA0164101643004003042017014
B1916003645020N11905039WA0164201645004003043000355
B1916013645027N11905039WA0164501646004003042336340
B1916023645031N11905042WA0164701649004003039332318
B1916033645036N11905046WA0165001652004003035326320
B1916043645039N11905049WA0165201654004003035322305
B1916053645043N11905053WA0165201654004003030328303
B1916063645046N11905055WA0165201654004003027329295
B1916073645050N11905058WA0165101653004003028323284
B1916083645052N11905063WA0165001652004003030307279
B1916093645054N11905069WA0164901652004003030289269
B1916103645055N11905074WA0164901653004003030267260
B1916113645054N11905079WA0165001654004003029253246
B1916123645052N11905083WA0165101656004003023238241
B1916133645050N11905085WA0165201657004003023227225
B1916143645047N11905088WA0165201658004003021215214
B1916153645044N11905089WA0165301658004003021200203
B1916163645041N11905090WA0165301658004003022189202
B1916173645037N11905090WA0165301659004003024183190
B1916183645034N11905090WA0165401660004003024180197
B1916193645030N11905090WA0165401660004003022176191
B1916203645028N11905089WA0165401660004003020171171
B1916213645026N11905088WA0165301660004003017162173
B1916223645023N11905087WA0165301658004003020154171
B1916233645020N11905085WA0165201657004003023151171
B1916243645017N11905083WA0165101658004003023169171
B1916253645013N11905082WA0165101659004003024174195
B1916263645010N11905082WA0165201660004003024180191
B1916273645007N11905082WA0165201660004003019180185
B1916283645004N11905082WA0165301661004003019180187
B1916293645001N11905082WA0165301661004003019183186
B1916303644998N11905083WA0165301661004003019185199
B1916313644994N11905083WA0165301661004003021179182
B1916323644991N11905082WA0165401662004003025171184
B1916333644987N11905081WA0165501664004003025169175
B1916343644984N11905081WA0165601665004003025176188
B1916353644980N11905081WA0165601665004003022181196
B1916363644978N11905081WA0165601664004003020181215
B1916373644974N11905081WA0165601664004003020182180
B1916383644971N11905082WA0165601664004003022188202
B1916393644968N11905083WA0165601664004003022191208
B1916403644964N11905084WA0165601665004003024194222
B1916413644961N11905086WA0165701665004003024203218
B1916423644958N11905088WA0165701665004003021214227
B1916433644956N11905090WA0165701665004003023214210
B1916443644952N11905093WA0165701665004003023209208
B1916453644949N11905095WA0165601664004003025206195
B1916463644945N11905097WA0165601664004003026201201
B1916473644941N11905098WA0165501664004003029196182
B1916483644937N11905100WA0165501664004003029193184
B1916493644933N11905101WA0165401663004003028190184
B1916503644928N11905101WA0165301662004003028187191
B1916513644924N11905102WA0165201660004003028186198
B1916523644920N11905103WA0165101659004003029188190
B1916533644916N11905103WA0165001658004003029189192
B1916543644912N11905104WA0164801658004003026184173
B1916553644908N11905104WA0164601655004003026184191
B1916563644904N11905105WA0164301652004003026187209
B1916573644900N11905106WA0164101650004003031194208
B1916583644896N11905108WA0163801648004003031200212
B1916593644891N11905110WA0163601646004003030203203
B1917003644887N11905113WA0163401643004003030202197
B1917013644883N11905114WA0163101640004003030198189
B1917023644878N11905116WA0162901638004003032194194
B1917033644874N11905117WA0162801636004003032190198
B1917043644870N11905117WA0162601635004003031186201
B1917053644866N11905118WA0162401633004003028183190
B1917063644862N11905118WA0162201631004003025184194
B1917073644858N11905119WA0162001628004003027187190
B1917083644854N11905120WA0161801626004003028191193
B1917093644850N11905121WA0161601624004003028193200
B1917103644846N11905122WA0161501623004003028193199
B1917113644842N11905123WA0161401622004003028191202
B1917123644838N11905124WA0161201621004003026187188
B1917133644835N11905124WA0161101620004003026183197
B1917143644831N11905124WA0161001619004003024180192
B1917153644828N11905124WA0160901617004003022181196
B1917163644824N11905125WA0160601614004003022186201
B1917173644820N11905126WA0160401611004003028189204
B1917183644816N11905127WA0160201609004003029191199
B1917193644808N11905129WA0159901606004003029196197
B1917203644804N11905131WA0159701605004003028198211
B1917213644801N11905132WA0159601603004003022197215
B1917223644798N11905133WA0159501602004003022194201
B1917233644795N11905134WA0159201599004003020192205
B1917243644792N11905135WA0159001596004003020191199
B1917253644789N11905135WA0158701593004003021189199
B1917263644785N11905136WA0158401591004003026188193
B1917273644781N11905137WA0158301589004003026184186
B1917283644777N11905136WA0158101588004003026176183
B1917293644774N11905135WA0157801585004003024170188
B1917303644770N11905135WA0157701583004003024173193
B1917313644766N11905135WA0157401581004003027181198
B1917323644762N11905135WA0157301579004003027183202
B1917333644758N11905135WA0157201578004003025180195
B1917343644755N11905135WA0156901575004003023181198
B1917353644751N11905136WA0156701572004003023185197
B1917363644747N11905136WA0156401573004003031183193
B1917373644742N11905136WA0156401572004003031177185
B1917383644738N11905135WA0156301572004003030167182
B1917393644735N11905134WA0156301571004003026165193
B1917403644731N11905133WA0156201570004003025171191
B1917413644727N11905133WA0156101570004003027177203
B1917423644723N11905133WA0156101569004003028183190
B1917433644719N11905134WA0156101570004003027189204
B1917443644715N11905135WA0156101569004003027193206
B1917453644711N11905137WA0156101568004003027195208
B1917463644707N11905138WA0156001568004003028194207
B1917473644703N11905139WA0156001567004003028189206
B1917483644699N11905139WA0156001567004003027181190
B1917493644695N11905138WA0155801566004003026172185
B1917503644691N11905138WA0155701565004003026173185
B1917513644687N11905138WA0155501563004003028178195
B1917523644683N11905138WA0155301561004003030185201
B1917533644678N11905139WA0155201560004003030188197
B1917543644674N11905140WA0155101559004003030191194
B1917553644670N11905141WA0155001557004003028192201
B1917563644666N11905142WA0154801556004003029189192
B1917573644661N11905143WA0154701555004003029184199
B1917583644657N11905143WA0154701555004003029184196
B1917593644653N11905144WA0154801556004003028193218
B1918003644650N11905146WA0154801555004003026201201
B1918013644646N11905147WA0154801555004003026198190
B1918033644642N11905148WA0154801555004003027191200
B1918043644638N11905149WA0154801555004003026191191
B1918053644634N11905150WA0154801555004003026198212
B1918063644631N11905152WA0154901555004003023196200
B1918073644628N11905152WA0154901555004003023187192
B1918083644625N11905152WA0154901555004003022181201
B1918093644622N11905153WA0154801553004003021182193
B1918103644619N11905153WA0154601551004003019191197
B1918113644616N11905155WA0154401549004003020199195
B1918123644613N11905156WA0154201547004003020197207
B1918133644609N11905157WA0154101545004003022189191
B1918143644606N11905157WA0153901544004003022186195
B1918153644603N11905158WA0153801542004003022190217
B1918163644600N11905159WA0153601540004003021195204
B1918173644597N11905160WA0153401538004003021199221
B1918183644593N11905162WA0153201535004003023201197
B1918193644590N11905164WA0153001534004003028203199
B1918203644586N11905166WA0153001534004003028201221
B1918213644580N11905168WA0152901533004003022195202
B1918223644577N11905169WA0152801533004003020189188
B1918233644574N11905169WA0152601531004003021187184
B1918243644571N11905170WA0152501529004003021186203
B1918253644568N11905170WA0152401529004003021178208
B1918263644565N11905169WA0152401528004003019171195
B1918273644562N11905169WA0152201526004003019178212
B1918283644559N11905170WA0152101525004003021189212
B1918293644557N11905171WA0152201526004003021194227
B1918303644555N11905171WA0152101525004003017180214
B1918313644553N11905171WA0152001524004003014166193
B1918323644551N11905170WA0151801523004003014166198
B1918333644548N11905169WA0151601521004003020168207
B1918343644544N11905168WA0151601521004003025177193
B1918353644540N11905168WA0151701522004003020188192
B1918363644539N11905169WA0151801525004003018194216
B1918373644537N11905169WA0152001524004003013209210
B1918383644536N11905170WA0152001523004003009205218
B1918393644535N11905171WA0152001523004003011210213
B1918403644533N11905173WA0152001522004003011217219
B1918413644530N11905176WA0152001522004003016219233
B1918423644528N11905178WA0152001522004003019221228
B1918433644526N11905180WA0152101523004003018220216
B1918443644524N11905182WA0152301523004003018220234
B1918453644522N11905184WA0152501525004003015217240
B1918463644521N11905186WA0152601527004003015214221
B1918473644518N11905188WA0152701528004003016220234
B1918483644516N11905191WA0152801529004003021226222
B1918493644514N11905194WA0153001531004003023230218
B1918503644512N11905198WA0153201531004003021229240
B1918513644511N11905200WA0153401534004003018225217
B1918523644509N11905201WA0153501533004003015211231
B1918533644508N11905202WA0153501533004003012213231
B1918543644506N11905204WA0153501532004003016216235
B1918553644504N11905206WA0153501532004003016217218
B1918563644501N11905208WA0153501533004003019212211
B1918573644498N11905210WA0153501533004003020204205
B1918583644496N11905211WA0153601535004003018195209
B1918593644493N11905211WA0153701536004003018192245
B1919003644491N11905212WA0153801536004003016221248
B1919013644490N11905215WA0153801536004003016243248
B1919023644489N11905218WA0153801536004003016273247
B1919033644490N11905223WA0153801536004003024280258
B1919043644491N11905227WA0153801537004003024285274
B1919053644492N11905231WA0153901538004003024292294
B1919063644495N11905235WA0153901538004003024307295
B1919073644497N11905239WA0153901538004003025328300
B1919083644502N11905242WA0153701537004003033327298
B1919093644506N11905247WA0153601536004003035319291
B1919103644509N11905252WA0153601536004003035307282
B1919113644511N11905258WA0153601537004003035294276
B1919123644512N11905262WA0153701537004003032280267
B1919133644512N11905266WA0153601536004003021265258
B1919143644511N11905270WA0153601536004003021246242
B1919153644509N11905273WA0153401534004003021237231
B1919163644507N11905277WA0153401534004003023237242
B1919173644506N11905280WA0153401534004003023235250
B1919183644504N11905282WA0153401535004003017220242
B1919193644502N11905284WA0153301534004003017193238
B1919203644500N11905284WA0153201533004003017195221
B1919213644497N11905286WA0153001530004003018204224
B1919223644494N11905288WA0152801529004003020212216
B1919233644491N11905290WA0152801528004003024213211
B1919243644488N11905293WA0152801529004003024215210
B1919253644486N11905295WA0152801530004003024219211
B1919263644483N11905298WA0153001531004003023222224
B1919273644481N11905300WA0153201533004003019219232
B1919283644479N11905302WA0153401535004003017214228
B1919293644477N11905304WA0153401535004003018213215
B1919303644474N11905306WA0153501537004003018215219
B1919313644471N11905309WA0153701538004003021215230
B1919323644468N11905311WA0153901541004003025216234
B1919333644465N11905314WA0154201541004003024233232
B1919343644464N11905318WA0154501545004003024244246
B1919353644463N11905322WA0154701545004003022260260
B1919363644462N11905327WA0154901545004003022261237
B1919373644462N11905332WA0154901544004003024257241
B1919383644461N11905338WA0154901545004003031255244
B1919393644459N11905344WA0154901546004003034251248
B1919403644457N11905350WA0155101548004003034247244
B1919413644455N11905355WA0155201550004003034243249
B1919423644453N11905360WA0155401552004003033242243
B1919433644452N11905364WA0155601554004003026244246
B1919443644450N11905369WA0155701555004003026246243
B1919453644448N11905373WA0155701555004003026243238
B1919463644446N11905377WA0155701556004003026234236
B1919473644443N11905380WA0155801557004003026226232
B1919483644441N11905383WA0155801558004003021220240
B1919493644439N11905385WA0155801558004003021215216
B1919503644436N11905387WA0155801557004003021214239
B1919513644433N11905390WA0155801557004003022213213
B1919523644430N11905392WA0155801557004003023225235
B1919533644428N11905395WA0155801558004003022227245
B1919543644426N11905399WA0155901559004003022228240
B1919553644423N11905402WA0156001560004003022229257
B1919563644421N11905405WA0156201562004003022230252
B1919573644419N11905408WA0156301564004003022232245
B1919583644418N11905411WA0156501565004003019234235
B1919593644416N11905414WA0156501566004003019236241
B1920003644415N11905418WA0156601567004003019241245
B1920013644413N11905422WA0156701568004003023249254
B1920023644412N11905427WA0156901568004003026262242
B1920033644412N11905432WA0157101569004003027263245
B1920043644411N11905437WA0157401573004003027265243
B1920053644411N11905442WA0157701577004003027270257
B1920063644411N11905448WA0158101578004003027268280
B1920073644411N11905452WA0158501582004003026261247
B1920083644410N11905456WA0158801586004003023247239
B1920093644408N11905460WA0159101589004003023238223
B1920103644406N11905463WA0159301589004003023240250
B1920113644405N11905468WA0159601592004003024246247
B1920123644403N11905472WA0159801595004003026250242
B1920133644402N11905477WA0160001597004003026250238
B1920143644401N11905481WA0160201600004003026250239
B1920153644400N11905486WA0160401603004003026251250
B1920163644399N11905491WA0160701606004003026251233
B1920173644397N11905495WA0160801608004003026250228
B1920183644396N11905500WA0161001609004003026247233
B1920193644394N11905505WA0161101611004003027245240
B1920203644392N11905509WA0161301613004003028243233
B1920213644390N11905514WA0161501616004003028241242
B1920223644389N11905517WA0161801619004003026240240
B1920233644387N11905521WA0162101621004003024244261
B1920243644386N11905525WA0162201623004003022255261
B1920253644386N11905530WA0162301625004003024263252
B1920263644386N11905535WA0162401626004003024266238
B1920273644385N11905540WA0162601628004003028267239
B1920283644385N11905545WA0162801630004003027271224
B1920293644386N11905549WA0162901632004003027275222
B1920303644386N11905553WA0163001633004003023270228
B1920313644386N11905557WA0163001633004003021244220
B1920323644384N11905560WA0163001632004003020230217
B1920333644381N11905562WA0163001632004003020211214
B1920343644378N11905563WA0162901631004003020202205
B1920353644375N11905565WA0162901631004003021204218
B1920363644372N11905567WA0162901631004003021211218
B1920373644370N11905570WA0162801631004003021226232
B1920383644369N11905573WA0162801631004003021240233
B1920393644367N11905577WA0162801631004003022249240
B1920403644366N11905581WA0162801631004003023254230
B1920413644366N11905585WA0162801632004003023260245
B1920433644366N11905589WA0162801631004003023264265
B1920443644365N11905593WA0162701630004003022264269
B1920453644365N11905598WA0162501628004003024266247
B1920463644365N11905603WA0162401627004003030270260
B1920473644365N11905610WA0162201626004003030275260
B1920483644366N11905616WA0162201626004003034284258
B1920493644368N11905622WA0162201626004003034290264
B1920503644370N11905627WA0162201627004003034297282
B1920513644372N11905633WA0162201626004003034295254
B1920523644374N11905639WA0162201626004003034289267
B1920533644375N11905645WA0162201626004003032283254
B1920543644376N11905650WA0162001625004003032281247
B1920553644377N11905655WA0161901623004003029284243
B1920563644378N11905660WA0161701621004003028288250
B1920573644379N11905665WA0161501619004003029287263
B1920583644381N11905671WA0161301617004003033282258
B1920593644382N11905677WA0161001616004003033278267
B1921003644382N11905683WA0160801617004003033275265
B1921013644382N11905689WA0160601617004003028266267
B1921023644382N11905694WA0160501616004003028260240
B1921033644380N11905698WA0160301614004003025248241
B1921043644378N11905702WA0160201612004003025241248
B1921053644376N11905706WA0160001610004003026239253
B1921063644374N11905711WA0159901608004003027244242
B1921073644373N11905715WA0159801607004003028249261
B1921083644372N11905720WA0159801607004003027253243
B1921093644371N11905724WA0159701607004003027254252
B1921103644370N11905728WA0159701606004003023253249
B1921113644369N11905732WA0159501604004003020251256
B1921123644368N11905735WA0159401602004003020253258
B1921133644368N11905739WA0159201600004003020258255
B1921143644367N11905744WA0159001598004003021264253
B1921153644367N11905748WA0158801596004003023264250
B1921163644366N11905753WA0158601594004003025260250
B1921173644365N11905757WA0158501592004003025253240
B1921183644364N11905762WA0158301590004003025247250
B1921193644362N11905766WA0158101588004003025244250
B1921203644360N11905771WA0158001588004003027241262
B1921213644358N11905775WA0157801586004003027241249
B1921223644356N11905780WA0157601586004003028251252
B1921233644355N11905785WA0157301583004003028258262
B1921243644355N11905790WA0157101580004003028267263
B1921253644355N11905794WA0156801578004003027269246
B1921263644355N11905798WA0156601574004003021267246
B1921273644354N11905802WA0156201570004003022262250
B1921283644354N11905807WA0155701565004003022261238
B1921293644353N11905812WA0155401561004003025264270
B1921303644353N11905817WA0155101558004003027266283
B1921313644353N11905822WA0154801557004003025291284
B1921323644355N11905826WA0154501554004003028300294
B1921333644361N11905837WA0153901548004003033298257
B1921343644363N11905843WA0153701546004003035292260
B1921353644364N11905849WA0153501545004003036286259
B1921363644365N11905856WA0153501544004003036281252
B1921373644366N11905861WA0153401543004003034276249
B1921383644366N11905867WA0153401542004003032271251
B1921393644366N11905873WA0153301541004003031264245
B1921403644365N11905878WA0153201539004003031258250
B1921413644364N11905884WA0153001538004003031258238
B1921423644364N11905889WA0152901537004003030264266
B1921433644363N11905894WA0152801536004003029267263
B1921443644363N11905899WA0152801535004003027265257
B1921453644363N11905903WA0152701535004003022264260
B1921463644363N11905907WA0152601534004003022266254
B1921473644363N11905911WA0152601533004003022270268
B1921483644363N11905915WA0152401531004003022279249
B1921493644365N11905920WA0152201529004003023289277
B1921503644366N11905924WA0152101527004003027291281
B1921513644367N11905929WA0151901525004003027287269
B1921523644368N11905934WA0151701522004003025281259
B1921533644369N11905939WA0151401520004003025276257
B1921543644369N11905943WA0151201518004003026269246
B1921553644368N11905948WA0151001517004003024260248
B1921563644368N11905953WA0150701514004003025257238
B1921573644367N11905958WA0150301510004003025257255
B1921583644366N11905963WA0150101507004003027260253
B1921593644365N11905968WA0149801504004003029264262
B1922003644365N11905974WA0149501501004003029263241
B1922013644364N11905979WA0149201497004003029260237
B1922023644363N11905984WA0148801493004003029258243
B1922033644362N11905990WA0148501490004003029258231
B1922043644361N11905995WA0148201486004003029255229
B1922053644360N11905999WA0147801483004003027245207
B1922063644357N11906003WA0147501478004003027230204
B1922073644354N11906006WA0147101474004003027213203
B1922083644350N11906008WA0146701470004003028196193
B1922093644345N11906008WA0146401467004003028177176
B1922103644341N11906007WA0146201467004003027149158
B1922113644338N11906004WA0146101467004003027133145
B1922123644336N11906000WA0146001466004003024121134
B1922143644335N11905996WA0145801465004003023087127
B1922153644335N11905991WA0145501464004003028073096
B1922163644337N11905986WA0145201460004003030067078
B1922173644340N11905981WA0145001458004003030053069
B1922183644344N11905978WA0144901455004003030032054
B1922193644348N11905975WA0144601455004003031006033
B1922203644354N11905975WA0144301451004003035001005
B1922213644359N11905975WA0144101448004003035358359
B1922223644364N11905976WA0143901446004003035353357
B1922233644369N11905978WA0143601443004003033340350
B1922243644374N11905981WA0143401440004003033327337
B1922253644377N11905986WA0143101437004003034316323
B1922263644380N11905991WA0142801433004003033305311
B1922273644382N11905996WA0142501430004003033292300
B1922283644383N11906002WA0142201426004003029276286
B1922293644382N11906007WA0141801421004003030261263
B1922303644381N11906013WA0141401418004003030254249
B1922313644380N11906018WA0141201418004003030242236
B1922323644377N11906022WA0140901415004003026232215
B1922333644375N11906025WA0140601411004003026216209
B1922343644371N11906027WA0140301407004003026206206
B1922353644367N11906029WA0139901403004003026201199
B1922363644363N11906031WA0139601399004003028200194
B1922373644359N11906032WA0139401397004003029196171
B1922383644355N11906033WA0139101394004003029186171
B1922393644351N11906032WA0138901391004003027166153
B1922403644349N11906029WA0138601388004003024143144
B1922413644346N11906025WA0138301384004003024125127
B1922423644344N11906020WA0137901380004003029115115
B1922433644343N11906015WA0137701378004003031106095
B1922443644343N11906009WA0137501375004003031094074
B1922453644343N11906003WA0137201372004003031082082
B1922463644345N11905998WA0136901369004003031073081
B1922473644346N11905992WA0136601365004003029073096
B1922483644347N11905987WA0136301361004003029077107
B1922493644347N11905982WA0136001358004003029082101
B1922503644348N11905976WA0135701355004003029086101
B1922513644348N11905970WA0135501353004003031090100
B1922523644347N11905963WA0135301351004003034092105
B1922533644347N11905957WA0135201350004003034091125
B1922543644348N11905951WA0135201349004003033086117
B1922553644348N11905945WA0135101348004003032085117
B1922563644348N11905939WA0135001347004003032093129
B1922573644346N11905934WA0134901347004003031112129
B1922583644343N11905930WA0134901346004003031135146
B1922593644340N11905928WA0134901347004003028154160
B1923003644337N11905928WA0134901347004003024167170
B1923013644335N11905928WA0134901346004003018182177
B1923023644333N11905929WA0134801345004003015198188
B1923033644331N11905930WA0134701343004003018211204
B1923043644329N11905933WA0134601342004003018223213
B1923053644326N11905936WA0134501341004003020229215
B1923063644324N11905940WA0134401340004003023231213
B1923073644322N11905944WA0134301340004003025233226
B1923083644320N11905947WA0134301340004003025238226
B1923093644318N11905951WA0134301339004003021240234
B1923103644317N11905954WA0134201338004003020242227
B1923113644315N11905957WA0134101336004003020241227
B1923123644314N11905961WA0133901334004003023239228
B1923133644312N11905965WA0133801333004003023236232
B1923143644310N11905968WA0133601332004003023236222
B1923153644308N11905972WA0133501330004003023239226
B1923163644307N11905976WA0133401329004003022244226
B1923173644306N11905979WA0133201327004003021247229
B1923183644304N11905983WA0133101325004003021246223
B1923193644303N11905986WA0132901324004003021240222
B1923203644301N11905989WA0132701322004003020230219
B1923213644299N11905991WA0132601320004003020218211
B1923223644296N11905993WA0132401318004003021215214
B1923233644294N11905996WA0132401317004003022220223
B1923243644292N11905999WA0132301317004003022224221
B1923253644290N11906002WA0132301317004003022226225
B1923263644288N11906004WA0132201316004003021226221
B1923273644285N11906007WA0132101315004003023228221
B1923283644283N11906011WA0132101314004003026228215
B1923293644280N11906015WA0132001314004003026224197
B1923303644277N11906017WA0132001314004003026213183
B1923313644273N11906018WA0132101314004003026188170
B1923323644270N11906017WA0132101313004003025161167
B1923333644266N11906014WA0132001312004003029147159
B1923343644262N11906010WA0131901312004003029145151
B1923353644258N11906007WA0131901312004003029138140
B1923363644256N11906003WA0132001313004003027126108
B1923373644254N11905999WA0132001313004003028098103
B1923383644254N11905994WA0132001312004003035082091
B1923393644256N11905987WA0131901311004003035078078
B1923403644257N11905980WA0131901312004003037073071
B1923413644260N11905973WA0131901312004003040063055
B1923423644264N11905968WA0131901312004003040047038
B1923433644270N11905964WA0131901311004003041030028
B1923443644276N11905961WA0131901310004003041019016
B1923453644282N11905959WA0131801309004003043012010
B1923463644289N11905958WA0131701309004003044006003
B1923473644296N11905958WA0131701309004003044001355
B1923483644302N11905958WA0131801310004003044357353
B1923493644308N11905959WA0131801310004003042352345
B1923503644313N11905961WA0131701309004003040344337
B1923513644318N11905964WA0131701308004003038333330
B1923523644323N11905968WA0131701308004003036322321
B1923533644326N11905972WA0131701308004003036313309
B1923543644329N11905977WA0131701309004003034305299
B1923553644331N11905981WA0131701308004003028288292
B1923563644332N11905984WA0131501307004003021274269
B1923573644331N11905989WA0131301305004003022267253
B1923583644331N11905993WA0131101302004003023257250
B1923593644329N11905997WA0131001301004003023248239
B1924003644328N11906000WA0130801299004003023243241
B1924013644326N11906004WA0130601298004003022239235
B1924023644324N11906007WA0130501296004003021236237
B1924033644322N11906010WA0130401295004003021234223
B1924043644320N11906013WA0130201293004003021233236
B1924053644318N11906017WA0130101291004003022233231
B1924063644316N11906020WA0129901290004003022235235
B1924073644315N11906023WA0129801289004003020234230
B1924083644313N11906026WA0129701287004003020225229
B1924093644310N11906028WA0129601286004003020215223
B1924103644306N11906033WA0129501285004003021222242
B1924113644304N11906035WA0129401284004003017233239
B1924123644303N11906038WA0129201284004003020237230
B1924133644301N11906041WA0129101281004003020236227
B1924143644299N11906045WA0128901279004003022230231
B1924153644296N11906048WA0128801278004003023227222
B1924163644294N11906051WA0128701277004003020228223
B1924173644292N11906053WA0128601276004003020228220
B1924183644290N11906056WA0128501274004003019225221
B1924203644288N11906059WA0128301273004003019223216
B1924213644285N11906062WA0128201272004003023222232
B1924223644283N11906065WA0128101270004003024219195
B1924233644280N11906067WA0127901268004003023217218
B1924243644277N11906069WA0127701266004003023204196
B1924253644275N11906069WA0127501263004003017188196
B1924263644272N11906069WA0127201260004003019180196
B1924273644269N11906069WA0126901257004003019176188
B1924283644265N11906069WA0126601254004003021174184
B1924293644261N11906068WA0126401251004003027177195
B1924303644257N11906068WA0126201252004003031181196
B1924313644252N11906068WA0126201253004003029173189
B1924323644248N11906067WA0126301254004003029164182
B1924333644245N11906064WA0126301255004003025148154
B1924343644241N11906061WA0126401255004003030141142
B1924353644238N11906056WA0126501256004003030134126
B1924363644234N11906051WA0126601256004003034111099
B1924373644233N11906044WA0126701257004003039096079
B1924383644235N11906036WA0126801259004003043076069
B1924393644238N11906028WA0127001260004003043063067
B1924403644242N11906022WA0127101261004003043055055
B1924413644246N11906016WA0127201262004003042050052
B1924423644250N11906010WA0127301263004003042047045
B1924433644255N11906004WA0127401264004003047044043
B1924443644261N11905998WA0127501265004003047041025
B1924453644266N11905992WA0127601266004003047037016
B1924463644271N11905988WA0127701267004003046031011
B1924473644277N11905986WA0127801268004003042020010
B1924483644282N11905984WA0127801268004003037010005
B1924493644288N11905983WA0127801267004003041007003
B1924503644295N11905982WA0127801267004003041009001
B1924513644301N11905981WA0127801267004003042008353
B1924523644307N11905980WA0127801267004003042003340
B1924533644312N11905980WA0127801267004003037000347
B1924543644317N11905981WA0127701267004003037357329
B1924553644322N11905981WA0127701266004003034353338
B1924563644327N11905982WA0127601264004003033350335
B1924573644332N11905983WA0127401263004003033349340
B1924583644337N11905984WA0127301262004003034350328
B1924593644342N11905986WA0127301261004003034348311
B1925003644347N11905987WA0127201260004003034343303
B1925013644351N11905990WA0127001259004003033332309
B1925023644355N11905994WA0126901257004003033320297
B1925033644358N11905998WA0126801257004003032312283
B1925043644361N11906003WA0126801257004003032306265
B1925053644362N11906007WA0126701256004003028294260
B1925063644364N11906011WA0126601256004003024263254
B1925073644362N11906014WA0126501254004003021246243
B1925083644360N11906017WA0126401253004003023228242
B1925093644357N11906020WA0126301252004003023218235
B1925103644354N11906022WA0126201251004003023210222
B1925113644351N11906024WA0126101249004003022206232
B1925123644348N11906026WA0125901247004003022206228
B1925133644344N11906028WA0125801246004003027205213
B1925143644340N11906030WA0125701246004003030202196
B1925153644336N11906032WA0125801246004003029197210
B1925163644332N11906033WA0125701246004003029192210
B1925173644328N11906034WA0125701245004003027191213
B1925183644324N11906035WA0125601244004003028196218
B1925193644320N11906037WA0125601244004003029201223
B1925203644316N11906039WA0125601244004003028205237
B1925213644313N11906041WA0125701245004003027204222
B1925223644309N11906043WA0125701245004003024203225
B1925233644306N11906045WA0125701244004003023202219
B1925243644303N11906047WA0125701244004003025205235
B1925253644300N11906050WA0125601243004003024215242
B1925263644298N11906053WA0125501242004003024229248
B1925273644296N11906057WA0125401241004003023245243
B1925283644295N11906062WA0125401241004003027257253
B1925293644294N11906067WA0125401241004003027259260
B1925303644294N11906071WA0125501242004003027258254
B1925313644293N11906075WA0125501243004003025262273
B1925323644293N11906080WA0125501242004003024271269
B1925333644293N11906084WA0125401242004003026284275
B1925343644295N11906089WA0125301241004003028292287
B1925353644297N11906093WA0125301241004003027302294
B1925363644299N11906098WA0125401241004003027309295
B1925373644302N11906101WA0125401242004003026314300
B1925383644305N11906103WA0125401242004003023330307
B1925393644309N11906104WA0125401242004003025346314
B1925403644313N11906104WA0125401242004003025355334
B1925413644317N11906105WA0125501243004003027359349
B1925423644322N11906104WA0125601244004003029007358
B1925433644326N11906102WA0125701245004003028021007
B1925443644329N11906099WA0125701245004003029029020
B1925453644333N11906096WA0125701245004003029039034
B1925463644336N11906091WA0125701245004003030051054
B1925473644338N11906085WA0125701245004003032063072
B1925483644340N11906079WA0125701246004003033075091
B1925493644340N11906073WA0125801247004003033090112
B1925503644339N11906069WA0125901247004003030105123
B1925513644337N11906064WA0125801246004003027118134
B1925523644334N11906060WA0125801245004003027127136
B1925533644331N11906056WA0125701244004003031134146
B1925543644327N11906052WA0125601244004003033142158
B1925553644322N11906048WA0125601244004003033147177
B1925563644318N11906045WA0125701245004003033150184
B1925573644314N11906043WA0125801246004003033153196
B1925583644311N11906042WA0125801246004003024159189
B1925593644308N11906041WA0125701245004003024170196
B1926003644304N11906041WA0125601243004003024181200
B1926013644299N11906042WA0125501243004003027188216
B1926023644295N11906043WA0125501243004003030195196
B1926033644290N11906045WA0125601245004003032197213
B1926043644286N11906046WA0125701246004003032197214
B1926053644282N11906048WA0125801247004003029198204
B1926063644278N11906050WA0125901247004003028203214
B1926073644274N11906052WA0125901248004003028205217
B1926083644270N11906055WA0126001248004003030207221
B1926093644267N11906058WA0126001249004003030213235
B1926103644264N11906061WA0126101249004003028221272
B1926113644262N11906064WA0126101249004003026231274
B1926123644261N11906068WA0126001249004003023251274
B1926133644260N11906071WA0125901248004003023284268
B1926143644262N11906076WA0125701246004003027297290
B1926153644265N11906081WA0125601245004003027307296
B1926163644268N11906085WA0125501244004003030314304
B1926173644272N11906088WA0125401243004003030325313
B1926183644276N11906090WA0125301242004003031338322
B1926193644281N11906091WA0125201241004003031352338
B1926203644286N11906091WA0125201240004003031003346
B1926213644290N11906090WA0125101240004003031009344
B1926223644295N11906089WA0125201240004003033015009
B1926233644300N11906087WA0125301241004003028025011
B1926243644303N11906084WA0125401242004003028029006
B1926253644307N11906082WA0125401242004003026032001
B1926263644311N11906079WA0125401241004003026030006
B1926273644315N11906076WA0125401242004003033034022
B1926283644318N11906072WA0125401242004003033037026
B1926293644322N11906068WA0125401242004003031042020
B1926303644325N11906065WA0125401242004003029043017
B1926313644328N11906061WA0125501243004003029043015
B1926323644331N11906057WA0125601244004003031044035
B1926333644334N11906053WA0125701245004003031043052
B1926343644337N11906050WA0125701246004003028041028
B1926353644340N11906047WA0125701245004003025041022
B1926363644342N11906044WA0125601244004003023041017
B1926373644345N11906041WA0125401241004003025039019
B1926383644349N11906038WA0125201239004003029034020
B1926393644352N11906035WA0125001238004003029033030
B1926403644356N11906032WA0124901237004003029037033
B1926413644358N11906028WA0124901236004003029051042
B1926423644360N11906023WA0124801236004003029062045
B1926433644362N11906018WA0124801235004003030064032
B1926443644364N11906013WA0124701234004003030063055
B1926453644366N11906008WA0124601233004003030063042
B1926463644368N11906003WA0124501232004003029065054
B1926473644369N11905998WA0124401232004003027068039
B1926483644371N11905994WA0124401232004003028067053
B1926493644373N11905989WA0124401231004003028063052
B1926503644375N11905985WA0124401231004003028062051
B1926513644377N11905979WA0124401232004003028065055
B1926523644378N11905974WA0124501232004003030068063
B1926533644380N11905969WA0124601234004003030070058
B1926543644381N11905965WA0124701235004003027074075
B1926553644381N11905960WA0124801236004003026081081
B1926563644382N11905955WA0124801235004003026087070
B1926573644381N11905949WA0124801235004003030092075
B1926583644381N11905943WA0124801236004003032096087
B1926593644380N11905937WA0124901237004003032101092
B1927003644378N11905931WA0124901237004003033107104
B1927013644376N11905925WA0124901237004003034111100
B1927023644374N11905919WA0124901237004003038116103
B1927033644371N11905913WA0125001237004003039122112
B1927043644367N11905907WA0125001238004003039129105
B1927053644363N11905901WA0125101239004003041129102
B1927063644360N11905895WA0125201240004003041118073
B1927073644359N11905888WA0125301241004003038104074
B1927083644359N11905881WA0125301241004003038090070
B1927093644360N11905875WA0125301241004003036077061
B1927103644362N11905870WA0125401242004003033064052
B1927113644364N11905866WA0125501243004003030052043
B1927123644367N11905863WA0125501244004003026038033
B1927133644371N11905861WA0125601245004003026027018
B1927143644374N11905860WA0125701246004003023011008
B1927153644377N11905860WA0125701245004003021353352
B1927163644380N11905862WA0125701246004003021340333
B1927173644383N11905863WA0125801247004003021335322
B1927183644386N11905865WA0125901248004003021335322
B1927193644388N11905867WA0126101250004003021332320
B1927203644390N11905868WA0126201250004003017328304
B1927213644391N11905869WA0126301250004003013319303
B1927223644393N11905872WA0126301250004003020311306
B1927233644396N11905877WA0126301250004003028306291
B1927243644399N11905881WA0126401251004003028305299
B1927253644401N11905886WA0126401252004003029303296
B1927263644403N11905891WA0126401252004003029299291
B1927273644405N11905895WA0126401251004003029295293
B1927283644407N11905901WA0126401251004003030293290
B1927293644409N11905906WA0126301250004003030291278
B1927303644410N11905912WA0126201249004003031288264
B1927313644411N11905918WA0126101248004003033282267
B1927323644412N11905925WA0126101247004003036273260
B1927333644411N11905932WA0126001247004003036266279
B1927343644411N11905938WA0125901246004003036262272
B1927353644410N11905943WA0125801245004003032265261
B1927363644410N11905948WA0125601245004003028275267
B1927373644411N11905953WA0125401242004003029279271
B1927383644411N11905959WA0125201240004003032277255
B1927393644411N11905965WA0125001238004003032267256
B1927403644410N11905971WA0124801237004003032253239
B1927413644408N11905975WA0124701236004003031242238
B1927423644406N11905980WA0124601235004003027240256
B1927433644404N11905984WA0124501233004003028242268
B1927443644402N11905989WA0124401232004003027247250
B1927453644401N11905993WA0124301231004003026250261
B1927463644400N11905997WA0124201230004003025249243
B1927473644399N11906001WA0124001229004003025246263
B1927483644397N11906006WA0123701226004003027247246
B1927493644395N11906011WA0123501223004003027248246
B1927503644394N11906017WA0123301223004003031246233
B1927513644392N11906022WA0123201223004003031237224
B1927523644389N11906026WA0123101222004003028227220
B1927533644385N11906029WA0123001221004003028217219
B1927543644382N11906032WA0122801219004003028211233
B1927553644378N11906034WA0122701217004003027204212
B1927563644374N11906035WA0122501215004003026197213
B1927573644370N11906036WA0122301213004003027188193
B1927583644366N11906035WA0122101211004003030177175
B1927593644361N11906034WA0122001209004003030167166
B1928003644356N11906032WA0121801207004003032156148
B1928013644352N11906029WA0121801207004003034142137
B1928023644348N11906024WA0121801208004003032127123
B1928033644345N11906019WA0122001209004003032108089
B1928043644346N11906015WA0122101210004003026088091
B1928053644346N11906011WA0122101209004003026074092
B1928063644347N11906005WA0122001208004003027077105
B1928073644348N11905999WA0121901207004003032089096
B1928083644347N11905993WA0121901206004003033095104
B1928093644347N11905987WA0121901207004003033094101
B1928103644347N11905980WA0121901208004003034089093
B1928113644348N11905974WA0122001209004003035082078
B1928123644349N11905967WA0122201210004003035071060
B1928133644352N11905961WA0122301211004003037057050
B1928143644357N11905956WA0122401212004003037045032
B1928153644361N11905952WA0122401213004003038035017
B1928163644367N11905949WA0122601214004003038024006
B1928173644372N11905946WA0122601214004003035005343
B1928183644377N11905947WA0122601213004003035355333
B1928193644382N11905949WA0122601213004003035343330
B1928203644386N11905951WA0122601213004003032336323
B1928213644389N11905954WA0122501212004003028331319
B1928223644393N11905956WA0122401212004003028328319
B1928233644397N11905960WA0122301211004003030326309
B1928243644400N11905963WA0122301210004003030327310
B1928253644404N11905965WA0122101209004003030329308
B1928263644408N11905968WA0122001208004003028326304
B1928273644411N11905971WA0121701206004003028323317
B1928283644414N11905975WA0121601204004003028320302
B1928293644417N11905977WA0121401202004003026321296
B1928303644420N11905980WA0121201202004003023318307
B1928313644422N11905983WA0120901201004003021311303
B1928323644424N11905986WA0120501197004003025308300
B1928333644426N11905990WA0120301193004003025305307
B1928343644429N11905995WA0120001193004003028306300
B1928353644432N11905999WA0119801190004003029310301
B1928363644435N11906003WA0119501188004003028313307
B1928373644437N11906006WA0119301184004003028311287
B1928383644440N11906010WA0118901180004003028309282
B1928393644442N11906015WA0118501176004003028303271
B1928403644444N11906020WA0118201172004003028293266
B1928413644445N11906025WA0117801168004003028280261
B1928423644445N11906029WA0117501164004003026268262
B1928433644444N11906034WA0117101160004003025256252
B1928443644442N11906038WA0116901156004003026245243
B1928453644440N11906043WA0116501153004003027233234
B1928463644437N11906046WA0116201149004003027222208
B1928473644433N11906049WA0115801148004003028203197
B1928483644428N11906050WA0115301144004003035189172
B1928493644423N11906049WA0115001140004003036170158
B1928503644418N11906046WA0114701136004003035153149
B1928513644414N11906042WA0114401133004003035136140
B1928523644411N11906036WA0114101129004003035121125
B1928533644409N11906030WA0113701125004003035107111
B1928543644409N11906023WA0113401121004003035093097
B1928553644411N11906016WA0113001117004003036073081
B1928563644414N11906011WA0112701114004003036051060
B1928573644418N11906008WA0112401110004003034031038
B1928583644423N11906006WA0112101107004003034014016
B1928593644427N11906006WA0111801104004003031358001
B1929003644430N11906008WA0111401100004003025340346
B1929013644432N11906010WA0111001095004003023325328
B1929023644435N11906013WA0110701092004003025316309
B1929033644438N11906017WA0110401091004003025305299
B1929043644440N11906020WA0110101091004003024290289
B1929053644440N11906024WA0110001089004003024283278
B1929063644440N11906030WA0109801087004003025276281
B1929073644441N11906035WA0109701086004003027271278
B1929083644440N11906039WA0109701086004003027267275
B1929093644440N11906044WA0109601085004003025262268
B1929103644439N11906048WA0109501083004003023257264
B1929113644438N11906053WA0109401081004003023253269
B1929123644437N11906058WA0109301079004003029255275
B1929133644436N11906063WA0109201079004003029262279
B1929143644435N11906068WA0109201079004003026263281
B1929153644435N11906072WA0109201079004003024259274
B1929163644434N11906075WA0109101078004003021250256
B1929173644432N11906079WA0109001076004003024245247
B1929183644430N11906084WA0108901074004003029243257
B1929193644428N11906089WA0108801074004003029242250
B1929203644426N11906093WA0108801073004003029238235
B1929213644424N11906097WA0108701072004003025227237
B1929223644423N11906099WA0108501071004003021225235
B1929233644420N11906102WA0108101069004003024224243
B1929243644418N11906105WA0107901066004003024221231
B1929253644414N11906108WA0107601063004003026212227
B1929263644410N11906110WA0107301062004003028198205
B1929273644405N11906111WA0107101059004003034189199
B1929283644399N11906111WA0106801055004003037180197
B1929293644393N11906111WA0106601052004003037175201
B1929303644387N11906110WA0106401050004003039171193
B1929313644382N11906108WA0106301048004003039166177
B1929323644377N11906106WA0106201047004003033154147
B1929333644373N11906103WA0106001046004003034137134
B1929343644369N11906098WA0105701044004003034129136
B1929353644366N11906092WA0105401041004003036127122
B1929363644362N11906086WA0105301041004003037123132
B1929373644360N11906080WA0105201039004003037119129
B1929383644358N11906074WA0105101038004003037112108
B1929393644356N11906068WA0104901036004003035109100
B1929403644354N11906062WA0104801034004003035108089
B1929413644353N11906056WA0104701032004003035102088
B1929423644353N11906051WA0104601031004003028090054
B1929433644354N11906046WA0104401028004003028078056
B1929443644356N11906042WA0104101025004003027063049
B1929453644358N11906038WA0103901022004003025049042
B1929463644361N11906035WA0103701020004003025044023
B1929473644364N11906031WA0103601019004003027043020
B1929483644367N11906028WA0103401017004003027036018
B1929493644370N11906027WA0103301015004003025020007
B1929503644373N11906027WA0103201013004003022358353
B1929513644376N11906029WA0102901010004003021335334
B1929523644379N11906031WA0102601007004003023319317
B1929533644380N11906035WA0102501005004003023296304
B1929543644380N11906039WA0102301004004003023267285
B1929553644378N11906044WA0102201002004003023240257
B1929563644375N11906047WA0102001001004003026217236
B1929573644370N11906050WA0101900999004003034203217
B1929583644365N11906051WA0101800998004003034190204
B1929593644360N11906052WA0101800997004003034185200
B1930003644355N11906052WA0101600995004003034185221
B1930013644349N11906053WA0101400993004003035183197
B1930023644344N11906053WA0101200990004003039182199
B1930033644338N11906053WA0101000988004003040179207
B1930043644331N11906052WA0100800986004003040174192
B1930053644326N11906051WA0100600984004003040169188
B1930063644320N11906049WA0100500983004003040167182
B1930073644314N11906047WA0100300981004003038163173
B1930083644309N11906045WA0100200979004003038158195
B1930093644305N11906042WA0100000977004003037152178
B1930103644300N11906038WA0099700974004003036151170
B1930113644295N11906035WA0099500972004003036153176
B1930123644289N11906032WA0099400970004003040152175
B1930133644285N11906029WA0099300970004003040151166
B1930143644280N11906026WA0099200969004003037154183
B1930153644275N11906024WA0099100967004003035160190
B1930163644270N11906022WA0099000966004003033162192
B1930173644266N11906020WA0098900964004003034159179
B1930183644261N11906017WA0098700963004003036157183
B1930193644256N11906015WA0098600963004003035156183
B1930203644251N11906012WA0098600962004003035155180
B1930213644247N11906010WA0098500961004003033156192
B1930223644242N11906007WA0098400959004003033158194
B1930233644237N11906005WA0098200958004003035163198
B1930243644232N11906004WA0098100956004003035170199
B1930253644227N11906004WA0098000955004003035177192
B1930263644222N11906004WA0097900954004003035182193
B1930273644217N11906004WA0097700953004003031179190
B1930283644213N11906004WA0097500952004003035173182
B1930293644207N11906003WA0097300949004003035172185
B1930303644201N11906002WA0097100948004003037172188
B1930313644195N11906001WA0097100948004003037174204
B1930323644190N11906001WA0097100948004003035174206
B1930333644185N11906000WA0097000947004003035174198
B1930343644180N11905999WA0096900946004003032172196
B1930353644175N11905998WA0096800944004003032171200
B1930363644170N11905998WA0096700944004003035173208
B1930373644165N11905997WA0096700943004003035178204
B1930383644160N11905998WA0096600943004003033183202
B1930393644156N11905998WA0096600942004003031183198
B1930403644151N11905998WA0096500941004003032181200
B1930413644146N11905998WA0096500940004003032182211
B1930423644141N11905999WA0096400939004003032186213
B1930433644137N11906000WA0096300938004003032192219
B1930443644133N11906003WA0096200937004003030200220
B1930453644129N11906005WA0096100936004003030208228
B1930463644125N11906008WA0096000935004003030217238
B1930473644123N11906012WA0095900933004003029233248
B1930483644122N11906017WA0095700931004003026255260
B1930493644122N11906022WA0095600929004003026278274
B1930503644124N11906026WA0095500927004003026297289
B1930513644127N11906030WA0095300926004003026313301
B1930523644130N11906032WA0095100925004003025329316
B1930533644133N11906034WA0095000925004003025347330
B1930543644137N11906035WA0094900923004003025352342
B1930553644141N11906035WA0094700921004003025357340
B1930563644145N11906035WA0094600919004003028001343
B1930573644149N11906034WA0094500918004003028003353
B1930583644153N11906034WA0094400917004003028000353
B1930593644157N11906034WA0094200915004003026356336
B1931003644161N11906035WA0094000913004003026358344
B1931013644165N11906034WA0093800911004003028002344
B1931023644169N11906034WA0093600909004003028004342
B1931033644174N11906033WA0093500907004003028005340
B1931043644178N11906033WA0093300905004003028005342
B1931053644182N11906032WA0093200904004003028004344
B1931063644186N11906032WA0093000902004003028004341
B1931073644189N11906032WA0092900900004003026006343
B1931083644193N11906031WA0092700898004003024010339
B1931093644197N11906030WA0092500896004003026012347
B1931103644201N11906029WA0092200893004003026011339
B1931113644205N11906028WA0092100892004003028010326
B1931123644209N11906027WA0092000891004003028004330
B1931133644212N11906028WA0091800889004003023345322
B1931143644215N11906031WA0091700887004003024328316
B1931153644218N11906034WA0091500885004003024318303
B1931163644220N11906037WA0091200883004003024308291
B1931173644222N11906041WA0091000880004003024291281
B1931183644222N11906046WA0090700877004003024271272
B1931193644220N11906051WA0090400873004003027252258
B1931203644218N11906055WA0090100870004003027237245
B1931213644215N11906059WA0089700867004003029222236
B1931223644211N11906062WA0089500864004003030211228
B1931233644207N11906065WA0089200861004003032207219
B1931243644203N11906067WA0089000859004003032206222
B1931253644198N11906070WA0088900857004003032202208
B1931263644194N11906071WA0088700855004003031195206
B1931273644189N11906072WA0088500854004003031188203
B1931283644185N11906072WA0088300852004003029183205
B1931293644181N11906073WA0088100849004003029181198
B1931303644176N11906073WA0087900846004003029180195
B1931313644171N11906072WA0087600844004003031179197
B1931323644166N11906072WA0087400841004003032176194
B1931333644162N11906071WA0087200839004003031173199
B1931343644157N11906071WA0087000837004003031174213
B1931353644153N11906071WA0086800835004003031181209
B1931363644149N11906072WA0086600833004003029191212
B1931373644144N11906073WA0086400831004003029193212
B1931383644140N11906074WA0086300829004003030188220
B1931393644136N11906075WA0086100828004003030187229
B1931403644133N11906076WA0085900825004003028197228
B1931413644129N11906079WA0085600823004003024213227
B1931423644127N11906082WA0085400820004003024223242
B1931433644124N11906085WA0085300820004003025235245
B1931443644122N11906089WA0085100819004003025242264
B1931453644122N11906093WA0084900817004003023258272
B1931463644122N11906096WA0084700814004003019274286
B1931473644123N11906100WA0084400811004003019287288
B1931483644125N11906104WA0084100807004003026298311
B1931493644127N11906109WA0083800804004003028308315
B1931503644131N11906112WA0083600802004003028322334
B1931513644135N11906114WA0083400800004003029337346
B1931523644139N11906115WA0083200798004003029352344
B1931533644143N11906115WA0083000796004003024001345
B1931543644146N11906114WA0082800796004003024000339
B1931553644150N11906114WA0082700793004003023002343
B1931563644153N11906114WA0082400790004003023008348
B1931573644157N11906112WA0082200788004003025014351
B1931583644161N11906111WA0081900785004003028015332
B1931593644165N11906110WA0081700783004003028011338
B1932003644170N11906110WA0081400780004003028005341
B1932013644174N11906109WA0081200777004003029004340
B1932023644179N11906108WA0080900775004003031007343
B1932033644183N11906107WA0080800773004003029009334
B1932043644187N11906107WA0080600771004003029008335
B1932053644191N11906106WA0080400768004003029005338
B1932063644196N11906106WA0080100766004003029001341
B1932073644201N11906106WA0079900764004003030358339
B1932083644205N11906106WA0079800762004003030357339
B1932093644209N11906107WA0079600760004003030353336
B1932103644213N11906108WA0079300757004003027345333
B1932113644216N11906110WA0079100754004003024329328
B1932123644218N11906113WA0078800751004003023316317
B1932133644221N11906117WA0078500749004003026312306
B1932143644223N11906121WA0078300746004003028312300
B1932153644226N11906125WA0078100745004003027310295
B1932163644228N11906128WA0078000743004003027305289
B1932173644230N11906132WA0077800741004003025301290
B1932183644232N11906135WA0077600738004003021302287
B1932193644234N11906138WA0077300735004003022307284
B1932203644237N11906142WA0077100733004003022315295
B1932213644239N11906145WA0076900732004003025317282
B1932223644242N11906148WA0076800731004003025315284
B1932233644244N11906151WA0076700729004003018308290
B1932243644245N11906153WA0076500728004003018290281
B1932253644246N11906156WA0076200725004003017285276
B1932263644246N11906160WA0075900721004003017280269
B1932273644247N11906164WA0075700722004003021276268
B1932283644247N11906168WA0075500720004003024273265
B1932293644247N11906172WA0075400719004003024264258
B1932303644245N11906176WA0075300718004003022247251
B1932313644243N11906179WA0075300717004003021226243
B1932323644240N11906181WA0075200716004003021211227
B1932333644237N11906183WA0075100715004003022201213
B1932343644234N11906184WA0075100714004003022195206
B1932353644231N11906184WA0075100714004003022184200
B1932363644227N11906184WA0075100714004003022174188
B1932373644224N11906183WA0075000713004003022169196
B1932383644221N11906182WA0074900712004003024167198
B1932393644217N11906181WA0074900711004003027167199
B1932403644212N11906180WA0074900711004003027167203
B1932413644209N11906179WA0074900711004003027168200
B1932423644202N11906178WA0074800711004003023170198
B1932433644198N11906177WA0074800710004003023171200
B1932443644195N11906176WA0074800710004003023171202
B1932453644191N11906175WA0074800710004003025167200
B1932463644188N11906174WA0074800710004003023161203
B1932473644185N11906173WA0074800710004003023163199
B1932483644182N11906172WA0074600708004003021174197
B1932493644178N11906173WA0074500706004003021191207
B1932513644176N11906175WA0074400705004003021209223
B1932523644174N11906178WA0074200703004003021236238
B1932533644174N11906182WA0074100701004003019278258
B1932543644177N11906185WA0073900698004003019315288
B1932553644181N11906186WA0073700696004003028345318
B1932563644185N11906185WA0073500695004003031006345
B1932573644190N11906183WA0073400695004003031019354
B1932583644195N11906181WA0073400694004003033023341
B1932593644199N11906179WA0073300693004003028013337
B1933003644203N11906179WA0073200693004003028343334
B1933013644204N11906182WA0073100691004003021310313
B1933023644204N11906185WA0073000691004003019278290
B1933033644204N11906188WA0073000691004003014231267
B1933043644202N11906190WA0072900690004003014210233
B1933053644200N11906190WA0072800688004003014186218
B1933063644196N11906190WA0072700687004003018175201
B1933073644192N11906190WA0072500685004003027175200
B1933083644188N11906189WA0072400684004003027177203
B1933093644184N11906189WA0072400683004003027176201
B1933103644181N11906189WA0072300682004003025175207
B1933113644177N11906189WA0072200681004003022176209
B1933123644174N11906189WA0072000679004003023180212
B1933133644170N11906189WA0071900678004003023180209
B1933143644166N11906189WA0071900677004003026180213
B1933153644162N11906189WA0071800677004003026182227
B1933163644159N11906190WA0071800676004003026187223
B1933173644156N11906191WA0071700676004003022201225
B1933183644154N11906193WA0071700676004003020220234
B1933193644152N11906196WA0071800677004003017245246
B1933203644151N11906199WA0071800677004003018286265
B1933213644153N11906202WA0071700676004003018313302
B1933223644157N11906205WA0071600674004003026329324
B1933233644161N11906208WA0071500674004003034357345
B1933243644166N11906207WA0071500674004003034008358
B1933253644171N11906206WA0071400674004003033009326
B1933263644175N11906205WA0071200672004003026348327
B1933273644178N11906206WA0070900671004003027324316
B1933283644181N11906210WA0070700668004003030318307
B1933293644184N11906214WA0070600669004003027304292
B1933303644186N11906217WA0070500669004003025275283
B1933313644185N11906220WA0070400667004003016254265
B1933323644183N11906223WA0070300664004003019229251
B1933333644181N11906226WA0070200664004003020216230
B1933343644178N11906228WA0070200664004003019200211
B1933353644176N11906228WA0070100663004003018187203
B1933363644173N11906228WA0070000662004003018167207
B1933373644169N11906227WA0069900661004003020172198
B1933383644166N11906227WA0069600659004003020194203
B1933393644164N11906229WA0069400656004003020215219
B1933403644162N11906233WA0069200653004003021233232
B1933413644159N11906237WA0069100653004003021241239
B1933423644158N11906239WA0069100653004003015243244
B1933433644158N11906241WA0069100653004003015253244
B1933443644158N11906243WA0069100652004003013256249
B1933453644157N11906246WA0068900650004003013260256
B1933463644157N11906250WA0068900649004003016264253
B1933473644157N11906253WA0068800649004003016270250
B1933483644157N11906255WA0068800648004003016268244
B1933493644157N11906258WA0068700647004003013248243
B1933503644156N11906260WA0068500646004003013242241
B1933513644155N11906263WA0068200643004003016244238
B1933523644154N11906266WA0068000643004003019242236
B1933533644152N11906269WA0067900643004003019239241
B1933543644151N11906271WA0067900642004003014240243
B1933553644151N11906273WA0067800640004003012248251
B1933563644150N11906275WA0067700637004003010256255
B1933573644150N11906276WA0067500637004003008277272
B1933583644150N11906277WA0067400637004003008288293
B1933593644150N11906278WA0067400637004003006288298
B1934003644150N11906277WA0067400636004003004092183
B1934013644150N11906276WA0067500636004003004093139
B1934023644150N11906276WA0067500636004003002093174
B1934033644150N11906275WA0067500635004003002125187
B1934043644150N11906275WA0067500635004003002106183
B1934053644150N11906275WA0067500635004003002106187
B1934063644150N11906274WA0067500634004003001106195
B1934073644150N11906274WA0067500634004003000106202
B1934083644150N11906274WA0067500634004003000106208
B1934093644150N11906274WA0067500634004003000106213
B1934103644150N11906274WA0067500634004003000106217
B1934113644150N11906274WA0067500634004003000106220
B1934123644150N11906274WA0067500634004003000106223
B1934133644150N11906274WA0067500634004003000106226
B1934143644150N11906274WA0067500634004003000106228
B1934153644150N11906274WA0067500634014003000106230
B1934163644150N11906274WA0067500634004003000106231
B1934173644150N11906273WA0067500634004003000106233
B1934183644150N11906273WA0067500633004003000106234
B1934193644150N11906273WA0067500633004003000106234
B1934203644150N11906273WA0067500633004003000106240
B1934213644150N11906273WA0067500633004003000106240
B1934223644150N11906273WA0067500633004003002106236
B1934233644150N11906273WA0067500633004003002106236
B1934243644150N11906273WA0067500633004003002125237
B1934253644150N11906273WA0067500633004003001125237
B1934263644150N11906273WA0067500633004003001125237
B1934273644150N11906273WA0067500633004003000125237
B1934283644150N11906273WA0067500633004003000125237
B1934293644150N11906273WA0067500633004003000125237
B1934303644150N11906273WA0067500632004003000125237
B1934313644150N11906273WA0067500632004003001125237
Gm5U5b4OIqQsR2GkOCdAEVekuDmkNg/EmTTg90R462EGdQbieN+QTPbF9hLJcf5IO
G6shJMrepGq6ViW3acXcN2TnvmBk5J+5InfA58HLMvNZFEQ0a5tAzfLpi5Jlhv5AQ
GBf+XJZJznybSzpWI/bzi1aT0cbgRMkAJdUoxDZau75g=
