AXFH000
HFDTE220826
HFPLTPILOT:KaranS
HFGTYGLIDERTYPE:Niviuk Hiko P
HFDTM100GPSDATUM:WGS84
HFRFWFIRMWAREVERSION:9.7.1
HFRHWHARDWAREVERSION:iPhone 17 Pro
HFFTYFRTYPE:Flyskyhy,9.7.1
HFGPS:Internal
HFPRSVARIO:XC Tracer
HFCCLCOMPETITIONCLASS:Paraglider,EN-B
HFTZNTIMEZONE:-7
HFSITSITE:Potato Hill,US
I053638FXA3941VXA4244GSP4547CCO4850HDT
C220826192743220826000109TASK
C0000000N00000000ETAKEOFF
C3645907N11905878W00010009999999000000360000STARTAREA DNLNCH
C3646886N11907285W00000000000400000000360000TURNAREA 49917
C3644816N11904600W00000000001000000000360000TURNAREA SONTAG
C3646886N11907285W00000000000400000000360000TURNAREA 49917
C3644411N11907767W00000000001500000000360000TURNAREA TURKEY
C3645907N11905878W00000000000400000000360000TURNAREA DNLNCH
C3643790N11908069W00000000001500000000360000TURNAREA GRNY
C3644227N11904779W00000000001000000000360000TURNAREA LASTCH
C3646886N11907285W00000000000400000000360000TURNAREA 49917
C3644153N11906286W00000000002000000000360000TURNAREA DNLPLZ
C3644153N11906286W00000000000400000000360000FINISHAREA DNLPLZ
C0000000N00000000ELANDING
B1928123920457N12241100WA0105201053001003000336153
B1928133920457N12241100WA0105301053001003000336148
B1928143920457N12241100WA0105301053001003000336138
B1928153920457N12241100WA0105301053001003000336139
B1928163920457N12241100WA0105301053001003000336138
B1928173920457N12241100WA0105301053001003000336138
B1928183920457N12241100WA0105301053001003000336138
B1928193920457N12241100WA0105301052001003000336138
B1928203920457N12241100WA0105301052001003000336138
B1928213920457N12241100WA0105301052001003000336138
B1928223920457N12241100WA0105301052001003000336137
B1928233920457N12241100WA0105301052001003001336187
B1928243920457N12241100WA0105301052001003001172233
B1928253920457N12241100WA0105301052001003000172202
B1928263920457N12241100WA0105301052001003000172207
B1928273920457N12241100WA0105301052001003000172209
B1928283920457N12241100WA0105301052001003000172242
B1928293920457N12241100WA0105301052001003000089248
B1928303920457N12241100WA0105301052001003001089284
B1928313920457N12241101WA0105301053001003004290277
B1928323920458N12241101WA0105301053002003004285185
B1928333920458N12241101WA0105301054002003004010062
B1928343920458N12241101WA0105301053002003004095012
B1928353920458N12241100WA0105201053002003004090330
B1928363920458N12241097WA0105101052001003007093322
B1928373920458N12241095WA0104901052002003007085037
B1928383920458N12241092WA0104701052003003008061342
B1928393920460N12241087WA0104801053003003014061320
B1928403920461N12241084WA0105301054003003015058036
B1928413920462N12241081WA0105701055003003014081067
B1928423920462N12241079WA0106001055003003014098075
B1928433920461N12241076WA0106001055003003015097060
B1928443920461N12241071WA0105901056002003017090044
B1928453920461N12241067WA0106001057002003017084078
B1928463920462N12241062WA0106101060002003018081070
B1928473920462N12241059WA0106301062002003017084072
B1928483920462N12241056WA0106501064001003017090090
B1928493920461N12241053WA0106601066001003017102100
B1928503920460N12241050WA0106701067001003017122134
B1928513920457N12241046WA0106801067001003019137143
B1928523920454N12241043WA0106901068002003021156170
B1928533920450N12241042WA0107001068003003021166182
B1928543920447N12241041WA0107101068003003021181186
B1928553920443N12241043WA0107101068004003025220181
B1928563920439N12241049WA0107101068004003037228204
B1928573920435N12241055WA0107101068007003033221183
B1928583920430N12241061WA0106901067007003033198175
B1928593920426N12241063WA0106701063007003026170158
B1929003920422N12241060WA0106301060005003026125132
B1929013920422N12241055WA0106101059004003026081103
B1929023920423N12241051WA0106101060004003026043069
B1929033920426N12241049WA0106101061005003020026054
B1929043920428N12241049WA0106101060005003020018044
B1929053920430N12241048WA0106101060004003015024044
B1929063920432N12241047WA0106001059004003015034049
B1929073920436N12241044WA0105801057004003031038055
B1929083920440N12241040WA0105801059004003034038057
B1929093920443N12241036WA0105901060004003031040064
B1929103920446N12241033WA0106301064004003027048095
B1929113920447N12241031WA0106501067004003010070081
B1929123920447N12241029WA0106701068004003010077084
B1929133920448N12241027WA0106701069004003010071090
B1929143920449N12241023WA0106801069004003015073084
B1929153920449N12241019WA0106801070004003026082071
B1929163920450N12241014WA0106901071004003026076091
B1929173920452N12241010WA0107001072004003024053056
B1929183920454N12241008WA0107001070004003020024040
B1929193920457N12241007WA0106701068004003025011021
B1929203920462N12241007WA0106601066004003029359007
B1929213920466N12241008WA0106401065004003029337342
B1929223920470N12241012WA0106401065004003032316334
B1929233920473N12241017WA0106301065004003034305001
B1929243920476N12241022WA0106301064004003034309356
B1929253920479N12241026WA0106201062004003032322000
B1929263920483N12241029WA0106001060004003030341006
B1929273920487N12241030WA0105901059004003027353020
B1929283920491N12241030WA0105801058004003027353027
B1929293920495N12241031WA0105801058004003025000025
B1929303920498N12241030WA0105801058004003023008030
B1929313920501N12241029WA0105801058004003018019036
B1929323920503N12241028WA0105801059004003018037046
B1929333920504N12241025WA0106001060004003017063059
B1929343920504N12241023WA0106001061004003012113078
B1929353920503N12241022WA0106001061004003013146109
B1929363920501N12241020WA0105901061004003018157133
B1929373920497N12241019WA0106001061004003018164155
B1929383920493N12241019WA0106101062005003023179163
B1929393920488N12241020WA0106101062004003037198175
B1929403920483N12241024WA0106201063005003043217195
B1929413920479N12241031WA0106401065004003042236218
B1929423920477N12241038WA0106601068004003042259237
B1929433920477N12241044WA0106901068004003030282261
B1929443920479N12241049WA0106901069004003032296287
B1929453920481N12241055WA0106901068004003032306321
B1929463920486N12241061WA0106801067004003037316342
B1929473920492N12241066WA0106701066004003046331351
B1929483920498N12241069WA0106601067004003046354000
B1929493920504N12241069WA0106601067005003040008019
B1929503920508N12241067WA0106801069005003030010026
B1929513920510N12241066WA0107101069004003012000038
B1929523920511N12241066WA0107101070004003012029055
B1929533920512N12241065WA0107101069004003012074080
B1929543920512N12241061WA0107101069004003012095099
B1929553920511N12241058WA0107101070004003017106090
B1929563920511N12241055WA0107101071004003017101107
B1929573920511N12241052WA0107201072004003017075090
B1929583920512N12241048WA0107201073004003017052104
B1929593920515N12241046WA0107501075004003023035089
B1930003920518N12241043WA0107701078004003023030073
B1930013920521N12241041WA0107901078004003022030064
B1930023920523N12241040WA0108001079004003019029063
B1930033920525N12241038WA0108201080004003019029064
B1930043920528N12241036WA0108301081004003020040066
B1930053920530N12241033WA0108401083004003019058070
B1930063920530N12241029WA0108501084004003019088082
B1930073920529N12241027WA0108601086004003016119097
B1930083920527N12241024WA0108701088004003020141114
B1930093920524N12241022WA0108801088004003020147127
B1930103920521N12241019WA0108901089004003024149131
B1930113920517N12241017WA0109101091004003027156134
B1930123920513N12241016WA0109201093004003028177141
B1930133920509N12241017WA0109401095004003028197157
B1930143920505N12241019WA0109501096004003031208174
B1930153920500N12241023WA0109601097004003034212186
B1930163920496N12241027WA0109701098004003036211192
B1930173920491N12241031WA0109901100004003036213192
B1930183920486N12241035WA0110101103004003037220194
B1930193920483N12241041WA0110401107004003037231202
B1930203920480N12241046WA0110701110004003037240215
B1930213920478N12241053WA0111001113004003036250226
B1930223920477N12241060WA0111101114005003036260239
B1930233920477N12241068WA0111301116004003039270259
B1930243920478N12241076WA0111501117004003040281273
B1930253920480N12241082WA0111601119004003040294288
B1930263920482N12241088WA0111801121004003036306304
B1930273920486N12241093WA0111901122004003036317323
B1930283920491N12241098WA0112001123004003039325336
B1930293920496N12241101WA0112201124004003039332349
B1930303920501N12241104WA0112401126004003038337354
B1930313920506N12241107WA0112601128004003037333359
B1930323920511N12241111WA0112801132004003037331357
B1930333920516N12241113WA0113001134004003033339356
B1930343920520N12241114WA0113201136004003033358006
B1930353920523N12241113WA0113501138004003027023023
B1930363920525N12241111WA0113701141004003020045047
B1930373920526N12241108WA0114001145004003015049065
B1930383920528N12241106WA0114301148004003015062071
B1930393920528N12241104WA0114501150004003013103078
B1930403920526N12241101WA0114601151004003013126102
B1930413920524N12241098WA0114701152004003022136115
B1930423920521N12241095WA0114801153004003023138128
B1930433920519N12241092WA0114901154004003023139133
B1930443920516N12241089WA0115001155004003024145133
B1930453920513N12241087WA0115201157004003025156138
B1930463920509N12241085WA0115401159004003026165145
B1930473920505N12241085WA0115501161004003025172150
B1930483920501N12241084WA0115701163004003026178154
B1930493920497N12241085WA0115901164004003028189159
B1930503920493N12241087WA0116101166005003032202170
B1930513920488N12241090WA0116201167004003032213184
B1930523920484N12241094WA0116301169004003035221194
B1930533920481N12241099WA0116501171004003036230204
B1930543920478N12241106WA0116701173004003037243215
B1930553920476N12241113WA0116801174004003037256231
B1930563920476N12241122WA0116901174004003042272249
B1930573920478N12241130WA0117001176004003046291271
B1930583920482N12241137WA0117101178004003046312297
B1930593920487N12241142WA0117401181004003043329323
B1931003920492N12241144WA0117701184004003039342344
B1931013920496N12241145WA0117901187005003028352359
B1931023920500N12241145WA0118201190004003028001016
B1931033920503N12241145WA0118401191004003024011025
B1931043920506N12241143WA0118601193004003022028037
B1931053920509N12241141WA0118801195004003021041051
B1931063920511N12241138WA0118901197004003021045061
B1931073920513N12241135WA0119101199004003021053064
B1931083920514N12241131WA0119301200004003021068069
B1931093920514N12241127WA0119301201004003020095079
B1931103920513N12241124WA0119401202004003021127097
B1931113920509N12241121WA0119601204004003021152117
B1931123920505N12241119WA0119801206004003026165133
B1931133920501N12241119WA0120101210004003025182145
B1931143920498N12241120WA0120401210004003026203158
B1931153920494N12241122WA0120601210004003026216176
B1931163920491N12241126WA0120701210004003027220188
B1931173920488N12241130WA0120701211004003032216196
B1931183920483N12241134WA0120701212004003036210196
B1931193920478N12241137WA0120801213004003036203195
B1931203920473N12241140WA0121001215004003036198189
B1931213920468N12241142WA0121401216004003032198204
B1931223920464N12241144WA0121801222005003032201198
B1931233920460N12241146WA0122201222004003027205193
B1931243920457N12241148WA0122401226004003027206190
B1931253920453N12241151WA0122701229004003029205188
B1931263920449N12241153WA0122801231005003029199186
B1931273920445N12241154WA0122901233004003029188182
B1931283920441N12241154WA0123101234004003027183171
B1931293920437N12241155WA0123101236004003027191168
B1931303920433N12241157WA0123201237004003028208174
B1931313920430N12241161WA0123301238004003028227187
B1931323920427N12241166WA0123401239004003031243204
B1931333920426N12241173WA0123501240004003039257228
B1931343920426N12241181WA0123601241004003042276253
B1931353920428N12241189WA0123701242004003042298279
B1931363920433N12241195WA0123701243004003042322309
B1931373920439N12241198WA0123801244004003040344339
B1931383920445N12241198WA0123901246004003040002004
B1931393920449N12241196WA0124001248004003036024021
B1931403920451N12241193WA0124101248004003029051043
B1931413920453N12241188WA0124101248004003025078067
B1931423920452N12241183WA0124001247004003025110087
B1931433920449N12241179WA0124001247004003025144109
B1931443920444N12241178WA0124001247004003028171132
B1931453920439N12241178WA0124101250004003033188152
B1931463920435N12241180WA0124401253004003033194170
B1931473920431N12241181WA0124701256004003029188178
B1931483920427N12241181WA0124901259004003027174163
B1931493920423N12241179WA0125201261004003027156165
B1931503920419N12241176WA0125401263004003029143148
B1931513920416N12241173WA0125601266004003028139141
B1931523920414N12241169WA0125801269004003028125119
B1931533920413N12241165WA0126001271004003021084089
B1931543920414N12241161WA0126101270004003030040061
B1931553920418N12241158WA0126201270004003030013036
B1931563920425N12241157WA0126201271004003037345011
B1931573920432N12241160WA0126401273004003040330348
B1931583920436N12241165WA0126701277004003040322339
B1931593920440N12241170WA0127001280004003035315319
B1932003920443N12241174WA0127201281004003032307298
B1932013920446N12241181WA0127301282005003037294289
B1932023920447N12241188WA0127301283004003041279272
B1932033920448N12241197WA0127401284004003041253249
B1932043920446N12241204WA0127601285004003041233224
B1932053920441N12241208WA0127901289004003030210204
B1932063920437N12241209WA0128301293004003030185179
B1932073920433N12241208WA0128601297004003026162160
B1932083920430N12241206WA0128901297004003026139137
B1932093920427N12241202WA0129201301004003026122122
B1932103920427N12241197WA0129401303004003026096111
B1932113920428N12241193WA0129601305004003026062095
B1932123920430N12241188WA0129801308004003026045071
B1932133920434N12241185WA0130001311004003027029058
B1932143920438N12241184WA0130201313004003027010045
B1932153920442N12241184WA0130401315004003027348029
B1932163920447N12241186WA0130501316004003029334009
B1932173920451N12241190WA0130701318004003037323353
B1932183920455N12241196WA0130901320004003037305334
B1932193920457N12241202WA0131101322004003037283310
B1932203920456N12241210WA0131201323004003037262280
B1932213920454N12241217WA0131301324004003042245252
B1932223920450N12241223WA0131401326004003042224232
B1932233920445N12241227WA0131601328004003039203209
B1932243920441N12241228WA0131801331004003035180187
B1932253920436N12241226WA0132001333004003028163165
B1932263920433N12241224WA0132201335004003028147148
B1932273920430N12241220WA0132401337004003026129136
B1932283920428N12241216WA0132501339004003026114123
B1932293920427N12241211WA0132701341004003026102109
B1932303920427N12241205WA0132901344004003027095097
B1932313920427N12241200WA0133301348004003027086093
B1932323920428N12241196WA0133701351004003025071081
B1932333920430N12241192WA0133901353004003025051070
B1932343920433N12241188WA0134001354004003026039061
B1932353920437N12241185WA0134101355005003034036050
B1932363920441N12241181WA0134201357004003034038054
B1932373920445N12241177WA0134401359004003033042058
B1932383920447N12241173WA0134601361004003029048061
B1932393920450N12241170WA0134701362004003025046042
B1932403920453N12241167WA0134901363004003026032033
B1932413920457N12241165WA0134901363004003031011022
B1932423920463N12241166WA0134901362004003031346001
B1932433920468N12241169WA0134801362004003038321340
B1932443920471N12241176WA0134801361004003040298314
B1932453920472N12241184WA0134801362004003041278292
B1932463920472N12241191WA0134801363004003041265271
B1932473920471N12241198WA0134901363004003036256253
B1932483920469N12241203WA0134901364004003032245241
B1932493920466N12241209WA0135001364004003033232225
B1932503920463N12241213WA0135101365004003033219210
B1932513920459N12241216WA0135101366004003032206197
B1932523920455N12241218WA0135201367004003030192183
B1932533920451N12241218WA0135201367004003025178169
B1932543920447N12241217WA0135301367004003027165151
B1932553920443N12241215WA0135301367004003027156137
B1932563920440N12241212WA0135301368004003028143130
B1932573920437N12241208WA0135401369004003029125119
B1932583920435N12241202WA0135501369004003029102109
B1932593920436N12241197WA0135601371004003029084095
B1933003920436N12241191WA0135701371004003030075086
B1933013920438N12241186WA0135801372004003027074079
B1933023920438N12241181WA0135901373004003027085088
B1933033920438N12241177WA0135901373004003022104101
B1933043920436N12241173WA0135801372004003022117111
B1933053920435N12241169WA0135801371004003024115090
B1933063920434N12241165WA0135701370004003025095079
B1933073920435N12241159WA0135501369004003025068065
B1933083920438N12241154WA0135401368004003029045055
B1933093920443N12241151WA0135401367004003035031038
B1933103920448N12241148WA0135301368004003035014023
B1933113920452N12241148WA0135401368004003033353012
B1933123920457N12241151WA0135301367004003033335358
B1933133920462N12241154WA0135301367004003038325344
B1933143920466N12241159WA0135201366004003038315329
B1933153920469N12241165WA0135201366004003038300318
B1933163920471N12241172WA0135101365004003038285301
B1933173920471N12241180WA0134901363004003040269282
B1933183920470N12241188WA0134801361004003043254263
B1933193920467N12241195WA0134701361004003042242244
B1933203920464N12241202WA0134601360004003042236235
B1933213920461N12241208WA0134601360004003036236222
B1933223920458N12241214WA0134501360005003036239227
B1933233920455N12241220WA0134501359004003036239227
B1933243920452N12241226WA0134401358004003036238237
B1933253920450N12241232WA0134301358004003037239248
B1933263920447N12241238WA0134101356004003038245252
B1933273920445N12241245WA0134001355004003038252255
B1933283920443N12241253WA0133901353004003042253233
B1933293920441N12241262WA0133801354004003043244221
B1933303920438N12241268WA0133901355004003043232211
B1933313920433N12241275WA0134101356004003043226223
B1933323920429N12241281WA0134301359004003043229233
B1933333920425N12241287WA0134601362004003040237252
B1933343920423N12241294WA0134901365004003040246247
B1933353920421N12241302WA0135101367004003040251244
B1933363920418N12241310WA0135301369004003042245209
B1933373920414N12241317WA0135501371004003048229186
B1933383920409N12241322WA0135601372004003048208173
B1933393920403N12241323WA0135801374004003043180158
B1933403920398N12241321WA0135901375004003036151137
B1933413920396N12241317WA0136001377004003026125118
B1933423920395N12241312WA0136101379004003026095101
B1933433920396N12241307WA0136401381004003026067086
B1933443920399N12241303WA0136801385004003026044065
B1933453920401N12241300WA0137201386004003022031053
B1933463920404N12241298WA0137701392004003022032057
B1933473920406N12241297WA0138201397004003017038056
B1933483920407N12241295WA0138501400004003013064061
B1933493920407N12241292WA0138801402004003015083070
B1933503920407N12241289WA0139001404004003019085074
B1933513920408N12241284WA0139101405004003019075058
B1933523920410N12241280WA0139201406004003024058049
B1933533920413N12241276WA0139301408004003030031031
B1933543920418N12241275WA0139301408004003034358011
B1933553920424N12241277WA0139301409004003034332350
B1933563920428N12241283WA0139301408004003038309327
B1933573920430N12241290WA0139301408004003043290306
B1933583920431N12241299WA0139301408004003044274283
B1933593920431N12241307WA0139301409004003043246267
B1934003920427N12241314WA0139401410004003044235233
B1934013920423N12241321WA0139801412004003039230216
B1934023920419N12241326WA0140201417004003039222211
B1934033920415N12241329WA0140601423004003036210200
B1934043920411N12241330WA0141101428004003030191187
B1934053920406N12241330WA0141601432004003027167163
B1934063920403N12241327WA0142001436004003027143139
B1934073920401N12241324WA0142201439004003025111122
B1934083920402N12241319WA0142401441004003025070098
B1934093920405N12241315WA0142601443004003031039069
B1934103920410N12241313WA0142901446004003032006044
B1934113920414N12241313WA0143101445004003032329016
B1934123920418N12241319WA0143201447004003037305340
B1934133920420N12241327WA0143301448004003043284312
B1934143920421N12241335WA0143601449004003043277285
B1934153920421N12241342WA0143801453004003038268276
B1934163920420N12241350WA0144101456004003038256267
B1934173920418N12241357WA0144401460004003041248249
B1934183920416N12241364WA0144801465004003041247243
B1934193920413N12241372WA0145201466004003041252244
B1934203920412N12241379WA0145601465005003037256243
B1934213920411N12241386WA0146001470005003034254238
B1934223920409N12241391WA0146301475004003034246219
B1934233920406N12241396WA0146601478004003033230208
B1934243920403N12241399WA0146901482004003031207195
B1934253920398N12241400WA0147101485004003029182169
B1934263920394N12241399WA0147301489004003029158152
B1934273920391N12241396WA0147701493004003026131133
B1934283920390N12241392WA0148001496004003024104110
B1934293920391N12241387WA0148201499004003025073091
B1934303920394N12241383WA0148501501004003030044069
B1934313920397N12241379WA0148701503004003030018048
B1934323920402N12241377WA0149001504004003037355026
B1934333920409N12241380WA0149401509004003041332004
B1934343920414N12241386WA0149801514004003047308340
B1934353920416N12241395WA0150301519004003047281312
B1934363920414N12241403WA0150601523004003045250281
B1934373920410N12241408WA0151001526004003042213243
B1934383920405N12241409WA0151201529005003037179200
B1934393920401N12241406WA0151501533004003030143164
B1934403920399N12241401WA0151801537004003030102130
B1934413920401N12241396WA0152101540004003029067099
B1934423920404N12241391WA0152401543004003029038072
B1934433920409N12241389WA0152701547004003033018049
B1934443920415N12241388WA0153101551005003036359031
B1934453920420N12241390WA0153501555004003037341012
B1934463920425N12241394WA0153801559004003037324354
B1934473920429N12241399WA0154101562004003039306336
B1934483920431N12241407WA0154301564004003040286315
B1934493920431N12241415WA0154501566004003041264290
B1934503920429N12241422WA0154801570004003041239262
B1934513920425N12241426WA0155101573004003036207231
B1934523920420N12241426WA0155301576004003030169193
B1934533920417N12241422WA0155601579004003030135154
B1934543920415N12241416WA0155801582004003033100125
B1934553920416N12241410WA0156101585004003033072098
B1934563920419N12241405WA0156501588004003033055074
B1934573920422N12241400WA0156801593004003032057067
B1934583920424N12241394WA0157201596004003031067071
B1934593920425N12241389WA0157601600004003028080080
B1935003920425N12241384WA0157901604004003029084081
B1935013920426N12241378WA0158201608004003029076073
B1935023920428N12241373WA0158601612004003030056049
B1935033920431N12241368WA0158901612004003032032037
B1935043920437N12241365WA0159101613004003043016024
B1935053920444N12241364WA0159201614004003048001011
B1935063920452N12241365WA0159301615004003048348356
B1935073920458N12241369WA0159401618004003048327338
B1935083920463N12241374WA0159601618004003039297323
B1935093920464N12241382WA0159601617004003039280295
B1935103920464N12241389WA0159601618004003039264275
B1935113920462N12241396WA0159701619004003038244255
B1935123920459N12241401WA0159701620004003030220231
B1935133920454N12241403WA0159801622004003030198201
B1935143920451N12241405WA0160101624004003029197179
B1935153920447N12241407WA0160201627005003027211182
B1935163920444N12241410WA0160401630004003026216184
B1935173920441N12241412WA0160701633004003026201171
B1935183920437N12241412WA0160901636005003023169163
B1935193920434N12241410WA0161301637004003023142137
B1935203920431N12241406WA0161501640004003028123109
B1935213920430N12241401WA0161701644005003028101096
B1935223920430N12241395WA0162001644004003028076083
B1935233920431N12241391WA0162101644004003029068076
B1935243920433N12241385WA0162201645004003031067072
B1935253920435N12241379WA0162201645004003032067063
B1935263920437N12241373WA0162201645004003032060050
B1935273920441N12241368WA0162101645004003033048043
B1935283920446N12241363WA0162101645004003044037035
B1935293920452N12241358WA0162101646004003051026022
B1935303920460N12241355WA0162201647004003051014005
B1935313920469N12241354WA0162501650004003054000352
B1935323920476N12241356WA0162801654004003046340337
B1935333920482N12241360WA0162901653004003046313326
B1935343920484N12241366WA0163001654004003038295307
B1935353920486N12241373WA0163201655004003037285287
B1935363920487N12241380WA0163401658004003032281276
B1935373920487N12241385WA0163601660004003032272270
B1935383920486N12241388WA0163701661004003023250260
B1935393920484N12241391WA0163701662004003018214227
B1935403920481N12241392WA0163801663004003021195181
B1935413920478N12241392WA0163901665004003021175160
B1935423920475N12241391WA0164001668004003021150141
B1935433920473N12241387WA0164201670004003023127120
B1935443920471N12241383WA0164401672004003023106107
B1935453920471N12241379WA0164501672004003024095101
B1935463920470N12241374WA0164501671004003024092122
B1935473920470N12241369WA0164401671004003024094112
B1935483920470N12241365WA0164301669004003021105118
B1935493920468N12241361WA0164101668004003023113127
B1935503920467N12241356WA0164001667004003023114115
B1935513920465N12241351WA0163901666004003027112137
B1935523920463N12241345WA0163801665004003033110119
B1935533920462N12241339WA0163801665004003033108141
B1935543920460N12241334WA0163701664004003032107125
B1935553920459N12241328WA0163701664005003031110132
B1935563920457N12241323WA0163701664004003030113126
B1935573920455N12241318WA0163701663004003030118137
B1935583920452N12241313WA0163701664004003030125139
B1935593920450N12241309WA0163801665004003028142147
B1936003920447N12241307WA0163701664004003020180155
B1936013920444N12241309WA0163701664004003022214174
B1936023920442N12241313WA0163901665004003022229199
B1936033920440N12241317WA0164101668004003022241217
B1936043920439N12241321WA0164301671004003022269238
B1936053920440N12241326WA0164401670004003029305273
B1936063920443N12241331WA0164401670004003029331317
B1936073920450N12241333WA0164301670004003040350003
B1936083920458N12241332WA0164301670004003050011024
B1936093920465N12241329WA0164301670004003050026044
B1936103920471N12241323WA0164201670005003049038050
B1936113920475N12241317WA0164101669004003046045070
B1936123920479N12241311WA0164001668004003042054079
B1936133920482N12241304WA0163901667004003043066087
B1936143920485N12241296WA0163801667004003042080107
B1936153920485N12241288WA0163701667004003042091110
B1936163920484N12241281WA0163701667004003036102115
B1936173920482N12241274WA0163701667004003036105118
B1936183920481N12241269WA0163701667004003032106125
B1936193920480N12241265WA0163601666004003026105116
B1936203920479N12241261WA0163501665004003023107128
B1936213920478N12241256WA0163301664004003025112124
B1936223920476N12241252WA0163101662004003025122129
B1936233920473N12241248WA0162901660004003027136134
B1936243920469N12241244WA0162801660004003030148144
B1936253920465N12241241WA0162801660004003030153151
B1936263920463N12241240WA0162901661004003025160155
B1936273920461N12241239WA0162901660004003017189156
B1936283920459N12241241WA0162901659004003017209174
B1936293920456N12241243WA0162801658005003020210183
B1936303920453N12241245WA0162701657004003020199190
B1936313920450N12241246WA0162601657004003021191192
B1936323920447N12241247WA0162601658005003018195175
B1936333920445N12241248WA0162601658004003018205165
B1936343920444N12241249WA0162601657004003013206178
B1936353920442N12241250WA0162401655004003013195179
B1936363920440N12241251WA0162201652004003017190185
B1936373920437N12241251WA0162001649005003020191198
B1936383920434N12241252WA0161801648004003020198200
B1936393920431N12241254WA0161701647004003020209184
B1936403920429N12241256WA0161501646004003019223192
B1936413920427N12241259WA0161401644004003020229202
B1936423920425N12241263WA0161301642004003024236214
B1936433920424N12241267WA0161201642004003024248234
B1936443920423N12241273WA0161301643005003027258245
B1936453920422N12241278WA0161401644004003028264239
B1936463920422N12241284WA0161501646004003028265240
B1936473920421N12241289WA0161701647004003029263244
B1936483920421N12241295WA0161801648004003029262236
B1936493920420N12241301WA0161901649004003030263231
B1936503920420N12241307WA0162001650004003031262243
B1936513920419N12241312WA0162101651004003030256244
B1936523920418N12241318WA0162201652004003030251248
B1936533920416N12241323WA0162301652004003029249254
B1936543920415N12241328WA0162301653004003029252246
B1936553920414N12241334WA0162301653004003030257247
B1936563920413N12241340WA0162401654004003032257213
B1936573920412N12241346WA0162601655004003032254239
B1936583920410N12241352WA0162801657005003031255271
B1936593920410N12241356WA0162901659004003027271281
B1937003920411N12241361WA0163001660004003026294284
B1937013920414N12241366WA0163001660005003033312294
B1937023920419N12241370WA0163001659004003039332340
B1937033920425N12241372WA0163001660004003039356347
B1937043920432N12241370WA0163101661004003041013024
B1937053920437N12241368WA0163401663004003041019032
B1937063920441N12241366WA0163501664004003032016041
B1937073920446N12241364WA0163401664004003034019044
B1937083920451N12241361WA0163401663004003034028056
B1937093920456N12241357WA0163301663004003037045081
B1937103920459N12241351WA0163301663004003039058087
B1937113920461N12241343WA0163301663004003038074097
B1937123920461N12241336WA0163301663004003038086103
B1937133920461N12241329WA0163201662004003037096113
B1937143920460N12241321WA0163101661004003037107120
B1937153920457N12241314WA0163001660004003040116131
B1937163920454N12241308WA0163001660004003036121136
B1937173920451N12241302WA0162901659004003036123138
B1937183920448N12241297WA0162801658005003033127140
B1937193920445N12241293WA0162601655004003033142144
B1937203920440N12241290WA0162401653004003033161154
B1937213920435N12241290WA0162301651004003037180168
B1937223920429N12241290WA0162301652004003037199182
B1937233920425N12241293WA0162301653004003034215196
B1937243920423N12241298WA0162401654005003030236207
B1937253920421N12241303WA0162401655004003026250222
B1937263920420N12241308WA0162501655004003027255231
B1937273920419N12241313WA0162601656004003026253235
B1937283920418N12241317WA0162601657005003026254233
B1937293920418N12241322WA0162601657004003025260233
B1937303920417N12241327WA0162601657004003028267238
B1937313920417N12241333WA0162601657004003028271246
B1937323920417N12241339WA0162701657004003030271249
B1937333920418N12241345WA0162701657004003032273254
B1937343920418N12241352WA0162701658004003032276256
B1937353920419N12241358WA0162801658004003032281259
B1937363920420N12241364WA0162801658004003032288265
B1937373920423N12241369WA0162801658004003032300273
B1937383920426N12241374WA0162801657004003033313285
B1937393920430N12241379WA0162701657004003033328301
B1937403920435N12241382WA0162601657004003036333320
B1937413920439N12241385WA0162501656004003034331317
B1937423920443N12241388WA0162401655004003034322310
B1937433920447N12241393WA0162301654005003033309302
B1937443920450N12241399WA0162201652004003033302302
B1937453920453N12241404WA0162101651004003035309325
B1937463920457N12241408WA0161901649004003036335330
B1937473920463N12241409WA0161801648005003036000352
B1937483920469N12241408WA0161801648004003036012015
B1937493920474N12241406WA0161701647004003034014023
B1937503920478N12241404WA0161601646005003034014015
B1937513920483N12241403WA0161401644004003034016022
B1937523920489N12241400WA0161201641004003035015022
B1937533920495N12241398WA0160901639004003043016036
B1937543920501N12241396WA0160801640004003043025041
B1937553920506N12241392WA0160801640004003039039050
B1937563920508N12241388WA0160801639004003031049063
B1937573920510N12241384WA0160701637004003025050047
B1937583920513N12241380WA0160601635004003026049049
B1937593920516N12241376WA0160401634004003026048047
B1938003920519N12241372WA0160201632004003028043059
B1938013920522N12241368WA0160201630004003030039049
B1938023920526N12241365WA0160101628004003030037068
B1938033920529N12241362WA0159901627004003029035070
B1938043920532N12241359WA0159601625004003026037067
B1938053920535N12241356WA0159301622004003025043077
B1938063920537N12241352WA0159101619004003029054065
B1938073920540N12241347WA0158901616005003029064095
B1938083920541N12241341WA0158701615004003029075098
B1938093920541N12241336WA0158601614005003029087116
B1938103920541N12241330WA0158501613004003030099128
B1938113920540N12241324WA0158501612004003030104146
B1938123920539N12241319WA0158501612004003030096128
B1938133920539N12241314WA0158401613004003022079085
B1938143920540N12241310WA0158301612004003025072083
B1938153920541N12241305WA0158101611004003025075096
B1938163920542N12241299WA0158001609004003028080112
B1938173920543N12241293WA0157801607004003031084112
B1938183920543N12241288WA0157701607004003031086112
B1938193920543N12241283WA0157601605004003027089117
B1938203920543N12241279WA0157401604004003022096136
B1938213920542N12241276WA0157201601004003019111138
B1938223920541N12241273WA0156901601004003024126141
B1938233920538N12241269WA0156601597004003024131123
B1938243920535N12241264WA0156301594004003028124115
B1938253920534N12241259WA0156101592004003027108112
B1938263920533N12241254WA0155901589004003027090108
B1938273920534N12241249WA0155601586004003026085103
B1938283920534N12241244WA0155301583004003026090106
B1938293920533N12241238WA0155101580004003029097120
B1938303920532N12241233WA0154901580004003029103137
B1938313920531N12241227WA0154801578004003029106148
B1938323920530N12241223WA0154701578004003027111147
B1938333920528N12241220WA0154601577004003019123148
B1938343920526N12241217WA0154601576004003019137148
B1938353920524N12241215WA0154401574004003019145144
B1938363920521N12241213WA0154301572004003021147149
B1938373920518N12241210WA0154201571005003026148153
B1938383920514N12241207WA0154101570004003026154164
B1938393920511N12241206WA0154001569004003026166176
B1938403920507N12241206WA0153801568004003025178184
B1938413920503N12241206WA0153701566004003026186187
B1938423920499N12241207WA0153501563004003028188181
B1938433920495N12241208WA0153301561004003028186173
B1938443920490N12241208WA0153101559004003030184163
B1938453920486N12241208WA0153001558004003029180158
B1938463920482N12241208WA0152901556004003029175172
B1938473920478N12241207WA0152701555004003027173169
B1938483920474N12241207WA0152601553005003027173191
B1938493920470N12241206WA0152501552004003027174190
B1938503920466N12241206WA0152401550004003028178205
B1938513920461N12241206WA0152201548004003028181203
B1938523920457N12241207WA0152001547004003028190210
B1938533920452N12241208WA0151901545004003029196201
B1938543920448N12241210WA0151701543004003032199207
B1938553920443N12241212WA0151501542004003032199177
B1938563920439N12241214WA0151401541004003032198187
B1938573920434N12241216WA0151201539004003031196181
B1938583920430N12241218WA0151101537004003031193185
B1938593920425N12241219WA0151001536004003031191172
B1939003920420N12241220WA0150801535004003033193177
B1939013920416N12241222WA0150801534005003033191168
B1939023920411N12241222WA0150701533004003032184177
B1939033920406N12241223WA0150601531004003032183177
B1939043920402N12241223WA0150401530005003032188192
B1939053920397N12241225WA0150301528004003034192194
B1939063920392N12241226WA0150201527004003034192185
B1939073920387N12241227WA0150101526004003034191199
B1939083920382N12241229WA0150001525004003034191208
B1939093920377N12241230WA0149901524004003033199225
B1939103920373N12241233WA0149801523004003034208223
B1939113920368N12241237WA0149701522004003034216216
B1939123920365N12241241WA0149601521004003034223221
B1939133920361N12241246WA0149501519004003034228220
B1939143920358N12241252WA0149401517004003035231239
B1939153920354N12241257WA0149201516004003036232249
B1939163920351N12241262WA0149201516004003036227241
B1939173920348N12241267WA0149101515004003033223219
B1939183920344N12241271WA0149001514004003031225229
B1939193920341N12241275WA0148801512004003031228227
B1939203920338N12241280WA0148601510004003034229230
B1939213920335N12241285WA0148401508004003037230250
B1939223920331N12241291WA0148301507004003034229233
B1939233920328N12241295WA0148301507004003033226238
B1939243920326N12241298WA0148301506004003026224230
B1939253920323N12241302WA0148101504004003028225242
B1939263920320N12241306WA0148001502004003028223242
B1939273920316N12241310WA0147901501004003030221238
B1939283920313N12241314WA0147801501005003031221245
B1939293920309N12241318WA0147801500004003031223239
B1939303920307N12241322WA0147701500004003028227235
B1939313920305N12241325WA0147701499004003026235238
B1939323920303N12241330WA0147601498005003025242237
B1939333920301N12241334WA0147401497004003027249245
B1939343920300N12241340WA0147301495004003027258249
B1939353920300N12241346WA0147101493004003030267253
B1939363920300N12241352WA0147001492004003031273265
B1939373920301N12241358WA0146901491004003031277273
B1939383920302N12241364WA0146801490004003031281275
B1939393920303N12241370WA0146701490004003032287279
B1939403920305N12241376WA0146701489004003033295283
B1939413920307N12241381WA0146701489004003033301288
B1939423920310N12241387WA0146701489005003033299282
B1939433920312N12241392WA0146601488004003031288271
B1939443920312N12241398WA0146501487004003034274260
B1939453920312N12241405WA0146301485004003035264246
B1939463920311N12241412WA0146201485004003035258240
B1939473920310N12241418WA0146201485005003035257239
B1939483920309N12241423WA0146201484004003028255225
B1939493920308N12241428WA0146101483004003028249235
B1939503920306N12241434WA0145901481005003028241217
B1939513920303N12241439WA0145801479005003030232235
B1939523920300N12241444WA0145701478004003034229246
B1939533920297N12241449WA0145601477004003034235257
B1939543920294N12241455WA0145501476004003034247259
B1939553920293N12241461WA0145401475004003035256260
B1939563920292N12241468WA0145301474004003033261259
B1939573920292N12241474WA0145201473005003035264266
B1939583920292N12241481WA0145001472004003035271279
B1939593920292N12241488WA0144901470004003037281288
B1940003920295N12241495WA0144701469004003035297291
B1940013920298N12241500WA0144601468004003035309301
B1940023920301N12241505WA0144401466004003035315307
B1940033920306N12241510WA0144201464004003035321315
B1940043920310N12241514WA0144001462004003039330319
B1940053920316N12241517WA0143901460004003039338329
B1940063920321N12241519WA0143701458005003039342336
B1940073920327N12241521WA0143601457005003039342345
B1940083920333N12241524WA0143601457004003042345344
B1940093920339N12241525WA0143601458005003042351346
B1940103920344N12241525WA0143601459004003040358358
B1940113920348N12241526WA0143701459005003032356000
B1940123920352N12241526WA0143701458004003025352005
B1940133920356N12241527WA0143501456005003026355005
B1940143920360N12241526WA0143301454004003026005010
B1940153920365N12241525WA0143101451005003029015020
B1940163920369N12241523WA0142901449005003031023029
B1940173920373N12241520WA0142801448004003031027040
B1940183920376N12241518WA0142601447004003028029048
B1940193920379N12241515WA0142501445004003025036040
B1940203920382N12241512WA0142301443005003027044052
B1940213920385N12241508WA0142201441004003028046057
B1940223920388N12241504WA0142001440004003028048061
B1940233920390N12241500WA0141801438004003028055065
B1940243920392N12241495WA0141701437004003026061052
B1940253920394N12241491WA0141601435005003026057043
B1940263920397N12241487WA0141401433004003025045044
B1940273920400N12241484WA0141201431005003025035046
B1940283920404N12241481WA0141101430005003031031041
B1940293920408N12241477WA0141001430004003031034041
B1940303920411N12241475WA0141101430004003029033049
B1940313920413N12241473WA0141001430004003023026049
B1940323920416N12241471WA0140901429004003018023039
B1940333920419N12241470WA0140701426004003023025038
B1940343920422N12241467WA0140601424004003023027048
B1940353920426N12241465WA0140501424004003028027058
B1940363920430N12241463WA0140401424005003026027059
B1940373920433N12241460WA0140401423005003026026057
B1940383920436N12241458WA0140301422004003025026062
B1940393920440N12241456WA0140201420004003025028061
B1940403920444N12241453WA0140101419005003029029060
B1940413920448N12241450WA0140001418004003032031057
B1940423920451N12241447WA0139901417005003030034073
B1940433920454N12241444WA0139801417004003030044066
B1940443920457N12241440WA0139701416004003023055070
B1940453920458N12241436WA0139601415005003024060074
B1940463920460N12241432WA0139501414005003024057075
B1940473920462N12241428WA0139401413005003025057074
B1940483920464N12241424WA0139301411004003025059078
B1940493920466N12241419WA0139101409004003027061081
B1940503920468N12241415WA0139001408005003027063075
B1940513920470N12241409WA0139001408004003029069086
B1940523920471N12241404WA0139001408005003027080112
B1940533920471N12241399WA0139001408004003027095118
B1940543920470N12241395WA0138901407004003024107098
B1940553920468N12241390WA0138701405004003024109114
B1940563920467N12241385WA0138601403004003025097092
B1940573920468N12241380WA0138401400005003027081074
B1940583920469N12241375WA0138101398004003027073075
B1940593920470N12241370WA0137801395004003026072078
B1941003920471N12241365WA0137601392004003026072077
B1941013920472N12241360WA0137301390004003026072077
B1941023920474N12241356WA0137001387004003027071081
B1941033920475N12241351WA0136801384004003027070084
B1941043920476N12241346WA0136501381004003026074110
B1941053920477N12241342WA0136201378005003024087127
B1941063920476N12241338WA0135901374005003021113132
B1941073920473N12241335WA0135501370005003022141137
B1941083920470N12241333WA0135201367004003026154137
B1941093920466N12241331WA0134901365004003026157149
B1941103920463N12241329WA0134801363004003026160142
B1941113920460N12241328WA0134601361004003023164145
B1941123920458N12241327WA0134401360005003018164153
B1941133920455N12241326WA0134301358004003018160159
B1941143920452N12241325WA0134101356005003018169149
B1941153920450N12241325WA0133901353005003017186171
B1941163920448N12241326WA0133601350005003015195141
B1941173920446N12241327WA0133201349005003011185149
B1941183920445N12241326WA0132701345005003011149135
B1941193920443N12241324WA0132401341005003011126134
B1941203920441N12241320WA0132001337004003019122131
B1941213920439N12241317WA0131801335004003023126136
B1941223920437N12241314WA0131601333004003021136146
B1941233920435N12241311WA0131401331004003021142142
B1941243920432N12241308WA0131201328005003021138132
B1941253920429N12241305WA0131001326004003022135135
B1941263920427N12241302WA0130901326004003024137145
B1941273920424N12241299WA0130901326005003021142132
B1941283920422N12241297WA0130901326005003021148159
B1941293920419N12241295WA0130901325005003021146151
B1941303920416N12241292WA0130801324004003022140141
B1941313920414N12241289WA0130701323004003023135134
B1941323920411N12241286WA0130601322004003026137138
B1941333920408N12241282WA0130601322004003028143157
B1941343920404N12241279WA0130601321004003028148160
B1941353920400N12241277WA0130501320004003028151136
B1941363920397N12241274WA0130401320004003028147131
B1941373920394N12241271WA0130301318004003023135116
B1941383920392N12241267WA0130101316004003024120130
B1941393920391N12241263WA0130001315005003024109110
B1941403920390N12241259WA0130001315005003024099088
B1941413920390N12241255WA0130001315004003022081089
B1941423920391N12241253WA0130001315004003015060076
B1941433920393N12241250WA0129901314005003015054099
B1941443920394N12241248WA0129801313004003015061095
B1941453920395N12241244WA0129801312005003019064088
B1941463920397N12241240WA0129701312004003020063064
B1941473920398N12241237WA0129701311005003015050087
B1941483920400N12241236WA0129501310004003015029048
B1941493920402N12241235WA0129301307004003015024049
B1941503920405N12241233WA0129001304004003018029054
B1941513920409N12241230WA0128801301004003023036076
B1941523920412N12241226WA0128601299005003031044080
B1941533920415N12241222WA0128501299004003031052097
B1941543920417N12241218WA0128501299004003027050088
B1941553920419N12241215WA0128601299004003022042084
B1941563920421N12241213WA0128601299004003021045092
B1941573920423N12241210WA0128501299004003018075097
B1941583920422N12241206WA0128501298004003021098113
B1941593920421N12241202WA0128601299005003021108125
B1942003920420N12241198WA0128801302004003021119130
B1942013920418N12241195WA0129101306005003020148151
B1942023920416N12241194WA0129201305005003014185165
B1942033920413N12241195WA0129301304004003018201179
B1942043920410N12241196WA0129201303004003018196174
B1942053920407N12241197WA0129101302005003022187164
B1942063920403N12241197WA0129101302005003024168155
B1942073920400N12241195WA0129101302004003022148156
B1942083920398N12241193WA0129101302004003022142140
B1942093920395N12241191WA0129101302004003022145156
B1942103920391N12241188WA0129101302005003023150167
B1942113920387N12241185WA0129201303005003031152147
B1942123920383N12241183WA0129401305005003032159145
B1942133920378N12241181WA0129601309004003031163133
B1942143920374N12241179WA0129901312004003031161145
B1942153920371N12241177WA0130101314004003027152156
B1942163920367N12241174WA0130501317005003027148168
B1942173920364N12241172WA0130701320004003026160184
B1942183920360N12241172WA0130901321005003026182197
B1942193920355N12241174WA0131001322004003037205205
B1942203920350N12241179WA0131101322005003043225225
B1942213920347N12241187WA0131201323005003043250244
B1942223920345N12241196WA0131301324005003045280267
B1942233920347N12241204WA0131401326004003041295284
B1942243920350N12241210WA0131501328004003041296296
B1942253920353N12241217WA0131601329005003039296300
B1942263920357N12241223WA0131701329005003039310303
B1942273920362N12241228WA0131801330005003040333321
B1942283920367N12241230WA0132001330005003040007350
B1942293920373N12241228WA0132201331004003040033026
B1942303920377N12241223WA0132401333005003032063051
B1942313920377N12241218WA0132801337004003020088079
B1942323920376N12241215WA0133101341005003020108101
B1942333920375N12241212WA0133201343004003018132114
B1942343920372N12241210WA0133301344004003018152130
B1942353920367N12241208WA0133401344004003036171143
B1942363920360N12241209WA0133301344005003043195162
B1942373920355N12241214WA0133401345004003043221185
B1942383920351N12241221WA0133501347004003043242212
B1942393920350N12241228WA0133801350005003038250233
B1942403920348N12241235WA0134001352005003038252248
B1942413920347N12241241WA0134101352004003036266249
B1942423920347N12241247WA0134001351004003034287266
B1942433920349N12241254WA0133901351004003041310293
B1942443920353N12241260WA0134001354004003043328321
B1942453920359N12241263WA0134301356004003041348343
B1942463920364N12241263WA0134701362004003037004003
B1942473920368N12241262WA0135101362004003018018019
B1942483920371N12241261WA0135401365004003018016047
B1942493920373N12241260WA0135601367004003018017049
B1942503920376N12241258WA0135701367005003019022057
B1942513920380N12241255WA0135801368004003028034074
B1942523920383N12241251WA0135901370004003028053080
B1942533920384N12241246WA0135901372004003028078091
B1942543920384N12241241WA0136001373005003026097099
B1942553920383N12241236WA0136101374004003026109109
B1942563920381N12241232WA0136201376005003026122117
B1942573920378N12241228WA0136301376005003026132125
B1942583920376N12241224WA0136301377004003025135131
B1942593920373N12241221WA0136301376004003025133135
B1943003920370N12241217WA0136201375005003027136141
B1943013920367N12241214WA0136101374005003029150149
B1943023920362N12241212WA0135901372005003029165156
B1943033920356N12241211WA0135801370004003036179165
B1943043920349N12241212WA0135701369004003042188176
B1943053920343N12241214WA0135701370004003042196184
B1943063920338N12241217WA0135701370004003042209192
B1943073920333N12241222WA0135701371005003041223205
B1943083920330N12241228WA0135701371004003040238217
B1943093920328N12241235WA0135701370004003037253233
B1943103920327N12241242WA0135601370004003040265249
B1943113920328N12241251WA0135601369004003043277264
B1943123920329N12241259WA0135501368004003043290279
B1943133920333N12241266WA0135501368004003043305295
B1943143920337N12241272WA0135501368004003043321314
B1943153920342N12241275WA0135501369005003033336332
B1943163920346N12241276WA0135601370004003033350352
B1943173920349N12241276WA0135701371005003025004006
B1943183920352N12241275WA0135801372004003023011024
B1943193920356N12241274WA0135901373004003022018031
B1943203920358N12241272WA0136001374004003021043037
B1943213920360N12241268WA0136101375004003024065057
B1943223920361N12241263WA0136101375004003024078073
B1943233920361N12241258WA0136201376004003025079077
B1943243920362N12241254WA0136201377004003025065071
B1943253920364N12241250WA0136201376005003023039054
B1943263920367N12241249WA0136101376005003027003036
B1943273920372N12241250WA0136001374004003027343011
B1943283920377N12241254WA0135801373004003033327353
B1943293920381N12241259WA0135801373005003038308334
B1943303920384N12241267WA0135701373004003045285311
B1943313920383N12241276WA0135601372005003046262283
B1943323920381N12241285WA0135601371004003045242257
B1943333920377N12241292WA0135701372004003045224234
B1943343920372N12241297WA0135901374005003043216210
B1943353920367N12241301WA0136101377004003037208195
B1943363920362N12241304WA0136201379004003037206189
B1943373920358N12241306WA0136401381004003035208184
B1943383920354N12241309WA0136601382005003033211205
B1943393920350N12241313WA0136601382005003031213194
B1943403920346N12241316WA0136601382004003031219220
B1943413920343N12241321WA0136601382004003033228203
B1943423920340N12241326WA0136501381004003033233202
B1943433920337N12241331WA0136501380004003033228184
B1943443920333N12241335WA0136301379004003032205177
B1943453920329N12241336WA0136101377004003030182163
B1943463920324N12241335WA0135901377004003030159145
B1943473920320N12241333WA0135901377005003030153145
B1943483920317N12241330WA0135801376005003027153146
B1943493920313N12241328WA0135701375005003027155143
B1943503920309N12241326WA0135601373004003031156137
B1943513920304N12241323WA0135501372005003037155127
B1943523920299N12241319WA0135401371004003037151121
B1943533920295N12241316WA0135301371004003037143129
B1943543920292N12241312WA0135401371004003033132116
B1943553920290N12241308WA0135401371004003022129121
B1943563920288N12241305WA0135401371004003022127105
B1943573920287N12241303WA0135301370005003016116106
B1943583920286N12241300WA0135201369004003016107094
B1943593920285N12241297WA0135001367005003016113107
B1944003920283N12241293WA0134901365004003027123104
B1944013920280N12241288WA0134801364004003034137117
B1944023920276N12241284WA0134801364004003034150154
B1944033920270N12241280WA0134901365005003036158164
B1944043920265N12241278WA0135101368005003036164170
B1944053920261N12241277WA0135301369005003032169155
B1944063920256N12241276WA0135401370004003032173143
B1944073920252N12241276WA0135501370004003031173130
B1944083920248N12241275WA0135401369005003028158128
B1944093920245N12241272WA0135301367004003027140121
B1944103920241N12241268WA0135201368004003035130114
B1944113920237N12241263WA0135201369004003041138129
B1944123920232N12241258WA0135501370005003039147128
B1944133920228N12241254WA0135901372005003039144103
B1944143920225N12241250WA0136201377005003032132100
B1944153920223N12241247WA0136501377005003024105093
B1944163920223N12241242WA0136701380005003025089082
B1944173920223N12241237WA0137001381005003025075072
B1944183920225N12241233WA0137201385004003026064079
B1944193920227N12241228WA0137701389004003026060077
B1944203920229N12241224WA0138001390005003024074089
B1944213920229N12241219WA0138201392005003026091100
B1944223920228N12241214WA0138201393005003026108111
B1944233920226N12241208WA0138201393004003030124122
B1944243920222N12241204WA0138201394005003033145136
B1944253920217N12241201WA0138101393005003041177153
B1944263920211N12241202WA0138001392004003042197178
B1944273920205N12241206WA0137901391005003041210195
B1944283920200N12241211WA0137801390004003041217208
B1944293920196N12241216WA0137801390005003040230218
B1944303920193N12241223WA0137601389005003039249231
B1944313920193N12241231WA0137601388005003039275253
B1944323920195N12241237WA0137501388004003036298286
B1944333920199N12241241WA0137501389005003034317313
B1944343920201N12241244WA0137401388004003028317333
B1944353920204N12241248WA0137401387004003030312338
B1944363920208N12241253WA0137501388005003040312332
B1944373920212N12241259WA0137601390005003039311339
B1944383920216N12241264WA0138001392004003039325333
B1944393920219N12241265WA0138401398004003026353350
B1944403920222N12241265WA0138801402004003020011016
B1944413920225N12241264WA0139301402005003020018038
B1944423920227N12241263WA0139701407004003017011043
B1944433920229N12241262WA0140001412004003014014048
B1944443920231N12241261WA0140301416004003014024051
B1944453920234N12241259WA0140601418004003021034063
B1944463920236N12241256WA0140901421004003024044061
B1944473920239N12241252WA0141101425004003024058068
B1944483920240N12241247WA0141501429004003027067077
B1944493920242N12241242WA0142001435004003027071083
B1944503920243N12241237WA0142501441004003025076097
B1944513920243N12241233WA0143001441004003025092076
B1944523920243N12241229WA0143401440005003024105102
B1944533920242N12241224WA0143501440005003024112120
B1944543920240N12241220WA0143601442004003024118105
B1944553920238N12241216WA0143701443005003027121125
B1944563920235N12241211WA0143801445005003029128140
B1944573920232N12241207WA0143701445005003027138125
B1944583920229N12241205WA0143701447005003027147139
B1944593920226N12241203WA0143701448005003022141125
B1945003920224N12241200WA0143501448004003017114103
B1945013920224N12241197WA0143201447004003022087095
B1945023920224N12241191WA0142801443004003022074094
B1945033920226N12241185WA0142501440004003029071072
B1945043920228N12241178WA0142301441004003033076088
B1945053920229N12241173WA0142101440004003033083072
B1945063920229N12241168WA0142001439004003027085088
B1945073920229N12241164WA0141701436004003021093114
B1945083920228N12241160WA0141501432005003021107122
B1945093920226N12241155WA0141101427004003032122132
B1945103920222N12241150WA0140701423004003036137144
B1945113920218N12241146WA0140401424004003034159156
B1945123920213N12241145WA0140401424005003034181158
B1945133920209N12241146WA0140401424005003028193184
B1945143920206N12241147WA0140401423004003019193171
B1945153920204N12241148WA0140301421005003019186171
B1945163920200N12241148WA0140001418005003019184171
B1945173920197N12241149WA0139801415004003022187179
B1945183920193N12241150WA0139501413005003025189186
B1945193920189N12241151WA0139301410004003028191182
B1945203920184N12241152WA0139101407004003031193186
B1945213920180N12241154WA0138901406005003031197194
B1945223920176N12241156WA0138701404004003031204212
B1945233920172N12241159WA0138601403004003029217216
B1945243920170N12241163WA0138501401004003028233233
B1945253920168N12241168WA0138301398005003031247243
B1945263920167N12241174WA0138001396004003031260262
B1945273920166N12241181WA0137801396004003034270277
B1945283920166N12241188WA0137801395004003034274284
B1945293920167N12241194WA0137801395004003029273297
B1945303920167N12241199WA0137701394004003029272295
B1945313920167N12241204WA0137501392004003028274297
B1945323920168N12241210WA0137301389004003028279305
B1945333920169N12241217WA0137101387004003032288316
B1945343920172N12241223WA0136901385005003037298327
B1945353920175N12241229WA0136801384005003037310337
B1945363920179N12241233WA0136701383004003034318334
B1945373920182N12241237WA0136601383004003032317338
B1945383920185N12241242WA0136401381004003032312337
B1945393920189N12241247WA0136301379004003036309336
B1945403920193N12241252WA0136201379005003038310332
B1945413920196N12241258WA0136101378004003038310328
B1945423920200N12241264WA0136001378005003039310331
B1945433920205N12241270WA0136001377004003040314334
B1945443920209N12241275WA0136001376004003038319333
B1945453920213N12241279WA0135901376004003038318340
B1945463920217N12241284WA0135801374004003036320349
B1945473920222N12241288WA0135601372004003036327011
B1945483920226N12241291WA0135401370005003036335004
B1945493920231N12241293WA0135201368004003035337001
B1945503920236N12241297WA0135001365004003038333013
B1945513920241N12241300WA0134801364005003037330005
B1945523920246N12241303WA0134701363005003037334016
B1945533920250N12241305WA0134601362004003033342011
B1945543920254N12241306WA0134401360004003027349011
B1945553920258N12241307WA0134101357004003028354016
B1945563920262N12241307WA0133801354005003028358018
B1945573920267N12241307WA0133601351005003028006021
B1945583920270N12241306WA0133301349005003027011026
B1945593920274N12241305WA0133201347004003023010028
B1946003920277N12241304WA0133101346004003023007027
B1946013920280N12241304WA0133001345004003022005026
B1946023920284N12241304WA0132701342005003022002019
B1946033920289N12241304WA0132501339004003027356013
B1946043920294N12241304WA0132301337005003036354018
B1946053920299N12241305WA0132001337004003036353027
B1946063920305N12241306WA0131901336004003036353022
B1946073920310N12241307WA0131901335005003035351025
B1946083920314N12241308WA0131801334004003033349016
B1946093920319N12241309WA0131801333004003029346014
B1946103920323N12241310WA0131701332004003029349012
B1946113920327N12241311WA0131601331004003028352010
B1946123920331N12241311WA0131401329005003028355016
B1946133920335N12241311WA0131301328004003028002018
B1946143920339N12241311WA0131201327004003024012024
B1946153920342N12241309WA0131201326004003024027032
B1946163920344N12241306WA0131101325004003023042041
B1946173920347N12241303WA0131001323004003023052054
B1946183920348N12241299WA0130801322004003024064062
B1946193920349N12241295WA0130601320004003021084072
B1946203920348N12241291WA0130501320004003021107076
B1946213920347N12241288WA0130401319004003019120107
B1946223920346N12241284WA0130301318004003019118094
B1946233920344N12241281WA0130301317004003019115100
B1946243920343N12241277WA0130101315004003024119114
B1946253920341N12241273WA0130001314004003026127127
B1946263920338N12241269WA0129801312004003026134108
B1946273920335N12241265WA0129701312004003026135088
B1946283920333N12241262WA0129601311005003025119080
B1946293920333N12241259WA0129401308005003016077066
B1946303920335N12241256WA0129101305005003019041054
B1946313920338N12241254WA0128801302005003019026044
B1946323920341N12241252WA0128601300004003023023045
B1946333920345N12241250WA0128501298005003027025053
B1946343920349N12241247WA0128301297004003026026051
B1946353920352N12241245WA0128201296004003026024050
B1946363920355N12241244WA0128101294004003024023046
B1946373920359N12241242WA0128001293005003024028041
B1946383920362N12241239WA0127901292004003024034051
B1946393920364N12241236WA0127801290004003021044063
B1946403920366N12241233WA0127601289005003023053056
B1946413920368N12241229WA0127501287005003023052065
B1946423920371N12241225WA0127301285004003026043049
B1946433920374N12241222WA0127101283004003026035039
B1946443920378N12241219WA0126801280004003031033046
B1946453920382N12241216WA0126601278004003034032048
B1946463920387N12241212WA0126401276004003034033056
B1946473920391N12241208WA0126301275004003034034056
B1946483920394N12241205WA0126201274004003031033051
B1946493920398N12241202WA0126201273004003029031051
B1946503920402N12241199WA0126001271004003031027048
B1946513920406N12241197WA0125801269004003031024054
B1946523920411N12241194WA0125601266005003032023047
B1946533920415N12241192WA0125401264004003033025070
B1946543920419N12241189WA0125301263005003029032081
B1946553920422N12241185WA0125101262004003029051088
B1946563920423N12241182WA0125001260005003023082089
B1946573920422N12241178WA0124801259005003018110102
B1946583920420N12241176WA0124701257005003018136111
B1946593920417N12241173WA0124501256004003023155130
B1947003920414N12241172WA0124401254004003025170141
B1947013920410N12241172WA0124201253005003025177153
B1947023920405N12241172WA0124101251005003027182156
B1947033920401N12241172WA0123901249004003028185157
B1947043920396N12241173WA0123701246004003034186154
B1947053920391N12241174WA0123501244004003035187149
B1947063920385N12241175WA0123301243004003035190167
B1947073920380N12241177WA0123201242005003035197199
B1947083920375N12241179WA0123101241005003039212216
B1947093920370N12241184WA0123001241004003042222225
B1947103920365N12241191WA0122901240005003042226215
B1947113920361N12241197WA0122801239004003042227218
B1947123920357N12241203WA0122701237004003042231244
B1947133920354N12241210WA0122501235004003044243252
B1947143920352N12241219WA0122301233004003047253265
B1947153920351N12241228WA0122201232004003047258265
B1947163920350N12241236WA0122101231005003047260269
B1947173920349N12241245WA0122101231004003045261263
B1947183920348N12241253WA0122001229004003044262264
B1947193920347N12241262WA0121901228005003044264271
B1947203920346N12241270WA0121701227004003044265274
B1947213920346N12241279WA0121701226004003044266271
B1947223920346N12241288WA0121701226004003046268266
B1947233920346N12241297WA0121801227004003043268280
B1947243920345N12241304WA0122001230005003043266238
B1947253920345N12241311WA0122301232005003038262235
B1947263920344N12241318WA0122401231005003035255245
B1947273920342N12241324WA0122301231005003035250243
B1947283920340N12241331WA0122301230005003042248241
B1947293920338N12241339WA0122201230005003044251243
B1947303920337N12241348WA0122201230004003042257257
B1947313920335N12241355WA0122201229005003042257261
B1947323920334N12241363WA0122201229005003041253252
B1947333920332N12241370WA0122201229005003043249268
B1947343920330N12241379WA0122201230004003045253281
B1947353920329N12241387WA0122301231004003045268286
B1947363920329N12241396WA0122401231004003045287295
B1947373920332N12241404WA0122401231005003045298319
B1947383920336N12241411WA0122401231005003045308336
B1947393920341N12241417WA0122401231004003045322342
B1947403920347N12241420WA0122401232004003041342353
B1947413920352N12241421WA0122601233004003039353005
B1947423920357N12241422WA0122901236004003038349016
B1947433920361N12241423WA0123101240004003026343014
B1947443920365N12241424WA0123201241004003026346013
B1947453920368N12241425WA0123301241004003024355015
B1947463920372N12241425WA0123401242005003024005023
B1947473920376N12241423WA0123501242005003025017032
B1947483920379N12241422WA0123601243005003024025039
B1947493920382N12241419WA0123601244004003024037047
B1947503920384N12241417WA0123601244004003020064056
B1947513920383N12241414WA0123601244004003015115076
B1947523920381N12241412WA0123601243004003015156107
B1947533920378N12241411WA0123601244004003025171134
B1947543920374N12241411WA0123601245004003027178155
B1947553920369N12241411WA0123701246005003027185146
B1947563920365N12241412WA0123801247004003029190145
B1947573920361N12241413WA0123901248005003029187158
B1947583920357N12241413WA0124001248004003025178148
B1947593920353N12241413WA0124001249004003025174160
B1948003920349N12241412WA0124101250005003025175167
B1948013920345N12241412WA0124201251004003027179170
B1948023920340N12241412WA0124301252004003031185156
B1948033920335N12241413WA0124501255004003034189144
B1948043920330N12241414WA0124701257005003034183145
B1948053920325N12241414WA0124901259004003033169136
B1948063920322N12241412WA0125001258004003027145133
B1948073920320N12241409WA0125001258004003025125116
B1948083920318N12241404WA0124901257005003026110098
B1948093920317N12241400WA0124901257004003026082084
B1948103920319N12241395WA0124901257005003026057068
B1948113920322N12241392WA0124901257005003027031055
B1948123920327N12241390WA0124801257005003028015037
B1948133920331N12241389WA0124901258004003030009022
B1948143920336N12241388WA0124901259004003033000019
B1948153920341N12241390WA0125101260005003033342354
B1948163920346N12241394WA0125201261005003037322344
B1948173920350N12241399WA0125301261005003039308324
B1948183920353N12241406WA0125301261005003040298308
B1948193920356N12241413WA0125201261004003041290295
B1948203920357N12241421WA0125201260004003041280285
B1948213920357N12241430WA0125201260004003045266271
B1948223920355N12241440WA0125201261005003048249254
B1948233920352N12241448WA0125401261005003042229232
B1948243920348N12241453WA0125601262005003042214211
B1948253920344N12241456WA0125801264004003033205197
B1948263920340N12241458WA0125901266004003029207186
B1948273920336N12241461WA0126001267004003029213184
B1948283920331N12241465WA0126301270005003043214192
B1948293920325N12241470WA0126701271005003043208200
B1948303920320N12241473WA0127101277005003042204181
B1948313920315N12241476WA0127501277004003038206172
B1948323920311N12241479WA0127801277005003034209173
B1948333920306N12241482WA0128001276004003037210196
B1948343920301N12241486WA0128101277005003039208172
B1948353920296N12241489WA0128201279005003039201162
B1948363920290N12241491WA0128201281004003039184165
B1948373920285N12241491WA0128101281004003038153126
B1948383920282N12241488WA0127901282005003022141109
B1948393920280N12241485WA0127701281004003022149116
B1948403920277N12241483WA0127401279005003021152113
B1948413920275N12241481WA0127201277004003021132105
B1948423920274N12241477WA0126801273004003020098092
B1948433920275N12241473WA0126401268004003024068074
B1948443920278N12241469WA0126001264005003027033056
B1948453920283N12241468WA0125601260005003027356030
B1948463920288N12241472WA0125301257004003032323003
B1948473920292N12241476WA0125101258004003039298331
B1948483920294N12241484WA0125001258005003039284303
B1948493920295N12241492WA0125101258005003045272291
B1948503920295N12241502WA0125201258005003045261275
B1948513920292N12241513WA0125401259004003054253252
B1948523920290N12241524WA0125601262005003054256236
B1948533920288N12241531WA0126001267004003037260232
B1948543920287N12241538WA0126301268005003037269261
B1948553920287N12241544WA0126301267005003032270268
B1948563920287N12241549WA0126101267005003032273273
B1948573920288N12241556WA0125701263005003032274284
B1948583920289N12241564WA0125401260005003040276297
B1948593920289N12241571WA0125301261005003042280304
B1949003920291N12241579WA0125301262004003042286318
B1949013920294N12241587WA0125401263005003044300333
B1949023920298N12241594WA0125501264005003044317344
B1949033920303N12241597WA0125701266004003039334353
B1949043920309N12241600WA0125801266004003039348007
B1949053920314N12241601WA0126001269005003038348009
B1949063920320N12241603WA0126301271005003038345015
B1949073920325N12241605WA0126501274005003036344014
B1949083920329N12241606WA0126701276004003032347019
B1949093920334N12241607WA0126901278004003033357026
B1949103920339N12241606WA0127201281004003033008032
B1949113920344N12241604WA0127501285004003033017040
B1949123920348N12241602WA0127801288004003033027047
B1949133920352N12241599WA0128101289005003025039055
B1949143920354N12241595WA0128401292005003025054064
B1949153920355N12241591WA0128801295004003024064071
B1949163920357N12241587WA0129101300005003024067075
B1949173920358N12241584WA0129501305004003022073080
B1949183920358N12241581WA0129901309004003011099083
B1949193920357N12241579WA0130301309005003014133095
B1949203920355N12241577WA0130501312004003014152113
B1949213920352N12241576WA0130701315005003018170124
B1949223920348N12241576WA0131001318005003021188141
B1949233920344N12241578WA0131301321005003031197158
B1949243920339N12241581WA0131501324004003035211177
B1949253920335N12241586WA0131701326004003035231194
B1949263920332N12241594WA0132101330005003041252218
B1949273920332N12241603WA0132501334005003045275248
B1949283920335N12241610WA0132901340005003039304279
B1949293920339N12241614WA0133201344004003039325318
B1949303920343N12241617WA0133601347005003034334346
B1949313920348N12241619WA0133901350005003033339004
B1949323920353N12241621WA0134201353004003033350009
B1949333920359N12241622WA0134401354005003039008024
B1949343920364N12241619WA0134801357004003039019034
B1949353920370N12241617WA0135101358004003039027045
B1949363920373N12241613WA0135501364004003035043050
B1949373920376N12241609WA0135901364004003027062061
B1949383920376N12241606WA0136101367005003018080075
B1949393920376N12241602WA0136301369004003018097087
B1949403920375N12241599WA0136401370004003018120098
B1949413920372N12241597WA0136501371005003018152111
B1949423920369N12241595WA0136601374004003022172131
B1949433920365N12241595WA0136901377004003023186147
B1949443920362N12241596WA0137101381005003023191159
B1949453920359N12241597WA0137301383004003021180164
B1949463920355N12241596WA0137501385004003021167149
B1949473920352N12241594WA0137601386005003022158148
B1949483920348N12241593WA0137701388004003025159150
B1949493920345N12241591WA0138001391004003025163154
B1949503920342N12241590WA0138301394005003022171161
B1949513920339N12241590WA0138501396004003020175166
B1949523920336N12241590WA0138601398005003020173158
B1949533920333N12241589WA0138901400004003023166155
B1949543920329N12241587WA0139001402005003023154154
B1949553920326N12241584WA0139301405005003023144141
B1949563920324N12241582WA0139501408004003023153143
B1949573920321N12241582WA0139701410004003020186147
B1949583920318N12241584WA0139801411005003025217166
B1949593920315N12241589WA0140001413004003034234197
B1950003920312N12241594WA0140301414005003034248223
B1950013920311N12241602WA0140601418004003037259240
B1950023920310N12241609WA0140901422005003037270256
B1950033920311N12241616WA0141301427004003035282271
B1950043920313N12241622WA0141601430004003035294288
B1950053920316N12241628WA0142001434004003035309305
B1950063920325N12241634WA0142601440004003034351347
B1950073920330N12241633WA0142801442004003034019012
B1950083920334N12241628WA0142901444004003036046037
B1950093920336N12241622WA0143201446004003035073059
B1950103920336N12241615WA0143501450004003035094079
B1950113920335N12241610WA0143801454004003032107095
B1950123920333N12241606WA0144101458004003024115105
B1950133920331N12241602WA0144501461004003024135109
B1950143920329N12241600WA0144801461004003024164124
B1950153920325N12241600WA0145001464005003024194144
B1950163920321N12241603WA0145101466004003025220168
B1950173920318N12241607WA0145201466004003033249195
B1950183920317N12241614WA0145401468004003038264238
B1950193920317N12241622WA0145801469004003038268265
B1950203920317N12241630WA0146101474004003038274272
B1950213920319N12241637WA0146501480004003038292282
B1950223920321N12241643WA0146801480004003038314303
B1950233920326N12241648WA0147101484004003039329329
B1950243920332N12241652WA0147401485004003039343346
B1950253920337N12241652WA0147701489005003039357002
B1950263920342N12241651WA0148001492005003037011015
B1950273920348N12241649WA0148301496004003036021029
B1950283920352N12241645WA0148501499004003036031039
B1950293920356N12241641WA0148801502004003035044047
B1950303920361N12241636WA0149001503004003035059058
B1950313920364N12241630WA0149301505005003035068070
B1950323920365N12241623WA0149501508004003032076078
B1950333920365N12241618WA0149601510004003032089084
B1950343920364N12241612WA0149701511004003028108095
B1950353920362N12241608WA0149701512004003027122109
B1950363920359N12241604WA0149601512004003027133122
B1950373920356N12241600WA0149501511004003030134127
B1950383920353N12241595WA0149501512005003032126125
B1950393920351N12241590WA0149501512004003030108105
B1950403920350N12241584WA0149401512004003030076098
B1950413920353N12241579WA0149401512004003030052072
B1950423920357N12241575WA0149201510004003035036058
B1950433920361N12241572WA0149001509004003036031053
B1950443920366N12241568WA0148801507004003036030048
B1950453920372N12241564WA0148701505004003039030051
B1950463920378N12241559WA0148501504004003043029049
B1950473920384N12241555WA0148401503004003044026051
B1950483920390N12241552WA0148301503004003044024047
B1950493920396N12241549WA0148201502004003043021045
B1950503920401N12241546WA0148201501004003042019044
B1950513920407N12241543WA0148101500004003041018046
B1950523920413N12241541WA0147901499004003043018035
B1950533920420N12241538WA0147801498004003044016049
B1950543920426N12241536WA0147801497004003044012022
B1950553920433N12241534WA0147701497004003044010049
B1950563920439N12241533WA0147601496004003044009034
B1950573920445N12241532WA0147501494004003043010045
B1950583920452N12241530WA0147301493004003043011045
B1950593920458N12241528WA0147201491004003043013037
B1951003920463N12241526WA0147101491004003041016045
B1951013920468N12241524WA0147001490004003036015053
B1951023920473N12241523WA0146901488004003032014045
B1951033920477N12241521WA0146801486005003032016054
B1951043920482N12241519WA0146601484004003032020047
B1951053920486N12241517WA0146301482005003032020053
B1951063920491N12241515WA0146101480005003032021049
B1951073920496N12241512WA0146001479005003035022048
B1951083920501N12241509WA0145901478004003035020057
B1951093920505N12241507WA0145801478004003034017057
B1951103920510N12241505WA0145701477004003032019050
B1951113920514N12241503WA0145701476004003031020051
B1951123920519N12241502WA0145601474004003031017036
B1951133920523N12241500WA0145501473005003032016035
B1951143920528N12241498WA0145301472004003032016036
B1951153920532N12241496WA0145101470004003032017026
B1951163920537N12241494WA0145001468005003033018029
B1951173920542N12241492WA0144801467005003034020030
B1951193920547N12241490WA0144701466004003034020048
B1951203920551N12241488WA0144601465004003033016025
B1951213920556N12241486WA0144501464005003033014036
B1951223920561N12241484WA0144401462004003034016015
B1951233920566N12241482WA0144101459004003034020014
B1951243920571N12241480WA0143901456005003034025037
B1951253920575N12241477WA0143601453004003034028030
B1951263920580N12241473WA0143301450005003036029046
B1951273920585N12241469WA0143101448005003037031055
B1951283920589N12241465WA0142901446005003037033055
B1951293920594N12241462WA0142801445004003037032051
B1951303920598N12241458WA0142601444004003036032044
B1951313920603N12241454WA0142501442004003037032044
B1951323920608N12241450WA0142301440005003037031052
B1951333920613N12241446WA0142101439004003038031051
B1951343920618N12241442WA0142001437005003039032055
B1951353920623N12241438WA0141901436004003039032050
B1951363920628N12241434WA0141801435005003039030043
B1951373920633N12241431WA0141601433004003038028051
B1951383920638N12241427WA0141401432004003038029039
B1951393920643N12241424WA0141301430004003038032059
B1951403920648N12241420WA0141101428004003040032045
B1951413920653N12241416WA0140901426005003039029039
B1951423920658N12241412WA0140801425005003039029064
B1951433920663N12241409WA0140601423005003037029053
B1951443920667N12241405WA0140501421004003038031057
B1951453920672N12241401WA0140301419004003038030035
B1951463920678N12241397WA0140101417005003039031043
B1951473920683N12241393WA0140001416004003040033070
B1951483920687N12241389WA0139701413005003037035052
B1951493920691N12241384WA0139501411004003037040052
B1951503920695N12241380WA0139301409005003036041052
B1951513920700N12241375WA0139001406004003036036046
B1951523920705N12241371WA0138901404004003038031046
B1951533920710N12241367WA0138701403004003040031024
B1951543920715N12241363WA0138601401004003040036050
B1951553920719N12241358WA0138401399005003039040038
B1951563920724N12241353WA0138101397005003039040052
B1951573920728N12241348WA0137901394005003039038044
B1951583920733N12241343WA0137601391004003042038045
B1951593920738N12241338WA0137401389005003042039043
B1952003920743N12241333WA0137201387004003041039039
B1952013920747N12241329WA0137001386005003040036031
B1952023920752N12241325WA0136901385004003038032046
B1952033920756N12241322WA0137001385004003030026070
B1952043920759N12241319WA0136801383004003030027037
B1952053920763N12241317WA0136601381004003028037052
B1952063920766N12241312WA0136401379004003028043056
B1952073920770N12241307WA0136201376005003033047046
B1952083920774N12241302WA0135901374004003040046057
B1952093920779N12241296WA0135801372004003040041027
B1952103920783N12241292WA0135701372005003039036022
B1952113920787N12241288WA0135601370004003036036046
B1952123920791N12241284WA0135401369004003035037033
B1952133920796N12241280WA0135201366004003036037036
B1952143920800N12241276WA0135101364005003036036031
B1952153920809N12241268WA0134801362005003035032045
B1952163920812N12241265WA0134601360004003033035038
B1952173920816N12241261WA0134401358005003033041046
B1952183920820N12241256WA0134201356004003033043028
B1952193920823N12241252WA0134101356004003033037043
B1952203920827N12241249WA0133901354004003033028046
B1952213920831N12241247WA0133801352005003031024048
B1952223920836N12241244WA0133601350004003031027047
B1952233920840N12241241WA0133401348005003032032050
B1952243920844N12241237WA0133201348004003032035045
B1952253920848N12241234WA0133001347004003033033037
B1952263920852N12241231WA0132801345004003033031050
B1952273920856N12241227WA0132501343004003034029044
B1952283920861N12241224WA0132301340004003035029046
B1952293920866N12241221WA0132201338004003035028032
B1952303920870N12241217WA0132001337004003036025014
B1952313920876N12241215WA0131901335004003036022035
B1952323920881N12241212WA0131801334004003039022042
B1952333920886N12241209WA0131701332004003039026050
B1952343920891N12241205WA0131601332004003038031048
B1952353920895N12241202WA0131601332004003035033027
B1952363920899N12241199WA0131501331004003031031041
B1952373920902N12241196WA0131501330004003025030050
B1952383920905N12241194WA0131301328004003025032042
B1952393920908N12241191WA0131101325004003025031030
B1952403920912N12241188WA0130801323004003027026036
B1952413920917N12241186WA0130701321004003031021030
B1952423920921N12241184WA0130501319004003032017020
B1952433920926N12241182WA0130401318004003032019039
B1952443920930N12241180WA0130301318004003031024034
B1952453920934N12241177WA0130201316005003029026024
B1952463920938N12241175WA0130001315004003029021024
B1952473920942N12241173WA0130001313004003033008030
B1952483920947N12241173WA0130001314004003033001045
B1952493920952N12241173WA0130001314004003032005049
B1952503920956N12241172WA0130001314004003029011045
B1952513920960N12241171WA0130001314004003029011030
B1952523920965N12241170WA0130001314005003032008038
B1952533920970N12241169WA0130001314004003033007038
B1952543920975N12241168WA0130101315004003033009055
B1952553920979N12241166WA0130201316004003033013023
B1952563920984N12241165WA0130301318004003032010031
B1952573920989N12241165WA0130501319004003032359022
B1952583920994N12241165WA0130701321004003033355041
B1952593920998N12241165WA0130801322004003033359046
B1953003921003N12241165WA0130801322004003033011047
B1953013921007N12241163WA0130901323005003031023058
B1953023921010N12241160WA0130901323004003023041067
B1953033921012N12241156WA0130901322004003023066080
B1953043921012N12241152WA0130801322004003020087095
B1953053921011N12241148WA0130701321004003020109107
B1953063921009N12241145WA0130701321004003022126120
B1953073921007N12241142WA0130801322005003019139126
B1953083921005N12241140WA0130801323004003019144138
B1953093921003N12241138WA0130801323004003018147134
B1953103921000N12241136WA0130801322004003018148139
B1953113920998N12241134WA0130701320005003019146127
B1953123920995N12241131WA0130601319005003024136116
B1953133920993N12241127WA0130501319004003025117094
B1953143920992N12241123WA0130501318004003024093078
B1953153920994N12241118WA0130401317004003025064068
B1953163920997N12241114WA0130201316005003027038055
B1953173921000N12241111WA0130201316004003033017044
B1953183921005N12241110WA0130101315004003034012031
B1953193921011N12241108WA0130001314005003034015035
B1953203921015N12241106WA0129901314004003034017029
B1953213921020N12241104WA0129901314004003034016026
B1953223921025N12241103WA0130001314004003031014030
B1953233921029N12241101WA0130001314004003031012031
B1953243921033N12241100WA0130001313005003028014032
B1953253921037N12241099WA0129901312004003027017030
B1953263921041N12241097WA0129601309004003031019028
B1953273921046N12241095WA0129401307005003035021031
B1953283921051N12241092WA0129301305004003035020028
B1953293921056N12241090WA0129101304004003035023033
B1953303921060N12241087WA0129001304004003030027027
B1953313921064N12241084WA0128901302005003030031036
B1953323921068N12241081WA0128801300004003030033039
B1953343921071N12241078WA0128601299004003030035048
B1953353921076N12241074WA0128501297004003034035051
B1953363921080N12241070WA0128401297004003034034047
B1953373921084N12241067WA0128401296004003033033044
B1953383921088N12241063WA0128301295004003032033038
B1953393921092N12241060WA0128301295004003034027050
B1953403921097N12241058WA0128301295005003034011039
B1953413921101N12241058WA0128201294004003032359031
B1953423921106N12241058WA0128101293005003031359039
B1953433921110N12241058WA0127901290004003030007044
B1953443921114N12241057WA0127601287004003029014036
B1953453921119N12241055WA0127301284004003033016035
B1953463921124N12241053WA0127001281005003033015015
B1953473921130N12241051WA0126801279004003037014035
B1953483921134N12241049WA0126701278004003037014031
B1953493921139N12241048WA0126501276005003031015031
B1953503921143N12241046WA0126401275004003031014025
B1953513921148N12241045WA0126301274005003031013021
B1953523921152N12241044WA0126101272004003030012032
B1953533921156N12241042WA0126001271004003030013029
B1953543921160N12241041WA0125901270004003027013037
B1953553921169N12241039WA0125601266004003028012012
B1953563921173N12241038WA0125401265004003029011002
B1953573921178N12241036WA0125201262004003031010008
B1953583921182N12241035WA0125101261004003032010020
B1953593921187N12241034WA0124901259004003032009021
B1954003921191N12241033WA0124701257004003030009019
B1954013921196N12241032WA0124501254004003030010022
B1954023921201N12241031WA0124201252004003032011023
B1954033921206N12241030WA0124001250004003034012021
B1954043921210N12241028WA0123901248004003034014008
B1954053921214N12241027WA0123701247005003031018005
B1954063921218N12241025WA0123501244004003026022004
B1954073921221N12241023WA0123301241004003025022026
B1954083921225N12241021WA0122901237004003030018019
B1954093921230N12241019WA0122501233004003034017029
B1954103921235N12241017WA0122301234004003034014034
B1954113921240N12241016WA0122201232004003034006022
B1954123921245N12241016WA0121901231004003033359021
B1954133921249N12241016WA0121701228004003031004037
B1954143921254N12241015WA0121501225004003033012037
B1954153921259N12241013WA0121201222004003033016038
B1954163921264N12241011WA0120901219004003034013032
B1954173921269N12241011WA0120701217004003034005037
B1954183921274N12241010WA0120501214004003035004025
B1954193921279N12241009WA0120201212004003035009027
B1954203921284N12241008WA0120001209004003034016020
B1954213921289N12241005WA0119801206004003033025040
B1954223921293N12241002WA0119501203004003033031062
B1954233921297N12240999WA0119301201004003034032067
B1954243921301N12240995WA0119001198005003034037064
B1954253921305N12240990WA0118801196004003034044071
B1954263921308N12240985WA0118601194005003034046054
B1954273921312N12240981WA0118401192004003034039038
B1954283921316N12240978WA0118201190004003032028023
B1954293921321N12240975WA0118001188005003034018033
B1954303921326N12240974WA0117801186004003034011025
B1954313921332N12240973WA0117601183004003036007039
B1954323921337N12240972WA0117401181005003036005033
B1954333921342N12240972WA0117301180004003033003038
B1954343921347N12240971WA0117101178004003033001030
B1954353921352N12240971WA0116901176004003033003027
B1954363921357N12240970WA0116701174004003033010037
B1954373921362N12240969WA0116601173004003033012035
B1954383921366N12240968WA0116501171004003030008035
B1954393921371N12240967WA0116201168004003030006037
B1954403921375N12240966WA0116001165004003030008037
B1954413921380N12240965WA0115601162005003032009035
B1954423921385N12240964WA0115301159004003033009028
B1954433921391N12240963WA0115101156004003036007018
B1954443921396N12240963WA0114901154004003036005026
B1954453921401N12240962WA0114701152005003036005020
B1954463921407N12240961WA0114401149004003036006018
B1954473921413N12240960WA0114201147004003038007015
B1954483921419N12240959WA0114101146004003040005017
B1954493921424N12240959WA0114001146004003040002033
B1954503921430N12240959WA0114001145004003037003037
B1954513921434N12240958WA0113901144004003034013035
B1954523921439N12240955WA0113701141004003034025042
B1954533921444N12240952WA0113501138004003036026051
B1954543921449N12240949WA0113301136004003039022043
B1954553921454N12240946WA0113101135004003037021051
B1954563921459N12240944WA0113001134004003037026051
B1954573921463N12240941WA0112801132004003033030034
B1954583921467N12240938WA0112701130004003030029036
B1954593921471N12240935WA0112401128004003034030038
B1955003921476N12240931WA0112201125005003034030036
B1955013921480N12240928WA0112101124004003036027042
B1955023921485N12240925WA0112101124004003036023028
B1955033921489N12240923WA0112101125005003027020024
B1955043921492N12240922WA0112001124004003027016027
B1955053921495N12240921WA0111901122004003024017037
B1955063921499N12240919WA0111701119004003024022039
B1955073921503N12240917WA0111401116004003025027041
B1955083921507N12240914WA0111001112004003032028050
B1955093921511N12240911WA0110801110004003034030036
B1955103921515N12240907WA0110501110004003032033045
B1955113921519N12240904WA0110401108004003032035040
B1955123921523N12240901WA0110201106004003030030047
B1955133921526N12240899WA0110001104004003028024047
B1955143921531N12240896WA0109801101004003030022036
B1955153921535N12240894WA0109501098004003030027037
B1955163921539N12240891WA0109201095004003030029049
B1955173921542N12240888WA0109001092004003029025044
B1955183921546N12240886WA0108701089004003028019043
B1955193921551N12240885WA0108401086004003029016035
B1955203921555N12240883WA0108101083004003029014038
B1955213921559N12240882WA0107801079004003030011021
B1955223921564N12240881WA0107401076004003030006355
B1955233921568N12240881WA0107101072004003031000358
B1955243921573N12240881WA0106801068004003034359359
B1955253921579N12240881WA0106501065004003034359004
B1955263921584N12240881WA0106101061004003034357015
B1955273921589N12240882WA0105901059004003034357017
B1955283921594N12240882WA0105701058004003032357011
B1955293921598N12240882WA0105501056004003032356015
B1955303921603N12240883WA0105201052004003032354003
B1955313921609N12240883WA0104801048004003033353018
B1955323921615N12240884WA0104601049004003044355027
B1955333921622N12240885WA0104601049004003044359044
B1955343921628N12240884WA0104601049004003043001031
B1955353921633N12240884WA0104801050004003037002041
B1955363921638N12240884WA0104901051004003034002031
B1955373921643N12240883WA0104901050004003035002037
B1955383921649N12240883WA0105001050004003035003034
B1955393921654N12240882WA0105001051004003036008040
B1955403921659N12240880WA0105101052004003031016043
B1955413921663N12240878WA0105101051004003031026049
B1955423921665N12240876WA0105201052004003026036052
B1955433921668N12240873WA0105201051004003023042066
B1955443921670N12240869WA0105201051004003025046076
B1955453921673N12240865WA0105201051004003027051081
B1955463921675N12240861WA0105301052004003027057074
B1955473921678N12240856WA0105501053004003029061063
B1955483921680N12240851WA0105801055004003026058053
B1955493921682N12240847WA0106401061004003026049053
B1955503921684N12240845WA0106701065004003021044052
B1955513921686N12240842WA0107001066004003019054031
B1955523921687N12240840WA0107201068004003014053074
B1955533921688N12240838WA0107401070004003019041066
B1955543921691N12240835WA0107501071004003019040071
B1955553921694N12240831WA0107701073004003025054092
B1955563921695N12240826WA0107801075004003027075099
B1955573921695N12240821WA0108001078004003025092106
B1955583921694N12240817WA0108201081004003025099079
B1955593921694N12240813WA0108401083004003021093105
B1956003921694N12240810WA0108501083004003017091093
B1956013921694N12240806WA0108601083004003017093112
B1956023921694N12240802WA0108601083004003024094110
B1956033921693N12240797WA0108701084004003028096118
B1956043921693N12240791WA0108801086004003028105132
B1956053921690N12240787WA0109001088004003028128148
B1956063921687N12240784WA0109101090004003028157162
B1956073921682N12240784WA0109301092004003030183173
B1956083921677N12240785WA0109601095004003033197180
B1956093921673N12240788WA0109801098004003033209199
B1956103921669N12240791WA0109901097004003033227216
B1956113921665N12240797WA0110001098004003035235216
B1956123921662N12240804WA0110001097004003043233200
B1956133921658N12240811WA0109901097004003043211190
B1956143921653N12240812WA0109701095004003039187170
B1956153921649N12240810WA0109601093004003033153155
B1956163921645N12240807WA0109401092004003030138137
B1956173921643N12240804WA0109301092004003018135119
B1956183921642N12240802WA0109101090004003018124117
B1956193921641N12240799WA0108901087004003015104107
B1956203921641N12240796WA0108501083004003015084097
B1956213921642N12240791WA0108201080004003020074089
B1956223921643N12240785WA0107801076004003030073098
B1956233921644N12240780WA0107601075004003030079100
B1956243921645N12240775WA0107501073004003029080097
B1956253921646N12240771WA0107301073004003025063072
B1956263921648N12240767WA0107201071004003025037050
B1956273921653N12240765WA0107001068004003035019028
B1956283921659N12240764WA0106701065004003044000004
B1956293921666N12240766WA0106501063004003044340347
B1956303921672N12240770WA0106401063004003048326336
B1956313921678N12240776WA0106401063004003048318324
B1956323921682N12240782WA0106401063004003045314323
B1956333921687N12240789WA0106401063004003045311310
B1956343921691N12240796WA0106301062004003045306305
B1956353921695N12240803WA0106301061004003046302296
B1956363921699N12240812WA0106201061004003049299296
B1956373921702N12240820WA0106301061004003051297291
B1956383921706N12240829WA0106401063004003051297291
B1956393921709N12240837WA0106501063004003049299290
B1956403921713N12240845WA0106501064004003047301282
B1956413921716N12240853WA0106501063004003047299281
B1956423921719N12240862WA0106501063004003050291278
B1956433921721N12240871WA0106501064004003050279266
B1956443921721N12240880WA0106601064004003049267251
B1956453921720N12240888WA0106601065004003046251241
B1956463921716N12240894WA0106601065004003041233224
B1956473921713N12240899WA0106701065004003034215207
B1956483921709N12240901WA0106801067004003034199190
B1956493921705N12240901WA0107001069004003030177172
B1956503921701N12240901WA0107301072004003026171160
B1956513921698N12240900WA0107601075004003023181157
B1956523921694N12240901WA0107801078004003021191163
B1956533921691N12240902WA0108101081004003021198152
B1956543921689N12240903WA0108201080004003019192150
B1956553921686N12240903WA0108101079004003017166133
B1956563921685N12240901WA0108001078004003015129118
B1956573921684N12240898WA0107901077004003015091101
B1956583921685N12240895WA0107801076004003018058083
B1956593921687N12240893WA0107601075004003018032068
B1957003921692N12240891WA0107501073004003023014054
B1957013921697N12240890WA0107401072004003031004036
B1957023921703N12240890WA0107301072004003039359034
B1957033921708N12240890WA0107401072004003039001037
B1957043921714N12240890WA0107401072004003038015044
B1957053921717N12240887WA0107301071004003032036058
B1957063921719N12240884WA0107201069004003025071073
B1957073921718N12240880WA0107001068004003018119094
B1957083921716N12240878WA0106901067004003022153125
B1957093921712N12240877WA0107001068004003022174149
B1957103921708N12240877WA0107101069004003025189167
B1957113921705N12240879WA0107201071004003025208169
B1957123921702N12240881WA0107301071004003024237169
B1957133921700N12240886WA0107301071004003025245188
B1957143921698N12240890WA0107301070004003025228192
B1957153921695N12240893WA0107101068004003025209181
B1957163921692N12240895WA0107001068004003025193167
B1957173921688N12240896WA0107101069004003026182161
B1957183921684N12240896WA0107201070004003026178157
B1957193921681N12240895WA0107501073004003026180154
B1957203921678N12240896WA0107701077004003020188175
B1957213921676N12240896WA0107901076004003015211149
B1957223921675N12240898WA0107901076004003008205144
B1957233921674N12240897WA0107701074004003012136133
B1957243921672N12240894WA0107501071004003012122111
B1957253921670N12240889WA0107501073004003025123123
B1957263921667N12240884WA0107701074004003025120066
B1957273921667N12240882WA0107901077004003008118155
B1957283921666N12240881WA0107901076004003008118135
B1957293921666N12240881WA0107701073004003006158128
B1957303921664N12240880WA0107301072004003006131127
B1957313921662N12240876WA0107001069004003022121131
B1957323921659N12240870WA0106901070004003034112136
B1957333921657N12240863WA0106901071004003034110111
B1957343921655N12240858WA0107101072004003030118118
B1957353921653N12240854WA0107401075004003027126119
B1957363921651N12240850WA0107801078004003020124145
B1957373921650N12240848WA0108001079004003020110116
B1957383921649N12240845WA0108101078004003019106121
B1957393921648N12240841WA0108101078004003019106134
B1957403921647N12240836WA0108101078004003026107126
B1957413921646N12240831WA0108101080004003027112139
B1957423921644N12240827WA0108301083004003026115107
B1957433921643N12240822WA0108501083004003025112128
B1957443921642N12240818WA0108501083004003023104091
B1957453921641N12240814WA0108401082004003023092108
B1957463921641N12240808WA0108201080004003023088107
B1957473921642N12240802WA0108101080004003029086111
B1957483921642N12240795WA0108201081004003036087104
B1957493921642N12240788WA0108301083004003036094128
B1957503921641N12240782WA0108501085004003034101126
B1957513921640N12240776WA0108701086004003031102096
B1957523921639N12240771WA0108701086004003024099131
B1957533921639N12240768WA0108501085004003024091120
B1957543921639N12240763WA0108401083004003023089121
B1957553921639N12240759WA0108201083004003023098110
B1957563921638N12240754WA0108001080004003025114135
B1957573921636N12240750WA0107701078004003026132145
B1957583921633N12240747WA0107501075004003026138133
B1957593921630N12240743WA0107301073004003027134117
B1958003921627N12240739WA0107101071004003027124115
B1958013921625N12240734WA0106901069004003027115100
B1958023921624N12240730WA0106701067004003026106101
B1958033921623N12240725WA0106501065004003024099100
B1958043921623N12240721WA0106201062004003024095110
B1958053921622N12240716WA0106001059004003024099129
B1958063921621N12240712WA0105801057004003024117143
B1958073921618N12240708WA0105501054004003024143151
B1958083921615N12240706WA0105201051004003029163155
B1958093921610N12240705WA0105001048004003032169149
B1958103921605N12240704WA0104801046004003032168142
B1958113921601N12240702WA0104601045004003032162142
B1958123921596N12240700WA0104401043004003032155129
B1958133921593N12240697WA0104301041004003028150131
B1958143921589N12240695WA0104201040004003028152151
B1958153921585N12240693WA0104001038004003027161149
B1958163921581N12240692WA0103801036004003027167124
B1958173921578N12240690WA0103601034004003027152115
B1958183921575N12240687WA0103301030004003026118097
B1958193921575N12240681WA0103001026004003029080079
B1958203921576N12240676WA0102701026004003029036054
B1958213921582N12240675WA0102501024004003034005027
B1958223921587N12240677WA0102401023004003035334005
B1958233921591N12240681WA0102301023004003035315341
B1958243921595N12240686WA0102301022004003035309333
B1958253921598N12240690WA0102201021004003031313326
B1958263921601N12240694WA0102001019004003030317329
B1958273921605N12240698WA0101801017004003030319334
B1958283921608N12240702WA0101701015004003032318334
B1958293921612N12240706WA0101501013004003033318330
B1958303921616N12240711WA0101301011004003032316326
B1958313921619N12240715WA0101101009004003033307321
B1958323921621N12240721WA0100901007004003033295308
B1958333921623N12240729WA0100701004004003041285288
B1958343921625N12240737WA0100501002004003041281287
B1958353921626N12240744WA0100301000004003041281296
B1958363921627N12240752WA0100100998004003040281294
B1958373921628N12240759WA0099900996004003039282283
B1958383921629N12240766WA0099800994004003038279265
B1958393921630N12240774WA0099600992004003038267245
B1958403921629N12240781WA0099300992004003038246220
B1958413921625N12240787WA0099000988004003039226201
B1958423921620N12240791WA0098800985004003039201183
B1958433921614N12240791WA0098500983004003037175162
B1958443921609N12240789WA0098400981004003037153143
B1958453921606N12240785WA0098300981004003032133132
B1958463921604N12240781WA0098200979004003026117120
B1958473921603N12240777WA0098100979004003022105110
B1958483921602N12240773WA0097900976004003022098100
B1958493921602N12240769WA0097700974004003023090096
B1958503921603N12240765WA0097500972004003023080091
B1958513921604N12240760WA0097300970004003023073084
B1958523921605N12240756WA0097100968004003023069078
B1958533921606N12240752WA0096900966004003024066077
B1958543921608N12240747WA0096800964004003025063068
B1958553921610N12240743WA0096700963004003024058062
B1958563921612N12240740WA0096600962004003024052054
B1958573921614N12240736WA0096400960004003024048057
B1958583921617N12240732WA0096200958004003027048065
B1958593921620N12240728WA0096100956004003027051068
B1959003921622N12240724WA0095900955004003027058077
B1959013921623N12240720WA0095800954004003025068086
B1959023921624N12240716WA0095700952004003023077092
B1959033921625N12240712WA0095500950004003021083089
B1959043921625N12240708WA0095300948004003023088091
B1959053921625N12240703WA0095100945004003023096102
B1959063921624N12240698WA0094900943004003025107109
B1959073921622N12240694WA0094700941004003026122108
B1959083921619N12240690WA0094600940004003027133125
B1959093921616N12240686WA0094400938004003027136099
B1959103921613N12240682WA0094300937004003027135095
B1959113921611N12240679WA0094200935004003027132101
B1959123921608N12240675WA0094000934004003027133125
B1959133921604N12240670WA0093900932004003032137130
B1959143921600N12240666WA0093800931004003035143138
B1959153921596N12240663WA0093700930004003032150139
B1959163921592N12240661WA0093600930004003032155122
B1959173921588N12240658WA0093500928004003029156138
B1959183921584N12240656WA0093300925004003030156144
B1959193921580N12240654WA0093000922004003034156136
B1959203921575N12240651WA0092800920004003034158136
B1959213921569N12240648WA0092700920004003038162159
B1959223921562N12240646WA0092700920004003041167132
B1959233921557N12240644WA0092800921004003036172191
B1959243921552N12240644WA0092900922004003036169148
B1959253921548N12240643WA0093000921004003029160152
B1959263921545N12240641WA0093000921004003027157153
B1959273921540N12240638WA0092900920004003027158155
B1959283921536N12240636WA0092800919004003035159150
B1959293921530N12240633WA0092800918004003036160152
B1959303921525N12240631WA0092700919004003035161139
B1959313921521N12240629WA0092700919004003035162181
B1959323921516N12240627WA0092700918004003033162151
B1959333921512N12240625WA0092600917004003030159161
B1959343921508N12240623WA0092500916004003030153133
B1959353921505N12240620WA0092300914004003027141136
B1959363921502N12240617WA0092100913004003024126107
B1959373921499N12240613WA0091900911004003024128119
B1959383921496N12240609WA0091700908004003032141112
B1959393921492N12240605WA0091600907004003032149122
B1959403921488N12240602WA0091500907004003032149109
B1959413921484N12240599WA0091300905004003030146106
B1959423921481N12240596WA0091100902004003027146110
B1959433921478N12240593WA0090900899004003029145134
B1959443921474N12240590WA0090600897004003029146113
B1959453921470N12240586WA0090500895004003032151157
B1959463921465N12240584WA0090400895004003033160137
B1959473921461N12240582WA0090400894004003033165124
B1959483921456N12240581WA0090400894004003032165124
B1959493921451N12240579WA0090500896004003032160128
B1959503921447N12240576WA0090700897004003034154142
B1959513921442N12240573WA0090900900004003034151138
B1959523921438N12240570WA0091100902004003034153156
B1959533921433N12240568WA0091400905004003032156148
B1959543921429N12240565WA0091700908004003031161130
B1959553921425N12240564WA0092000911004003031170139
B1959563921420N12240563WA0092300914004003029170134
B1959573921416N12240562WA0092500916004003029163121
B1959583921413N12240560WA0092600917004003028151136
B1959593921409N12240557WA0092700918004003028138122
B2000003921407N12240553WA0092800919004003027129117
B2000013921405N12240550WA0092900919004003023137155
B2000023921402N12240548WA0092800919004003022165166
B2000033921398N12240548WA0092800918004003030192178
B2000043921393N12240550WA0092700916004003030204196
B2000053921388N12240554WA0092700915004003035213220
B2000063921384N12240559WA0092600915004003038226235
B2000073921381N12240566WA0092500915004003041249249
B2000083921381N12240574WA0092500915004003041272270
B2000093921383N12240582WA0092600915004003041295296
B2000103921387N12240589WA0092700916004003038306318
B2000113921390N12240594WA0092900919004003038319333
B2000123921394N12240597WA0093100919004003033341343
B2000133921399N12240598WA0093300921004003030356003
B2000143921403N12240596WA0093400923004003030014018
B2000153921406N12240594WA0093600924004003023037033
B2000163921408N12240591WA0093600925004003023064052
B2000173921408N12240587WA0093700926004003020085072
B2000183921408N12240583WA0093700925004003019107086
B2000193921406N12240580WA0093600925004003019129106
B2000203921404N12240577WA0093500924004003023139117
B2000213921401N12240574WA0093400923004003025144122
B2000223921398N12240572WA0093400922004003025148121
B2000233921394N12240569WA0093300922004003025152122
B2000243921391N12240567WA0093300921004003025152124
B2000253921388N12240565WA0093200920004003024144131
B2000263921385N12240562WA0093100919004003025136135
B2000273921383N12240558WA0092900918004003025131123
B2000283921380N12240554WA0092900917005003027132100
B2000293921377N12240550WA0092800917004003029134134
B2000303921374N12240545WA0092900918004003027133093
B2000313921371N12240542WA0092900918004003027130082
B2000323921370N12240540WA0092800917004003019122085
B2000333921369N12240538WA0092500915004003011099097
B2000343921369N12240536WA0092200914004003011093104
B2000353921369N12240533WA0091800910004003019101096
B2000363921368N12240529WA0091400906004003025110104
B2000373921366N12240524WA0091100905004003025117102
B2000383921364N12240518WA0091000905004003030123112
B2000393921361N12240514WA0090900905004003030128105
B2000403921359N12240510WA0090900904004003027130110
B2000413921356N12240506WA0090900903004003027130113
B2000423921353N12240502WA0090900903004003027129147
B2000433921351N12240497WA0091100905004003027132104
B2000443921348N12240495WA0091300907004003026147135
B2000453921345N12240493WA0091500907004003019155125
B2000463921343N12240491WA0091600906004003021144115
B2000473921340N12240489WA0091600906004003021133123
B2000483921338N12240485WA0091700907004003024128123
B2000493921335N12240481WA0091900910004003025131112
B2000503921333N12240478WA0092200913004003021136110
B2000513921331N12240475WA0092500916004003021132092
B2000523921330N12240473WA0092800918004003017115084
B2000533921330N12240472WA0092900920004003011077105
B2000543921330N12240470WA0093000920004003010089112
B2000553921330N12240468WA0093000919004003015120118
B2000563921328N12240465WA0092800917004003022144131
B2000573921324N12240463WA0092800916004003022162147
B2000583921319N12240462WA0092700916004003028174146
B2000593921315N12240462WA0092700916004003029177145
B2001003921311N12240461WA0092700916004003027176129
B2001013921306N12240461WA0092700916004003029174138
B2001023921302N12240460WA0092600916004003029170147
B2001033921297N12240459WA0092600915004003031170138
B2001043921292N12240458WA0092600916004003032169155
B2001053921288N12240457WA0092600916004003030169150
B2001063921284N12240456WA0092600915004003030170144
B2001073921279N12240455WA0092400913004003030168146
B2001083921275N12240453WA0092200911004003031164157
B2001093921270N12240451WA0092100909004003033160145
B2001103921265N12240449WA0091900907004003033164126
B2001113921261N12240448WA0091700906004003033171125
B2001123921256N12240447WA0091600904004003030171136
B2001133921252N12240447WA0091300903004003030165132
B2001143921247N12240445WA0091000899004003031160135
B2001153921242N12240442WA0090700896004003035160146
B2001163921237N12240440WA0090400893004003035163150
B2001173921232N12240439WA0090100890004003034167150
B2001183921228N12240438WA0089800887004003032170148
B2001193921223N12240437WA0089500884004003032172151
B2001203921218N12240436WA0089200880004003033174159
B2001213921213N12240436WA0088900876004003035175153
B2001223921207N12240435WA0088500872004003035177156
B2001233921201N12240435WA0088100869004003037179148
B2001243921195N12240435WA0087800866004003039181160
B2001253921190N12240435WA0087600863004003039180143
B2001263921184N12240435WA0087300861004003039177138
B2001273921179N12240434WA0087100859004003037174132
B2001283921173N12240434WA0086900857004003035172141
B2001293921168N12240433WA0086800855004003034171145
B2001303921163N12240432WA0086600853004003034170151
B2001313921158N12240430WA0086400850004003036169150
B2001323921153N12240429WA0086100848004003036171145
B2001333921147N12240428WA0085900846004003037174157
B2001343921142N12240428WA0085800844004003038175142
B2001353921136N12240427WA0085600842004003039171156
B2001363921130N12240426WA0085500841004003041169140
B2001373921124N12240424WA0085500842004003039170140
B2001383921118N12240423WA0085600842004003039171147
B2001393921113N12240422WA0085600842004003036171134
B2001403921109N12240421WA0085600842004003031173146
B2001413921104N12240421WA0085600842004003031176151
B2001423921099N12240421WA0085600841004003031175157
B2001433921094N12240420WA0085500841004003032171147
B2001443921089N12240419WA0085600842004003034169145
B2001453921084N12240418WA0085600842004003034171156
B2001463921079N12240417WA0085700843004003033174152
B2001473921074N12240416WA0085800844004003033174156
B2001483921069N12240416WA0085900845004003035176170
B2001493921064N12240416WA0086000847004003035183190
B2001503921059N12240417WA0086200848004003034190184
B2001513921054N12240419WA0086300849004003032197182
B2001523921050N12240421WA0086300849004003036201170
B2001533921044N12240424WA0086300849005003039203159
B2001543921039N12240427WA0086300849005003039198140
B2001553921033N12240428WA0086200848004003039184134
B2001563921028N12240427WA0086100847004003031163124
B2001573921025N12240424WA0086000845004003031133110
B2001583921024N12240420WA0085800844004003025101096
B2001593921024N12240416WA0085800844004003021066079
B2002003921026N12240415WA0085800844004003015018058
B2002013921029N12240415WA0085700843004003020345039
B2002023921032N12240417WA0085700842004003020330005
B2002033921036N12240421WA0085600842004003026318352
B2002043921039N12240427WA0085600842004003038300326
B2002063921041N12240435WA0085700842004003044281299
B2002073921040N12240444WA0085700842004003044262276
B2002083921039N12240453WA0085700843004003048244256
B2002093921035N12240460WA0085900844004003041235236
B2002103921032N12240466WA0086000845004003041229225
B2002113921028N12240470WA0086000846004003035225219
B2002123921025N12240475WA0086000845004003033221214
B2002133921020N12240478WA0085900843004003034214207
B2002143921016N12240481WA0085700842004003034200198
B2002153921011N12240482WA0085600841004003034179180
B2002163921006N12240480WA0085500839004003031154157
B2002173921003N12240477WA0085500838004003026129130
B2002183921002N12240472WA0085400839004003026102106
B2002193921003N12240470WA0085400838004003021054086
B2002203921004N12240468WA0085300838004003017000053
B2002213921008N12240469WA0085200836004003017345020
B2002223921011N12240471WA0085000834004003024344011
B2002233921015N12240472WA0084900833004003024344004
B2002243921018N12240474WA0084700831004003024330348
B2002253921022N12240478WA0084700830004003026314338
B2002263921025N12240484WA0084600829004003034299321
B2002273921028N12240491WA0084500829004003045279302
B2002283921027N12240500WA0084400829005003046263278
B2002293921025N12240509WA0084400829004003045244262
B2002303921020N12240515WA0084400829004003045228240
B2002313921016N12240520WA0084500830004003043217222
B2002323921011N12240524WA0084500830004003036207209
B2002333921006N12240526WA0084600830004003036198189
B2002343921001N12240528WA0084500830004003035191175
B2002353920996N12240529WA0084500829004003035183164
B2002363920990N12240529WA0084500829004003035178162
B2002373920986N12240529WA0084500829004003033181155
B2002383920981N12240529WA0084400829004003033186150
B2002393920976N12240530WA0084400828004003032188146
B2002403920971N12240531WA0084300827004003032179139
B2002413920967N12240530WA0084100825004003031164145
B2002423920962N12240527WA0084000824004003033159131
B2002433920957N12240525WA0083900823004003034164136
B2002443920952N12240524WA0084000824004003034174146
B2002453920947N12240524WA0084000825004003034179149
B2002463920942N12240524WA0084000825004003034183155
B2002473920937N12240525WA0084000825004003035186158
B2002483920926N12240527WA0084000824004003037187162
B2002493920920N12240528WA0084000824004003039188157
B2002503920914N12240529WA0084000825004003040189160
B2002513920908N12240530WA0084100826004003040188157
B2002523920902N12240532WA0084200827004003040188149
B2002533920897N12240533WA0084300828004003040188150
B2002543920891N12240534WA0084400829004003039189155
B2002553920886N12240535WA0084400829004003037187162
B2002563920880N12240536WA0084500829004003039186163
B2002573920874N12240537WA0084500829004003041188180
B2002583920868N12240539WA0084500829004003041194171
B2002593920861N12240541WA0084600830004003043197193
B2003003920855N12240544WA0084600830004003045195168
B2003013920848N12240546WA0084700831004003045196189
B2003023920842N12240548WA0084800832004003045195173
B2003033920836N12240550WA0085100833004003044195172
B2003043920831N12240552WA0085500838004003042195181
B2003053920827N12240554WA0085800838004003035197198
B2003063920823N12240555WA0085900839004003031199185
B2003073920818N12240558WA0086000840004003035204189
B2003083920813N12240561WA0086000841004003035207186
B2003093920807N12240565WA0086000841004003040208195
B2003103920800N12240570WA0086100843005003046210173
B2003113920794N12240574WA0086300845004003045205167
B2003123920789N12240577WA0086500848004003045197154
B2003133920784N12240578WA0086800851004003038187153
B2003143920779N12240578WA0087000853004003032176145
B2003153920775N12240577WA0087100854004003029164129
B2003163920773N12240575WA0087200855004003020140117
B2003173920772N12240572WA0087200855004003020103091
B2003183920773N12240569WA0087300856004003017053071
B2003193920775N12240567WA0087400858004003017012042
B2003203920778N12240567WA0087600859005003020339020
B2003213920782N12240569WA0087800859004003035314359
B2003223920785N12240576WA0088000861004003038297330
B2003233920788N12240584WA0088300862004003038277314
B2003243920787N12240593WA0088400864004003043265291
B2003253920785N12240601WA0088600866004003043253275
B2003263920783N12240609WA0088700868004003044243260
B2003273920778N12240616WA0088900870004003046233247
B2003283920774N12240622WA0089100873004003044222232
B2003293920769N12240628WA0089200873004003044209217
B2003303920763N12240632WA0089300874004003043196199
B2003313920758N12240632WA0089300876004003036182182
B2003323920753N12240631WA0089400876004003036161161
B2003333920749N12240629WA0089500878004003029147139
B2003343920746N12240626WA0089700879004003026148120
B2003353920744N12240624WA0089800882004003019146118
B2003363920743N12240623WA0089800882004003004093108
B2003373920744N12240623WA0089800881004003006042055
B2003383920745N12240621WA0089700881004003006037046
B2003393920747N12240619WA0089800881004003015044053
B2003403920749N12240616WA0089800883005003017050062
B2003413920750N12240614WA0089900884004003014064072
B2003423920751N12240611WA0090000886004003014086071
B2003433920750N12240609WA0090100886004003014106077
B2003443920749N12240605WA0090100887004003016116070
B2003453920748N12240602WA0090200887004003018107063
B2003463920748N12240598WA0090200887004003019078054
B2003473920750N12240595WA0090300887004003020033034
B2003483920754N12240595WA0090300888004003020350016
B2003493920758N12240599WA0090400889004003027326358
B2003503920763N12240603WA0090600890004003036303338
B2003513920765N12240610WA0091000895004003038288315
B2003523920765N12240618WA0091300898004003042270299
B2003533920764N12240627WA0091500900005003042257279
B2003543920761N12240637WA0091900904004003051247263
B2003553920757N12240646WA0092300908004003052236247
B2003563920752N12240653WA0092600913004003052224234
B2003573920747N12240658WA0092900916004003046216214
B2003583920741N12240663WA0093100917004003044213198
B2003593920736N12240668WA0093200918004003044210188
B2004003920730N12240671WA0093200919005003044200187
B2004013920725N12240672WA0093300919004003039184174
B2004023920720N12240672WA0093200918004003035172155
B2004033920716N12240671WA0093100916005003023162140
B2004043920714N12240669WA0092800914005003023144119
B2004053920713N12240666WA0092600911004003018107106
B2004063920713N12240663WA0092200907004003018062079
B2004073920716N12240661WA0091900904004003023036056
B2004083920719N12240659WA0091700902004003027021043
B2004093920724N12240657WA0091600901004003027012041
B2004103920728N12240656WA0091700902004003027006041
B2004113920731N12240656WA0091800904004003019005031
B2004123920733N12240655WA0091900906004003019014034
B2004133920735N12240655WA0092000906004003013031036
B2004143920736N12240653WA0092000906004003012036048
B2004153920738N12240652WA0091900906004003015019040
B2004163920741N12240652WA0091900906004003022002029
B2004173920744N12240652WA0092000907004003022358033
B2004183920748N12240652WA0092300908004003023003040
B2004193920751N12240651WA0092500912004003020359016
B2004203920754N12240652WA0092800915005003023342347
B2004213920758N12240655WA0093000917005003023317328
B2004223920761N12240662WA0093200919005003032296312
B2004233920762N12240672WA0093400921004003056274288
B2004243920762N12240684WA0093700921004003064245255
B2004253920756N12240691WA0094100925004003056218222
B2004263920750N12240693WA0094300929004003051190194
B2004273920745N12240692WA0094500932004003030166162
B2004283920741N12240689WA0094800934004003030137127
B2004293920740N12240686WA0095000937004003026101103
B2004303920742N12240683WA0095300939004003019034076
B2004313920744N12240682WA0095300939004003035345038
B2004323920750N12240684WA0095500941004003042326359
B2004333920755N12240690WA0095800943004003038313342
B2004343920758N12240697WA0096200949004003038293331
B2004353920760N12240704WA0096600949004003039268313
B2004363920759N12240712WA0097000953004003041260283
B2004373920757N12240720WA0097300954004003039240271
B2004383920754N12240726WA0097500954004003038214241
B2004393920749N12240729WA0097600955004003038190199
B2004403920743N12240730WA0097700957004003039160166
B2004413920738N12240726WA0098000958004003039135136
B2004423920736N12240721WA0098200963004003032108114
B2004433920735N12240716WA0098500965004003022032090
B2004443920738N12240715WA0098700968004003021354041
B2004453920741N12240716WA0098900971005003027342016
B2004463920746N12240719WA0099100976004003031331002
B2004473920750N12240722WA0099400976005003031305349
B2004483920753N12240729WA0099700976004003035272328
B2004493920752N12240737WA0099800977004003041239290
B2004503920747N12240745WA0099900980004003046218240
B2004513920740N12240748WA0100100983004003046192208
B2004523920734N12240747WA0100200987004003043162174
B2004533920731N12240743WA0100600991004003037125140
B2004543920729N12240739WA0100900993004003027072105
B2004553920730N12240737WA0101200995004003014033065
B2004563920732N12240737WA0101601000004003014347043
B2004573920735N12240738WA0101701001005003014325021
B2004583920739N12240741WA0101901003004003023316010
B2004593920742N12240747WA0102001005004003032306351
B2005003920745N12240755WA0102301009004003044292333
B2005013920746N12240763WA0102601013004003044276311
B2005023920745N12240771WA0102901017004003043256293
B2005033920744N12240778WA0103201018004003041235268
B2005043920739N12240783WA0103501022004003040213236
B2005053920734N12240787WA0103801023004003039191202
B2005063920729N12240786WA0104101026004003039176171
B2005073920723N12240784WA0104301030004003037159154
B2005083920719N12240781WA0104601031004003033132136
B2005093920717N12240777WA0104701035004003025106110
B2005103920718N12240774WA0105001037004003014062087
B2005113920719N12240772WA0105101038004003017009057
B2005123920722N12240772WA0105101038004003017345029
B2005133920727N12240774WA0105101037005003025328016
B2005143920731N12240780WA0105001037005003035311356
B2005153920736N12240788WA0105101039004003055293336
B2005163920739N12240799WA0105501041004003055275308
B2005173920740N12240810WA0106001044004003052268288
B2005183920740N12240817WA0106601052004003043269276
B2005193920740N12240824WA0107101052004003034272273
B2005203920740N12240829WA0107501052004003028264279
B2005213920739N12240833WA0107701053004003037248276
B2005223920736N12240841WA0107801055004003037239247
B2005233920733N12240848WA0107901057004003045228235
B2005243920728N12240854WA0108201061004003045211217
B2005253920722N12240857WA0108501067004003040194193
B2005263920716N12240857WA0108901074004003040174172
B2005273920711N12240854WA0109301079004003035157149
B2005283920706N12240851WA0109701085004003033149127
B2005293920703N12240849WA0110101092004003030150119
B2005303920700N12240847WA0110601093004003013138114
B2005313920698N12240845WA0110901093004003013076087
B2005323920699N12240844WA0111201096004003011019060
B2005333920701N12240844WA0111401099004003011006036
B2005343920705N12240843WA0111501101004003019002031
B2005353920709N12240843WA0111801104004003029350009
B2005363920713N12240845WA0112101109004003029333355
B2005373920717N12240848WA0112401113004003029317334
B2005383920720N12240853WA0112701115004003030302323
B2005393920723N12240860WA0113001119005003039292306
B2005403920725N12240869WA0113401120004003045272292
B2005413920724N12240877WA0113801125005003045256271
B2005423920721N12240884WA0114101130004003040243256
B2005433920718N12240891WA0114401134004003038233240
B2005443920714N12240896WA0114701137004003038222226
B2005453920709N12240900WA0114901140005003040207208
B2005463920703N12240902WA0115101143004003040186187
B2005473920697N12240900WA0115501147004003040163161
B2005483920693N12240897WA0115801151004003035141137
B2005493920690N12240893WA0116001152004003030109115
B2005503920691N12240889WA0116301155004003022070089
B2005513920694N12240886WA0116501157004003024027061
B2005523920698N12240886WA0116801161005003024350035
B2005533920703N12240889WA0117101165004003030326012
B2005543920707N12240894WA0117401169005003036310350
B2005553920710N12240901WA0117801174005003041295332
B2005563920712N12240909WA0118201178004003041279315
B2005573920711N12240917WA0118501182005003041260297
B2005583920710N12240924WA0118901183004003041239273
B2005593920706N12240930WA0119101186004003040225241
B2006003920701N12240934WA0119401190005003038208221
B2006013920696N12240936WA0119601193004003038191194
B2006023920691N12240936WA0119801195004003036172172
B2006033920687N12240933WA0120101197004003032148149
B2006043920684N12240928WA0120201199004003031121123
B2006053920683N12240923WA0120301201004003031092101
B2006063920683N12240918WA0120401201004003029061080
B2006073920686N12240914WA0120601203004003028034059
B2006083920691N12240912WA0120701204004003030012040
B2006093920696N12240913WA0120701204005003033347025
B2006103920701N12240917WA0120701204004003033326005
B2006113920706N12240924WA0120701204004003042308348
B2006123920711N12240933WA0120901206004003054292327
B2006133920714N12240942WA0121301208004003054278306
B2006143920714N12240951WA0121801214004003047269290
B2006153920713N12240957WA0122301220004003039261280
B2006163920712N12240962WA0122601224004003031252273
B2006173920710N12240969WA0122801226004003036246264
B2006183920707N12240976WA0123101229004003036241252
B2006193920704N12240983WA0123401230004003042232244
B2006203920699N12240989WA0123601235004003040219230
B2006213920694N12240992WA0123901239004003040200211
B2006223920689N12240992WA0124101241004003033171185
B2006233920685N12240989WA0124401243004003032150148
B2006243920682N12240986WA0124601247004003028132127
B2006253920680N12240981WA0124901250004003028110111
B2006263920679N12240976WA0125001250004003028080094
B2006273920680N12240970WA0125201251004003028055073
B2006283920683N12240966WA0125301253004003034040056
B2006293920688N12240963WA0125501255004003034021045
B2006303920693N12240961WA0125701258004003034009031
B2006313920698N12240961WA0125801260004003034000022
B2006323920704N12240962WA0125901262004003040345015
B2006333920710N12240965WA0126101263005003047322001
B2006343920715N12240972WA0126301265005003047305337
B2006353920717N12240981WA0126501267004003047290321
B2006363920719N12240990WA0126801270004003047278304
B2006373920719N12240999WA0127001274004003047264290
B2006383920718N12241007WA0127201274005003044244272
B2006393920716N12241014WA0127401274004003041218245
B2006403920712N12241017WA0127601275004003035180209
B2006413920707N12241015WA0127901278004003035153158
B2006423920702N12241011WA0128201279004003035115132
B2006433920700N12241005WA0128501279004003032067099
B2006443920702N12240999WA0128801280004003033038064
B2006453920708N12240995WA0129001284004003039021039
B2006463920714N12240992WA0129201287004003036013020
B2006473920718N12240992WA0129501292004003036355003
B2006483920723N12240993WA0129801293004003032326353
B2006493920727N12240999WA0129901294004003043312339
B2006503920732N12241006WA0130001297005003043307318
B2006513920736N12241015WA0130201300005003048299308
B2006523920738N12241023WA0130401304005003044285297
B2006533920740N12241032WA0130501305004003044265283
B2006543920738N12241040WA0130601306005003043249263
B2006553920734N12241047WA0130801309005003043235242
B2006563920730N12241054WA0131001310004003038218224
B2006573920725N12241057WA0131301314004003038200201
B2006583920721N12241057WA0131501317004003033173179
B2006593920717N12241054WA0131701321004003030139148
B2007003920716N12241050WA0132101326005003022090118
B2007013920717N12241045WA0132401326004003024047081
B2007023920720N12241042WA0132801326005003024013053
B2007033920725N12241042WA0133001330005003031358030
B2007043920731N12241043WA0133201332004003039347013
B2007053920737N12241046WA0133301335005003042337001
B2007063920743N12241050WA0133501337004003042325350
B2007073920748N12241057WA0133601338004003046312339
B2007083920753N12241065WA0133701339004003052293324
B2007093920755N12241075WA0133801341005003052279301
B2007103920755N12241084WA0134001343004003050263285
B2007113920753N12241092WA0134101345004003046249265
B2007123920750N12241099WA0134101346005003041238247
B2007133920746N12241105WA0134201347004003041224231
B2007143920741N12241109WA0134301350005003040210214
B2007153920737N12241111WA0134601353005003035199196
B2007163920733N12241113WA0134801355004003027195179
B2007173920729N12241114WA0135001357004003027193164
B2007183920725N12241115WA0135201359004003026182156
B2007193920721N12241114WA0135301361005003026170145
B2007203920717N12241113WA0135601362005003028154133
B2007213920714N12241110WA0135901367004003026133116
B2007223920712N12241105WA0136301371004003026111118
B2007233920712N12241101WA0136601374004003024094112
B2007243920712N12241097WA0136801377005003021094103
B2007253920711N12241095WA0137001379005003017115104
B2007263920710N12241093WA0137201381004003013133109
B2007273920709N12241091WA0137401382004003015131104
B2007283920707N12241088WA0137401384004003015107087
B2007293920708N12241084WA0137501385004003018078078
B2007303920710N12241080WA0137601386004003021054062
B2007313920713N12241076WA0137801388004003029044054
B2007323920716N12241072WA0138001391004003029037034
B2007333920718N12241070WA0138201391005003024023036
B2007343920721N12241069WA0138301391005003023011016
B2007353920725N12241069WA0138301390005003023005013
B2007363920731N12241069WA0138201390004003038355358
B2007373920737N12241071WA0138201390005003044337342
B2007383920743N12241076WA0138201391004003044321326
B2007393920747N12241083WA0138301393004003044303315
B2007403920749N12241090WA0138501395005003039287296
B2007413920749N12241097WA0138601396004003039267283
B2007423920748N12241104WA0138701397004003036252259
B2007433920746N12241110WA0138801398004003036242239
B2007443920743N12241116WA0139001400004003034238228
B2007453920740N12241121WA0139101402004003031236222
B2007463920738N12241125WA0139201403004003031234219
B2007473920735N12241130WA0139201404004003030229217
B2007483920732N12241134WA0139301405004003030225211
B2007493920729N12241138WA0139401406004003029217204
B2007503920725N12241140WA0139501407004003029204194
B2007513920722N12241141WA0139601408004003027185179
B2007523920718N12241141WA0139701409004003024169159
B2007533920715N12241139WA0139801410004003019154144
B2007543920713N12241137WA0139901411004003019138129
B2007553920712N12241135WA0139901411005003017121116
B2007563920711N12241132WA0139901412004003017109102
B2007573920710N12241128WA0140001412004003018097098
B2007583920710N12241124WA0140201414004003022086094
B2007593920711N12241120WA0140401417004003022075088
B2008003920712N12241116WA0140601420004003020068082
B2008013920713N12241113WA0140701420004003019057079
B2008023920715N12241110WA0140801421004003019047079
B2008033920717N12241107WA0140801420005003023043073
B2008043920720N12241104WA0140801420005003026045073
B2008053920723N12241100WA0140801420005003026044055
B2008063920728N12241096WA0140801421004003032028022
B2008073920734N12241094WA0140901423004003041006013
B2008083920740N12241095WA0141101424004003043350005
B2008093920747N12241097WA0141201426005003042347005
B2008103920753N12241098WA0141401427005003042349359
B2008113920758N12241100WA0141501428004003037346350
B2008123920763N12241102WA0141401428004003038335338
B2008133920769N12241107WA0141401427004003038322316
B2008143920774N12241113WA0141301425004003044309304
B2008153920777N12241122WA0141301425004003048296292
B2008163920779N12241130WA0141301426004003048282279
B2008173920779N12241137WA0141301426004003042269263
B2008183920778N12241144WA0141201426004003037254250
B2008193920776N12241150WA0141101425004003033240233
B2008203920773N12241154WA0140901423004003033219214
B2008213920769N12241156WA0140801422004003031197192
B2008223920765N12241156WA0140801421004003029174169
B2008233920761N12241155WA0140801422004003021152151
B2008243920759N12241152WA0140801422004003021134130
B2008253920758N12241150WA0140901423004003018126121
B2008263920756N12241147WA0140901423004003018134124
B2008273920754N12241145WA0140901423004003020152131
B2008283920751N12241144WA0140901422004003023165149
B2008293920747N12241143WA0140901423004003023169146
B2008303920743N12241142WA0140901423005003026170147
B2008313920739N12241141WA0141001424004003025173143
B2008323920736N12241141WA0141101426004003025179157
B2008333920732N12241141WA0141201426004003022183144
B2008343920730N12241141WA0141201426004003020180141
B2008353920727N12241141WA0141201426004003019170132
B2008363920724N12241140WA0141101424005003020160125
B2008373920721N12241138WA0141001424004003020152128
B2008383920718N12241136WA0141001423004003021148130
B2008393920716N12241134WA0140901423004003021147133
B2008403920713N12241132WA0140801422004003022151139
B2008413920710N12241130WA0140801421004003022155153
B2008423920706N12241128WA0140801421004003026157151
B2008433920703N12241126WA0140901423004003023159134
B2008443920700N12241125WA0141001425004003023162127
B2008453920697N12241124WA0141101426004003019164149
B2008463920695N12241123WA0141101426004003017165158
B2008473920692N12241123WA0141101425004003019170157
B2008483920689N12241122WA0141101425004003022176171
B2008493920686N12241122WA0141001425004003022184145
B2008503920682N12241123WA0141101425004003024192145
B2008513920679N12241124WA0141101426004003022185126
B2008523920676N12241123WA0141201426004003022160124
B2008533920673N12241121WA0141201426004003021126107
B2008543920673N12241116WA0141101425004003021097098
B2008553920673N12241112WA0141101426004003022076085
B2008563920674N12241108WA0141101426004003023066082
B2008573920676N12241104WA0141101425004003023061068
B2008593920679N12241099WA0141001424005003026053073
B2009003920682N12241094WA0141001424004003034045061
B2009013920686N12241090WA0141001425004003034046060
B2009023920688N12241085WA0141101425004003034054099
B2009033920690N12241081WA0141101425004003028074100
B2009043920690N12241077WA0141001425004003018094102
B2009053920689N12241074WA0140901424004003020107112
B2009063920688N12241070WA0140801422004003020113116
B2009073920686N12241066WA0140701420004003023116116
B2009083920684N12241061WA0140701420005003026117112
B2009093920682N12241057WA0140601420004003026116112
B2009103920681N12241053WA0140601421004003025110094
B2009113920681N12241049WA0140601421004003022094074
B2009123920681N12241046WA0140601420004003018072076
B2009133920683N12241042WA0140501418004003023063075
B2009143920684N12241037WA0140301416004003023068088
B2009153920686N12241031WA0140201417004003031079091
B2009163920687N12241024WA0140401418004003031079100
B2009173920687N12241019WA0140601422004003031079101
B2009183920688N12241016WA0140801421004003023075103
B2009193920688N12241013WA0140801421004003017079110
B2009203920688N12241010WA0140801421005003014099108
B2009213920687N12241007WA0140701420005003017115123
B2009223920686N12241004WA0140701419004003017123115
B2009233920684N12241001WA0140701419004003021127126
B2009243920681N12240997WA0140701419004003023137146
B2009253920678N12240995WA0140701420004003026148159
B2009263920674N12240993WA0140701419005003026156154
B2009273920670N12240991WA0140701419004003029161169
B2009283920665N12240989WA0140701420004003030163161
B2009293920661N12240988WA0140701421004003030169162
B2009303920657N12240987WA0140801422004003030174167
B2009313920652N12240987WA0140901423004003030179153
B2009323920647N12240987WA0141101426004003031184144
B2009333920643N12240988WA0141401428004003031185151
B2009343920640N12240988WA0141501429004003026182158
B2009353920636N12240988WA0141601429004003025185178
B2009363920632N12240990WA0141601429004003032195189
B2009373920627N12240993WA0141501428004003039208205
B2009383920621N12240997WA0141601429005003039218215
B2009393920616N12241003WA0141701431005003042224234
B2009403920613N12241009WA0141801432004003039235234
B2009413920611N12241016WA0141901433004003040250237
B2009423920610N12241024WA0141901433004003040261257
B2009433920609N12241032WA0141901433004003042268271
B2009443920610N12241041WA0142001433004003046274288
B2009453920611N12241050WA0142101434005003046289299
B2009463920614N12241057WA0142101434004003045302317
B2009473920617N12241063WA0142101433004003041324328
B2009483920622N12241066WA0142001432004003038338346
B2009493920628N12241067WA0141901432005003039352009
B2009503920634N12241066WA0141901433005003038012023
B2009513920639N12241064WA0142001433004003034037041
B2009523920640N12241060WA0142101434004003023066059
B2009533920641N12241056WA0142201436004003023084084
B2009543920640N12241052WA0142301437004003020105094
B2009553920638N12241049WA0142401438004003020134110
B2009563920635N12241046WA0142501439004003024149130
B2009573920632N12241044WA0142601440004003025155142
B2009583920628N12241042WA0142701441004003025160153
B2009593920625N12241041WA0142801442005003025162150
B2010003920621N12241040WA0142801442004003027164163
B2010013920616N12241039WA0142801442004003029171174
B2010023920612N12241039WA0142901443004003029184177
B2010033920607N12241041WA0142901443004003032200188
B2010043920602N12241044WA0143001444004003039212190
B2010053920597N12241049WA0143001445004003040220204
B2010063920593N12241055WA0143101445004003040225213
B2010073920589N12241061WA0143101445005003041233228
B2010083920586N12241068WA0143101445005003045243238
B2010093920583N12241077WA0143101445004003048255252
B2010103920583N12241086WA0143101444004003048267268
B2010113920584N12241095WA0143101445005003048282284
B2010123920586N12241104WA0143101445004003045298299
B2010133920590N12241110WA0143201446004003045311316
B2010143920595N12241115WA0143301447004003040322335
B2010153920599N12241117WA0143401448004003036336351
B2010163920603N12241118WA0143401449004003026354006
B2010173920606N12241118WA0143501449004003026015029
B2010183920609N12241115WA0143501449004003024037047
B2010193920611N12241112WA0143601450004003023059064
B2010203920612N12241108WA0143701451005003018083079
B2010213920611N12241105WA0143801452004003018106095
B2010223920610N12241102WA0143801452004003018121110
B2010233920608N12241099WA0143801453005003018127118
B2010243920606N12241095WA0143801453004003023136122
B2010253920603N12241092WA0143901454004003023138122
B2010263920601N12241089WA0143901454004003022130120
B2010273920599N12241086WA0143901455004003022121113
B2010283920597N12241082WA0144001456005003026122136
B2010293920595N12241078WA0144201458005003026129132
B2010303920592N12241075WA0144501460004003025144147
B2010313920589N12241072WA0144601461005003025157151
B2010323920584N12241071WA0144701462004003030167164
B2010333920580N12241070WA0144701462005003034175173
B2010343920574N12241071WA0144801462004003034183184
B2010353920568N12241072WA0144801462004003037194194
B2010363920562N12241075WA0144801463004003042205199
B2010373920557N12241079WA0144801463004003043213211
B2010383920552N12241085WA0144901465004003042221223
B2010393920548N12241091WA0145001466004003042230235
B2010403920545N12241098WA0145101467004003042240234
B2010413920542N12241105WA0145201467004003044249248
B2010423920541N12241114WA0145201467004003044259261
B2010433920541N12241122WA0145301468004003044271271
B2010443920542N12241130WA0145301468004003040287283
B2010453920545N12241137WA0145301468004003040299306
B2010463920548N12241143WA0145301469004003039307316
B2010473920552N12241148WA0145401469004003037313326
B2010483920556N12241152WA0145401470004003034321334
B2010493920560N12241156WA0145401470004003034335345
B2010503920564N12241157WA0145501471004003032352000
B2010513920569N12241157WA0145601472005003030006018
B2010523920572N12241155WA0145701473005003023020032
B2010533920574N12241153WA0145801475005003023039048
B2010543920575N12241151WA0145901475005003017071060
B2010553920575N12241147WA0145901475004003017091083
B2010563920575N12241143WA0145901474004003022102097
B2010573920573N12241139WA0145901474004003023120104
B2010583920570N12241136WA0145901475004003023147116
B2010593920566N12241134WA0146001476004003026167132
B2011003920562N12241134WA0146001477004003029182148
B2011013920557N12241135WA0146101478005003029190160
B2011023920553N12241136WA0146101478005003028189160
B2011033920549N12241137WA0146101477005003028183152
B2011043920545N12241137WA0146001476004003029177142
B2011053920541N12241136WA0146001476004003030172142
B2011063920536N12241134WA0146001477004003029161127
B2011073920533N12241132WA0146101477004003029145127
B2011083920530N12241129WA0146101478004003023130116
B2011093920529N12241125WA0146101478004003023122125
B2011103920527N12241122WA0146201478005003020123117
B2011113920525N12241119WA0146201478004003020123114
B2011123920524N12241115WA0146201478004003022113086
B2011133920523N12241111WA0146101478004003022096081
B2011143920524N12241107WA0146101478004003022075067
B2011153920525N12241103WA0146201479004003023056058
B2011163920528N12241100WA0146301480004003024042050
B2011173920531N12241097WA0146401481004003025036056
B2011183920534N12241094WA0146501481005003025033038
B2011193920537N12241092WA0146601483004003025025027
B2011203920541N12241091WA0146701484005003027008006
B2011213920546N12241091WA0146801485004003029351359
B2011223920550N12241093WA0146901486004003029336349
B2011233920555N12241097WA0146901486004003033327342
B2011243920559N12241101WA0147101487004003040315330
B2011253920563N12241108WA0147301489005003045298314
B2011263920564N12241117WA0147501491004003045278294
B2011273920565N12241127WA0147701492004003048259264
B2011283920563N12241135WA0148001497004003039256236
B2011293920562N12241142WA0148301496004003039257245
B2011303920561N12241146WA0148301496004003029251254
B2011313920559N12241152WA0148301496004003029250241
B2011323920557N12241160WA0148101495005003045251222
B2011333920554N12241168WA0148001495004003050244215
B2011343920551N12241177WA0148001496004003047231201
B2011353920545N12241183WA0148101497004003047215194
B2011363920540N12241186WA0148201498004003037202180
B2011373920535N12241188WA0148201498004003037192167
B2011383920530N12241188WA0148201499004003033179161
B2011393920526N12241187WA0148201498005003030164150
B2011403920522N12241184WA0148101497004003031150137
B2011413920518N12241181WA0148101497004003031139128
B2011423920515N12241176WA0148101498004003030126120
B2011433920514N12241172WA0148101499005003027114112
B2011443920512N12241168WA0148201499005003024108103
B2011453920511N12241163WA0148301500004003025113107
B2011463920509N12241159WA0148401500005003025123113
B2011473920506N12241155WA0148401501004003026137129
B2011483920503N12241152WA0148501501004003028148136
B2011493920499N12241150WA0148601502005003028161155
B2011503920494N12241150WA0148601503004003028176164
B2011513920489N12241150WA0148701503005003032190172
B2011523920483N12241153WA0148801504005003039203187
B2011533920478N12241157WA0148901505005003040215202
B2011543920474N12241162WA0148901506005003039230211
B2011553920472N12241169WA0148901506005003040242227
B2011563920470N12241176WA0148901505004003040254243
B2011573920469N12241184WA0148901505004003040269258
B2011583920470N12241191WA0148801505004003038286278
B2011593920473N12241197WA0148801504004003036302300
B2012003920477N12241202WA0148801504004003032320322
B2012013920481N12241204WA0148701503005003032342346
B2012023920485N12241204WA0148701503004003029359007
B2012033920489N12241203WA0148701503004003028016023
B2012043920492N12241201WA0148701504005003024035037
B2012053920494N12241197WA0148801505005003024058053
B2012063920495N12241193WA0148901506005003022073068
B2012073920496N12241189WA0148901506005003022083078
B2012083920496N12241185WA0149001507005003021089085
B2012093920496N12241181WA0149001508005003022091088
B2012103920495N12241176WA0149001508005003022092091
B2012113920495N12241171WA0149101508004003025091093
B2012123920495N12241166WA0149101509004003028090091
B2012133920495N12241160WA0149201509004003028088101
B2012143920496N12241155WA0149201509004003027087101
B2012153920496N12241151WA0149201510004003025091101
B2012163920495N12241146WA0149201510004003024101103
B2012173920494N12241141WA0149301510004003025106105
B2012183920493N12241137WA0149301510004003025106099
B2012193920492N12241132WA0149301511004003025095075
B2012203920493N12241127WA0149401511005003026074052
B2012213920495N12241123WA0149401512004003027046039
B2012223920499N12241120WA0149501512004003027018033
B2012233920504N12241120WA0149601513005003031352006
B2012243920510N12241123WA0149601514005003035332349
B2012253920514N12241127WA0149701515005003038317336
B2012263920517N12241133WA0149801516005003038307326
B2012273920520N12241139WA0149801516005003036304320
B2012283920523N12241144WA0149801515005003036304313
B2012293920527N12241151WA0149701514004003036301300
B2012303920529N12241158WA0149601513004003046289283
B2012313920530N12241168WA0149401511005003050272267
B2012323920528N12241177WA0149401511004003049253248
B2012333920526N12241186WA0149301511004003049231229
B2012343920521N12241191WA0149301511004003045215209
B2012353920515N12241194WA0149401511004003037196191
B2012363920510N12241194WA0149301510004003037180171
B2012373920506N12241193WA0149301510004003031170159
B2012383920502N12241192WA0149301509004003028159142
B2012393920499N12241188WA0149201509004003028136132
B2012403920497N12241183WA0149201509004003032105115
B2012413920497N12241176WA0149401511004003033080094
B2012423920499N12241171WA0149601514004003032064078
B2012433920501N12241167WA0149801514004003027052066
B2012443920503N12241164WA0150001514004003023047057
B2012453920505N12241161WA0150101514004003026050064
B2012463920507N12241156WA0150101515004003028057070
B2012473920509N12241151WA0150201516004003028063058
B2012483920511N12241146WA0150301518004003029058051
B2012493920515N12241142WA0150401520004003030037029
B2012503920519N12241139WA0150601520005003036010017
B2012513920524N12241138WA0150601520004003040350000
B2012523920531N12241141WA0150601520005003040339355
B2012533920538N12241146WA0150701521005003045331336
B2012543920543N12241151WA0150701522005003045321325
B2012553920547N12241157WA0150801523005003039303317
B2012563920548N12241164WA0150801523005003039282302
B2012573920548N12241172WA0150801522004003039264278
B2012583920546N12241180WA0150601521004003041249256
B2012593920543N12241186WA0150601522005003041232237
B2013003920539N12241191WA0150701522005003037212216
B2013013920534N12241193WA0150701524005003037192192
B2013023920529N12241193WA0150901525005003033176172
B2013033920525N12241192WA0151001527004003029171155
B2013043920522N12241192WA0151101528004003024173144
B2013053920519N12241191WA0151201528005003023172141
B2013063920516N12241190WA0151301528005003025166132
B2013073920512N12241188WA0151301529004003025149118
B2013083920509N12241184WA0151301529004003028126108
B2013093920508N12241178WA0151401530004003031098091
B2013103920509N12241172WA0151401530004003035075077
B2013113920511N12241165WA0151501531004003036058065
B2013123920514N12241160WA0151501532005003035044053
B2013133920519N12241157WA0151601532004003034027043
B2013143920524N12241156WA0151501531004003034003031
B2013153920529N12241157WA0151301529005003039345013
B2013163920535N12241161WA0151201528005003044328355
B2013173920540N12241166WA0151201528005003044310338
B2013183920544N12241174WA0151301529005003047296318
B2013193920546N12241184WA0151301531005003049278300
B2013203920545N12241193WA0151501533005003043256278
B2013213920542N12241200WA0151601534004003043235251
B2013223920537N12241205WA0151801536004003039216224
B2013233920533N12241207WA0151901538004003035196201
B2013243920528N12241207WA0152101540004003031178178
B2013253920525N12241206WA0152201541005003026162159
B2013263920521N12241204WA0152301541004003026148138
B2013273920518N12241200WA0152301541004003026133123
B2013283920516N12241196WA0152201541004003026116109
B2013293920515N12241190WA0152101539004003031094098
B2013303920517N12241184WA0152001538005003034068084
B2013313920520N12241178WA0152001537004003034048068
B2013323920524N12241174WA0151901537004003034042071
B2013333920527N12241170WA0151901538004003026047054
B2013343920529N12241167WA0151901537004003026063069
B2013353920530N12241163WA0151701535004003022069066
B2013363920532N12241159WA0151501533005003022060068
B2013373920534N12241155WA0151301533004003025045045
B2013383920538N12241151WA0151001530004003035035041
B2013393920543N12241147WA0150801527004003039024029
B2013403920549N12241145WA0150601524004003039012017
B2013413920557N12241145WA0150301522004003044357000
B2013423920564N12241146WA0150201522004003052337347
B2013433920571N12241151WA0150101522004003052323328
B2013443920576N12241158WA0150101520004003050310315
B2013453920581N12241165WA0149901520004003048293306
B2013463920583N12241174WA0149601518004003042279286
B2013473920583N12241181WA0149301515004003042264271
B2013483920582N12241188WA0149101515004003038249254
B2013493920580N12241195WA0148901515004003037238234
B2013503920576N12241201WA0148801514004003030229222
B2013513920573N12241205WA0148801514004003030223209
B2013523920570N12241208WA0148801513004003027216202
B2013533920566N12241210WA0148801512004003024202192
B2013543920563N12241211WA0148701510004003021187175
B2013553920560N12241211WA0148601510004003021165159
B2013563920558N12241209WA0148501507004003019138139
B2013573920556N12241206WA0148401505004003018118115
B2013583920555N12241203WA0148201503004003018111110
B2013593920554N12241200WA0148101502004003019114109
B2014003920553N12241196WA0148101502004003018118110
B2014013920551N12241193WA0148101501004003018122117
B2014023920550N12241190WA0148101501004003018126130
B2014033920548N12241188WA0148101501004003018132127
B2014043920546N12241186WA0148201502004003016139131
B2014053920545N12241185WA0148201502004003013152131
B2014063920543N12241184WA0148201501004003010160138
B2014073920542N12241183WA0148101499004003010164137
B2014083920540N12241183WA0147801496004003010162132
B2014093920539N12241182WA0147401492004003011155122
B2014103920536N12241181WA0147201493004003017150137
B2014113920534N12241179WA0147001492004003017142108
B2014123920533N12241177WA0147001491004003016127127
B2014133920532N12241175WA0147001490004003013111110
B2014143920532N12241173WA0146801489005003009103112
B2014153920532N12241171WA0146601487004003013090091
B2014163920532N12241168WA0146401484005003019078090
B2014173920533N12241164WA0146201482004003019064082
B2014183920535N12241159WA0146201483004003026054083
B2014193920538N12241155WA0146201484004003025049103
B2014203920540N12241152WA0146201484004003025048093
B2014213920542N12241149WA0146201484004003021056082
B2014223920543N12241145WA0146201483005003021065093
B2014233920544N12241142WA0146101482004003021070100
B2014243920545N12241137WA0146101481004003023074085
B2014253920546N12241133WA0146001480004003023077080
B2014263920547N12241128WA0145901479004003025077109
B2014273920548N12241122WA0145901478004003027077080
B2014283920549N12241117WA0145901478005003025083097
B2014293920549N12241113WA0145901479004003025089107
B2014303920549N12241110WA0146001480004003020090126
B2014313920549N12241106WA0146001480004003019082106
B2014323920549N12241102WA0146001479004003019080119
B2014333920550N12241096WA0145901478004003031091098
B2014343920549N12241090WA0146001478004003034103122
B2014353920548N12241084WA0146201480004003031117134
B2014363920545N12241080WA0146601485004003028132142
B2014373920543N12241077WA0146901484005003022147145
B2014383920540N12241076WA0147101484005003020155145
B2014393920537N12241074WA0147201485004003023159151
B2014403920533N12241073WA0147301486005003023160152
B2014413920529N12241072WA0147401488005003026175170
B2014423920524N12241073WA0147501490004003028201191
B2014433920520N12241077WA0147701492004003034221191
B2014443920517N12241082WA0148001494005003037234216
B2014453920514N12241088WA0148201496005003037236221
B2014463920511N12241095WA0148401499004003039243242
B2014473920509N12241103WA0148601501004003041256254
B2014483920509N12241111WA0148801503005003044271260
B2014493920510N12241120WA0148901504005003046281277
B2014503920512N12241129WA0149001506005003046288306
B2014513920514N12241137WA0149201506005003047301313
B2014523920519N12241144WA0149201507004003047316328
B2014533920525N12241148WA0149201507005003043337344
B2014543920531N12241149WA0149301507005003043354005
B2014553920537N12241148WA0149301508005003042010022
B2014563920542N12241146WA0149401509005003039031037
B2014573920546N12241142WA0149501510004003032055055
B2014583920546N12241137WA0149601511004003022088076
B2014593920545N12241133WA0149701513004003022104100
B2015003920544N12241130WA0149801514005003019112110
B2015013920542N12241127WA0149901515004003019121114
B2015023920540N12241124WA0150001516005003019133120
B2015033920537N12241121WA0150001516005003026146128
B2015043920534N12241118WA0150201517005003026166139
B2015053920530N12241118WA0150401520004003024184152
B2015063920527N12241120WA0150501522004003023200164
B2015073920524N12241122WA0150601523004003022208175
B2015083920522N12241123WA0150701523004003016207184
B2015093920520N12241124WA0150601523004003016201171
B2015103920517N12241125WA0150601522004003016188169
B2015113920514N12241125WA0150501521005003017169155
B2015123920511N12241124WA0150501522004003020147155
B2015133920508N12241121WA0150701523004003023145156
B2015143920506N12241119WA0150801524004003023165166
B2015153920503N12241119WA0151001526005003019184173
B2015163920500N12241120WA0151201528004003019197180
B2015173920497N12241122WA0151301530005003021212188
B2015183920494N12241126WA0151501531004003030233200
B2015193920492N12241132WA0151601532004003038252222
B2015203920492N12241140WA0151701534004003038270246
B2015213920493N12241148WA0151801535004003042285266
B2015223920496N12241156WA0151901538004003042298288
B2015233920499N12241162WA0152101539004003041312304
B2015243920504N12241167WA0152101539004003041329322
B2015253920509N12241170WA0152001538004003040345345
B2015263920515N12241170WA0151901537005003039007004
B2015273920521N12241166WA0151801535005003039031027
B2015283920526N12241162WA0151701535004003040056049
B2015293920529N12241155WA0151701536004003040071072
B2015303920530N12241148WA0152001538004003036086084
B2015313920529N12241144WA0152301543004003027091097
B2015323920529N12241140WA0152601543005003019086103
B2015333920529N12241137WA0152801543005003019083108
B2015343920529N12241133WA0152901544004003024093112
B2015353920528N12241128WA0153001546005003024110114
B2015363920525N12241123WA0153201548005003026121129
B2015373920523N12241119WA0153401552005003026130130
B2015383920521N12241116WA0153701554004003021143140
B2015393920518N12241115WA0153901557005003022155144
B2015403920515N12241113WA0154101559005003022153149
B2015413920511N12241110WA0154401562004003023142146
B2015423920508N12241106WA0154801563004003029144151
B2015433920504N12241103WA0155101564005003030154166
B2015443920500N12241101WA0155601570004003030160165
B2015453920496N12241099WA0156001574004003027158159
B2015463920493N12241097WA0156201577004003026151137
B2015473920489N12241094WA0156401580004003025146124
B2015483920487N12241092WA0156701583004003019140117
B2015493920485N12241089WA0157001586004003019126135
B2015503920484N12241087WA0157201587005003015115128
B2015513920483N12241085WA0157401589005003015126140
B2015523920480N12241082WA0157501590004003016150149
B2015533920477N12241081WA0157601591004003023170157
B2015543920473N12241081WA0157801594005003026185169
B2015553920469N12241083WA0158001596004003024195188
B2015563920466N12241084WA0158201598005003024205203
B2015573920464N12241086WA0158201599005003020226213
B2015583920462N12241089WA0158201599005003021248217
B2015593920461N12241094WA0158201598004003026253226
B2016003920460N12241099WA0158201598005003026250238
B2016013920459N12241104WA0158301600005003026253239
B2016023920459N12241108WA0158301601004003024277244
B2016033920461N12241113WA0158301601005003029300266
B2016043920465N12241118WA0158301601004003034318301
B2016053920469N12241122WA0158401602005003034331327
B2016063920475N12241124WA0158501604004003038345345
B2016073920480N12241125WA0158701607005003038001002
B2016083920485N12241123WA0159001610005003031017021
B2016093920489N12241121WA0159301613005003031030040
B2016103920491N12241117WA0159501616005003027043054
B2016113920493N12241114WA0159701618005003024060070
B2016123920494N12241109WA0160001621005003023076089
B2016133920495N12241106WA0160201622005003020089094
B2016143920495N12241102WA0160501622005003020097113
B2016153920494N12241099WA0160701625004003017106128
B2016163920493N12241096WA0160801626005003017122139
B2016173920491N12241094WA0160801626005003018142153
B2016183920488N12241092WA0160701625005003025160158
B2016193920483N12241091WA0160801626004003027177174
B2016203920480N12241092WA0161001628004003025197183
B2016213920477N12241095WA0161101630004003024221196
B2016223920475N12241097WA0161101629005003019250212
B2016233920475N12241101WA0161001629005003023276226
B2016243920476N12241107WA0160901628005003029286257
B2016253920479N12241112WA0160801627005003029301274
B2016263920482N12241117WA0160801628005003032312299
B2016273920486N12241121WA0160901629004003032327315
B2016283920490N12241124WA0160901630005003034333340
B2016293920495N12241127WA0161001630004003034336354
B2016303920501N12241129WA0161001631005003035342354
B2016313920506N12241130WA0161001631004003039353004
B2016323920513N12241130WA0161101632005003043006012
B2016333920519N12241128WA0161301634005003043019027
B2016343920524N12241124WA0161401636005003043036041
B2016353920528N12241119WA0161701637004003038053056
B2016363920530N12241115WA0162001641004003023062070
B2016373920531N12241112WA0162401645004003023049075
B2016383920534N12241109WA0162601645005003023035053
B2016393920537N12241106WA0162701646005003024024053
B2016403920540N12241104WA0162901649005003025024057
B2016413920543N12241102WA0163001650004003023045068
B2016423920544N12241097WA0163101651005003025078087
B2016433920544N12241092WA0163201652005003025103109
B2016443920542N12241087WA0163401655005003026116124
B2016453920540N12241083WA0163501657005003026117127
B2016463920539N12241079WA0163701658005003024116135
B2016473920537N12241075WA0163801658005003026116136
B2016483920535N12241070WA0163801658005003024125146
B2016493920532N12241068WA0163701658005003024152159
B2016503920529N12241067WA0163601657004003024171182
B2016513920525N12241067WA0163701657005003025177182
B2016523920522N12241067WA0163601657004003025187186
B2016533920519N12241068WA0163601658004003023202184
B2016543920516N12241070WA0163601657005003019217192
B2016553920514N12241072WA0163501657005003019220198
B2016563920512N12241075WA0163301655005003022222214
B2016573920509N12241078WA0163201653004003025227220
B2016583920507N12241083WA0163001652004003025239227
B2016593920506N12241088WA0162901651005003027256232
B2017003920506N12241095WA0162901651005003029274255
B2017013920507N12241100WA0162901651004003031294269
B2017023920510N12241105WA0162901651005003032311290
B2017033920514N12241109WA0162801650005003032315293
B2017043920517N12241114WA0162701648004003032313301
B2017053920521N12241120WA0162501647004003035313309
B2017063920526N12241125WA0162401647005003040319338
B2017073920530N12241130WA0162401648004003040324305
B2017083920534N12241134WA0162401648004003035324302
B2017093920539N12241138WA0162401647004003035318305
B2017103920543N12241144WA0162401647004003038314329
B2017113920548N12241150WA0162401647004003044316326
B2017123920553N12241155WA0162401648004003044325328
B2017133920559N12241159WA0162501649004003044333342
B2017143920564N12241162WA0162701651004003043331006
B2017153920569N12241167WA0162901654004003043326352
B2017163920574N12241170WA0163001654004003032328347
B2017173920578N12241173WA0163001653004003032333344
B2017183920583N12241176WA0162901652004003032340350
B2017193920588N12241178WA0162701649004003035346351
B2017203920595N12241179WA0162601648004003042348359
B2017213920602N12241181WA0162501648005003046347351
B2017223920609N12241183WA0162501648005003046347357
B2017233920614N12241184WA0162701650005003042349000
B2017243920619N12241185WA0162701651004003037350009
B2017253920623N12241186WA0162801651004003032349005
B2017263920628N12241188WA0162701651004003032347006
B2017273920633N12241189WA0162701650004003034348341
B2017283920638N12241190WA0162601650004003034350002
B2017293920644N12241191WA0162601649004003036351005
B2017303920650N12241192WA0162501649004003038352007
B2017313920655N12241193WA0162601649005003039353003
B2017323920661N12241194WA0162601649005003039354006
B2017333920667N12241195WA0162601649004003039354005
B2017343920673N12241195WA0162501649004003039355009
B2017353920679N12241196WA0162401648005003039357011
B2017363920685N12241196WA0162301646004003040359011
B2017373920691N12241196WA0162201645004003042001003
B2017383920697N12241196WA0162101644004003042000015
B2017393920704N12241196WA0162001643005003042358018
B2017403920710N12241196WA0161901642004003042000014
B2017413920716N12241196WA0161801641004003040003026
B2017423920722N12241195WA0161701640004003040006014
B2017433920727N12241194WA0161601639004003039006011
B2017443920733N12241193WA0161401637004003039004353
B2017453920740N12241193WA0161301636004003040002351
B2017463920746N12241193WA0161101634005003044359004
B2017473920753N12241193WA0161001633005003044356346
B2017483920759N12241193WA0160901631004003043357001
B2017493920765N12241194WA0160701630004003042358004
B2017503920772N12241194WA0160601628004003042000003
B2017513920778N12241194WA0160401626004003044001008
B2017523920785N12241193WA0160201624005003045003008
B2017533920792N12241192WA0160001622004003045004012
B2017543920799N12241192WA0159901621005003045003007
B2017553920805N12241192WA0159701619005003045000352
B2017563920812N12241192WA0159501617005003044000009
B2017573920819N12241192WA0159201614005003045000343
B2017583920826N12241191WA0159101613004003045004012
B2017593920832N12241190WA0159001612005003045004025
B2018003920839N12241190WA0159001612004003045001011
B2018013920845N12241190WA0158901611004003043001032
B2018023920852N12241189WA0158701610005003043005025
B2018033920858N12241188WA0158601608004003043011021
B2018043920865N12241186WA0158401608005003044015003
B2018053920872N12241183WA0158301606004003048014009
B2018063920879N12241181WA0158201605004003047010343
B2018073920886N12241180WA0158001604004003047007005
B2018083920892N12241179WA0157901603005003043004000
B2018093920897N12241179WA0157701600004003040005358
B2018103920904N12241178WA0157501597004003040011353
B2018113920910N12241176WA0157101594004003043014001
B2018123920916N12241173WA0156801590004003043014357
B2018133920922N12241172WA0156401585004003041013353
B2018143920928N12241169WA0155901580004003041015006
B2018153920935N12241167WA0155301574005003043016011
B2018163920941N12241165WA0154901569005003047013013
B2018173920948N12241163WA0154501565005003047012014
B2018183920954N12241161WA0154201562005003045013028
B2018193920959N12241159WA0153901559004003041014033
B2018203920964N12241157WA0153601556004003036014022
B2018213920969N12241156WA0153301555004003036014021
B2018223920975N12241154WA0152801550005003038010028
B2018233920981N12241153WA0152501547004003038006359
B2018243920987N12241152WA0152301547004003040002000
B2018253920993N12241152WA0152101545004003041000002
B2018263920999N12241152WA0152001544004003039000341
B2018273921005N12241152WA0151901542004003041001351
B2018283921012N12241152WA0151901543004003041357011
B2018293921019N12241153WA0151901543004003045354030
B2018303921025N12241154WA0152101545004003045352345
B2018313921030N12241155WA0152101545004003035355347
B2018323921035N12241155WA0152101545004003035001009
B2018333921040N12241155WA0151901543004003035007355
B2018343921046N12241153WA0151701540004003036010350
B2018353921053N12241152WA0151501538004003046008355
B2018363921060N12241151WA0151501538004003046004345
B2018373921066N12241150WA0151501539004003046003352
B2018383921072N12241150WA0151501540004003041003006
B2018393921077N12241149WA0151601539004003036003002
B2018403921082N12241149WA0151501538004003033002000
B2018413921087N12241149WA0151501537004003034003011
B2018423921092N12241148WA0151401536004003034004001
B2018433921098N12241148WA0151301535004003035004004
B2018443921103N12241147WA0151301534004003038002006
B2018453921109N12241147WA0151201534004003038003005
B2018463921115N12241146WA0151201535004003038005000
B2018473921120N12241145WA0151201534004003037006002
B2018483921126N12241144WA0151201533004003037006000
B2018493921132N12241143WA0151101533004003039008002
B2018503921138N12241142WA0151101532004003041009004
B2018513921144N12241141WA0151101532004003041008003
B2018523921150N12241140WA0151101532004003041007354
B2018533921156N12241139WA0151101531004003039008010
B2018543921161N12241138WA0151001531004003038008004
B2018553921167N12241136WA0150901530004003040009000
B2018563921173N12241135WA0150801529004003041009357
B2018573921179N12241134WA0150901529005003040007352
B2018583921185N12241133WA0151001530004003040004352
B2018593921190N12241133WA0151001531004003038004004
B2019003921196N12241132WA0151001531004003036005012
B2019013921201N12241131WA0151001530004003037004348
B2019023921207N12241131WA0151001530004003037000353
B2019033921212N12241131WA0151001530005003037359353
B2019043921218N12241131WA0151001531004003038358005
B2019053921224N12241132WA0151101531005003039357359
B2019063921230N12241132WA0151101531004003039355348
B2019073921236N12241133WA0151101532004003039355004
B2019083921241N12241133WA0151201532005003037356024
B2019093921246N12241133WA0151301533005003036357024
B2019103921251N12241133WA0151301533004003032001045
B2019113921255N12241132WA0151401533004003032013051
B2019123921259N12241130WA0151301533004003031032062
B2019133921262N12241125WA0151301533004003031051071
B2019143921264N12241120WA0151301533004003031072090
B2019153921264N12241115WA0151401534004003025095104
B2019163921263N12241111WA0151401534005003025114122
B2019173921261N12241107WA0151401534005003022130138
B2019183921258N12241105WA0151401533004003022149157
B2019193921254N12241104WA0151301532004003023171175
B2019203921249N12241104WA0151201530004003036192191
B2019213921244N12241108WA0151101530004003039211212
B2019223921240N12241113WA0151101531005003039231225
B2019233921238N12241119WA0151201531004003039247234
B2019243921237N12241126WA0151201532004003036263247
B2019253921237N12241133WA0151201531004003034276259
B2019263921239N12241140WA0151101530004003037287273
B2019273921241N12241146WA0151001529004003037297285
B2019283921244N12241153WA0151001529004003039305297
B2019293921248N12241159WA0150901528004003040312306
B2019303921253N12241164WA0150801528005003041317314
B2019313921258N12241169WA0150901528005003041320325
B2019323921262N12241174WA0151001529004003041321333
B2019333921267N12241179WA0151001530004003040323329
B2019343921272N12241183WA0151101530004003039325339
B2019353921276N12241187WA0151101531005003037326333
B2019363921281N12241191WA0151201531004003037326352
B2019373921285N12241195WA0151301532004003037328351
B2019383921290N12241198WA0151401532004003036332002
B2019393921295N12241200WA0151401532004003034341006
B2019403921299N12241201WA0151401532005003034353025
B2019413921305N12241201WA0151301532004003034011035
B2019423921309N12241198WA0151301531004003034036052
B2019433921312N12241192WA0151101530004003033065070
B2019443921312N12241186WA0151001529004003033093091
B2019453921310N12241180WA0151101530004003030117111
B2019463921307N12241176WA0151101531004003030139127
B2019473921304N12241174WA0151201531004003027160142
B2019483921300N12241173WA0151201531004003027179159
B2019493921296N12241174WA0151201530004003027196175
B2019503921291N12241177WA0151101530004003033215190
B2019513921288N12241183WA0151101530005003036236210
B2019523921287N12241190WA0151101530004003036256233
B2019533921287N12241197WA0151101530005003038276254
B2019543921289N12241204WA0151101530004003038294275
B2019553921291N12241211WA0151201530005003038310295
B2019563921296N12241215WA0151201531004003038322314
B2019573921301N12241219WA0151201531004003037334331
B2019583921306N12241221WA0151301532004003036336338
B2019593921310N12241224WA0151401533004003036330348
B2020003921315N12241228WA0151501534004003036325342
B2020013921319N12241232WA0151601535005003036327345
B2020023921324N12241235WA0151701535005003036334350
B2020033921329N12241237WA0151701535004003036344358
B2020043921335N12241238WA0151701535004003036357004
B2020053921341N12241237WA0151701535004003040011015
B2020063921346N12241235WA0151701535004003040024029
B2020073921351N12241230WA0151701536004003040039041
B2020083921354N12241225WA0151801536004003037055054
B2020093921356N12241219WA0151801537004003033071067
B2020103921356N12241214WA0151801537004003029084082
B2020113921356N12241208WA0151801537005003029097093
B2020123921354N12241203WA0151801537004003029114105
B2020133921352N12241198WA0151801536004003029134120
B2020143921348N12241196WA0151701536005003029161137
B2020153921343N12241196WA0151701535004003030188160
B2020163921339N12241198WA0151601534004003032208184
B2020173921336N12241202WA0151601534004003032229203
B2020183921334N12241208WA0151501533004003032251222
B2020193921333N12241216WA0151401532004003036271245
B2020203921335N12241223WA0151401531005003040288267
B2020213921338N12241230WA0151401532004003040301285
B2020223921341N12241235WA0151401533005003039317299
B2020233921346N12241239WA0151501534005003036330319
B2020243921350N12241242WA0151501534004003034339332
B2020253921355N12241243WA0151501533005003032343339
B2020263921360N12241245WA0151401532005003035342346
B2020273921365N12241248WA0151301531005003035340340
B2020283921371N12241250WA0151201531004003038340339
B2020293921376N12241252WA0151301531005003038341339
B2020303921381N12241254WA0151301531005003034341341
B2020313921385N12241257WA0151201530004003034339340
B2020323921390N12241259WA0151001528004003034338345
B2020333921396N12241262WA0150801525004003036337350
B2020343921401N12241265WA0150601523004003039338350
B2020353921407N12241268WA0150401523004003041338353
B2020363921413N12241271WA0150301522004003041339349
B2020373921419N12241273WA0150301522004003041344340
B2020383921424N12241274WA0150201521004003040351333
B2020393921430N12241275WA0150101520004003038353352
B2020403921436N12241276WA0150001519004003038350337
B2020413921441N12241278WA0149901517004003038349355
B2020423921447N12241279WA0149701515004003039350353
B2020433921453N12241280WA0149601514004003040353356
B2020443921459N12241281WA0149401512004003038358001
B2020453921465N12241281WA0149201510004003038000355
B2020463921470N12241280WA0149001508004003038001358
B2020473921476N12241280WA0148801505004003039359347
B2020483921482N12241281WA0148601503004003041356337
B2020493921488N12241281WA0148401501004003041354339
B2020503921494N12241282WA0148201499004003041352339
B2020513921501N12241283WA0148001497004003041353343
B2020523921507N12241284WA0147801495004003042353342
B2020533921513N12241286WA0147601493004003042347352
B2020543921518N12241288WA0147501491004003034338001
B2020553921522N12241291WA0147201488005003034334357
B2020563921527N12241293WA0146801484004003033338359
B2020573921532N12241295WA0146501480004003033346355
B2020583921538N12241296WA0146101476004003037353353
B2020593921545N12241297WA0145801473005003045355336
B2021003921551N12241298WA0145501470004003046354340
B2021013921558N12241298WA0145401469004003045355347
B2021023921564N12241299WA0145201468004003044355345
B2021033921570N12241300WA0145101466004003041355358
B2021043921576N12241300WA0144901464004003040353345
B2021053921582N12241301WA0144801462004003041352340
B2021063921588N12241303WA0144701462004003041351352
B2021073921595N12241304WA0144601461004003042348005
B2021083921601N12241306WA0144601461005003042343350
B2021093921607N12241309WA0144501460004003041340340
B2021103921612N12241311WA0144401458004003041340345
B2021113921618N12241314WA0144201457005003040339340
B2021123921624N12241317WA0144001454004003040339348
B2021133921630N12241320WA0143801452004003040339348
B2021143921636N12241322WA0143701451004003045342346
B2021153921642N12241325WA0143601450004003045343348
B2021163921649N12241327WA0143501450004003045345333
B2021173921655N12241329WA0143601451004003044348352
B2021183921661N12241330WA0143701451004003041349350
B2021193921667N12241332WA0143901453004003040345008
B2021203921672N12241334WA0144301457005003040342011
B2021213921677N12241336WA0144701461004003038342027
B2021223921681N12241338WA0144901461004003033354032
B2021233921686N12241338WA0145101461004003027013032
B2021243921689N12241335WA0145101461004003031028043
B2021253921693N12241331WA0145301463004003031043061
B2021263921695N12241326WA0145501466004003031060074
B2021273921697N12241322WA0145701466004003027093091
B2021283921695N12241318WA0145801467004003024133115
B2021293921692N12241315WA0146001468004003028164146
B2021303921688N12241314WA0146401470004003029200172
B2021313921684N12241319WA0146601473004003029226201
B2021323921682N12241324WA0146901477004003031246219
B2021333921680N12241330WA0147301482004003031251241
B2021343921678N12241336WA0147601484004003030255251
B2021353921677N12241342WA0147701484004003031264258
B2021363921676N12241348WA0147801486004003031269266
B2021373921677N12241355WA0147801485004003034273279
B2021383921678N12241363WA0147701486004003037286293
B2021393921681N12241370WA0147601485004003041303300
B2021403921686N12241376WA0147601485005003046321315
B2021413921691N12241381WA0147701487005003046334332
B2021423921699N12241385WA0147901489005003048339347
B2021433921705N12241387WA0148201494004003048342351
B2021443921711N12241389WA0148501499004003038344351
B2021453921716N12241391WA0148901503004003038344355
B2021463921721N12241393WA0149301507004003037342355
B2021473921727N12241395WA0149501509004003036341353
B2021483921731N12241397WA0149701511004003035342350
B2021493921737N12241399WA0149801512004003034348352
B2021503921742N12241400WA0149901513004003035357000
B2021513921747N12241399WA0150001514004003034012010
B2021523921751N12241396WA0150001515005003034031025
B2021533921754N12241392WA0150101517005003032045045
B2021543921756N12241388WA0150301518004003022058059
B2021553921757N12241384WA0150301519005003022079082
B2021563921758N12241380WA0150301518005003022096098
B2021573921756N12241375WA0150201517004003022118119
B2021583921753N12241370WA0150201518004003029144137
B2021593921749N12241368WA0150301520005003029170156
B2022003921744N12241370WA0150501522004003029199172
B2022013921740N12241372WA0150801523005003029202198
B2022023921736N12241374WA0151101527004003029204204
B2022033921733N12241377WA0151401530004003026221210
B2022043921730N12241381WA0151601530005003032247221
B2022053921728N12241388WA0151701530005003041265243
B2022063921728N12241396WA0151801530005003041283263
B2022073921730N12241405WA0152001531005003047301283
B2022083921735N12241413WA0152301533004003047313304
B2022093921739N12241418WA0152701538005003034319317
B2022103921743N12241421WA0153001542005003034325322
B2022113921747N12241424WA0153201544004003032327328
B2022123921752N12241428WA0153301546004003032323331
B2022133921757N12241433WA0153401547004003039321336
B2022143921763N12241439WA0153501549004003046326335
B2022153921769N12241443WA0153601552004003046333341
B2022163921775N12241446WA0153701554005003043335344
B2022173921779N12241448WA0153901556005003038333345
B2022183921784N12241451WA0154001557005003035337342
B2022193921789N12241453WA0154001557005003037343350
B2022203921795N12241455WA0154001557004003039344353
B2022213921801N12241458WA0154001557004003039342358
B2022223921807N12241460WA0154001557005003042340350
B2022233921813N12241463WA0154001558005003043341341
B2022243921819N12241465WA0154201559005003039346336
B2022253921825N12241467WA0154201559005003039351007
B2022263921829N12241468WA0154201560004003034350007
B2022273921834N12241468WA0154201559004003031350017
B2022283921838N12241469WA0154201558004003031350006
B2022293921843N12241470WA0154001557004003034352358
B2022303921849N12241471WA0153901556005003038350004
B2022313921855N12241473WA0153701554004003038349007
B2022323921861N12241474WA0153601554004003040349008
B2022333921867N12241476WA0153501553004003040349018
B2022343921872N12241477WA0153401552004003037351008
B2022353921878N12241478WA0153301550004003037354358
B2022363921883N12241478WA0153201549005003037354349
B2022373921888N12241479WA0153101548004003037347351
B2022383921894N12241482WA0153101548004003037334347
B2022393921899N12241486WA0153101549004003037327313
B2022403921903N12241489WA0153101550004003037329332
B2022413921907N12241492WA0153101549004003033328336
B2022423921911N12241496WA0153101549004003033323338
B2022433921916N12241501WA0153001548004003041326326
B2022443921922N12241505WA0153001547004003042337357
B2022453921928N12241507WA0153101549004003042347012
B2022463921934N12241508WA0153301551004003042348009
B2022473921939N12241510WA0153501554004003040343008
B2022483921943N12241512WA0153701556005003032341012
B2022493921948N12241514WA0153901557005003032344011
B2022503921952N12241515WA0154001558005003029346016
B2022513921956N12241516WA0154001558004003028346027
B2022523921960N12241517WA0154001559004003028350356
B2022533921964N12241517WA0154101559005003028357021
B2022543921968N12241518WA0154201561004003028359019
B2022553921973N12241518WA0154301561004003028350032
B2022563921977N12241519WA0154401562004003028344002
B2022573921981N12241521WA0154401562005003029348016
B2022583921986N12241522WA0154301562004003032352012
B2022593921991N12241522WA0154301561004003034350000
B2023003921996N12241524WA0154201561004003034350004
B2023013922001N12241525WA0154201560004003035352359
B2023023922007N12241525WA0154101560004003035357014
B2023033922012N12241525WA0154101559004003034001020
B2023043922017N12241525WA0154001559004003034001008
B2023053922021N12241525WA0154001559004003032358030
B2023063922026N12241526WA0153901558005003030352034
B2023073922031N12241527WA0153901557005003030352014
B2023083922036N12241526WA0154001557005003038005020
B2023093922042N12241525WA0154101558005003038026034
B2023103922046N12241521WA0154201561004003035032085
B2023113922050N12241519WA0154501565004003032028059
B2023123922053N12241517WA0154801568005003026022047
B2023133922056N12241515WA0155001570004003024019022
B2023143922060N12241513WA0155201571004003027021022
B2023153922064N12241511WA0155301572005003027023027
B2023163922068N12241509WA0155401573005003030025044
B2023173922072N12241506WA0155501574004003031027043
B2023183922076N12241503WA0155701576004003030029059
B2023193922080N12241499WA0155901578004003030040077
B2023203922082N12241495WA0156001580004003030053078
B2023213922085N12241490WA0156301582004003030064104
B2023223922086N12241485WA0156601583004003030073103
B2023233922087N12241479WA0156901588004003026087107
B2023243922085N12241475WA0157301592005003026120114
B2023253922082N12241472WA0157701596005003025146144
B2023263922079N12241470WA0158101600005003025160159
B2023273922075N12241469WA0158401603005003025176191
B2023283922071N12241471WA0158601606005003031199194
B2023293922066N12241473WA0158901607004003038219209
B2023303922062N12241479WA0159201610004003038227231
B2023313922059N12241485WA0159501615004003038239245
B2023323922057N12241491WA0159801618004003035258243
B2023333922058N12241497WA0160101621005003032271253
B2023343922058N12241504WA0160401624004003034272263
B2023353922058N12241511WA0160601626005003034273282
B2023363922059N12241517WA0160801628004003035288289
B2023373922062N12241524WA0160901629005003035305299
B2023383922067N12241529WA0161001631004003040313312
B2023393922071N12241535WA0161201631004003040318336
B2023403922076N12241538WA0161401634004003039334338
B2023413922081N12241539WA0161501636005003036359006
B2023423922085N12241538WA0161701637004003034018023
B2023433922090N12241535WA0161801638004003033032054
B2023443922093N12241530WA0161901640004003033052068
B2023453922094N12241524WA0162101642004003031074077
B2023463922095N12241518WA0162201644004003031086095
B2023473922095N12241512WA0162501648004003031087095
B2023483922095N12241507WA0162901651004003027082095
B2023493922096N12241502WA0163101655004003027081090
B2023503922096N12241498WA0163401658004003024086110
B2023513922096N12241495WA0163601660005003020104119
B2023523922095N12241492WA0163801660005003016125126
B2023533922093N12241490WA0163801661005003019135131
B2023543922091N12241487WA0163901661004003023141149
B2023553922087N12241485WA0164001662004003023152168
B2023563922084N12241483WA0164201664004003024170175
B2023573922081N12241484WA0164301666004003024192176
B2023583922077N12241485WA0164501668004003026200185
B2023593922073N12241487WA0164701670005003029202192
B2024003922069N12241490WA0164801671005003029213217
B2024013922066N12241495WA0164901672004003031231223
B2024023922064N12241501WA0165001673005003034247238
B2024033922062N12241509WA0165001674005003039259248
B2024043922062N12241516WA0165101675005003039269263
B2024053922063N12241524WA0165201676004003039279277
B2024063922065N12241532WA0165401678004003040297297
B2024073922070N12241538WA0165601680004003042318316
B2024083922080N12241541WA0166101686004003038005002
B2024093922085N12241539WA0166401688004003034018025
B2024103922089N12241536WA0166601690004003032031044
B2024113922092N12241533WA0166701692004003031047059
B2024123922095N12241528WA0166901694005003028060076
B2024133922096N12241523WA0167001696005003028070085
B2024143922097N12241518WA0167201696005003027080093
B2024153922097N12241512WA0167301697005003027092110
B2024163922096N12241507WA0167401698005003028114122
B2024173922093N12241503WA0167501699005003032137138
B2024183922088N12241500WA0167601699005003033161154
B2024193922083N12241500WA0167601700004003033187171
B2024203922078N12241502WA0167701701005003035209191
B2024213922074N12241507WA0167801703004003035230209
B2024223922072N12241513WA0168001704004003033247225
B2024233922072N12241519WA0168001704005003033265241
B2024243922073N12241526WA0167901704005003033286260
B2024253922076N12241533WA0167901703004003037305288
B2024263922080N12241540WA0168201704006003042321313
B2024273922085N12241544WA0168501706005003035336334
B2024283922090N12241546WA0168801706004003035359351
B2024293922095N12241545WA0168901706004003027021014
B2024303922099N12241542WA0169001706004003027036040
B2024313922102N12241538WA0169001707004003029049064
B2024323922104N12241532WA0169001709004003033063072
B2024333922106N12241525WA0169101710004003034075083
B2024343922106N12241519WA0169201712005003034083094
B2024353922106N12241512WA0169301714004003034087109
B2024363922106N12241506WA0169501717005003032090105
B2024373922106N12241501WA0169501718004003026093106
B2024383922105N12241496WA0169501718005003026095113
B2024393922105N12241491WA0169601718004003026098105
B2024403922104N12241485WA0169601719005003029107101
B2024413922102N12241479WA0169601719005003030117137
B2024423922099N12241475WA0169501719005003028127144
B2024433922096N12241471WA0169501719004003028141152
B2024443922093N12241469WA0169501718004003026160162
B2024453922090N12241468WA0169301717005003026187169
B2024463922085N12241469WA0168901715004003026217190
B2024483922081N12241475WA0168501710004003043232220
B2024493922078N12241484WA0168101707004003047245238
B2024503922075N12241493WA0167901707005003045260253
B2024513922075N12241501WA0167801707004003045269267
B2024523922075N12241508WA0167801706005003040274271
B2024533922076N12241515WA0167801706005003034275266
B2024543922077N12241522WA0167801706005003034277260
B2024553922077N12241528WA0167801706004003033280246
B2024563922078N12241534WA0167801705005003032278269
B2024573922079N12241540WA0167801705004003032272257
B2024583922079N12241547WA0167701704004003034269287
B2024593922079N12241554WA0167601704004003034274286
B2025003922080N12241561WA0167501703005003035290290
B2025013922084N12241566WA0167501701004003036313326
B2025023922088N12241571WA0167401700004003039323330
B2025033922093N12241575WA0167401701004003039330344
B2025043922099N12241579WA0167701702004003040331342
B2025053922104N12241582WA0167901707005003040330358
B2025063922108N12241585WA0168301710004003034331348
B2025073922112N12241588WA0168501713004003034334340
B2025083922117N12241590WA0168801715004003032337350
B2025093922121N12241593WA0169001717004003032335350
B2025103922126N12241595WA0169201720005003032333357
B2025113922130N12241598WA0169401722004003033334341
B2025123922135N12241601WA0169601723005003034334346
B2025133922139N12241604WA0169801726004003034330318
B2025143922144N12241608WA0170001728004003036323314
B2025153922148N12241614WA0170301732004003038315303
B2025163922152N12241619WA0170601735004003038313333
B2025173922156N12241624WA0170901738005003038315308
B2025183922160N12241628WA0171101739004003036321316
B2025193922165N12241633WA0171301741004003036326338
B2025203922170N12241636WA0171401741004003037335007
B2025213922176N12241638WA0171501743005003039347011
B2025223922181N12241639WA0171701746004003039352017
B2025233922186N12241640WA0172001749004003035354011
B2025243922190N12241640WA0172201749005003031001030
B2025253922195N12241639WA0172401751005003031017046
B2025263922199N12241635WA0172501752004003035038064
B2025273922202N12241630WA0172801754005003035058081
B2025283922203N12241623WA0173001757004003034088094
B2025293922201N12241618WA0173201760005003030117112
B2025303922199N12241615WA0173501763005003028139130
B2025313922195N12241612WA0173701765004003025151146
B2025323922192N12241610WA0173901767004003025156161
B2025333922189N12241609WA0174101769004003023176170
B2025343922186N12241610WA0174101769005003023198179
B2025353922182N12241613WA0174201770005003024215199
B2025363922179N12241618WA0174301771005003034230216
B2025373922176N12241624WA0174501773005003037244240
B2025383922174N12241630WA0174701774005003037263254
B2025393922174N12241638WA0174901777004003039277273
B2025403922176N12241646WA0175201780004003041288285
B2025413922179N12241653WA0175601785005003041291273
B2025423922181N12241660WA0176001789004003041291277
B2025433922183N12241667WA0176401789004003037291263
B2025443922185N12241672WA0176601792004003033293305
B2025453922186N12241678WA0176801792005003032293289
B2025463922188N12241684WA0177001794005003032292300
B2025473922194N12241694WA0177101797005003033319329
B2025483922200N12241698WA0177301799004003035339355
B2025493922205N12241700WA0177601800006003041355020
B2025503922212N12241699WA0178001802004003031023044
B2025513922215N12241696WA0178301806004003031051058
B2025523922216N12241691WA0178701811004003024077072
B2025533922217N12241686WA0179001815004003024087085
B2025543922216N12241681WA0179301818004003026089103
B2025553922216N12241675WA0179501821004003028099115
B2025563922214N12241670WA0179701824004003030118129
B2025573922211N12241666WA0179901826004003030141151
B2025583922207N12241664WA0180101828004003030170168
B2025593922203N12241665WA0180201830005003026202184
B2026003922201N12241668WA0180401832005003025226201
B2026013922198N12241672WA0180501833005003027236224
B2026023922196N12241677WA0180701835005003027243236
B2026033922194N12241683WA0180901838004003029254249
B2026043922193N12241689WA0181201839005003032266271
B2026053922193N12241694WA0181401840005003030285277
B2026063922196N12241700WA0181501842005003032304293
B2026073922199N12241705WA0181601842005003032319321
B2026083922204N12241709WA0181701843005003035325326
B2026093922210N12241713WA0181701844005003039329343
B2026103922216N12241717WA0181801846004003043338348
B2026113922222N12241718WA0181901847005003043356017
B2026123922228N12241717WA0182001849004003041017027
B2026133922233N12241713WA0182201851004003041035042
B2026143922239N12241707WA0182501852004003041046070
B2026153922241N12241702WA0182901858004003029054072
B2026163922244N12241698WA0183201858004003029065083
B2026173922244N12241694WA0183401860005003022080095
B2026183922244N12241690WA0183601862005003022103116
B2026193922242N12241685WA0183601862005003024128138
B2026203922238N12241682WA0183601862004003032155161
B2026213922233N12241682WA0183501862004003033185178
B2026223922228N12241684WA0183601863004003032209201
B2026233922225N12241689WA0183701865005003032231212
B2026243922223N12241694WA0183801866004003031244232
B2026253922221N12241699WA0183901867004003030248246
B2026263922220N12241705WA0183901868004003030254254
B2026273922219N12241711WA0183901869004003030261252
B2026283922219N12241717WA0184001869004003030264244
B2026293922218N12241723WA0184001870004003031260258
B2026303922217N12241729WA0184101870004003032260251
B2026313922217N12241735WA0184101870005003034268258
B2026323922217N12241742WA0184101872005003034276274
B2026333922218N12241749WA0184201873004003037281272
B2026343922220N12241757WA0184301875005003038284276
B2026353922221N12241764WA0184501876004003039282255
B2026363922222N12241772WA0184601877005003039278275
B2026373922223N12241779WA0184801879004003038274268
B2026383922223N12241786WA0184901881004003038271254
B2026393922223N12241794WA0185201883004003039268257
B2026403922222N12241802WA0185401886004003044265258
B2026413922221N12241811WA0185701890004003044262273
B2026423922221N12241818WA0186001893004003043263255
B2026433922221N12241826WA0186301896004003040271269
B2026443922221N12241833WA0186501896005003039281246
B2026453922222N12241840WA0186801898005003032287295
B2026463922224N12241845WA0187101901004003032295311
B2026473922226N12241849WA0187101901004003030309317
B2026483922229N12241854WA0187201902005003030313318
B2026493922234N12241859WA0187301903004003034318325
B2026503922239N12241863WA0187301904005003039332000
B2026513922244N12241865WA0187301905004003039347010
B2026533922250N12241865WA0187401906004003037009031
B2026543922254N12241862WA0187301905004003034032033
B2026553922257N12241857WA0187201904005003032052057
B2026563922259N12241851WA0187101903005003033067075
B2026573922261N12241845WA0187001902004003032074089
B2026583922262N12241840WA0186901903005003031072094
B2026593922263N12241835WA0187001904004003029073078
B2027003922264N12241830WA0187001905004003029079097
B2027013922264N12241823WA0187101906004003033086084
B2027023922264N12241817WA0187201906005003033097085
B2027033922263N12241810WA0187301907005003033107112
B2027043922261N12241805WA0187501910004003031112097
B2027053922259N12241800WA0187601911005003029117091
B2027063922257N12241795WA0187601912004003029118127
B2027073922255N12241790WA0187701912004003029118127
B2027083922253N12241785WA0187801913005003029117129
B2027093922251N12241779WA0188001915005003030116131
B2027103922249N12241775WA0188101917004003024113122
B2027113922248N12241771WA0188101916005003024104088
B2027123922248N12241767WA0188101916004003022089093
B2027133922248N12241763WA0188001914004003022087105
B2027143922248N12241757WA0187901913005003026093116
B2027153922247N12241751WA0187901914005003029102132
B2027163922246N12241746WA0188001916004003029107132
B2027173922245N12241742WA0188001917004003025107114
B2027183922245N12241739WA0188101918004003021102098
B2027193922244N12241735WA0188101917004003018091127
B2027203922245N12241731WA0188101917004003021078117
B2027213922246N12241727WA0188001915005003022065130
B2027223922248N12241724WA0187801913005003022053111
B2027233922250N12241720WA0187601911005003022055102
B2027243922252N12241716WA0187201907004003024066102
B2027253922253N12241711WA0186901903004003025080101
B2027263922252N12241706WA0186601899004003025104106
B2027273922251N12241703WA0186401900004003022151120
B2027283922249N12241702WA0186101900004003022167151
B2027293922244N12241702WA0186101900004003025164160
B2027303922240N12241700WA0186401903004003035183163
B2027313922235N12241701WA0187001905004003036218223
B2027323922232N12241707WA0187501911004003036246238
B2027333922229N12241716WA0187801910004003039275256
B2027343922230N12241725WA0188101910004003044290281
B2027353922234N12241736WA0188401911004003052296298
B2027363922238N12241743WA0188801916005003052307313
B2027373922243N12241750WA0189001917004003048328326
B2027383922250N12241754WA0189001917004003048347348
B2027393922257N12241755WA0188801918004003049004006
B2027403922265N12241752WA0188701916005003048022020
B2027413922272N12241748WA0188301915004003048053038
B2027423922275N12241739WA0187901910004003048070068
B2027433922277N12241729WA0187601912004003048088082
B2027443922277N12241719WA0187801915004003046098102
B2027453922276N12241713WA0188201918004003028097099
B2027463922275N12241708WA0188701919005003028087093
B2027473922275N12241705WA0189101919005003019077103
B2027483922275N12241702WA0189301920005003016073096
B2027493922275N12241699WA0189301922005003016097106
B2027503922274N12241695WA0189301922004003025110116
B2027513922273N12241690WA0189401924004003027125135
B2027523922270N12241686WA0189601927005003025154119
B2027533922267N12241686WA0189901933005003022178154
B2027543922264N12241686WA0190301937004003020180168
B2027553922263N12241686WA0190701937004003008118124
B2027563922263N12241684WA0190801939004003014063113
B2027573922265N12241681WA0190801939005003014051097
B2027583922267N12241677WA0190801939005003020056119
B2027593922269N12241673WA0190801940005003022065100
B2028003922270N12241669WA0190901942004003021065096
B2028013922271N12241666WA0191001943004003021079106
B2028023922271N12241662WA0191101944005003019099110
B2028033922269N12241655WA0191001944005003018106120
B2028043922269N12241651WA0190901943005003025094107
B2028053922268N12241646WA0191001945005003030088112
B2028063922268N12241641WA0191201947005003025077095
B2028073922270N12241637WA0191501951005003025062101
B2028083922271N12241634WA0191701951005003020047094
B2028093922273N12241632WA0191801951005003019050104
B2028103922275N12241628WA0191801951005003020067101
B2028113922275N12241624WA0191701950004003020085100
B2028123922275N12241619WA0191601949004003023089096
B2028133922276N12241614WA0191501949004003026085090
B2028143922276N12241609WA0191401949005003028081087
B2028153922277N12241603WA0191301948004003029081106
B2028163922278N12241597WA0191301947004003029081100
B2028173922278N12241592WA0191101946005003029087080
B2028183922278N12241587WA0190801943004003025088128
B2028193922278N12241582WA0190301942004003026090095
B2028203922278N12241577WA0189801937004003027091125
B2028213922278N12241572WA0189301931004003027089115
B2028223922278N12241567WA0188801926005003027088120
B2028233922278N12241561WA0188301921004003028088115
B2028243922278N12241556WA0187901918004003028088119
B2028253922279N12241551WA0187701916004003028085113
B2028263922279N12241546WA0187701916005003026089108
B2028273922279N12241542WA0187801917004003025096139
B2028283922279N12241540WA0188001918004003018092132
B2028293922279N12241539WA0188001919005003005083123
B2028303922279N12241538WA0188001919005003005077111
B2028313922279N12241537WA0187901917004003005106098
B2028323922278N12241534WA0187801917004003011114111
B2028333922276N12241530WA0187901918004003020119127
B2028343922274N12241526WA0188201919005003020119124
B2028353922273N12241523WA0188501923004003020110124
B2028363922273N12241520WA0188801926004003016088104
B2028373922274N12241517WA0188901928004003016076083
B2028383922275N12241512WA0189001929004003021074102
B2028393922276N12241507WA0189201930004003026075096
B2028403922276N12241503WA0189401932005003026082111
B2028413922276N12241498WA0189601934004003025092117
B2028423922276N12241493WA0189701936005003024103117
B2028433922274N12241489WA0189901937004003024113130
B2028443922272N12241484WA0190101939004003027131151
B2028453922268N12241482WA0190301942004003029160183
B2028463922264N12241482WA0190601945004003028186191
B2028473922260N12241484WA0190901949004003028208207
B2028483922258N12241487WA0191201951004003025224209
B2028493922255N12241490WA0191401953004003026234217
B2028503922254N12241495WA0191501954004003029244242
B2028513922252N12241501WA0191601955004003029253249
B2028523922251N12241508WA0191801957005003035261260
B2028533922251N12241516WA0192101960004003039275274
B2028543922253N12241523WA0192201962004003039292291
B2028553922256N12241529WA0192401964004003039314307
B2028563922261N12241533WA0192501965005003039337328
B2028573922267N12241534WA0192701966004003039000356
B2028593922273N12241532WA0192901968004003035023021
B2029003922276N12241528WA0193001970004003035048046
B2029013922277N12241523WA0193201972005003029072067
B2029023922278N12241518WA0193401974004003026084088
B2029033922278N12241514WA0193601976004003022096099
B2029043922277N12241510WA0193701978004003023111115
B2029053922275N12241506WA0193901979004003023121126
B2029063922273N12241502WA0194101981004003025127130
B2029073922270N12241498WA0194201983004003026130132
B2029083922268N12241494WA0194501986005003027133144
B2029093922265N12241491WA0194901989004003026146164
B2029103922262N12241490WA0195101992004003023170172
B2029113922259N12241490WA0195201991005003021200184
B2029123922256N12241492WA0195301991005003027211200
B2029133922252N12241495WA0195301991005003027218219
B2029143922249N12241500WA0195501993004003031234231
B2029153922247N12241506WA0195601995004003033256248
B2029163922248N12241513WA0195701997004003035279262
B2029173922249N12241520WA0196001997005003036304281
B2029183922252N12241525WA0196001997005003035321314
B2029193922257N12241529WA0196001997004003036342340
B2029203922263N12241530WA0196101997005003037353002
B2029213922270N12241530WA0196201998005003043006017
B2029223922276N12241528WA0196302000004003043020032
B2029233922280N12241524WA0196502003004003037039041
B2029243922283N12241520WA0196702006004003030060059
B2029253922284N12241515WA0196902008004003027072082
B2029263922284N12241510WA0197002009004003027079099
B2029273922285N12241505WA0197202010005003027089108
B2029283922284N12241499WA0197402013005003027108112
B2029293922282N12241495WA0197602015005003026118136
B2029303922280N12241491WA0197802017004003024117115
B2029313922279N12241487WA0197902018005003022114120
B2029323922278N12241483WA0197902018004003024114118
B2029333922276N12241479WA0197902018004003024120124
B2029343922274N12241475WA0197902018004003025122116
B2029353922272N12241470WA0197802018005003026112112
B2029363922271N12241465WA0197902018004003028105105
B2029373922270N12241460WA0198002020004003028105111
B2029383922268N12241454WA0198202023004003028108107
B2029393922267N12241449WA0198402025005003029111116
B2029403922265N12241444WA0198702028004003029113115
B2029413922263N12241439WA0198902030004003029116119
B2029423922261N12241434WA0199102032005003029120112
B2029433922260N12241430WA0199202034005003026117120
B2029443922258N12241426WA0199302034005003025108113
B2029453922257N12241421WA0199402035005003025104112
B2029463922256N12241415WA0199502037004003031107119
B2029473922254N12241409WA0199702039004003032109122
B2029483922253N12241403WA0199802040004003031111118
B2029493922251N12241398WA0200002042004003032112118
B2029503922249N12241392WA0200102042004003032115121
B2029513922247N12241386WA0200302045004003030117118
B2029523922245N12241382WA0200402047005003030113123
B2029533922244N12241378WA0200602048004003025107118
B2029543922243N12241374WA0200602048004003024106129
B2029553922242N12241369WA0200502047005003024108127
B2029563922240N12241363WA0200502046004003032110121
B2029573922238N12241357WA0200502046005003032113117
B2029583922236N12241352WA0200502047005003032116114
B2029593922234N12241347WA0200502048004003030117121
B2030003922232N12241342WA0200602048004003029118123
B2030013922228N12241333WA0200602048004003028119124
B2030023922226N12241328WA0200502047005003028119112
B2030033922224N12241323WA0200402046005003028117116
B2030043922222N12241318WA0200302045004003029114113
B2030053922220N12241313WA0200202044004003027117127
B2030063922218N12241309WA0200202043004003028124125
B2030073922216N12241304WA0200102042005003028125126
B2030083922213N12241299WA0200002042004003030126116
B2030093922211N12241295WA0199902041004003030125132
B2030103922208N12241290WA0199902041004003026121134
B2030113922206N12241286WA0200002041004003026121134
B2030123922204N12241282WA0199902041004003025123123
B2030133922202N12241278WA0199802040005003025120116
B2030143922201N12241273WA0199702039004003027107091
B2030153922200N12241266WA0199602038004003034093090
B2030163922200N12241260WA0199502037005003034084088
B2030173922200N12241253WA0199602037005003034089091
B2030183922200N12241247WA0199602037005003033101105
B2030193922198N12241242WA0199502037004003032111102
B2030203922197N12241237WA0199402035005003027108092
B2030213922196N12241231WA0199202033004003031100096
B2030223922195N12241225WA0199102031004003031096101
B2030233922195N12241218WA0199002031004003035097111
B2030243922194N12241211WA0199002032004003035104121
B2030253922192N12241206WA0199102033004003029110101
B2030263922191N12241201WA0199202034004003029112111
B2030273922189N12241196WA0199302034004003027110103
B2030283922188N12241191WA0199202033005003027108105
B2030293922186N12241185WA0199202033005003031107120
B2030303922184N12241178WA0199202033004003035110117
B2030313922182N12241172WA0199202034004003035114117
B2030323922180N12241167WA0199302034004003033113111
B2030333922179N12241162WA0199402034005003031110111
B2030343922177N12241156WA0199402034004003030109110
B2030353922176N12241151WA0199302034004003031106117
B2030363922175N12241145WA0199302033004003031105110
B2030373922173N12241139WA0199202033004003031104116
B2030383922172N12241133WA0199202032004003032102107
B2030393922171N12241127WA0199202032005003032100107
B2030403922171N12241121WA0199102032004003029098101
B2030413922170N12241116WA0199102031004003029096107
B2030423922170N12241110WA0199002030004003029092112
B2030433922170N12241104WA0198902029004003030087103
B2030443922170N12241098WA0198802029004003031085103
B2030453922171N12241092WA0198802029004003031086109
B2030463922171N12241086WA0198702028004003032088101
B2030473922171N12241080WA0198502027004003032090095
B2030483922171N12241074WA0198302025004003032089097
B2030493922171N12241068WA0198102022004003032087097
B2030503922172N12241061WA0197902019004003034087099
B2030513922172N12241054WA0197602017004003035089109
B2030523922172N12241048WA0197402016004003034093123
B2030533922172N12241041WA0197402016004003034090089
B2030543922172N12241036WA0197402016004003031077061
B2030553922174N12241031WA0197402016004003032059062
B2030563922178N12241026WA0197402015005003033046061
B2030573922181N12241022WA0197302014004003032043075
B2030583922184N12241018WA0197102013004003031048072
B2030593922186N12241014WA0197002012004003026061083
B2031003922188N12241009WA0196802010004003032069089
B2031013922190N12241002WA0196602009004003039070087
B2031023922192N12240994WA0196502009004003039072116
B2031033922193N12240988WA0196602010004003039074111
B2031053922194N12240982WA0196702011004003030079097
B2031063922194N12240976WA0196802012004003030086110
B2031073922194N12240971WA0196902013004003029089111
B2031083922195N12240965WA0196902013004003029089107
B2031093922194N12240959WA0196902013004003033090107
B2031103922194N12240952WA0196902013004003034090111
B2031113922194N12240946WA0197002013004003034092113
B2031123922194N12240939WA0197002013004003034095111
B2031133922193N12240933WA0197002013004003034096116
B2031143922193N12240927WA0197002013004003031095116
B2031153922192N12240921WA0197002012004003031094109
B2031163922192N12240915WA0196802011004003031094102
B2031173922192N12240909WA0196702009004003031095108
B2031183922191N12240902WA0196702009004003032097114
B2031193922190N12240897WA0196602009004003027096108
B2031203922190N12240892WA0196602008004003027097112
B2031213922189N12240888WA0196402007004003024099119
B2031223922189N12240884WA0196302005004003022098112
B2031233922188N12240879WA0196002002004003022098116
B2031243922188N12240874WA0195702001004003029100110
B2031253922187N12240868WA0195301998004003032103121
B2031263922186N12240862WA0195101998004003031105123
B2031273922185N12240857WA0194901996004003031101105
B2031283922184N12240852WA0194801994004003027096111
B2031293922184N12240848WA0194601992004003024098112
B2031303922183N12240843WA0194401990004003025103127
B2031313922182N12240838WA0194201988004003025105145
B2031323922181N12240833WA0194101987004003025102145
B2031333922180N12240829WA0194101985004003023105131
B2031343922179N12240826WA0193801984004003020114143
B2031353922178N12240822WA0193601981004003024119130
B2031363922176N12240818WA0193401982004003024119115
B2031373922173N12240813WA0193401982004003029117149
B2031383922172N12240808WA0193501983004003029110128
B2031393922171N12240804WA0193601984004003021105118
B2031403922170N12240800WA0193701983004003021099123
B2031413922170N12240796WA0193601982004003021097125
B2031423922169N12240791WA0193401979004003025098118
B2031433922168N12240785WA0193201977004003029097123
B2031443922168N12240779WA0193101976004003028094125
B2031453922168N12240774WA0193001974004003028093131
B2031463922167N12240770WA0192901973004003026096121
B2031473922167N12240765WA0192701970004003026098135
B2031483922167N12240760WA0192501968004003026095109
B2031493922166N12240754WA0192301967004003031093115
B2031503922166N12240748WA0192201965004003031088115
B2031513922167N12240742WA0192101963004003031083102
B2031523922167N12240735WA0191801961004003032082103
B2031533922168N12240728WA0191601958004003035081096
B2031543922169N12240720WA0191401956004003041079097
B2031553922171N12240712WA0191301955004003041074088
B2031563922173N12240704WA0191201954004003041070099
B2031573922175N12240697WA0191101953004003042069083
B2031583922177N12240689WA0191001952004003042071096
B2031593922179N12240681WA0191001952004003042076096
B2032003922180N12240673WA0191001951004003042077099
B2032013922181N12240666WA0190901951004003041075087
B2032023922183N12240659WA0190901950004003040071083
B2032033922185N12240652WA0190801949004003039071095
B2032043922187N12240644WA0190801949004003038073092
B2032053922188N12240637WA0190701948004003038073092
B2032063922190N12240630WA0190701948004003038072078
B2032073922192N12240623WA0190701947004003038070081
B2032083922194N12240617WA0190601947004003037069082
B2032093922196N12240611WA0190501945004003035069078
B2032103922197N12240604WA0190301943004003036069084
B2032113922199N12240597WA0190001940004003036070080
B2032123922201N12240590WA0189701937004003038072091
B2032133922203N12240583WA0189501935004003038074090
B2032143922204N12240576WA0189301933004003037075083
B2032153922205N12240570WA0189101931004003037076081
B2032163922207N12240563WA0188901928004003036075094
B2032173922208N12240556WA0188601925004003036075086
B2032183922209N12240549WA0188401922004003038076094
B2032193922211N12240541WA0188101920004003039075093
B2032203922212N12240534WA0188001918004003039073083
B2032213922214N12240527WA0187801917004003038072093
B2032223922216N12240521WA0187701916004003036072096
B2032233922217N12240515WA0187601914004003035072097
B2032243922219N12240508WA0187401912004003036073087
B2032253922220N12240501WA0187201911004003036076097
B2032263922221N12240494WA0187101909004003036081102
B2032273922222N12240488WA0186901908004003036085108
B2032283922222N12240481WA0186801906004003034086099
B2032293922222N12240475WA0186701905004003033085092
B2032303922223N12240469WA0186501903004003033084095
B2032313922223N12240462WA0186301901004003033083093
B2032323922224N12240456WA0186201899004003033081098
B2032333922225N12240449WA0186001897004003034079093
B2032343922226N12240442WA0185801896004003035081108
B2032353922226N12240436WA0185701895004003035085118
B2032363922226N12240430WA0185601893004003033088116
B2032373922226N12240424WA0185401891004003031090107
B2032383922226N12240418WA0185201889004003031089106
B2032393922226N12240411WA0185001887004003034089113
B2032403922226N12240404WA0184801885004003035092116
B2032413922226N12240398WA0184701884004003035094099
B2032423922226N12240384WA0184401881004003036089099
B2032433922226N12240376WA0184301880004003037084089
B2032443922227N12240369WA0184301879004003037078092
B2032453922228N12240363WA0184201878004003037072076
B2032463922230N12240356WA0184001877004003036069090
B2032473922232N12240349WA0183801875004003036069070
B2032483922234N12240342WA0183701873004003039070065
B2032493922236N12240335WA0183601871004003042066054
B2032503922240N12240328WA0183501870004003042058051
B2032513922243N12240321WA0183401870004003043050042
B2032523922247N12240315WA0183401869004003043048069
B2032533922251N12240310WA0183201869004003036050079
B2032543922254N12240304WA0183001868004003039057059
B2032553922257N12240297WA0182901866005003039060089
B2032563922261N12240290WA0182801864004003044057079
B2032573922264N12240283WA0182701864004003044057076
B2032583922267N12240276WA0182601863004003041062092
B2032593922270N12240269WA0182501861004003041068093
B2033003922271N12240262WA0182401860004003038073090
B2033013922273N12240255WA0182201858004003038075092
B2033023922274N12240247WA0182101856004003039076098
B2033033922276N12240240WA0182001855004003039077093
B2033043922277N12240233WA0181901855004003039078107
B2033053922278N12240226WA0181901854004003037078089
B2033063922279N12240220WA0181801854004003034077091
B2033073922280N12240213WA0181801853004003034078084
B2033083922281N12240207WA0181701852004003034080083
B2033093922282N12240200WA0181601851004003034080086
B2033113922282N12240194WA0181501850004003032079096
B2033123922283N12240188WA0181301848004003032082098
B2033133922284N12240181WA0181101846004003035086104
B2033143922284N12240174WA0180901844004003036084084
B2033153922285N12240167WA0180801843004003036083096
B2033163922285N12240160WA0180701842004003036086106
B2033173922285N12240154WA0180601840004003036088094
B2033183922285N12240147WA0180501839004003034086089
B2033193922286N12240140WA0180401838004003035081074
B2033203922287N12240134WA0180301836004003035077093
B2033213922288N12240127WA0180101835004003036078093
B2033223922289N12240120WA0180001834004003036081102
B2033233922290N12240113WA0179901834004003035083087
B2033243922291N12240106WA0179901834004003035080080
B2033253922292N12240100WA0179901834004003035075070
B2033263922293N12240093WA0179901833004003035073090
B2033273922295N12240086WA0179801832004003036071094
B2033283922297N12240080WA0179701831004003037071087
B2033293922298N12240073WA0179601829004003037074109
B2033303922300N12240066WA0179501828004003037074098
B2033313922301N12240059WA0179301827004003036074095
B2033323922303N12240052WA0179201826004003036074090
B2033333922304N12240045WA0179101824004003037074102
B2033343922306N12240039WA0178901822004003037073086
B2033353922307N12240032WA0178701820004003037073095
B2033363922309N12240024WA0178501817004003038074098
B2033373922311N12240016WA0178401818004003042075094
B2033383922312N12240008WA0178301818004003040075108
B2033393922314N12240001WA0178301818004003040075108
B2033403922315N12239995WA0178301818004003035073103
B2033413922316N12239989WA0178201816004003033073104
B2033423922318N12239983WA0178001813004003033076099
B2033433922319N12239975WA0177701811004003040080099
B2033443922320N12239968WA0177601809004003040080095
B2033453922321N12239960WA0177501808004003040078092
B2033463922322N12239953WA0177301806004003039075093
B2033473922324N12239946WA0177001803004003039074089
B2033483922325N12239938WA0176801801004003042075095
B2033493922327N12239930WA0176601798004003043074093
B2033503922329N12239922WA0176401796004003043071083
B2033513922331N12239914WA0176201795004003043068079
B2033523922334N12239907WA0176101793004003042066081
B2033533922336N12239900WA0175901792004003041067094
B2033543922338N12239892WA0175801790004003041072089
B2033553922340N12239885WA0175701789004003040076103
B2033563922341N12239877WA0175501787004003040079101
B2033573922342N12239870WA0175401785004003040080088
B2033583922343N12239862WA0175301784004003041082097
B2033593922344N12239854WA0175101783004003041082090
B2034003922344N12239846WA0175001782004003041082091
B2034013922345N12239838WA0174901781004003042081097
B2034023922346N12239830WA0174801779004003042079097
B2034033922348N12239822WA0174701778004003040078103
B2034043922349N12239815WA0174501776004003040079088
B2034053922350N12239807WA0174201773004003039080094
B2034063922351N12239800WA0174001770004003038080091
B2034073922351N12239793WA0173701767004003038080102
B2034083922353N12239786WA0173401764004003039078092
B2034093922354N12239778WA0173101761004003039077092
B2034103922355N12239771WA0172801758004003039077080
B2034113922356N12239763WA0172501755004003040079100
B2034123922357N12239756WA0172201752004003040080101
B2034133922358N12239748WA0172001750004003039080096
B2034143922359N12239741WA0171801747004003039079104
B2034153922360N12239733WA0171601745004003039079098
B2034163922361N12239726WA0171401743004003039078097
B2034173922363N12239719WA0171201741004003038076085
B2034183922364N12239712WA0171001738004003038074085
B2034193922366N12239705WA0170701735004003040074096
B2034203922367N12239697WA0170401733004003040076103
B2034213922368N12239689WA0170201731004003041079103
B2034223922369N12239682WA0170001729004003041080090
B2034233922371N12239674WA0169801727004003039077089
B2034243922372N12239667WA0169601725004003039074072
B2034253922374N12239660WA0169401722004003039071099
B2034263922376N12239653WA0169201720004003039071093
B2034273922377N12239645WA0168901717004003039074100
B2034283922379N12239638WA0168701715004003039077106
B2034293922380N12239631WA0168401712004003039081090
B2034303922380N12239624WA0168201709004003038084100
B2034313922381N12239616WA0167901706004003038082089
B2034323922382N12239608WA0167601703004003039078089
B2034333922384N12239600WA0167301700004003042078093
B2034343922385N12239592WA0167101698004003042080104
B2034353922385N12239585WA0166801695004003041082086
B2034363922386N12239578WA0166601693004003038082082
B2034373922387N12239572WA0166401690004003034081096
B2034383922388N12239565WA0166101686004003035079092
B2034393922389N12239558WA0165701683004003038080103
B2034403922390N12239551WA0165501680004003038081107
B2034413922390N12239543WA0165201678004003039080091
B2034423922392N12239536WA0165001676004003039076096
B2034433922393N12239529WA0164801674004003038074090
B2034443922395N12239522WA0164501671004003039074100
B2034453922396N12239515WA0164301668004003039076097
B2034463922397N12239507WA0164001666004003039077089
B2034473922399N12239500WA0163801663004003039077091
B2034483922400N12239492WA0163601661004003039076089
B2034493922402N12239485WA0163401659004003040076093
B2034503922403N12239477WA0163201657004003040075093
B2034513922405N12239470WA0163001655004003040075090
B2034523922406N12239462WA0162801653004003041074093
B2034533922408N12239454WA0162601651004003042075085
B2034543922411N12239439WA0162401648004003041075080
B2034553922413N12239431WA0162201646004003041073083
B2034563922414N12239424WA0162001644004003041072087
B2034573922416N12239416WA0161801642004003043072083
B2034583922418N12239407WA0161601640004003044073096
B2034593922420N12239399WA0161401639004003043076085
B2035003922421N12239391WA0161401638004003043077089
B2035013922423N12239384WA0161301636004003041076082
B2035023922424N12239377WA0161101635004003040075084
B2035033922426N12239369WA0160901633004003041074093
B2035043922427N12239361WA0160701630004003041075096
B2035053922429N12239354WA0160501628004003041077095
B2035063922430N12239346WA0160301626004003040078093
B2035073922431N12239338WA0160101624004003041076088
B2035083922433N12239331WA0159901622004003041073087
B2035093922435N12239324WA0159801621004003041072097
B2035103922436N12239317WA0159601619004003039074095
B2035113922438N12239310WA0159401617004003037076094
B2035123922439N12239303WA0159201614004003038077088
B2035133922440N12239295WA0158901611004003041077089
B2035143922441N12239287WA0158701609004003041077092
B2035153922443N12239279WA0158601608004003041076092
B2035173922444N12239272WA0158401607004003039075098
B2035183922446N12239264WA0158301605004003039074091
B2035193922447N12239257WA0158101603004003039075089
B2035203922449N12239250WA0157901601004003039075081
B2035213922450N12239242WA0157701599004003040072094
B2035223922453N12239235WA0157501597004003040068105
B2035233922455N12239228WA0157401595004003040069107
B2035243922457N12239221WA0157301594004003038069105
B2035253922459N12239215WA0157101592004003036067100
B2035263922461N12239208WA0156901590004003036067100
B2035273922463N12239202WA0156701587004003037070096
B2035283922464N12239195WA0156401585004003037075110
B2035293922465N12239188WA0156201583004003036078097
B2035303922466N12239181WA0156001581004003035080104
B2035313922467N12239175WA0155901579004003035080105
B2035323922468N12239168WA0155701577004003035081112
B2035333922468N12239161WA0155501575004003035085116
B2035343922468N12239155WA0155401573004003034088115
B2035353922468N12239149WA0155201571004003032090116
B2035363922468N12239143WA0155001569004003032091114
B2035373922468N12239136WA0154801567004003032090115
B2035383922468N12239130WA0154601566004003032090118
B2035393922468N12239124WA0154401564004003032092116
B2035403922468N12239118WA0154301562004003031094118
B2035413922467N12239112WA0154101560004003031094116
B2035423922467N12239106WA0153901558004003031094114
B2035433922467N12239100WA0153701556004003031093116
B2035443922467N12239095WA0153601555004003031093121
B2035453922466N12239089WA0153401553004003030092109
B2035463922466N12239083WA0153201551004003030090112
B2035473922466N12239077WA0153001549004003031089108
B2035483922466N12239071WA0152801547004003032089113
B2035493922466N12239065WA0152701545004003031090114
B2035503922466N12239059WA0152501543004003031089113
B2035513922466N12239053WA0152301541004003031088110
B2035523922466N12239047WA0152101539004003031089108
B2035533922466N12239041WA0151901537004003032090112
B2035543922466N12239035WA0151801535004003032090113
B2035553922466N12239028WA0151601534004003032090114
B2035563922466N12239022WA0151401532004003032090114
B2035573922466N12239016WA0151301531004003031090112
B2035583922466N12239011WA0151201529004003031090114
B2035593922466N12239005WA0151001528004003030090110
B2036003922466N12238999WA0150801526004003030091108
B2036013922466N12238993WA0150601525004003030091114
B2036023922466N12238987WA0150401523004003033091116
B2036033922466N12238981WA0150301522004003033093124
B2036043922465N12238975WA0150201520004003032097123
B2036053922465N12238969WA0150101519004003031099120
B2036063922464N12238963WA0149901518004003030098117
B2036073922463N12238957WA0149801516004003031097114
B2036083922463N12238951WA0149701514004003031097120
B2036093922462N12238945WA0149601513004003031099115
B2036103922461N12238940WA0149501512004003031099115
B2036113922461N12238934WA0149401511004003030097104
B2036123922460N12238928WA0149201510004003030095110
B2036133922460N12238923WA0149101508004003032095107
B2036143922459N12238916WA0148901506004003032096115
B2036153922458N12238910WA0148801505004003033096097
B2036163922458N12238903WA0148701504004003035092088
B2036173922458N12238896WA0148601502004003036086077
B2036183922459N12238888WA0148401501004003040080087
B2036193922460N12238880WA0148301499004003040081097
B2036203922461N12238872WA0148101497004003043087097
B2036213922460N12238863WA0148001496004003043093110
B2036223922460N12238855WA0147901497004003039097098
B2036233922459N12238848WA0148001497004003039097107
B2036243922458N12238842WA0148001497004003035095114
B2036253922458N12238836WA0147901496004003032095120
B2036263922457N12238830WA0147701493004003032098120
B2036273922456N12238822WA0147501491004003039101105
B2036283922455N12238815WA0147301488004003041102122
B2036293922454N12238807WA0147101487004003039102116
B2036303922452N12238800WA0147101487004003039102120
B2036313922451N12238794WA0147001486004003036099114
B2036323922451N12238788WA0146901486004003033095095
B2036333922450N12238781WA0146901484004003036095095
B2036343922450N12238774WA0146801484004003036095109
B2036353922450N12238767WA0146801484004003036094124
B2036363922449N12238761WA0146801484004003034097130
B2036373922448N12238755WA0146801484004003029103140
B2036383922447N12238750WA0146701483004003029108133
B2036393922445N12238745WA0146601481004003028113137
B2036403922443N12238740WA0146401479004003028118124
B2036413922441N12238735WA0146201478004003029122131
B2036423922439N12238730WA0146201477004003029124124
B2036433922436N12238726WA0146101477004003029125124
B2036443922434N12238722WA0146001476004003026124136
B2036453922432N12238718WA0146001475004003025127143
B2036463922429N12238714WA0145901474004003025128152
B2036473922427N12238710WA0145701472004003029127142
B2036483922424N12238705WA0145601471004003029127140
B2036493922422N12238701WA0145501470004003028126151
B2036503922418N12238693WA0145301467004003025122131
B2036513922415N12238689WA0145101464004003029125136
B2036523922412N12238684WA0144801462004003035130134
B2036533922408N12238679WA0144701463004003035132139
B2036543922404N12238673WA0144701463004003035130129
B2036553922402N12238669WA0144901465004003033124122
B2036563922399N12238664WA0144901464004003025118116
B2036573922398N12238661WA0144801462004003025123133
B2036583922396N12238657WA0144601459004003023136169
B2036593922393N12238655WA0144301455004003023150172
B2037003922389N12238653WA0143901451004003025161170
B2037013922385N12238652WA0143501447004003028169165
B2037023922381N12238651WA0143201444004003029172171
B2037033922376N12238651WA0142901441004003029172169
B2037043922372N12238650WA0142601438004003029171162
B2037053922368N12238649WA0142401435004003029170167
B2037063922363N12238648WA0142101433004003028170171
B2037073922359N12238647WA0141801429004003028170167
B2037083922355N12238646WA0141501426004003028172162
B2037093922352N12238646WA0141201423004003026180186
B2037103922348N12238647WA0140901419004003025194193
B2037113922344N12238649WA0140501415004003028206188
B2037123922341N12238652WA0140201411004003030210195
B2037133922337N12238655WA0139801408004003029210189
B2037143922333N12238657WA0139501405004003029211191
B2037153922330N12238660WA0139201402004003028213186
B2037163922326N12238663WA0138901398004003028210157
B2037173922322N12238665WA0138601395004003028196155
B2037183922318N12238666WA0138301391004003028178151
B2037193922314N12238664WA0138001388004003028161146
B2037203922310N12238662WA0137801387004003028146152
B2037223922308N12238659WA0137601385004003023136139
B2037233922305N12238656WA0137401383004003023136142
B2037243922303N12238653WA0137101380004003023143151
B2037253922299N12238650WA0136901377004003023146144
B2037263922296N12238647WA0136801376004003027147140
B2037273922292N12238644WA0136701376004003029148140
B2037283922289N12238641WA0136701376004003029144136
B2037293922286N12238638WA0136801377004003026139133
B2037303922283N12238635WA0136801377004003024135154
B2037313922281N12238632WA0136801377004003022132129
B2037323922279N12238630WA0136701376004003018141144
B2037333922277N12238628WA0136701376004003019151132
B2037343922274N12238626WA0136701375004003019154148
B2037353922272N12238624WA0136701376004003020151127
B2037363922269N12238623WA0136701376004003020142138
B2037373922268N12238621WA0136701376004003015137138
B2037383922266N12238619WA0136701376004003015141158
B2037393922265N12238618WA0136501373004003012147165
B2037403922264N12238617WA0136301370004003011154160
B2037413922262N12238616WA0135901366004003011165148
B2037423922259N12238615WA0135601363004003021169158
B2037433922256N12238615WA0135401361004003021163139
B2037443922253N12238613WA0135201359004003021145125
B2037453922251N12238610WA0135001357004003019124116
B2037463922250N12238607WA0134801355004003019102105
B2037473922250N12238602WA0134501352004003026087095
B2037483922251N12238597WA0134201349004003030073087
B2037493922253N12238591WA0134001347004003030064078
B2037503922255N12238586WA0133901347004003030062079
B2037513922257N12238581WA0133801345004003030062081
B2037523922259N12238577WA0133601344004003019070096
B2037533922259N12238574WA0133301340004003019090116
B2037543922258N12238571WA0132901336004003019122129
B2037553922255N12238567WA0132501331004003022145157
B2037563922251N12238564WA0132201332004003029170175
B2037573922246N12238564WA0132001332004003025188172
B2037583922243N12238565WA0131901330004003025195155
B2037593922240N12238566WA0131601328004003021190164
B2038003922237N12238567WA0131201327004003021186165
B2038013922232N12238568WA0130701321004003027188179
B2038023922226N12238570WA0130301322004003039192174
B2038033922221N12238572WA0130201322004003039197183
B2038043922216N12238574WA0130101321004003035203165
B2038053922213N12238576WA0130001320004003028206172
B2038063922211N12238578WA0129801316004003022207169
B2038073922208N12238579WA0129501312004003019203182
B2038083922205N12238580WA0129101307004003024195176
B2038093922201N12238582WA0128701302004003024190170
B2038103922196N12238583WA0128301298004003029191173
B2038113922190N12238584WA0128101294004003035190174
B2038123922185N12238585WA0127901293004003035189176
B2038133922180N12238586WA0127801291004003035190153
B2038143922175N12238588WA0127601288004003035194160
B2038153922169N12238590WA0127401286004003037195163
B2038163922163N12238592WA0127301284004003041190165
B2038173922157N12238592WA0127301284004003034182162
B2038183922153N12238593WA0127301284004003034182163
B2038193922149N12238593WA0127301284004003029193170
B2038203922144N12238595WA0127301283004003029203186
B2038213922140N12238598WA0127201282004003030208184
B2038223922135N12238602WA0127101280004003038207179
B2038233922130N12238605WA0127101280004003038202172
B2038243922125N12238607WA0127201281004003036198179
B2038253922121N12238609WA0127301282004003032200168
B2038263922118N12238611WA0127301283004003027203199
B2038273922114N12238613WA0127301282004003025205178
B2038283922111N12238615WA0127301281004003026203176
B2038293922107N12238616WA0127101279004003026196178
B2038303922103N12238618WA0127001277004003027191169
B2038313922099N12238619WA0126801275004003027196168
B2038323922095N12238620WA0126701274004003028196165
B2038333922091N12238622WA0126501272004003030193160
B2038343922087N12238623WA0126401271004003028190168
B2038353922083N12238624WA0126301267004003028189162
B2038363922079N12238624WA0126201266004003026185167
B2038373922075N12238625WA0126001264004003026180153
B2038383922071N12238624WA0125901263004003026175143
B2038393922068N12238624WA0125801262004003024171157
B2038403922065N12238623WA0125701260004003021167157
B2038413922062N12238622WA0125501257004003021165163
B2038423922055N12238620WA0125001252004003025167152
B2038433922052N12238619WA0124801251004003024166152
B2038443922049N12238618WA0124601248004003022163152
B2038453922045N12238617WA0124401246004003022164154
B2038463922042N12238616WA0124201243004003022174137
B2038473922039N12238616WA0124001241004003022179148
B2038483922036N12238616WA0123801239004003022174146
B2038493922032N12238615WA0123601236004003022165146
B2038503922029N12238613WA0123301233004003023159151
B2038513922025N12238611WA0123001231004003026161135
B2038523922022N12238610WA0122801228004003026155115
B2038533922019N12238607WA0122501226004003024137126
B2038543922017N12238603WA0122301223004003024123113
B2038553922015N12238599WA0122001220004003025120127
B2038563922013N12238595WA0121701217004003026120113
B2038573922011N12238590WA0121501215004003026121124
B2038583922009N12238586WA0121301212004003026121119
B2038593922007N12238582WA0121101210004003026124126
B2039003922004N12238578WA0120901208004003027126125
B2039013922002N12238573WA0120701206004003027127128
B2039023921999N12238569WA0120501204004003027126119
B2039033921997N12238566WA0120301202004003026128124
B2039043921995N12238562WA0120101200004003024129120
B2039053921993N12238558WA0119901198004003024126122
B2039063921991N12238554WA0119701195004003026123126
B2039073921988N12238550WA0119501193004003027125137
B2039083921986N12238546WA0119301191004003027130137
B2039093921983N12238542WA0119201190004003027133137
B2039103921980N12238539WA0119101190004003027134142
B2039113921978N12238536WA0119001189004003022140142
B2039123921975N12238534WA0118901187004003022149137
B2039133921972N12238532WA0118701185004003022151141
B2039143921969N12238529WA0118501182004003024148137
B2039153921966N12238526WA0118301181004003026149151
B2039163921962N12238524WA0118201180004003024160159
B2039173921959N12238523WA0118101179004003024169158
B2039183921956N12238523WA0118001177004003022173154
B2039193921952N12238522WA0117801175004003022173160
B2039203921949N12238522WA0117601172004003023175161
B2039213921945N12238522WA0117301170004003027181161
B2039223921940N12238523WA0117201168004003028187166
B2039233921936N12238523WA0117001166004003028189163
B2039243921932N12238524WA0116801164004003028188167
B2039253921928N12238525WA0116601162004003028188166
B2039263921923N12238526WA0116401160004003031190174
B2039283921918N12238527WA0116201158004003032192169
B2039293921914N12238529WA0116101157004003031193166
B2039303921910N12238530WA0115901155004003031193164
B2039313921905N12238532WA0115801153004003030193165
B2039323921901N12238533WA0115601151004003030191155
B2039333921896N12238534WA0115401149004003029185157
B2039343921892N12238534WA0115101146004003029179156
B2039353921887N12238533WA0114801142004003031179166
B2039363921881N12238534WA0114501140004003037187163
B2039373921876N12238535WA0114301138004003037192177
B2039383921871N12238537WA0114201136004003037192157
B2039393921865N12238538WA0114001136004003037187161
B2039403921860N12238539WA0113801133004003036185165
B2039413921854N12238540WA0113501131004003038189163
B2039423921849N12238542WA0113301129004003039193166
B2039433921843N12238544WA0113201127004003039195155
B2039443921838N12238545WA0113101126004003039194168
B2039453921832N12238547WA0112901124004003037196170
B2039463921827N12238549WA0112701122004003037198176
B2039473921822N12238552WA0112501120004003038197175
B2039483921816N12238554WA0112301117004003038193175
B2039493921810N12238555WA0112101114004003040190172
B2039503921804N12238557WA0111801113004003041191173
B2039513921798N12238559WA0111701111004003041194172
B2039523921792N12238561WA0111601110004003041196167
B2039533921787N12238563WA0111401109004003040194167
B2039543921781N12238564WA0111301107004003038190170
B2039553921776N12238565WA0111101105004003037189171
B2039563921770N12238567WA0111001103004003038189167
B2039573921764N12238568WA0110801102004003039191164
B2039583921759N12238570WA0110701101004003038194172
B2039593921753N12238572WA0110601100004003038196169
B2040003921748N12238574WA0110501098004003037194171
B2040013921742N12238575WA0110401097004003038190173
B2040023921737N12238576WA0110201095004003039188171
B2040033921731N12238578WA0110101094004003039190171
B2040043921725N12238579WA0110001093004003039191172
B2040053921720N12238581WA0109901092004003038191176
B2040063921714N12238582WA0109801091004003036190176
B2040073921709N12238583WA0109701089004003038189178
B2040083921703N12238584WA0109501087004003038187175
B2040093921697N12238585WA0109301085004003041185175
B2040103921690N12238586WA0109201085004003041181173
B2040113921685N12238586WA0109201085004003038180173
B2040123921679N12238586WA0109101084004003038183170
B2040133921673N12238586WA0109101084004003038183168
B2040143921668N12238587WA0109001083004003037183172
B2040153921662N12238587WA0109001083004003037181168
B2040163921657N12238587WA0108901082004003037182168
B2040173921651N12238588WA0108801081004003038185166
B2040183921645N12238589WA0108701080004003038187164
B2040193921634N12238591WA0108501077004003038191161
B2040203921629N12238593WA0108401076004003040194170
B2040213921623N12238595WA0108301075004003040196167
B2040223921617N12238597WA0108301075004003040195168
B2040233921612N12238599WA0108201074004003038190171
B2040243921607N12238600WA0108101073004003036187171
B2040253921601N12238601WA0108101072004003036189164
B2040263921596N12238602WA0108201074004003036189161
B2040273921592N12238602WA0108301075004003033182157
B2040283921589N12238602WA0108301076004003025171162
B2040293921587N12238601WA0108301075004003018170155
B2040303921584N12238601WA0108301074004003021180166
B2040313921580N12238602WA0108201073004003025189168
B2040323921577N12238603WA0108001071004003025196168
B2040333921572N12238605WA0107901070004003028201166
B2040343921569N12238607WA0107801069004003029207171
B2040353921565N12238610WA0107601067004003030211183
B2040363921561N12238613WA0107501065004003030212165
B2040373921557N12238617WA0107201063004003030210184
B2040383921553N12238619WA0107001060004003030204174
B2040393921549N12238621WA0106801057004003030198174
B2040403921545N12238623WA0106501054004003029196176
B2040413921541N12238624WA0106201052004003029197173
B2040423921536N12238626WA0106001050004003029203175
B2040433921533N12238629WA0105801048004003028208181
B2040443921529N12238631WA0105601045004003027209187
B2040453921526N12238634WA0105301045004003030207186
B2040463921521N12238636WA0105001041004003034200185
B2040473921516N12238638WA0104901039004003034196180
B2040483921510N12238640WA0104701038004003037196181
B2040493921505N12238643WA0104601037004003037198177
B2040503921500N12238644WA0104601037004003032191185
B2040513921495N12238645WA0104601037004003033181178
B2040523921490N12238645WA0104601037004003033180147
B2040533921485N12238645WA0104901039004003033183143
B2040543921482N12238645WA0105301043004003030186139
B2040553921479N12238646WA0105601047004003014192155
B2040563921478N12238647WA0105901050004003014193168
B2040573921475N12238648WA0106101051004003014202189
B2040583921472N12238650WA0106301053004003018211194
B2040593921469N12238652WA0106401053004003023216204
B2041003921467N12238655WA0106301053004003026219182
B2041013921463N12238659WA0106301053005003028214192
B2041023921459N12238662WA0106201052004003028207181
B2041033921454N12238665WA0106201052004003034205180
B2041043921449N12238668WA0106301053004003036207172
B2041053921445N12238671WA0106401054004003034205181
B2041063921440N12238674WA0106501055004003034204166
B2041073921436N12238677WA0106701056004003033210172
B2041083921432N12238679WA0106801058004003030212186
B2041093921429N12238682WA0106801058004003027208187
B2041103921426N12238684WA0106801059004003024205179
B2041113921423N12238686WA0106901059004003025210179
B2041123921420N12238688WA0106901059004003024206186
B2041133921416N12238690WA0106801058004003024198189
B2041143921413N12238691WA0106901058004003023189172
B2041153921410N12238692WA0106901059004003023190170
B2041163921406N12238693WA0107001060004003024200165
B2041173921403N12238695WA0107101061004003024209177
B2041183921400N12238698WA0107101061004003025207177
B2041193921397N12238699WA0107101061004003025196176
B2041203921394N12238700WA0107001060004003019184167
B2041213921391N12238700WA0106901059004003020182180
B2041223921387N12238700WA0106801059004003020193173
B2041233921384N12238702WA0106701057004003024197173
B2041243921380N12238703WA0106501056004003024192167
B2041253921377N12238703WA0106401055004003017177187
B2041263921376N12238702WA0106301053004003017151188
B2041273921375N12238702WA0106001050004003010166175
B2041283921373N12238702WA0105601045004003010194186
B2041293921370N12238703WA0105201040004003015203165
B2041303921367N12238705WA0104701036004003022201174
B2041313921364N12238706WA0104301031004003025197176
B2041323921360N12238708WA0103801026004003025195181
B2041343921356N12238709WA0103501027004003028198172
B2041353921352N12238711WA0103201024004003028199162
B2041363921348N12238713WA0103001022004003028195169
B2041373921345N12238713WA0102801019004003024188160
B2041383921342N12238714WA0102501016004003021186176
B2041393921339N12238714WA0102201012004003020193164
B2041403921336N12238716WA0101901009004003024196172
B2041413921332N12238717WA0101701007004003030190178
B2041423921327N12238718WA0101701008004003030186164
B2041433921322N12238719WA0101801008004003030191176
B2041443921319N12238720WA0101901010004003028194161
B2041453921316N12238721WA0102001009004003022195171
B2041463921312N12238722WA0101901008004003024194161
B2041473921308N12238723WA0101901008004003024193189
B2041483921303N12238725WA0101801006004003030199182
B2041493921298N12238728WA0101801006004003035207171
B2041503921294N12238732WA0101801007004003036212190
B2041513921289N12238735WA0101901008004003037209178
B2041523921284N12238738WA0101901008004003036202204
B2041533921279N12238741WA0101901008004003036198165
B2041543921274N12238743WA0101901008004003035201156
B2041553921270N12238745WA0101901008004003030197170
B2041563921266N12238746WA0101801007004003030186166
B2041573921262N12238746WA0101701005004003027182166
B2041583921258N12238746WA0101501004004003025184171
B2041593921255N12238747WA0101401002004003025187171
B2042003921251N12238748WA0101200999004003026189170
B2042013921247N12238749WA0100900997004003026191156
B2042023921243N12238750WA0100700994004003025197164
B2042033921240N12238752WA0100400991004003025201175
B2042043921236N12238754WA0100100987004003025200182
B2042053921232N12238755WA0099800983004003031195185
B2042063921223N12238757WA0099300979004003031189169
B2042073921218N12238758WA0099100977004003030185163
B2042083921214N12238759WA0098900975004003028185175
B2042093921210N12238759WA0098700972004003029186169
B2042103921205N12238760WA0098400969004003032186179
B2042113921200N12238761WA0098200966004003032185161
B2042123921195N12238761WA0097900964004003034187162
B2042133921190N12238763WA0097700961004003035191157
B2042143921184N12238765WA0097500958004003038200163
B2042153921179N12238768WA0097200956004003038206189
B2042163921174N12238771WA0097000956004003038208187
B2042173921170N12238774WA0096600954004003037204189
B2042183921164N12238777WA0096200950004003037200174
B2042193921158N12238779WA0096000947004003038195183
B2042203921153N12238781WA0095700945004003038191170
B2042213921148N12238782WA0095500942004003036189164
B2042223921143N12238783WA0095300939004003034190146
B2042233921139N12238784WA0095000936004003032187169
B2042243921134N12238784WA0094700932004003032181168
B2042253921129N12238784WA0094300928004003036180166
B2042263921123N12238785WA0094000925004003036184177
B2042273921117N12238785WA0093900925004003037193168
B2042283921112N12238787WA0093800924004003037197166
B2042293921108N12238789WA0093700924004003031197168
B2042303921103N12238791WA0093700923004003031194170
B2042313921099N12238793WA0093600921004003031194150
B2042323921094N12238794WA0093500920004003032199164
B2042333921089N12238797WA0093300918004003033200182
B2042343921084N12238799WA0093100916004003035196163
B2042353921079N12238801WA0093000914004003036194169
B2042363921074N12238802WA0092800912004003036189163
B2042373921068N12238803WA0092700911004003037185172
B2042383921062N12238804WA0092800912004003037188171
B2042393921057N12238805WA0092900913004003034191161
B2042403921052N12238806WA0092900912004003034194163
B2042413921048N12238808WA0092800911004003030192173
B2042423921044N12238809WA0092600909004003028187170
B2042433921040N12238809WA0092500907004003028185168
B2042443921036N12238810WA0092300905004003028187163
B2042453921032N12238811WA0092100902004003030191167
B2042463921027N12238812WA0091900900004003028191174
B2042473921023N12238813WA0091700898004003028184169
B2042483921020N12238813WA0091500896004003025180169
B2042493921017N12238813WA0091300894004003023181164
B2042503921013N12238813WA0091000891004003024179167
B2042513921009N12238813WA0090800888004003024178168
B2042523921005N12238813WA0090600886004003025177165
B2042533921001N12238813WA0090300883004003027185175
B2042543920997N12238814WA0090100881004003033199185
B2042553920992N12238818WA0089900878004003037210198
B2042563920987N12238822WA0089600876004003037215187
B2042573920982N12238826WA0089400874004003039216191
B2042583920977N12238831WA0089200872004003040215197
B2042593920973N12238836WA0089000870004003041217202
B2043003920968N12238841WA0088900868004003041219203
B2043013920963N12238846WA0088700866004003041220185
B2043023920958N12238850WA0088500864004003040215169
B2043033920954N12238854WA0088300861004003039205173
B2043043920948N12238856WA0088000858004003038196180
B2043053920943N12238858WA0087800856004003039196180
B2043063920937N12238861WA0087600855004003039201178
B2043073920932N12238864WA0087500853004003039205170
B2043083920927N12238867WA0087300851004003039208188
B2043093920921N12238872WA0087100849004003044209195
B2043103920915N12238876WA0086900846004003049213202
B2043113920909N12238882WA0086600846004003049218199
B2043123920903N12238888WA0086500845004003049222195
B2043133920898N12238895WA0086300843004003049227197
B2043143920894N12238902WA0086100840004003050232213
B2043153920889N12238911WA0085800836004003054234211
B2043163920884N12238920WA0085500833004003054232234
B2043173920878N12238929WA0085300834004003059232218
B2043183920873N12238938WA0085300834004003059235255
B2043193920869N12238946WA0085300833004003048239212
B2043203920866N12238953WA0085200832004003048247241
B2043213920863N12238961WA0084900830004003044250243
B2043223920862N12238969WA0084500829004003044253231
B2043233920860N12238979WA0084100828004003049249265
B2043243920856N12238989WA0083900824004003057244235
B2043253920852N12238999WA0083700821004003057240253
B2043263920848N12239007WA0083400818004003053241234
B2043273920845N12239016WA0083100814004003051243243
B2043283920841N12239025WA0082700809004003051243230
B2043293920837N12239035WA0082300805004003055242222
B2043303920833N12239044WA0082000801004003056239220
B2043313920829N12239053WA0081600801004003056238223
B2043323920824N12239063WA0081300797004003056238212
B2043333920821N12239072WA0081000793004003056242242
B2043343920817N12239081WA0080700789004003051247243
B2043353920815N12239090WA0080300785004003052252239
B2043363920812N12239100WA0079900780004003052254229
B2043373920810N12239110WA0079500776004003054253247
B2043383920807N12239120WA0079200773004003054249249
B2043393920804N12239130WA0078900769004003054247252
B2043403920801N12239139WA0078600766004003054248256
B2043413920799N12239149WA0078300763004003053249248
B2043423920796N12239159WA0078100760004003053248244
B2043433920793N12239168WA0077800757004003053246234
B2043443920789N12239177WA0077600755004003052244239
B2043453920786N12239186WA0077400752004003054242240
B2043463920782N12239195WA0077200751004003054240231
B2043473920778N12239204WA0077000751004003054239232
B2043483920774N12239213WA0076900749004003053236237
B2043493920770N12239220WA0076600747004003047235253
B2043503920766N12239228WA0076400743004003047237243
B2043513920762N12239236WA0076100742004003047240235
B2043523920758N12239245WA0075700738004003050239235
B2043533920754N12239253WA0075400734004003051237210
B2043543920750N12239261WA0075100734004003051240216
B2043553920747N12239270WA0075000733004003049240240
B2043563920743N12239277WA0075000732004003049238260
B2043573920740N12239284WA0074900731004003045238250
B2043583920737N12239291WA0074800730004003039243249
B2043593920735N12239298WA0074700728004003041246235
B2044003920732N12239305WA0074600725004003040245230
B2044013920730N12239312WA0074400723004003040241222
B2044023920726N12239319WA0074200719004003040239227
B2044033920723N12239326WA0073800716004003045240247
B2044043920720N12239334WA0073500712004003046243253
B2044053920717N12239342WA0073200708004003045247244
B2044063920715N12239350WA0072900705004003045249248
B2044073920713N12239358WA0072600701004003045250241
B2044083920710N12239367WA0072300700005003047250247
B2044093920708N12239376WA0071900696004003049251248
B2044103920706N12239385WA0071600693004003049254257
B2044113920704N12239395WA0071300689004003050257260
B2044123920703N12239404WA0071000686004003050260269
B2044133920702N12239414WA0070800683004003048263277
B2044143920701N12239423WA0070500680004003048266271
B2044153920701N12239432WA0070400678004003048270277
B2044163920701N12239442WA0070200677004003048271270
B2044173920701N12239451WA0070200676004003048272274
B2044183920702N12239459WA0070100674004003043272273
B2044193920702N12239467WA0069900672004003044274284
B2044203920703N12239476WA0069600669004003044275277
B2044213920704N12239486WA0069400666004003047276274
B2044223920705N12239495WA0069200666004003050275280
B2044233920705N12239504WA0069100665004003046274283
B2044243920706N12239513WA0068900664004003046277264
B2044253920707N12239520WA0068600663004003041283296
B2044263920708N12239528WA0068400659004003041287293
B2044273920711N12239536WA0068000654004003041291297
B2044283920713N12239544WA0067500649004003047293300
B2044293920716N12239552WA0067100644004003049293308
B2044303920719N12239561WA0066800640004003048295287
B2044313920722N12239569WA0066500636004003048298278
B2044323920726N12239576WA0066200633004003045303317
B2044333920730N12239583WA0065800628004003042308312
B2044343920734N12239589WA0065500623004003045314314
B2044353920739N12239595WA0065000618004003045316322
B2044363920744N12239601WA0064600614004003047316313
B2044373920750N12239607WA0064300610004003047317320
B2044383920755N12239613WA0064000607004003046320330
B2044393920760N12239618WA0063700603004003046323334
B2044403920766N12239624WA0063400600004003046325329
B2044413920772N12239628WA0063200601004003047326326
B2044423920778N12239633WA0063100600004003047328329
B2044433920783N12239638WA0063100600004003041327329
B2044443920788N12239642WA0063100599004003041322333
B2044453920792N12239647WA0063000597004003037316332
B2044463920796N12239652WA0062700596004003037312330
B2044473920800N12239658WA0062400591004003039312325
B2044483920805N12239664WA0062200588004003051315337
B2044493920811N12239671WA0062000586004003052317345
B2044503920816N12239678WA0061900586004003051316336
B2044513920821N12239684WA0061800585004003047309328
B2044523920824N12239690WA0061800584004003042306345
B2044533920828N12239696WA0061600581004003038310338
B2044543920832N12239701WA0061300578004003039321345
B2044553920837N12239705WA0061100574004003039331347
B2044563920843N12239708WA0060800574004003040337000
B2044573920848N12239711WA0060700574004003040341011
B2044583920853N12239713WA0060700573004003033343004
B2044593920858N12239714WA0060600572004003033343007
B2045003920863N12239716WA0060500570004003033346009
B2045013920868N12239717WA0060300568004003035351010
B2045023920874N12239718WA0060200567004003036356348
B2045033920879N12239718WA0060200567004003033355352
B2045043920884N12239719WA0060200566004003033352355
B2045053920888N12239720WA0060000564004003032353000
B2045063920893N12239720WA0059900565004003032357011
B2045073920897N12239721WA0060000566004003029356004
B2045083920900N12239721WA0060100566004003024355003
B2045093920904N12239721WA0060200567004003024359009
B2045103920907N12239721WA0060200567004003024010007
B2045113920911N12239719WA0060300567004003025016034
B2045123920915N12239718WA0060300568004003026011018
B2045133920919N12239718WA0060500569004003025002008
B2045143920923N12239718WA0060600570004003026353001
B2045153920927N12239719WA0060600570004003026344011
B2045163920931N12239721WA0060800571004003030335023
B2045173920935N12239724WA0060900572004003030332020
B2045183920938N12239725WA0061000574004003019338017
B2045193920940N12239726WA0061100574004003019355027
B2045203920941N12239726WA0061100573004003014023048
B2045213920943N12239724WA0060900572004003012050066
B2045223920944N12239722WA0060800572004003012050060
B2045233920946N12239720WA0060800572004003016029058
B2045243920949N12239719WA0060800571004003021012042
B2045253920952N12239719WA0060800571004003021357028
B2045263920957N12239721WA0060800571004003026336015
B2045273920960N12239724WA0060700570004003030321348
B2045283920964N12239728WA0060700570004003028310337
B2045293920966N12239732WA0060600569004003028315335
B2045303920969N12239736WA0060600569004003028323338
B2045313920973N12239739WA0060700570004003030316350
B2045323920977N12239744WA0060900570004003033297329
B2045333920978N12239751WA0061100573004003032283330
B2045343920978N12239757WA0061300575004003032273303
B2045353920978N12239763WA0061300574004003030277289
B2045363920979N12239768WA0061300573004003030284286
B2045373920981N12239775WA0061100571004003031285291
B2045383920982N12239782WA0061000570004003037284294
B2045393920984N12239788WA0060900570004003037298291
B2045403920988N12239792WA0060800569004003035326311
B2045413920992N12239794WA0060700569004003030346345
B2045423920995N12239794WA0060800569004003025347011
B2045433920998N12239796WA0060900570004003019337017
B2045443921001N12239797WA0061000571004003019332027
B2045453921003N12239798WA0060900570004003019342023
B2045463921005N12239799WA0060800570004003017000032
B2045473921007N12239798WA0060800569004003015009036
B2045483921010N12239798WA0060800569004003016005038
B2045493921012N12239798WA0060800569004003015000028
B2045503921014N12239798WA0060800569004003015356019
B2045513921016N12239798WA0060700568004003017344016
B2045523921019N12239800WA0060600568004003022327008
B2045533921022N12239803WA0060500567004003022317344
B2045543921026N12239807WA0060400566004003030313349
B2045553921029N12239812WA0060300565004003035314347
B2045563921033N12239817WA0060200565004003035316000
B2045573921036N12239820WA0060200564004003030318354
B2045583921038N12239823WA0060100563004003025322355
B2045593921041N12239825WA0059900560004003021335007
B2046003921044N12239826WA0059600557004003021005025
B2046013921046N12239824WA0059400555004003019041051
B2046023921046N12239821WA0059200554004003015093074
B2046033921045N12239819WA0059100553004003014127099
B2046043921044N12239817WA0059000552004003014128099
B2046053921043N12239815WA0058900551004003012106098
B2046063921043N12239813WA0058600548004003012076096
B2046073921044N12239810WA0058500546004003015086084
B2046083921043N12239807WA0058300545004003017103078
B2046093921043N12239804WA0058300544004003015099084
B2046103921043N12239802WA0058200543004003015072080
B2046113921045N12239800WA0058100542004003016041076
B2046123921046N12239798WA0058000542004003016039061
B2046133921048N12239796WA0057900542004003015056074
B2046143921049N12239794WA0057900541004003011076072
B2046153921049N12239793WA0057900541004003008084067
B2046163921049N12239791WA0057900540004003008078076
B2046173921049N12239790WA0057800540004003007062071
B2046183921050N12239790WA0057700538004003005021090
B2046193921051N12239790WA0057500536004003005017071
B2046203921052N12239789WA0057200534004003008028069
B2046213921053N12239788WA0057000532004003010031075
B2046223921054N12239787WA0057000530004003010032069
B2046233921056N12239785WA0056800528004003013041079
B2046243921057N12239783WA0056600527004003013066084
B2046253921057N12239781WA0056500525004003010083088
B2046263921058N12239780WA0056400524004003010068087
B2046273921058N12239778WA0056200523004003009045070
B2046283921059N12239777WA0056100523004003008028090
B2046293921060N12239777WA0056000522004003007028100
B2046303921060N12239778WA0056100522004003002028108
B2046313921060N12239778WA0056100522004003002028087
B2046323921060N12239778WA0056100522004003002028087
B2046333921060N12239777WA0056000522004003002028094
B2046343921060N12239777WA0056100522004003001028089
B2046353921060N12239777WA0056100521004003000028092
B2046363921060N12239777WA0056100521004003002028081
B2046373921060N12239776WA0056100521004003002028082
B2046383921060N12239775WA0056100521004003003087081
B2046393921060N12239774WA0056100521004003004087086
B2046403921060N12239774WA0056100521004003004090102
B2046413921060N12239773WA0056000521004003005085086
B2046423921060N12239772WA0056000521004003005104094
B2046433921060N12239770WA0056100521004003005136121
B2046443921059N12239770WA0056100521004003005164128
B2046453921059N12239769WA0056100521004003003164093
B2046463921059N12239769WA0056100521004003004104098
B2046473921059N12239768WA0056100521004003004110108
B2046483921058N12239767WA0056100521004003004112099
B2046493921058N12239766WA0056000521004003005120114
B2046503921057N12239765WA0056000520004003006120110
B2046513921057N12239764WA0056100521004003006120131
B2046523921057N12239765WA0056100520004003001120132
B2046533921058N12239765WA0056100521004003001120145
B2046543921058N12239765WA0056100520004003001120135
B2046553921058N12239765WA0056100520004003001120124
B2046563921058N12239765WA0056100521004003001120125
B2046573921058N12239765WA0056100520004003001120132
B2046583921058N12239765WA0056100520004003001120132
B2046593921058N12239765WA0056100520004003001120134
B2047003921058N12239765WA0056100520004003002120137
B2047013921058N12239765WA0056100520004003002120131
B2047023921058N12239765WA0056100520004003000120124
B2047033921058N12239765WA0056100520004003001120114
B2047043921058N12239765WA0056100520004003000120113
B2047053921058N12239765WA0056100520004003000120112
B2047063921058N12239765WA0056100519004003001120109
B2047073921058N12239765WA0056100519004003000120108
B2047083921058N12239765WA0056100520004003000120108
B2047093921058N12239765WA0056100520004003000120107
B2047103921058N12239765WA0056100520005003000120107
B2047113921058N12239765WA0056100520004003000120106
B2047123921058N12239765WA0056100520004003000120106
B2047133921058N12239765WA0056100519004003000120106
B2047143921058N12239765WA0056100520004003000120107
B2047153921058N12239766WA0056100519004003002120106
B2047163921058N12239767WA0056100519004003003120106
B2047173921058N12239767WA0056100520004003003264106
Gqwz7sZhqywSR5YmM4ETKQFmI5bZLPOsrhZMCEUtTIOfMOy4eY7UsqhHOcMawjtVh
GBCC3FHMO2nKxeyrSnsY3okrZj/l3rcFPFOVdaxfrW7pq1SiN3mpHgUsETDbWlouZ
GAGHYPvi08dmtxZc6JSQ8UM/UTysiOGPzvajYcTYKzqE=
