AXFH000
HFDTE250726
HFPLTPILOT:KaranS
HFGTYGLIDERTYPE:Phi Symphonia 2
HFDTM100GPSDATUM:WGS84
HFRFWFIRMWAREVERSION:9.7
HFRHWHARDWAREVERSION:iPhone 17 Pro
HFFTYFRTYPE:Flyskyhy,9.7
HFGPS:Internal
HFPRSVARIO:XC Tracer
HFCCLCOMPETITIONCLASS:Paraglider
HFTZNTIMEZONE:-7
HFSITSITE:Tollhouse,US
I053638FXA3941VXA4244GSP4547CCO4850HDT
C250726012954240726000111TASK
C0000000N00000000ETAKEOFF
C3920440N12241116W00010009999999000000360000STARTAREA POTLAU
C3922249N12241405W00000000001000000000360000TURNAREA SNOWVL
C3920978N12239724W00000000001000000000360000TURNAREA POTLZ
C3922249N12241405W00000000000400000000360000TURNAREA SNOWVL
C3920095N12241882W00000000001000000000360000TURNAREA TOP
C3922249N12241405W00000000000400000000360000TURNAREA SNOWVL
C3920982N12238798W00000000001000000000360000TURNAREA TROUGH
C3922249N12241405W00000000000400000000360000TURNAREA SNOWVL
C3920095N12241882W00000000000400000000360000TURNAREA TOP
C3920982N12238798W00000000001000000000360000TURNAREA TROUGH
C3920095N12241882W00000000000400000000360000TURNAREA TOP
C3920978N12239724W00000000001000000000360000TURNAREA POTLZ
C3920978N12239724W00000000000400000000360000FINISHAREA POTLZ
C0000000N00000000ELANDING
B0130233700896N11922397WA0123601236002003000348085
B0130243700896N11922397WA0123601236002003000348091
B0130253700896N11922397WA0123601236002003000348090
B0130263700896N11922397WA0123601236002003000348078
B0130273700896N11922397WA0123601236002003000348079
B0130283700896N11922397WA0123601236002003000348076
B0130293700896N11922397WA0123601236002003000348083
B0130303700896N11922397WA0123601236002003000348086
B0130313700896N11922397WA0123601236002003000348088
B0130323700896N11922397WA0123601236002003000348103
B0130333700896N11922397WA0123601236002003000348103
B0130343700896N11922397WA0123601236002003000348116
B0130353700896N11922397WA0123601236002003001348132
B0130363700896N11922397WA0123601236002003002189123
B0130373700896N11922397WA0123601236002003002119158
B0130383700895N11922397WA0123601236003003002107172
B0130393700895N11922396WA0123601236003003002111154
B0130403700895N11922396WA0123601236002003002086124
B0130413700895N11922396WA0123601236003003001086116
B0130423700895N11922396WA0123601236003003001086135
B0130433700895N11922396WA0123601235003003001253139
B0130443700895N11922396WA0123601236003003000253139
B0130453700895N11922396WA0123601236003003001253083
B0130463700896N11922396WA0123501235003003001265201
B0130473700895N11922397WA0123501235003003005254176
B0130483700895N11922399WA0123401235003003008247172
B0130493700894N11922402WA0123201234003003012240190
B0130503700891N11922406WA0123101234003003012238205
B0130513700889N11922410WA0123301235003003017237219
B0130523700888N11922414WA0123701237003003018239337
B0130533700887N11922416WA0124101237003003017244002
B0130543700886N11922418WA0124101238002003017247332
B0130553700885N11922421WA0124101239002003016240319
B0130563700884N11922423WA0124201240002003016230299
B0130573700882N11922425WA0124301241002003016215278
B0130583700879N11922426WA0124301242002003017199248
B0130593700876N11922427WA0124301242003003017188241
B0131003700872N11922428WA0124201241003003019179221
B0131013700866N11922427WA0124201242003003025173210
B0131023700860N11922426WA0124101242003003027169201
B0131033700854N11922424WA0124101242003003027167196
B0131043700847N11922422WA0124201243004003029173191
B0131053700840N11922421WA0124201244004003042178194
B0131063700833N11922421WA0124401245004003042178193
B0131073700827N11922420WA0124501247004003042176191
B0131083700821N11922419WA0124801250004003041174187
B0131093700816N11922418WA0124901252004003036171185
B0131103700810N11922417WA0125201254004003037162183
B0131113700805N11922414WA0125401254004003037153171
B0131123700799N11922410WA0125501254004003042149163
B0131133700793N11922405WA0125601255004003048148157
B0131143700787N11922400WA0125701258004003048149156
B0131153700781N11922396WA0125801260004003047151156
B0131163700775N11922393WA0126001262004003043152158
B0131173700770N11922390WA0126101263004003037155160
B0131183700765N11922387WA0126201264004003037162164
B0131193700760N11922386WA0126201263004003037174170
B0131203700754N11922387WA0126101263004003037189182
B0131223700750N11922390WA0126101263004003031211196
B0131233700747N11922393WA0126201265004003031232217
B0131243700746N11922396WA0126301267004003024245235
B0131253700746N11922399WA0126501269004003017243245
B0131263700745N11922400WA0126501269004003010235244
B0131273700744N11922402WA0126601269004003010234240
B0131283700743N11922403WA0126501269004003009252245
B0131293700743N11922405WA0126501268004003009267255
B0131303700743N11922407WA0126401267004003012268264
B0131313700743N11922410WA0126401268004003012261261
B0131323700743N11922412WA0126501268004003012258260
B0131333700742N11922414WA0126501269004003012260267
B0131343700742N11922416WA0126601270004003011274284
B0131353700743N11922418WA0126601270004003011291268
B0131363700744N11922419WA0126701271004003010308295
B0131373700745N11922421WA0126801272004003010305289
B0131383700746N11922423WA0126901273004003012300272
B0131393700747N11922425WA0126901274004003012303285
B0131403700748N11922426WA0127001274004003012317282
B0131413700749N11922427WA0127001274004003011326286
B0131423700750N11922429WA0127001274004003011325288
B0131433700752N11922430WA0127001274004003012320293
B0131443700753N11922432WA0127001274004003012316293
B0131453700755N11922433WA0127001275004003014319297
B0131463700756N11922435WA0127101276004003011332290
B0131473700758N11922435WA0127201277004003011358310
B0131483700759N11922434WA0127201277004003008018311
B0131493700760N11922434WA0127201276004003008013334
B0131503700762N11922434WA0127201276004003012009333
B0131513700764N11922433WA0127201276004003017022004
B0131523700767N11922430WA0127201276004003017047034
B0131533700769N11922424WA0127201275004003025066051
B0131543700770N11922416WA0127101274004003045088076
B0131553700769N11922407WA0127001274004003055114111
B0131563700763N11922398WA0126901273004003055131139
B0131573700756N11922393WA0126901273004003055153164
B0131583700749N11922389WA0126701272004003045187190
B0131593700743N11922393WA0126601271004003045209226
B0132003700741N11922397WA0126501271004003037231247
B0132013700739N11922400WA0126601272004003027239267
B0132023700738N11922402WA0126701273004003007212270
B0132033700737N11922402WA0126801272004003007192288
B0132043700736N11922403WA0126701272004003007203291
B0132053700734N11922404WA0126601270004003010227292
B0132063700733N11922407WA0126501269004003022232286
B0132073700730N11922411WA0126501270004003026223267
B0132083700726N11922414WA0126601272004003026205259
B0132093700721N11922415WA0126801273004003030187249
B0132103700716N11922415WA0126801273004003035177232
B0132113700710N11922415WA0126701272004003035179213
B0132123700705N11922415WA0126501270004003035186221
B0132133700700N11922417WA0126301267004003035191230
B0132143700694N11922418WA0126201266004003038191231
B0132153700689N11922420WA0126101266004003038192224
B0132163700684N11922422WA0126101266004003038194232
B0132173700679N11922423WA0126001265004003036197243
B0132183700675N11922425WA0126001265004003030201239
B0132193700670N11922428WA0125901263004003031207257
B0132203700666N11922431WA0125701260004003031213263
B0132213700663N11922435WA0125501258004003032219280
B0132223700660N11922439WA0125301257004003028229284
B0132233700658N11922442WA0125101255004003028239293
B0132243700657N11922445WA0125101254004003022254303
B0132253700657N11922447WA0124901252004003015285310
B0132263700658N11922449WA0124701252004003010326323
B0132273700660N11922449WA0124501249004003013352326
B0132283700662N11922449WA0124301247004003013008317
B0132293700665N11922448WA0124201246004003017015339
B0132303700668N11922447WA0124101245004003018018323
B0132313700670N11922446WA0124101245004003018017329
B0132323700672N11922445WA0124001244004003016018319
B0132333700675N11922444WA0124001243004003016021324
B0132343700677N11922443WA0123901243004003020023322
B0132353700680N11922441WA0123901243004003020019325
B0132363700683N11922441WA0123901243004003018013331
B0132373700685N11922440WA0123901243004003016018333
B0132383700687N11922438WA0123901243004003017027335
B0132393700689N11922437WA0124001243004003017033339
B0132403700691N11922435WA0124001243004003017034339
B0132413700694N11922433WA0123901243004003017031340
B0132423700696N11922431WA0123901242004003020026341
B0132433700699N11922430WA0123801241004003021020341
B0132443700702N11922429WA0123801242004003020019341
B0132453700704N11922428WA0123901242004003019019342
B0132463700706N11922427WA0124001243004003016013341
B0132473700709N11922426WA0124001243004003016007337
B0132483700711N11922426WA0124001243004003015007337
B0132493700712N11922426WA0124001243004003012003335
B0132503700714N11922426WA0124001242004003012352332
B0132513700716N11922427WA0123801241004003016341329
B0132523700719N11922428WA0123701240004003016338327
B0132533700721N11922429WA0123701240004003018340326
B0132543700723N11922430WA0123801241004003018346327
B0132553700725N11922430WA0123801241004003010351330
B0132563700726N11922431WA0123701239004003011342328
B0132573700728N11922432WA0123601237004003011333326
B0132583700731N11922433WA0123401236004003015336323
B0132593700734N11922434WA0123301236004003020346321
B0133003700737N11922435WA0123401236004003020356323
B0133013700740N11922435WA0123401236004003020002324
B0133023700742N11922435WA0123501236004003016000322
B0133033700743N11922434WA0123501236004003012006320
B0133043700744N11922434WA0123501235004003009012323
B0133053700745N11922434WA0123301234004003007003325
B0133063700747N11922434WA0123101232004003010342324
B0133073700748N11922435WA0122901229004003010333322
B0133083700751N11922437WA0122801230004003015334319
B0133093700753N11922438WA0122801230004003016338322
B0133103700755N11922439WA0122901232004003016344324
B0133113700756N11922439WA0122901232004003011357328
B0133123700757N11922439WA0122901231004003009002331
B0133133700759N11922439WA0122901231004003011357331
B0133143700761N11922439WA0122801230004003012348331
B0133153700763N11922440WA0122701229004003012339329
B0133163700764N11922441WA0122601228004003012332326
B0133173700766N11922442WA0122501227004003012331324
B0133183700767N11922443WA0122501227004003012326323
B0133193700768N11922444WA0122401226004003011324322
B0133203700770N11922445WA0122301224004003011330321
B0133213700772N11922446WA0122201223004003014334323
B0133223700774N11922447WA0122101222004003015336325
B0133233700776N11922449WA0122001221004003015333327
B0133243700778N11922450WA0122001221004003016331325
B0133253700780N11922451WA0121901221004003015333324
B0133263700782N11922452WA0121901220004003015338325
B0133273700784N11922453WA0121901220004003014343328
B0133283700786N11922454WA0121801219004003014349329
B0133293700789N11922454WA0121701217004003016353331
B0133303700791N11922455WA0121501216004003017355334
B0133313700794N11922455WA0121401214004003017350335
B0133323700796N11922456WA0121201212004003017342333
B0133333700799N11922457WA0121001211005003020339330
B0133343700802N11922459WA0121001210004003020337329
B0133353700804N11922460WA0120901210004003019333328
B0133363700806N11922461WA0120901209004003018333326
B0133373700809N11922463WA0120801209004003017339326
B0133383700811N11922463WA0120701207004003018346329
B0133393700814N11922464WA0120601206004003018350332
B0133403700817N11922464WA0120501205004003019354334
B0133413700820N11922465WA0120501205004003016357336
B0133423700821N11922465WA0120501204004003016343336
B0133433700822N11922466WA0120401203004003011305330
B0133443700823N11922469WA0120201201004003011283315
B0133453700823N11922472WA0120001199004003017280307
B0133463700824N11922475WA0119801198004003017289301
B0133473700825N11922478WA0119801198004003016313302
B0133483700827N11922479WA0119701197004003015336309
B0133493700829N11922479WA0119601196004003015350310
B0133503700832N11922480WA0119501195004003016357320
B0133513700834N11922479WA0119401193004003016359326
B0133523700837N11922479WA0119301192004003017358327
B0133533700840N11922480WA0119101190004003019353326
B0133543700843N11922481WA0119001189004003019345326
B0133553700845N11922482WA0119001189004003018340324
B0133563700847N11922482WA0118901188004003016344325
B0133573700849N11922483WA0118801187004003014347327
B0133583700851N11922484WA0118701185004003015345327
B0133593700853N11922485WA0118601183004003015338327
B0134003700855N11922486WA0118401183004003015315324
B0134013700856N11922488WA0118301182004003013278315
B0134023700855N11922491WA0118201180004003018243301
B0134033700852N11922494WA0118101179004003018223283
B0134043700849N11922497WA0117901178004003023209275
B0134053700844N11922499WA0117801176004003034195258
B0134063700838N11922500WA0117701175004003039182231
B0134073700832N11922499WA0117601175004003039171212
B0134083700826N11922497WA0117601174004003042162197
B0134093700820N11922494WA0117601174004003043155181
B0134103700815N11922490WA0117601174004003045151168
B0134113700809N11922485WA0117601174004003045145160
B0134123700804N11922480WA0117601174004003046140151
B0134133700798N11922474WA0117701175004003045134142
B0134143700794N11922468WA0118001178004003045133134
B0134153700790N11922464WA0118301181004003041142138
B0134163700787N11922461WA0118401180004003032168157
B0134173700783N11922461WA0118501180004003030200203
B0134183700779N11922465WA0118501179004003033221241
B0134193700777N11922471WA0118501180004003033247275
B0134203700777N11922476WA0118601181004003033278313
B0134213700780N11922479WA0118701183004003020326333
B0134223700782N11922480WA0118801183004003026030351
B0134233700785N11922476WA0118801184004003026047011
B0134243700789N11922471WA0118901184004003026049005
B0134253700791N11922468WA0119001186004003022041358
B0134263700794N11922467WA0119101186004003022012350
B0134273700797N11922466WA0119101186004003022341339
B0134283700800N11922469WA0119101187004003024325319
B0134293700802N11922472WA0119201189004003020303314
B0134303700803N11922476WA0119301190004003020280305
B0134313700803N11922479WA0119301190004003019277296
B0134323700804N11922483WA0119301190004003019285294
B0134333700805N11922486WA0119401191004003018289298
B0134343700806N11922489WA0119401192004003018289302
B0134353700806N11922493WA0119501192004003018284301
B0134363700807N11922496WA0119601193004003019269298
B0134373700806N11922500WA0119701194004003022249290
B0134383700803N11922504WA0119801196004003026232274
B0134393700800N11922508WA0119901197004003026217258
B0134403700796N11922510WA0120001198004003028195245
B0134413700791N11922510WA0120101198004003038176221
B0134423700785N11922509WA0120101199004003046155188
B0134433700779N11922504WA0120201201004003046144158
B0134443700774N11922498WA0120401201005003046127142
B0134453700772N11922492WA0120401200004003036097118
B0134463700772N11922485WA0120301199004003037070076
B0134473700775N11922479WA0120301200004003036044049
B0134483700779N11922477WA0120201200004003034018025
B0134493700783N11922477WA0120201201004003022346003
B0134503700786N11922480WA0120201201004003022323337
B0134513700789N11922483WA0120201201004003022314322
B0134523700791N11922485WA0120201202004003022317311
B0134533700794N11922487WA0120301203004003019329315
B0134543700796N11922488WA0120401204004003019344318
B0134553700799N11922489WA0120401203004003017356328
B0134563700802N11922489WA0120401203004003017355329
B0134573700805N11922490WA0120401203004003024345324
B0134583700809N11922491WA0120401205004003024335322
B0134593700812N11922494WA0120601206004003024324316
B0135003700814N11922497WA0120701209004003023313310
B0135013700815N11922499WA0121001210004003020291304
B0135023700816N11922502WA0121101210004003017257293
B0135033700814N11922506WA0121101211004003023239273
B0135043700811N11922509WA0121201212004003023226259
B0135053700807N11922513WA0121401214004003027211249
B0135063700803N11922515WA0121501214004003028191233
B0135073700799N11922514WA0121601215004003030172212
B0135083700794N11922513WA0121601215004003033152190
B0135093700789N11922509WA0121501214004003033139162
B0135103700785N11922502WA0121401212004003040130142
B0135113700781N11922495WA0121301213004003045113129
B0135123700780N11922486WA0121201212004003046098106
B0135133700781N11922478WA0121201212004003046078087
B0135143700783N11922472WA0121301213004003042060065
B0135153700786N11922468WA0121401214004003035044043
B0135163700789N11922466WA0121501216004003027027025
B0135173700792N11922465WA0121501216004003018005005
B0135183700794N11922466WA0121601217004003018337342
B0135193700796N11922469WA0121701218004003018314324
B0135203700798N11922471WA0121801220004003018304308
B0135213700799N11922474WA0121901221004003018305302
B0135223700801N11922476WA0122001222004003017314302
B0135233700803N11922478WA0122101223004003018337306
B0135243700806N11922478WA0122201223004003018009318
B0135253700810N11922476WA0122201223004003021026317
B0135263700813N11922474WA0122301223004003019025326
B0135273700815N11922473WA0122201222004003019350327
B0135283700817N11922475WA0122001219004003017307308
B0135293700818N11922478WA0121801219004003017289295
B0135303700819N11922482WA0121801220004003018284282
B0135313700819N11922485WA0121801220004003018292291
B0135323700820N11922486WA0121901220004003011302288
B0135333700820N11922486WA0121801219004003007308295
B0135343700821N11922488WA0121701217004003010312291
B0135353700822N11922489WA0121501217004003017316284
B0135363700824N11922492WA0121401217004003017312280
B0135373700826N11922495WA0121301217004003021303277
B0135383700827N11922499WA0121301217004003020283272
B0135393700826N11922502WA0121401218004003020254262
B0135403700825N11922505WA0121501218004003017221250
B0135413700822N11922506WA0121401217004003017193238
B0135423700818N11922506WA0121301215004003029181223
B0135433700812N11922505WA0121201213004003037172198
B0135443700807N11922503WA0121201213004003037159182
B0135453700801N11922499WA0121101213004003041141168
B0135463700798N11922492WA0121101212004003043119143
B0135473700797N11922484WA0121001210004003045096113
B0135483700798N11922475WA0120701207004003044070082
B0135493700803N11922470WA0120501205004003044040051
B0135503700808N11922468WA0120401204004003037006020
B0135513700813N11922468WA0120401204004003037343347
B0135523700815N11922471WA0120501207004003030316329
B0135533700816N11922473WA0120601207004003017293309
B0135543700816N11922474WA0120601207004003006288293
B0135553700816N11922475WA0120501206004003007287291
B0135563700816N11922477WA0120401204004003007282291
B0135573700817N11922480WA0120101201004003012279284
B0135583700817N11922484WA0120001200004003019277281
B0135593700817N11922487WA0120001200004003019264277
B0136003700816N11922490WA0120001201004003017239270
B0136013700814N11922492WA0120001200004003017219258
B0136023700812N11922494WA0119901199004003020215249
B0136033700810N11922497WA0119801198004003021226254
B0136043700808N11922500WA0119701197004003020246262
B0136053700808N11922503WA0119601196004003019273272
B0136063700809N11922506WA0119601195004003014305285
B0136073700811N11922507WA0119501194004003015328300
B0136083700813N11922509WA0119401193004003015335297
B0136093700815N11922510WA0119401193004003017332300
B0136103700817N11922512WA0119301192004003018324299
B0136113700819N11922514WA0119201191004003018319298
B0136123700821N11922516WA0119101190004003018316296
B0136133700823N11922519WA0119001189004003018312297
B0136143700825N11922521WA0118901188004003018307297
B0136153700827N11922524WA0118801186004003019307295
B0136163700828N11922527WA0118701185004003019303291
B0136173700830N11922531WA0118601184004003020288287
B0136183700830N11922536WA0118501183004003026269278
B0136193700829N11922540WA0118501183004003027252270
B0136203700828N11922545WA0118501184004003026245256
B0136213700826N11922549WA0118601185004003026248255
B0136223700825N11922553WA0118601185004003023259263
B0136233700825N11922558WA0118701185004003025267280
B0136243700824N11922562WA0118901188004003023265275
B0136253700824N11922566WA0119201190004003023264295
B0136263700824N11922568WA0119301193004003012277292
B0136273700825N11922570WA0119501192004003012304303
B0136283700826N11922572WA0119501192004003012340316
B0136293700830N11922571WA0119501191004003016011331
B0136303700834N11922568WA0119501192004003031037353
B0136313700837N11922562WA0119501192004003039064025
B0136323700838N11922554WA0119401192004003039087062
B0136333700836N11922545WA0119401192004003044106091
B0136343700833N11922538WA0119501192004003048123123
B0136353700827N11922532WA0119501193004003048140145
B0136363700821N11922528WA0119601193004003046158170
B0136373700815N11922526WA0119701193004003044183196
B0136383700809N11922529WA0119601194004003040200221
B0136393700805N11922533WA0119701195004003040218235
B0136403700802N11922537WA0119801196004003036236247
B0136413700800N11922542WA0120001197004003029256261
B0136423700801N11922546WA0120101198004003019285278
B0136433700803N11922548WA0120201199004003019317296
B0136443700805N11922550WA0120201199004003019354313
B0136453700808N11922550WA0120301199004003019025334
B0136463700812N11922546WA0120401201004003030049354
B0136473700814N11922540WA0120501202004003035068027
B0136483700815N11922532WA0120701204004003035084057
B0136493700815N11922525WA0120701204004003037100076
B0136503700812N11922519WA0120701205004003038114103
B0136513700809N11922512WA0120701205004003040121123
B0136523700806N11922506WA0120701204004003040129133
B0136533700801N11922500WA0120701204004003043140157
B0136543700794N11922496WA0120701205004003046152172
B0136553700788N11922492WA0120801205004003046169199
B0136563700782N11922493WA0120901207004003044188211
B0136573700777N11922496WA0121001208004003040206227
B0136583700773N11922500WA0121101208004003032224242
B0136593700771N11922505WA0121101209004003032241255
B0137003700770N11922509WA0121101210004003029260269
B0137013700770N11922514WA0121201210004003025283281
B0137023700772N11922517WA0121201211004003023309297
B0137033700775N11922519WA0121301212004003023339313
B0137043700779N11922519WA0121401213004003023006330
B0137053700782N11922517WA0121501214004003024034349
B0137063700785N11922512WA0121601215004003028059010
B0137073700786N11922505WA0121701216004003041083037
B0137083700785N11922497WA0121701216004003045107075
B0137093700781N11922490WA0121701216004003045130107
B0137103700774N11922485WA0121801216004003048153138
B0137113700766N11922483WA0121801216004003050176167
B0137123700760N11922486WA0121801217004003045202192
B0137133700756N11922492WA0121801218004003045234219
B0137143700756N11922497WA0121901219004003038267248
B0137153700758N11922501WA0122001220004003030303275
B0137163700760N11922505WA0122101220004003024344302
B0137173700764N11922503WA0122101220004003025019329
B0137183700767N11922499WA0122201221004003030046355
B0137193700770N11922493WA0122301222004003030066021
B0137203700770N11922486WA0122401224004003035086042
B0137213700770N11922479WA0122401223004003035121069
B0137223700766N11922473WA0122501223004003044142124
B0137233700759N11922470WA0122501224004003044162152
B0137243700753N11922471WA0122501224004003043195177
B0137253700749N11922476WA0122501224004003039230213
B0137263700746N11922481WA0122501224004003035264246
B0137273700747N11922487WA0122701225004003023293277
B0137283700750N11922490WA0122801227004003023308298
B0137293700752N11922492WA0122901227004003019300299
B0137303700752N11922495WA0122901227004003018280291
B0137313700752N11922499WA0122801227004003018268284
B0137323700752N11922504WA0122801227004003024268294
B0137333700753N11922508WA0122901228004003024281293
B0137343700754N11922511WA0123101229004003021309308
B0137353700757N11922513WA0123001229004003019340320
B0137363700760N11922513WA0123001229004003020001333
B0137373700763N11922512WA0123001229004003021018339
B0137383700766N11922510WA0123001229004003021031355
B0137393700769N11922507WA0123001229004003023040009
B0137403700771N11922503WA0122901228004003032054039
B0137413700774N11922497WA0122901228004003036068048
B0137423700774N11922490WA0122901229004003036087073
B0137433700773N11922482WA0122901230004003038105085
B0137443700770N11922475WA0123001230004003041118106
B0137453700767N11922469WA0123101231004003041123118
B0137463700763N11922464WA0123301233004003040130137
B0137473700760N11922459WA0123401233004003037143150
B0137483700755N11922456WA0123401232004003037157175
B0137493700749N11922455WA0123401233004003037173197
B0137503700745N11922455WA0123401233004003036193220
B0137513700741N11922458WA0123301232004003030222237
B0137523700740N11922463WA0123101230004003024261260
B0137533700741N11922467WA0123101230004003024289289
B0137543700744N11922470WA0123101230004003024315307
B0137553700747N11922472WA0123101231004003022344311
B0137563700750N11922472WA0123201232004003021359318
B0137573700753N11922472WA0123201232004003022003326
B0137583700756N11922471WA0123201232004003021000318
B0137593700759N11922472WA0123201232004003021352318
B0138003700761N11922473WA0123201232004003018332315
B0138013700763N11922476WA0123201232004003019310311
B0138023700765N11922479WA0123201232004003019298302
B0138033700766N11922482WA0123201232004003019294299
B0138043700767N11922485WA0123201233004003018291296
B0138053700768N11922489WA0123301233004003018289300
B0138063700769N11922491WA0123401234004003017305315
B0138073700771N11922492WA0123501234004003015339330
B0138083700774N11922492WA0123501234004003020006354
B0138093700777N11922491WA0123401234004003026024008
B0138103700781N11922488WA0123501234004003026038021
B0138113700784N11922483WA0123501235004003030055033
B0138123700785N11922476WA0123601236004003037073047
B0138133700786N11922469WA0123601236004003040089067
B0138143700785N11922461WA0123701237004003040103084
B0138153700782N11922454WA0123701237004003041118098
B0138163700778N11922448WA0123801237004003042132117
B0138173700772N11922445WA0123801237004003042158137
B0138183700767N11922445WA0123701237004003038189171
B0138193700764N11922448WA0123601236004003034220211
B0138203700762N11922453WA0123601236004003024256242
B0138213700763N11922457WA0123701237004003024288278
B0138223700764N11922459WA0123801239004003019305293
B0138233700766N11922461WA0123901238004003015305304
B0138243700767N11922463WA0123901238004003012298296
B0138253700767N11922465WA0123901238004003012292293
B0138263700768N11922468WA0123801238004003012291296
B0138273700769N11922471WA0123801237004003016286290
B0138283700770N11922474WA0123801238004003017288291
B0138293700771N11922476WA0123801238004003017301277
B0138303700772N11922478WA0123801238004003014322291
B0138313700774N11922479WA0123801238004003014326292
B0138323700776N11922481WA0123701236004003016321301
B0138333700777N11922483WA0123601236004003016310310
B0138343700779N11922485WA0123501235004003015309303
B0138353700780N11922487WA0123401234004003015318305
B0138363700783N11922489WA0123401233004003021325309
B0138373700786N11922492WA0123401234004003025333321
B0138383700790N11922493WA0123401235004003025342338
B0138393700794N11922495WA0123501235004003025354314
B0138403700797N11922495WA0123701237004003021356312
B0138413700800N11922495WA0123801238004003021349310
B0138423700802N11922496WA0124001240004003018337301
B0138433700803N11922497WA0124101240004003015319315
B0138443700805N11922498WA0124301242004003014325318
B0138453700807N11922500WA0124401242004003019349345
B0138463700811N11922499WA0124501243004003019018006
B0138473700815N11922495WA0124601244004003027040026
B0138483700819N11922488WA0124701247004003043061043
B0138493700822N11922480WA0124901247004003045083069
B0138503700821N11922472WA0125101249004003044097080
B0138513700819N11922463WA0125201249004003045116093
B0138523700815N11922455WA0125201249004003050127113
B0138533700809N11922448WA0125301250004003053138131
B0138543700802N11922442WA0125301250004003050159147
B0138553700795N11922441WA0125401251004003049176172
B0138563700789N11922442WA0125501251005003035197194
B0138573700786N11922446WA0125501252004003035231221
B0138583700785N11922451WA0125601253004003027260253
B0138593700786N11922455WA0125601255004003021280280
B0139003700787N11922457WA0125701256004003015298296
B0139013700788N11922460WA0125801257004003017311310
B0139023700790N11922463WA0125901258004003017309317
B0139033700792N11922466WA0126201260004003020306317
B0139043700794N11922469WA0126401264004003016321336
B0139053700796N11922470WA0126601267004003017352342
B0139063700799N11922469WA0126901269004003017017356
B0139073700802N11922467WA0127201272004003024029005
B0139083700806N11922464WA0127301272004003026035021
B0139093700808N11922461WA0127401274004003026050023
B0139103700810N11922456WA0127501275004003026070034
B0139113700811N11922450WA0127401274004003029094052
B0139123700809N11922441WA0127301273004003040108078
B0139133700805N11922433WA0127301273004003052122102
B0139143700799N11922426WA0127401274004003052139123
B0139153700793N11922422WA0127501276004003050158144
B0139163700787N11922421WA0127601278004003044178168
B0139173700783N11922423WA0127701279004003036201195
B0139183700780N11922426WA0127801281004003022227224
B0139193700779N11922429WA0127901282004003022256259
B0139203700779N11922432WA0128101285004003019266280
B0139213700779N11922434WA0128401288004003014260294
B0139223700779N11922436WA0128501287004003010250293
B0139233700779N11922437WA0128601288004003009280295
B0139243700780N11922439WA0128601287004003014329308
B0139253700783N11922439WA0128501287004003014005329
B0139263700787N11922437WA0128601288004003024030347
B0139273700791N11922432WA0128801290004003031053009
B0139283700792N11922425WA0128901291004003040077032
B0139293700792N11922417WA0129001292004003046097059
B0139303700789N11922408WA0129101293004003046116085
B0139313700785N11922400WA0129201293004003050140109
B0139323700778N11922396WA0129201294004003050160141
B0139333700771N11922397WA0129301294004003043183168
B0139343700766N11922399WA0129301295004003043204200
B0139353700762N11922403WA0129401297004003037222223
B0139363700760N11922407WA0129501299004003030240243
B0139373700760N11922409WA0129601300004003020252268
B0139383700759N11922412WA0129701301004003016258283
B0139393700759N11922415WA0129801301004003016270282
B0139403700759N11922418WA0129801301004003016293280
B0139413700760N11922421WA0129801302004003016294306
B0139423700761N11922424WA0129901303004003016283285
B0139433700761N11922426WA0129901303004003016266291
B0139443700761N11922429WA0129901303004003014256292
B0139453700760N11922431WA0129801302004003012265288
B0139463700760N11922433WA0129501300004003013280296
B0139473700761N11922436WA0129401298004003014301317
B0139483700763N11922438WA0129201296004003014329342
B0139493700765N11922438WA0129001295004003016350343
B0139503700768N11922438WA0128901294004003020358329
B0139513700771N11922439WA0128901293004003020356318
B0139523700774N11922439WA0128801293004003018350317
B0139533700776N11922440WA0128801292004003017347313
B0139543700779N11922441WA0128701291004003017343318
B0139553700781N11922442WA0128601291004003017338312
B0139563700783N11922443WA0128501290004003016341327
B0139573700785N11922444WA0128401289004003016355318
B0139583700788N11922444WA0128301288004003017358320
B0139593700790N11922444WA0128201286004003017347318
B0140003700793N11922446WA0128001284004003017322317
B0140013700794N11922449WA0127901283004003017296306
B0140023700794N11922452WA0127801283004003017280298
B0140033700795N11922455WA0127801282004003017273295
B0140043700795N11922457WA0127601280004003014273287
B0140053700795N11922460WA0127401278004003014276284
B0140063700795N11922464WA0127201275004003022280282
B0140073700796N11922468WA0127101276004003026277288
B0140083700796N11922474WA0127201277004003026265283
B0140093700795N11922478WA0127401279004003026249276
B0140103700793N11922482WA0127601282004003022238270
B0140113700792N11922485WA0127801284004003022245278
B0140123700792N11922487WA0128001285004003017277291
B0140133700793N11922489WA0128101286004003016318315
B0140143700796N11922491WA0128201286004003019343339
B0140153700799N11922490WA0128201288004003023011000
B0140163700803N11922487WA0128301288004003023036014
B0140173700807N11922482WA0128301287004003032051028
B0140183700809N11922474WA0128201286004003046072050
B0140193700809N11922465WA0128101285004003049093073
B0140203700806N11922456WA0127901282004003049119097
B0140213700800N11922450WA0127801280004003050145128
B0140223700794N11922446WA0127701281004003041179162
B0140233700789N11922448WA0127701281004003041201207
B0140243700786N11922452WA0127701282004003034225229
B0140253700785N11922456WA0127701283004003026250254
B0140263700784N11922460WA0127901284004003016259277
B0140273700783N11922463WA0128101286004003016258281
B0140283700783N11922466WA0128301287004003015251282
B0140293700782N11922468WA0128501288004003015239278
B0140303700781N11922471WA0128601289004003015248299
B0140313700780N11922473WA0128701289004003015278311
B0140323700782N11922475WA0128701289004003015339320
B0140333700787N11922475WA0128701289004003019004336
B0140343700791N11922474WA0128801291004003028005318
B0140353700795N11922474WA0128901293004003028351321
B0140363700798N11922476WA0129001293004003024328322
B0140373700800N11922479WA0129001294004003021313311
B0140383700802N11922482WA0129101295004003019307306
B0140393700803N11922485WA0129301297004003019299302
B0140403700804N11922488WA0129401298004003019286301
B0140413700804N11922491WA0129601300004003018269297
B0140423700804N11922495WA0129801301004003018273293
B0140433700806N11922498WA0129901302004003019305307
B0140443700808N11922500WA0129901302004003019341329
B0140453700813N11922500WA0129901302004003025007348
B0140463700818N11922497WA0129801302004003037028006
B0140473700822N11922492WA0129901303004003039047021
B0140483700825N11922485WA0129901303004003039064039
B0140493700826N11922478WA0129801302004003039080053
B0140503700826N11922470WA0129701301004003039099069
B0140513700823N11922464WA0129501299004003039125089
B0140523700818N11922460WA0129301297004003039152126
B0140533700812N11922459WA0129301296004003039179168
B0140543700808N11922462WA0129301297004003032208204
B0140553700805N11922465WA0129301298004003032230239
B0140563700804N11922469WA0129401299004003026246257
B0140573700803N11922472WA0129601301004003019259272
B0140583700803N11922474WA0129801303004003015267285
B0140593700803N11922477WA0129901305004003017267286
B0141003700803N11922481WA0130101306004003017259277
B0141013700802N11922484WA0130201307004003018248278
B0141023700800N11922488WA0130301308004003023240278
B0141033700798N11922492WA0130401310004003024240279
B0141043700797N11922496WA0130501311004003023247281
B0141053700796N11922500WA0130701313004003022251292
B0141063700795N11922503WA0130801314004003022253304
B0141073700794N11922507WA0130901316004003022262293
B0141083700794N11922511WA0131101316004003021271293
B0141093700795N11922515WA0131201317004003021276300
B0141103700795N11922519WA0131401319004003019290325
B0141113700797N11922521WA0131601321004003019325342
B0141123700799N11922522WA0131601320004003019015354
B0141133700803N11922519WA0131601320004003023035014
B0141143700806N11922514WA0131701322004003033057028
B0141153700808N11922507WA0131801323004003036080052
B0141163700807N11922500WA0131901325004003036102072
B0141173700804N11922493WA0132001325004003040121096
B0141183700799N11922487WA0132101327004003043140123
B0141193700793N11922484WA0132301329004003043157151
B0141203700787N11922482WA0132401330004003043174173
B0141213700782N11922483WA0132501332004003040194195
B0141223700777N11922486WA0132701334004003036211219
B0141233700774N11922490WA0132901336004003033223237
B0141243700771N11922494WA0133101337004003028231249
B0141253700769N11922499WA0133201339004003029234259
B0141263700766N11922503WA0133301340004003028237263
B0141273700765N11922507WA0133301340004003028242267
B0141283700764N11922511WA0133301340004003026257270
B0141293700764N11922516WA0133301340004003023280281
B0141303700765N11922520WA0133401341004003025299296
B0141313700768N11922523WA0133501343004003023314307
B0141323700770N11922525WA0133701346004003022331315
B0141333700772N11922526WA0133901347004003016342321
B0141343700773N11922526WA0134001348004003012338317
B0141353700775N11922527WA0134001348004003017348318
B0141363700779N11922527WA0134001348004003017009339
B0141373700782N11922525WA0134001349004003022024351
B0141383700786N11922522WA0134201351004003028029345
B0141393700790N11922520WA0134501354004003026028342
B0141403700793N11922518WA0134701356004003026024352
B0141413700795N11922516WA0134801357004003022026008
B0141423700799N11922514WA0134901357004003022037018
B0141433700802N11922509WA0134901357004003035051035
B0141443700804N11922502WA0135101358004003039066065
B0141453700806N11922496WA0135201359004003039092083
B0141463700804N11922488WA0135301361004003039110098
B0141473700801N11922483WA0135501362004003039130119
B0141483700796N11922479WA0135601363004003039150143
B0141493700790N11922477WA0135701364004003037166173
B0141503700785N11922477WA0135801365004003036183200
B0141513700780N11922479WA0135801365004003034200218
B0141523700776N11922482WA0135901366004003034214248
B0141533700773N11922486WA0136001368004003031229270
B0141543700772N11922490WA0136101369004003027249276
B0141553700772N11922493WA0136201371004003021274286
B0141563700773N11922497WA0136301372004003021291285
B0141573700774N11922500WA0136501374004003020295298
B0141583700775N11922502WA0136601374004003017289305
B0141593700775N11922504WA0136601374004003010309323
B0142003700777N11922505WA0136401372004003015345340
B0142013700780N11922505WA0136201370004003015001355
B0142023700784N11922504WA0136001368004003022012004
B0142033700788N11922502WA0135901368004003030024355
B0142043700792N11922499WA0136001368004003030034329
B0142053700795N11922496WA0136001369004003027036334
B0142063700798N11922494WA0136001369004003024030336
B0142073700800N11922493WA0135901368004003021016333
B0142083700804N11922492WA0135901368004003021002327
B0142093700807N11922493WA0135801367004003021349328
B0142103700810N11922494WA0135801367004003022345328
B0142113700814N11922495WA0135801367004003024348325
B0142123700817N11922496WA0135801367004003024351330
B0142133700820N11922496WA0135801368004003023349332
B0142143700823N11922497WA0135801367004003023348333
B0142153700827N11922498WA0135701366004003026347333
B0142163700832N11922499WA0135701367004003030347333
B0142173700836N11922501WA0135801368004003030349333
B0142183700840N11922501WA0136001371004003030352336
B0142193700843N11922502WA0136201373004003021348338
B0142203700846N11922503WA0136401373004003021338333
B0142213700849N11922504WA0136601375004003021334327
B0142223700852N11922506WA0136901377004003021344331
B0142233700856N11922506WA0137101379004003024008353
B0142243700859N11922503WA0137201381004003027035009
B0142253700862N11922499WA0137201382004003027057025
B0142263700864N11922492WA0137301383004003033073040
B0142273700864N11922485WA0137301383004003042086059
B0142283700863N11922476WA0137401384004003045102078
B0142293700861N11922468WA0137401383004003045127101
B0142303700856N11922462WA0137501384004003048148132
B0142313700849N11922458WA0137701385004003045172160
B0142323700843N11922460WA0137901388004003045192191
B0142333700837N11922463WA0138001388004003038221213
B0142343700835N11922467WA0138301391004003030240243
B0142353700835N11922471WA0138501394004003020250262
B0142363700834N11922474WA0138801397004003020253274
B0142373700833N11922478WA0138901399004003017250273
B0142383700832N11922481WA0139101399004003017251284
B0142393700832N11922485WA0139001400004003020266297
B0142403700832N11922488WA0139001401004003020291305
B0142413700834N11922491WA0139101402004003019315319
B0142423700836N11922493WA0139201404004003018338333
B0142433700838N11922493WA0139401406004003015007340
B0142443700841N11922491WA0139501407004003017026344
B0142453700843N11922489WA0139601407004003017029340
B0142463700847N11922488WA0139601407004003021021323
B0142473700850N11922487WA0139701408004003024006316
B0142483700854N11922488WA0139801410004003024346310
B0142493700856N11922490WA0139801411004003022323305
B0142503700858N11922493WA0139901411004003020302304
B0142513700859N11922496WA0139901410004003019289300
B0142523700860N11922500WA0139801409004003020289292
B0142533700861N11922504WA0139701408004003020292304
B0142543700862N11922507WA0139701409004003022294285
B0142553700864N11922511WA0139801410004003019297302
B0142563700865N11922513WA0139801411004003019292273
B0142573700865N11922515WA0139801410004003014281289
B0142583700865N11922518WA0139701409004003014277289
B0142593700866N11922522WA0139801408004003023274294
B0143003700866N11922527WA0139901408004003026274318
B0143013700866N11922531WA0139801410004003023282334
B0143023700868N11922534WA0139901411004003022308322
B0143033700870N11922537WA0140001413004003022326323
B0143043700874N11922539WA0140101414004003024337324
B0143053700877N11922540WA0140301415004003023343307
B0143063700880N11922541WA0140301416004003023350317
B0143073700883N11922541WA0140301415004003020353321
B0143083700886N11922542WA0140101413004003020355320
B0143093700889N11922542WA0139901410004003018341324
B0143103700891N11922544WA0139601407004003017323322
B0143113700893N11922546WA0139201403004003018316316
B0143123700895N11922548WA0138801399004003019333327
B0143133700898N11922550WA0138501398004003019003345
B0143143700902N11922547WA0138101394004003024025000
B0143153700907N11922543WA0137801391004003038043023
B0143163700910N11922536WA0137501388004003040063043
B0143173700911N11922529WA0137201386004003040081061
B0143183700911N11922521WA0137001383004003042093068
B0143193700910N11922512WA0136801382004003043099081
B0143203700909N11922504WA0136601379004003043100092
B0143213700907N11922496WA0136301376004003043102092
B0143223700905N11922488WA0136101374004003044106096
B0143233700903N11922481WA0135801373004003044107110
B0143243700901N11922473WA0135601370004003043107107
B0143253700899N11922465WA0135301369004003045108123
B0143263700896N11922457WA0135001366004003045113129
B0143273700893N11922450WA0134801364004003045121135
B0143283700889N11922444WA0134601361004003043134143
B0143293700884N11922440WA0134401357004003040150152
B0143303700878N11922437WA0134101355004003040160160
B0143313700873N11922435WA0133901352004003040163169
B0143323700867N11922433WA0133801350004003040160163
B0143333700861N11922430WA0133701350004003040154175
B0143343700856N11922427WA0133601349004003041151157
B0143353700850N11922423WA0133601348004003043152161
B0143363700844N11922419WA0133501347004003043153173
B0143373700838N11922415WA0133601348004003045152151
B0143383700832N11922411WA0133601348004003045151136
B0143393700825N11922406WA0133601348004003054148146
B0143403700818N11922400WA0133801348004003056142180
B0143413700812N11922393WA0134301351004003054137154
B0143423700807N11922388WA0134801357004003051139136
B0143433700803N11922383WA0135201357004003042143139
B0143443700799N11922379WA0135501357004003029139145
B0143453700796N11922376WA0135701356004003032134136
B0143463700793N11922371WA0135801358004003032131125
B0143473700789N11922364WA0135901360004003039125113
B0143483700785N11922356WA0136001363004003052121114
B0143493700781N11922348WA0136301368004003052120100
B0143503700778N11922340WA0136701369004003050122143
B0143513700774N11922333WA0137001369004003046127138
B0143523700769N11922327WA0137101368004003043138143
B0143533700764N11922322WA0137201369004003049148152
B0143543700757N11922318WA0137201371004003049156169
B0143553700750N11922317WA0137301374004003049173187
B0143563700744N11922319WA0137301377004003037197205
B0143573700740N11922321WA0137401378004003037225234
B0143583700740N11922325WA0137501379004003026267254
B0143593700741N11922329WA0137601382004003020294288
B0144003700743N11922331WA0137701384004003013316308
B0144013700745N11922332WA0137801386004003014348321
B0144023700747N11922332WA0137901386004003014014336
B0144033700751N11922330WA0138001387004003019033350
B0144043700754N11922325WA0138101388004003035056006
B0144053700756N11922318WA0138201391004003042071037
B0144063700757N11922309WA0138501394004003042083054
B0144073700757N11922301WA0138701397004003047091066
B0144083700756N11922292WA0138901399004003045100077
B0144093700755N11922284WA0139101399004003046114088
B0144103700751N11922276WA0139001398004003046126107
B0144113700745N11922271WA0138901397004003048148123
B0144123700738N11922269WA0138901396004003045168153
B0144133700732N11922268WA0138901397004003045181181
B0144143700727N11922269WA0138901398004003037186196
B0144153700724N11922270WA0138801398004003030190207
B0144163700720N11922271WA0138801397004003028194230
B0144173700715N11922273WA0138801398004003030198242
B0144183700711N11922275WA0138801398004003028204250
B0144193700708N11922278WA0138801399004003027218254
B0144203700707N11922280WA0138801398004003017237268
B0144213700706N11922283WA0138701398004003017266279
B0144223700707N11922286WA0138701397004003017297291
B0144233700709N11922289WA0138701398004003017309280
B0144243700710N11922291WA0138901400004003011308290
B0144253700710N11922292WA0139101403004003011299295
B0144263700710N11922293WA0139301405004003005262297
B0144273700710N11922294WA0139501404004003005232296
B0144283700709N11922296WA0139501405004003015238289
B0144293700708N11922299WA0139501405004003016252274
B0144303700708N11922301WA0139501406004003015264274
B0144313700708N11922304WA0139601406004003014275296
B0144323700708N11922306WA0139601407004003010294294
B0144333700709N11922307WA0139701407004003011314303
B0144343700710N11922309WA0139701408004003011328319
B0144353700712N11922309WA0139801409004003011343308
B0144363700714N11922310WA0139801410004003015357308
B0144373700716N11922310WA0139901410004003016004298
B0144383700719N11922309WA0139901411004003016002313
B0144393700721N11922309WA0140001411004003016002329
B0144403700724N11922309WA0140001411004003018010337
B0144413700727N11922307WA0139901411004003024024357
B0144423700730N11922305WA0140001411004003024035329
B0144433700734N11922302WA0140101413004003029039339
B0144443700737N11922298WA0140301416004003026036345
B0144453700740N11922296WA0140601419004003026033004
B0144463700742N11922294WA0140901419004003022044025
B0144473700744N11922291WA0141001419004003019063023
B0144483700745N11922287WA0140801418004003024079012
B0144493700745N11922282WA0140601416004003026068013
B0144503700747N11922278WA0140301415004003026042002
B0144513700751N11922277WA0139901411004003026006345
B0144523700755N11922280WA0139601408004003029321325
B0144533700758N11922284WA0139401408004003030292303
B0144543700759N11922289WA0139301408004003029277295
B0144553700758N11922293WA0139201407004003026267294
B0144563700758N11922296WA0139101406004003012269290
B0144573700757N11922298WA0138801402004003012261288
B0144583700757N11922301WA0138501398004003012257279
B0144593700756N11922305WA0138101393004003016258271
B0145003700755N11922309WA0137801390004003027261276
B0145013700755N11922315WA0137501387004003028266273
B0145023700755N11922320WA0137301386004003027272314
B0145033700756N11922324WA0137201384004003026283317
B0145043700757N11922327WA0137101383004003018303313
B0145053700759N11922329WA0136901381004003019324322
B0145063700762N11922331WA0136701378004003019335324
B0145073700765N11922332WA0136501377004003022344316
B0145083700769N11922333WA0136401375004003024351320
B0145093700773N11922333WA0136301374004003024356306
B0145103700776N11922333WA0136201373004003024355321
B0145113700779N11922334WA0136101372004003022350319
B0145123700782N11922335WA0136001370004003020346320
B0145133700785N11922336WA0135801368004003020344322
B0145143700788N11922337WA0135601366004003020344320
B0145153700791N11922338WA0135401365004003022343317
B0145163700795N11922339WA0135301363004003023341313
B0145173700798N11922341WA0135201362004003023338318
B0145183700800N11922342WA0135101361004003021331319
B0145193700802N11922344WA0134901359004003016328318
B0145203700803N11922345WA0134701357004003013332315
B0145213700805N11922346WA0134501354004003016336307
B0145223700808N11922347WA0134201351004003016333309
B0145233700811N11922349WA0134001348004003018330304
B0145243700814N11922351WA0133801346004003023334311
B0145253700817N11922353WA0133601345004003024340325
B0145263700820N11922354WA0133501344004003023347311
B0145273700823N11922354WA0133501343004003023352304
B0145283700826N11922355WA0133301342004003020354308
B0145293700829N11922355WA0133201340004003018351305
B0145303700831N11922356WA0133001338004003019340310
B0145313700834N11922358WA0132801336004003019326307
B0145323700836N11922361WA0132601334004003021314308
B0145333700839N11922364WA0132501333004003022308307
B0145343700841N11922368WA0132401332004003023310304
B0145353700843N11922371WA0132301331004003023318305
B0145363700846N11922373WA0132201330004003023331299
B0145373700849N11922374WA0132201329004003022341305
B0145383700852N11922376WA0132101329004003022340307
B0145393700855N11922377WA0132001327004003020331307
B0145403700857N11922379WA0131901326004003020324308
B0145413700860N11922381WA0131801325004003019326309
B0145423700862N11922383WA0131701324004003019328313
B0145433700865N11922385WA0131501322004003020328317
B0145443700867N11922387WA0131401320004003021327318
B0145453700870N11922389WA0131201319004003021324317
B0145463700872N11922392WA0131101317004003021323316
B0145473700875N11922394WA0131001316004003020320315
B0145483700877N11922397WA0130901316004003020317314
B0145493700879N11922399WA0130901315004003017318309
B0145503700881N11922401WA0130801315004003017322305
B0145513700883N11922403WA0130701314004003018323305
B0145523700885N11922405WA0130601313004003018323310
B0145533700887N11922407WA0130501311004003017323313
B0145543700890N11922408WA0130401311004003017327310
B0145553700892N11922410WA0130301310004003022333301
B0145563700895N11922412WA0130201309004003023337306
B0145573700898N11922414WA0130101309004003022337306
B0145583700901N11922415WA0130101308004003021333313
B0145593700904N11922417WA0130001307004003021331313
B0146003700906N11922419WA0129901307004003021331310
B0146013700909N11922421WA0129901307004003021332310
B0146023700912N11922422WA0129901307004003021335308
B0146033700914N11922423WA0129901306004003017336316
B0146043700916N11922425WA0129801305004003017335310
B0146053700919N11922426WA0129701304004003017334314
B0146063700922N11922428WA0129601303004003018336313
B0146073700924N11922429WA0129601302004003020332316
B0146083700927N11922431WA0129501302004003020327317
B0146093700929N11922433WA0129501302004003019323315
B0146103700931N11922435WA0129501302004003018327315
B0146113700933N11922436WA0129401301004003017333314
B0146123700936N11922438WA0129401301004003017342310
B0146133700938N11922438WA0129401300004003017349315
B0146143700941N11922439WA0129301300004003017351320
B0146153700943N11922439WA0129301299004003017351322
B0146163700946N11922440WA0129201298004003017346322
B0146173700948N11922441WA0129101297004003017336323
B0146183700951N11922442WA0129001296004003017339321
B0146193700953N11922443WA0129001296004003018358319
B0146203700956N11922442WA0129001295004003018007326
B0146213700958N11922442WA0128901295004003018358331
B0146223700961N11922443WA0128801294004003017338329
B0146233700963N11922445WA0128701293004003019329319
B0146243700966N11922446WA0128701293004003019333317
B0146253700968N11922447WA0128701293004003018337320
B0146263700970N11922449WA0128601292004003016340324
B0146273700972N11922450WA0128501291004003018339320
B0146283700975N11922451WA0128401290004003022344324
B0146293700979N11922451WA0128401290004003022353318
B0146303700983N11922451WA0128401290004003024003314
B0146313700986N11922451WA0128401290004003022009321
B0146323700989N11922450WA0128401290004003022002327
B0146333700991N11922450WA0128301289004003019342327
B0146343700993N11922452WA0128201288003003018328323
B0146353700995N11922454WA0128101287004003018324313
B0146363700998N11922456WA0128101287004003018329314
B0146373701000N11922458WA0128001286004003018333316
B0146383701003N11922459WA0127901285004003018336314
B0146393701006N11922461WA0127801284004003023339326
B0146403701010N11922462WA0127801283003003026344319
B0146413701014N11922463WA0127801283004003026347308
B0146423701018N11922464WA0127801283004003026349308
B0146433701021N11922465WA0127801284004003025349312
B0146443701025N11922466WA0127801283004003025345320
B0146453701029N11922468WA0127801283004003025342323
B0146463701033N11922469WA0127801282004003028342320
B0146473701037N11922471WA0127801283004003028344323
B0146483701041N11922472WA0127901284004003028350320
B0146493701045N11922472WA0128001285004003027357302
B0146503701048N11922472WA0128101286004003024352319
B0146513701051N11922473WA0128101286004003022344313
B0146523701054N11922475WA0128101286004003023341324
B0146533701058N11922476WA0128101286004003023341318
B0146543701061N11922478WA0128001285004003023342316
B0146553701065N11922479WA0128001285004003026344324
B0146563701069N11922480WA0128001284004003027348322
B0146573701073N11922481WA0128001285004003027349323
B0146583701077N11922482WA0128001285004003027355326
B0146593701081N11922481WA0128201287004003025008320
B0147003701084N11922480WA0128301288004003026022334
B0147013701088N11922477WA0128301288004003026028338
B0147023701092N11922474WA0128301288004003028029346
B0147033701096N11922472WA0128401289004003031028351
B0147043701100N11922469WA0128401289004003032029354
B0147053701104N11922466WA0128501290004003032028354
B0147063701108N11922463WA0128501290004003032024355
B0147073701112N11922462WA0128501290004003025018353
B0147083701115N11922461WA0128501290004003025008347
B0147093701119N11922461WA0128501290004003023353342
B0147103701122N11922462WA0128401290004003023338331
B0147113701125N11922464WA0128401290004003020321322
B0147123701126N11922467WA0128401290004003020298313
B0147133701127N11922469WA0128501290004003016266301
B0147143701126N11922472WA0128501290004003016254286
B0147153701125N11922476WA0128601290004003018250277
B0147163701124N11922479WA0128601290004003019251270
B0147173701123N11922483WA0128501290004003019250268
B0147183701122N11922487WA0128501290004003021247268
B0147193701120N11922491WA0128501289004003025242263
B0147203701118N11922495WA0128401289004003025236253
B0147213701115N11922498WA0128401288004003025229241
B0147223701113N11922502WA0128301287004003024225247
B0147233701110N11922505WA0128201286004003024225250
B0147243701108N11922508WA0128101285004003024228258
B0147253701106N11922512WA0128001285004003024234260
B0147263701104N11922516WA0128001285004003024244271
B0147273701103N11922520WA0128001285004003023254295
B0147283701103N11922524WA0128001285004003023265281
B0147293701103N11922528WA0128101286004003022278279
B0147303701104N11922532WA0128201287004003022285267
B0147313701105N11922536WA0128301288004003021286273
B0147323701106N11922539WA0128401289004003021284295
B0147333701106N11922543WA0128501289004003020287283
B0147343701107N11922546WA0128601290004003020291272
B0147353701109N11922550WA0128601290004003020287278
B0147363701109N11922553WA0128601289004003019276267
B0147373701109N11922557WA0128601289004003021265259
B0147383701109N11922561WA0128501289004003020265264
B0147393701109N11922564WA0128501289004003020273277
B0147403701109N11922568WA0128501289004003018278285
B0147413701109N11922570WA0128501288003003014276269
B0147423701109N11922573WA0128401288004003014273280
B0147433701110N11922575WA0128301287004003014281279
B0147443701111N11922578WA0128201285004003015286281
B0147453701111N11922582WA0128001283004003019283281
B0147463701112N11922586WA0127901283004003021277282
B0147473701112N11922590WA0127901282004003021282276
B0147483701113N11922593WA0127901282004003020290279
B0147493701114N11922596WA0127901282004003018293286
B0147503701115N11922599WA0127901282004003017294287
B0147513701116N11922601WA0127801282004003014281286
B0147523701116N11922604WA0127701280004003014249281
B0147533701114N11922606WA0127601280004003014207267
B0147543701111N11922607WA0127301277004003020188249
B0147553701106N11922607WA0127201275004003027174223
B0147563701101N11922605WA0127001273004003033163199
B0147573701096N11922603WA0126901272004003033158180
B0147583701092N11922601WA0126701270004003033158184
B0147593701086N11922598WA0126501267004003035156177
B0148003701080N11922595WA0126401267004003040156189
B0148013701074N11922591WA0126401267004003041151135
B0148023701069N11922587WA0126501268004003041145142
B0148033701065N11922583WA0126501268004003038141146
B0148043701060N11922578WA0126501268004003038142150
B0148053701055N11922574WA0126401267004003042147157
B0148063701049N11922570WA0126401267004003043151164
B0148073701043N11922566WA0126401268004003042152161
B0148083701038N11922562WA0126501269004003042150165
B0148093701033N11922559WA0126601270004003040150171
B0148103701028N11922555WA0126801271004003040151172
B0148113701023N11922552WA0126901272004003038155196
B0148123701017N11922550WA0127001273004003036164198
B0148133701013N11922550WA0127001272004003032180216
B0148143701008N11922551WA0126901272004003032214233
B0148153701006N11922555WA0126801270004003029244253
B0148163701006N11922560WA0126701270004003027285284
B0148173701009N11922564WA0126801271004003023324307
B0148183701013N11922564WA0126801272004003023359324
B0148193701016N11922563WA0126901272004003022023340
B0148203701019N11922561WA0126901272004003022030351
B0148213701022N11922558WA0126801271004003025029353
B0148223701025N11922556WA0126801271004003027029354
B0148233701029N11922554WA0126801271003003026028340
B0148243701032N11922552WA0126801272004003026026338
B0148253701035N11922550WA0126801271004003020014335
B0148263701038N11922551WA0126701270004003020350325
B0148273701041N11922553WA0126501268004003020325314
B0148283701043N11922555WA0126501268004003023299298
B0148293701044N11922560WA0126501269004003024278285
B0148303701043N11922564WA0126501270004003024250274
B0148313701041N11922568WA0126601271004003023231258
B0148323701039N11922571WA0126601270004003023219248
B0148333701036N11922573WA0126501269004003020210239
B0148343701033N11922575WA0126301267004003025199234
B0148353701028N11922576WA0126101264003003025184220
B0148363701022N11922575WA0125901262004003033170205
B0148373701016N11922573WA0125801263004003048162183
B0148383701009N11922570WA0125901263004003048159169
B0148393701004N11922568WA0126001264004003044158164
B0148403700998N11922565WA0126101265004003041157166
B0148413700993N11922562WA0126101264004003040154164
B0148423700987N11922558WA0126101264004003043150170
B0148433700981N11922553WA0126101264004003043149173
B0148443700975N11922549WA0126101264004003046153173
B0148453700969N11922546WA0126201265004003045157177
B0148463700963N11922543WA0126201266004003045158179
B0148473700957N11922539WA0126401268004003043154175
B0148483700951N11922535WA0126501269004003042146168
B0148493700947N11922530WA0126701271004003042137139
B0148503700942N11922524WA0126801272004003043130130
B0148513700938N11922517WA0126901273004003043127147
B0148523700934N11922510WA0127001273004003046125148
B0148533700930N11922502WA0127101274004003051123145
B0148543700925N11922494WA0127101275004003051124138
B0148553700921N11922486WA0127301277004003051126159
B0148563700916N11922479WA0127401278004003050132146
B0148573700911N11922473WA0127601280004003046137126
B0148583700906N11922468WA0127701282004003046137116
B0148593700902N11922463WA0127901283004003042134151
B0149003700898N11922458WA0127901283004003038132128
B0149013700895N11922454WA0127901282004003035137161
B0149023700891N11922449WA0127801282004003038140157
B0149033700886N11922444WA0127701280004003038137148
B0149043700881N11922438WA0127601279004003042134134
B0149053700876N11922431WA0127501279004003047129146
B0149063700872N11922424WA0127501279004003047126157
B0149073700868N11922418WA0127601280004003045131161
B0149083700863N11922413WA0127501279004003042141162
B0149093700858N11922409WA0127401278004003041153169
B0149103700852N11922407WA0127301276004003041162176
B0149113700847N11922405WA0127101275004003039167181
B0149123700841N11922404WA0127001273004003039170183
B0149133700835N11922403WA0126901272004003041170183
B0149143700829N11922401WA0126801271004003041170184
B0149153700823N11922400WA0126701270004003041171176
B0149163700817N11922399WA0126701271004003041169190
B0149173700811N11922397WA0126701271004003039168192
B0149183700806N11922396WA0126801271004003039166202
B0149193700800N11922394WA0126801271004003037165189
B0149203700795N11922393WA0126801271004003037171184
B0149213700789N11922392WA0126801272004003040174193
B0149223700783N11922391WA0127001273004003040171186
B0149233700777N11922390WA0127101275004003039165204
B0149243700772N11922388WA0127301277004003038163207
B0149253700767N11922386WA0127401278004003034164197
B0149263700762N11922385WA0127501278004003034172202
B0149273700758N11922385WA0127501278004003032183210
B0149283700754N11922386WA0127501277004003029196222
B0149293700751N11922388WA0127401277004003021217235
B0149303700750N11922391WA0127301276004003021243256
B0149313700749N11922394WA0127301276004003018270273
B0149323700749N11922397WA0127301277004003017294290
B0149333700751N11922399WA0127301277004003014321302
B0149343700753N11922400WA0127401278004003014336299
B0149353700755N11922401WA0127401278004003014340312
B0149363700758N11922402WA0127401278004003015340316
B0149373700760N11922403WA0127401278004003019342321
B0149383700763N11922404WA0127401278004003020348324
B0149393700766N11922404WA0127401278004003020354329
B0149403700769N11922405WA0127401278004003020355334
B0149413700773N11922405WA0127401278004003020354334
B0149423700776N11922405WA0127401278004003025355335
B0149433700780N11922406WA0127501280004003025359337
B0149443700783N11922405WA0127701281004003025005340
B0149453700786N11922405WA0127801283003003022004346
B0149463700789N11922405WA0128001283004003019002345
B0149473700792N11922404WA0128001283004003023017345
B0149483700796N11922402WA0127901282004003032037002
B0149493700805N11922389WA0127801281004003044069055
B0149503700807N11922379WA0127901282004003052090086
B0149513700804N11922370WA0127901283004003050106104
B0149523700800N11922362WA0128001284004003050124116
B0149533700796N11922356WA0128101284004003047137135
B0149543700791N11922351WA0128101284004003042154152
B0149553700786N11922349WA0128101283004003037171173
B0149563700781N11922350WA0128101283004003032192196
B0149573700777N11922353WA0128201284004003032207222
B0149583700774N11922356WA0128201286004003029222234
B0149593700772N11922359WA0128301287004003023241247
B0150003700772N11922362WA0128401288004003015255259
B0150013700771N11922364WA0128501289004003015267263
B0150023700772N11922367WA0128501289004003015281274
B0150033700772N11922370WA0128601290004003015289274
B0150043700773N11922372WA0128701291004003014288274
B0150053700773N11922374WA0128801292004003014284283
B0150063700774N11922377WA0128801292004003013284285
B0150073700774N11922380WA0128801292004003013289287
B0150093700776N11922383WA0128701291004003019300290
B0150103700778N11922386WA0128701292004003022313296
B0150113700781N11922389WA0128801292004003022324304
B0150123700784N11922391WA0128801292004003024328311
B0150133700787N11922393WA0128801293004003024329314
B0150143700790N11922396WA0128801293004003024328315
B0150153700793N11922398WA0128901293004003022330316
B0150163700795N11922399WA0128901293004003021332316
B0150173700798N11922401WA0128801292004003020329317
B0150183700800N11922403WA0128801292004003020321315
B0150193700802N11922406WA0128701291005003020314311
B0150203700804N11922408WA0128701291004003018316307
B0150213700806N11922410WA0128701291004003016324308
B0150223700808N11922412WA0128601290004003016327311
B0150233700810N11922413WA0128501289004003016320313
B0150243700812N11922416WA0128401288003003016314309
B0150253700814N11922418WA0128301287004003019309306
B0150263700815N11922421WA0128201286004003020302302
B0150273700817N11922425WA0128201286004003020296299
B0150283700818N11922428WA0128201285004003020292292
B0150293700819N11922432WA0128101285004003019296289
B0150303700820N11922435WA0128001284004003019299284
B0150313700822N11922438WA0128001283004003019299284
B0150323700823N11922441WA0127801281004003019296287
B0150333700824N11922445WA0127801281004003021289287
B0150343700825N11922448WA0127801282004003021279283
B0150353700825N11922451WA0127901283004003020273281
B0150363700825N11922454WA0128001284004003016285280
B0150373700826N11922456WA0128101285004003013299281
B0150383700827N11922458WA0128101285004003015296278
B0150393700828N11922461WA0128101285004003015280278
B0150403700828N11922464WA0128101285004003016274280
B0150413700828N11922468WA0128101286004003018284280
B0150423700830N11922471WA0128201286004003019301280
B0150433700831N11922474WA0128301287004003018307276
B0150443700833N11922476WA0128401287004003018303278
B0150453700834N11922479WA0128401288004003015299283
B0150463700835N11922481WA0128501288004003015300286
B0150473700836N11922484WA0128501288004003015303289
B0150483700838N11922486WA0128501288004003016317308
B0150493700840N11922487WA0128501288004003018350326
B0150503700844N11922486WA0128501288004003026023350
B0150513700848N11922482WA0128501288004003026040010
B0150523700851N11922477WA0128601289004003034055032
B0150533700853N11922469WA0128701290004003041072052
B0150543700853N11922461WA0128701291004003044091074
B0150553700851N11922453WA0128701290004003044110097
B0150563700847N11922445WA0128701289004003048129122
B0150573700842N11922439WA0128701290004003047154149
B0150583700836N11922437WA0128801291004003047171179
B0150593700830N11922437WA0128801291004003038201198
B0151003700829N11922441WA0128801290004003026233229
B0151013700827N11922445WA0128801290004003018274258
B0151023700828N11922449WA0128801291004003018299282
B0151033700830N11922452WA0128801291004003018315290
B0151043700833N11922454WA0128801292004003018320299
B0151053700835N11922456WA0128901293004003019323303
B0151063700837N11922458WA0129101295004003019323306
B0151073700839N11922460WA0129301298004003019322309
B0151083700841N11922462WA0129501300004003016334315
B0151093700843N11922462WA0129701302004003015008341
B0151103700846N11922461WA0129801302004003023034348
B0151113700849N11922457WA0129701301004003023043347
B0151123700853N11922452WA0129701301004003031042339
B0151133700856N11922449WA0129801303004003028029341
B0151143700860N11922448WA0129901303004003028010330
B0151153700863N11922448WA0129901304004003024351325
B0151163700865N11922450WA0130001305004003018333314
B0151173700867N11922451WA0130001306004003014319308
B0151183700868N11922453WA0130101306004003014305302
B0151193700869N11922455WA0130101306004003014292297
B0151203700869N11922458WA0130101306004003014282294
B0151213700870N11922461WA0130101306004003017281286
B0151223700870N11922464WA0130101306004003017279284
B0151233700871N11922468WA0130101307004003017269283
B0151243700870N11922471WA0130201306004003018252279
B0151253700868N11922474WA0130101306004003021238272
B0151263700866N11922478WA0130201307004003024232262
B0151273700864N11922481WA0130201308004003024226256
B0151283700861N11922484WA0130301309004003026218253
B0151293700857N11922487WA0130401310004003026205246
B0151303700853N11922488WA0130601310004003028191236
B0151313700849N11922488WA0130601311004003028179223
B0151323700844N11922488WA0130601311004003031167211
B0151333700840N11922485WA0130701313004003034152195
B0151343700835N11922481WA0130801313004003038137172
B0151353700832N11922475WA0130901314004003038122146
B0151363700830N11922467WA0130901315004003039104121
B0151373700830N11922459WA0131001315004003044085094
B0151383700832N11922451WA0131001316004003044066068
B0151393700836N11922446WA0131101317004003044047046
B0151403700840N11922442WA0131101318004003038029026
B0151413700844N11922441WA0131201318004003026013008
B0151423700847N11922441WA0131201319004003026001347
B0151433700850N11922441WA0131201319004003021343339
B0151443700855N11922446WA0131101318004003021317314
B0151453700858N11922449WA0131201318004003025317307
B0151463700861N11922452WA0131301319004003025318300
B0151473700863N11922455WA0131401321004003024317300
B0151483700866N11922457WA0131501322004003021316298
B0151493700868N11922460WA0131601323004003020313307
B0151503700870N11922463WA0131701323004003021309291
B0151513700872N11922467WA0131701324004003022301289
B0151523700873N11922471WA0131801325004003022291286
B0151533700874N11922474WA0131901326004003022290286
B0151543700875N11922478WA0132001327004003021292282
B0151553700876N11922481WA0132101328004003017282279
B0151563700875N11922484WA0132101328004003017249274
B0151573700872N11922487WA0132101327004003017216257
B0151583700867N11922489WA0132001325004003025192240
B0151593700861N11922488WA0131901325004003046171214
B0152003700854N11922486WA0131901326004003049149179
B0152013700849N11922480WA0132101328004003046133154
B0152023700845N11922474WA0132201328004003045111134
B0152033700844N11922466WA0132201327004003039086103
B0152043700846N11922459WA0132201327004003039070066
B0152053700850N11922453WA0132201328004003039052046
B0152063700854N11922450WA0132301329004003035029028
B0152073700858N11922448WA0132401330004003029007004
B0152083700862N11922449WA0132601332004003029348343
B0152093700865N11922451WA0132701334004003025325330
B0152103700866N11922453WA0132701334004003019289314
B0152113700866N11922457WA0132701334004003021254291
B0152123700864N11922460WA0132701334004003026237271
B0152133700862N11922464WA0132701335004003026234258
B0152143700860N11922469WA0132901336004003026242265
B0152153700859N11922473WA0132901337004003022263268
B0152163700860N11922477WA0133101338004003022289290
B0152173700862N11922480WA0133101339004003021314303
B0152183700864N11922482WA0133201340004003021341316
B0152193700868N11922482WA0133201340004003027008332
B0152203700872N11922480WA0133201340004003029026352
B0152213700876N11922476WA0133301341004003029046007
B0152223700878N11922471WA0133301342004003029069023
B0152233700878N11922464WA0133301341004003035089045
B0152243700876N11922458WA0133301341004003038110075
B0152253700873N11922452WA0133301340004003038129108
B0152263700868N11922447WA0133201339004003040150137
B0152283700862N11922445WA0133101339004003040167168
B0152293700856N11922445WA0133101339004003040186188
B0152303700851N11922448WA0133101339004003038205208
B0152313700847N11922452WA0133201340004003037222227
B0152323700844N11922456WA0133401342004003028237241
B0152333700843N11922461WA0133501343004003028252261
B0152343700843N11922465WA0133601344004003024264270
B0152353700843N11922468WA0133501344004003021274275
B0152363700843N11922472WA0133501343004003020285283
B0152373700845N11922476WA0133401342004003022301294
B0152383700847N11922479WA0133301341004003022315304
B0152393700850N11922482WA0133201340004003024326312
B0152403700854N11922484WA0133201340004003026331297
B0152413700857N11922486WA0133201340004003026331302
B0152423700860N11922489WA0133201340004003025328294
B0152433700863N11922491WA0133201340004003025327293
B0152443700867N11922494WA0133201340004003026329308
B0152453700870N11922496WA0133301341004003027332326
B0152463700874N11922498WA0133301342004003026337335
B0152473700877N11922499WA0133401343004003025349339
B0152483700881N11922499WA0133501344004003024005346
B0152493700884N11922498WA0133601345004003024018006
B0152503700888N11922496WA0133701345004003024030016
B0152513700891N11922492WA0133701345004003026043034
B0152523700894N11922487WA0133701345004003035059044
B0152533700896N11922481WA0133701345004003039073064
B0152543700896N11922473WA0133701345004003039086076
B0152553700896N11922465WA0133801346004003041098091
B0152563700894N11922458WA0133901348004003039109106
B0152573700891N11922452WA0134001349004003039122117
B0152583700887N11922447WA0134101349004003037133129
B0152593700884N11922442WA0134101349004003037145148
B0153003700878N11922439WA0134101349004003039153166
B0153013700873N11922436WA0134201350004003039163184
B0153023700867N11922435WA0134201350004003038178201
B0153033700863N11922437WA0134201350004003035202219
B0153043700859N11922441WA0134101349004003029230241
B0153053700858N11922446WA0134101349004003029256262
B0153063700858N11922451WA0134101350004003026276281
B0153073700859N11922454WA0134201351004003023296290
B0153083700861N11922457WA0134201351004003017317303
B0153093700863N11922459WA0134201350004003019328310
B0153103700866N11922461WA0134201350004003019333307
B0153113700869N11922462WA0134201350004003021340308
B0153123700872N11922463WA0134201350004003021347303
B0153133700875N11922464WA0134201351004003021349303
B0153143700877N11922465WA0134201351004003019341307
B0153153700880N11922466WA0134201351004003018329307
B0153163700882N11922468WA0134201350004003020323312
B0153173700885N11922471WA0134201350004003022326309
B0153183700888N11922473WA0134101349004003022335331
B0153193700892N11922474WA0134101349004003025345320
B0153203700895N11922475WA0134201350004003025343305
B0153213700898N11922477WA0134301352004003025331308
B0153223700901N11922480WA0134401353004003022319298
B0153233700903N11922483WA0134501354004003022314324
B0153243700906N11922485WA0134501354004003021324329
B0153253700909N11922486WA0134501353004003022348339
B0153263700913N11922485WA0134501354004003022015339
B0153273700917N11922482WA0134601354004003030032338
B0153283700921N11922478WA0134701356004003030042348
B0153293700924N11922475WA0134801357004003030034357
B0153303700928N11922473WA0134801356004003026019356
B0153313700932N11922473WA0134701356004003026001348
B0153323700935N11922473WA0134801357004003026354337
B0153333700939N11922473WA0134901358004003026002336
B0153343700943N11922473WA0134901358004003025018346
B0153353700947N11922471WA0134901357004003025021004
B0153363700951N11922469WA0134801356004003029015346
B0153373700955N11922468WA0134701355004003032009334
B0153383700961N11922467WA0134601355004003032004339
B0153393700966N11922467WA0134701356004003036359314
B0153403700971N11922468WA0134801358004003033356321
B0153413700975N11922468WA0135001360004003033000323
B0153423700980N11922467WA0135301363004003030004331
B0153433700983N11922467WA0135401364004003027002332
B0153443700987N11922467WA0135501365004003025353327
B0153453700991N11922469WA0135601366004003025340325
B0153463700993N11922471WA0135601365004003023327318
B0153473700996N11922473WA0135501365004003020323313
B0153483700998N11922475WA0135501365004003018320309
B0153493700999N11922477WA0135501365004003018306309
B0153503700999N11922483WA0135401364004003016240282
B0153513700997N11922485WA0135401363004003018218264
B0153523700994N11922487WA0135301362004003021206249
B0153533700991N11922488WA0135201361004003025192235
B0153543700986N11922489WA0135001359004003025180218
B0153553700980N11922488WA0134801357004003033168206
B0153563700974N11922486WA0134601357004003041154184
B0153573700968N11922481WA0134501356004003046145163
B0153583700963N11922475WA0134401355004003046139150
B0153593700958N11922469WA0134401354004003046137143
B0154003700952N11922463WA0134301354004003046137134
B0154013700947N11922457WA0134301354004003047136131
B0154023700942N11922451WA0134401355004003045131135
B0154033700938N11922444WA0134501356004003045127139
B0154043700935N11922438WA0134501356004003044125132
B0154053700931N11922431WA0134601356004003043127140
B0154063700927N11922425WA0134601356004003043127144
B0154073700922N11922418WA0134501356004003047126150
B0154083700918N11922410WA0134501356004003049127143
B0154093700914N11922403WA0134601356004003047128137
B0154103700909N11922397WA0134701357004003047131129
B0154113700905N11922392WA0134801358004003038136141
B0154123700901N11922388WA0134801358004003038141149
B0154133700897N11922383WA0134801358004003037142154
B0154143700892N11922379WA0134801358004003037140144
B0154153700888N11922374WA0134701357004003041137147
B0154163700883N11922368WA0134701357004003044135152
B0154173700878N11922362WA0134701357004003044134140
B0154183700874N11922356WA0134701357004003044134151
B0154193700869N11922350WA0134701357004003045133130
B0154203700865N11922344WA0134801358004003045132147
B0154213700860N11922338WA0134801358004003044132139
B0154223700856N11922332WA0134801358004003044132158
B0154233700851N11922326WA0134801357004003046133164
B0154243700846N11922320WA0134801357004003046138185
B0154253700840N11922315WA0134701356004003045150181
B0154263700835N11922313WA0134501354004003043160181
B0154273700829N11922311WA0134401353004003041165183
B0154283700822N11922309WA0134301352004003041167181
B0154293700817N11922307WA0134201351004003041170179
B0154303700811N11922307WA0134101350004003039173200
B0154313700806N11922306WA0134101350004003035177180
B0154323700801N11922306WA0134101350004003035177199
B0154333700797N11922306WA0134001349004003032174214
B0154343700793N11922305WA0133901348004003028180232
B0154353700790N11922306WA0133701345004003022202240
B0154363700787N11922309WA0133401341004003023231260
B0154373700786N11922314WA0133101338004003023261284
B0154383700787N11922318WA0132801336004003024292301
B0154393700790N11922322WA0132701335004003026323311
B0154413700794N11922323WA0132601334004003026341312
B0154423700798N11922325WA0132501333004003026343312
B0154433700801N11922326WA0132401331004003025338313
B0154443700804N11922329WA0132201330004003024327316
B0154453700807N11922331WA0132101328004003025320306
B0154463700810N11922334WA0132001328004003024320303
B0154473700812N11922337WA0132001329004003023320306
B0154483700814N11922339WA0132101329004003016320306
B0154493700816N11922340WA0132101329004003016323309
B0154503700817N11922342WA0132001328004003014322309
B0154513700819N11922344WA0131801327004003014315306
B0154523700821N11922346WA0131601324004003018311295
B0154533700823N11922349WA0131501323004003019310296
B0154543700825N11922351WA0131401323004003018317292
B0154553700826N11922353WA0131501324004003017328296
B0154563700828N11922354WA0131501324004003009341302
B0154573700829N11922354WA0131401322004003010346307
B0154583700831N11922355WA0131301321004003010344309
B0154593700833N11922356WA0131201320004003012330310
B0155003700834N11922357WA0131101319004003013314309
B0155013700835N11922359WA0131101319004003013311304
B0155023700837N11922361WA0131001318004003013319308
B0155033700839N11922362WA0131001318004003014327299
B0155043700841N11922364WA0130901317004003017333300
B0155053700843N11922365WA0130901317004003018329301
B0155063700845N11922367WA0130901316004003017320299
B0155073700847N11922369WA0130901317004003017305291
B0155083700848N11922371WA0130901316004003012303291
B0155093700849N11922373WA0130801316004003012310291
B0155103700850N11922375WA0130701315004003012322290
B0155113700852N11922377WA0130501313004003013318295
B0155123700854N11922379WA0130301310004003017308295
B0155133700855N11922382WA0130101309004003019301299
B0155143700857N11922385WA0130001308004003018306290
B0155153700859N11922387WA0130001307004003018316282
B0155163700861N11922389WA0130001308004003018321308
B0155173700863N11922391WA0130001307004003018318316
B0155183700865N11922393WA0130001307004003018319290
B0155193700867N11922395WA0130001307004003017326293
B0155203700869N11922397WA0129901306004003018324303
B0155213700871N11922399WA0129901305004003019316296
B0155223700873N11922402WA0129901306004003019310298
B0155233700875N11922405WA0130001307004003019308287
B0155243700877N11922407WA0130101309004003015314291
B0155253700878N11922409WA0130201310004003015321306
B0155263700880N11922410WA0130301310004003015318297
B0155273700882N11922413WA0130301310004003016316292
B0155283700884N11922415WA0130301310004003018308292
B0155293700885N11922418WA0130301310004003018293288
B0155303700886N11922422WA0130301311004003018279281
B0155313700885N11922426WA0130401312004003019264272
B0155323700884N11922429WA0130501313004003020246266
B0155333700882N11922432WA0130601313004003021226257
B0155343700879N11922434WA0130701314004003021207247
B0155353700876N11922436WA0130701314004003024193230
B0155363700872N11922437WA0130701314004003025187229
B0155373700868N11922437WA0130601314004003025193233
B0155383700865N11922439WA0130501313004003024213240
B0155393700864N11922442WA0130401311004003022242254
B0155403700864N11922446WA0130301309004003019273272
B0155413700865N11922449WA0130101308004003020296290
B0155423700867N11922452WA0130001307004003020316304
B0155433700870N11922454WA0130001306004003021336321
B0155443700873N11922455WA0129901306004003023346324
B0155453700876N11922456WA0129801305004003023346316
B0155463700880N11922457WA0129701304004003023342316
B0155473700883N11922459WA0129601302004003023341310
B0155483700888N11922460WA0129501301004003031342303
B0155493700892N11922462WA0129501302004003031346297
B0155503700896N11922463WA0129601303004003030352303
B0155513700900N11922463WA0129701304004003027355318
B0155523700903N11922463WA0129601303004003023353327
B0155533700907N11922464WA0129501301004003026348325
B0155543700912N11922466WA0129301299004003026345326
B0155553700916N11922467WA0129101297004003030343321
B0155563700924N11922470WA0129101299004003025350322
B0155573700927N11922470WA0129201300004003025001325
B0155583700930N11922470WA0129201299004003021009333
B0155593700933N11922469WA0129101298004003019000338
B0156003700936N11922470WA0128901296005003023349333
B0156013700940N11922471WA0128801294004003027348330
B0156023700944N11922471WA0128701294004003027354333
B0156033700948N11922472WA0128701294004003027000328
B0156043700952N11922471WA0128701294004003027003332
B0156053700956N11922471WA0128701294004003025000334
B0156063700960N11922471WA0128701293004003027352333
B0156073700964N11922473WA0128701294004003027345329
B0156083700968N11922474WA0128801295004003027339326
B0156093700971N11922476WA0129001297004003022333321
B0156103700973N11922478WA0129201299004003022324318
B0156113700974N11922480WA0129401301004003016315313
B0156123700976N11922482WA0129501301004003015309307
B0156133700977N11922484WA0129601302004003016305305
B0156143700979N11922487WA0129601302004003017303300
B0156153700980N11922489WA0129701304004003017305297
B0156163700982N11922492WA0129801306004003017307304
B0156173700983N11922494WA0130101308004003013314313
B0156183700985N11922495WA0130301310004003014340333
B0156193700987N11922495WA0130401311004003014011345
B0156203700991N11922492WA0130401311004003020035003
B0156213700995N11922486WA0130401311004003042056029
B0156223700997N11922478WA0130501312004003049077064
B0156233700997N11922469WA0130701314004003049093083
B0156243700994N11922459WA0130901315004003050111101
B0156253700990N11922452WA0130901316004003050127123
B0156263700985N11922445WA0130901315004003050154143
B0156273700979N11922442WA0130901315004003046179177
B0156283700973N11922444WA0130701314004003040203205
B0156293700971N11922449WA0130701314004003028239231
B0156303700969N11922454WA0130801315004003028276264
B0156313700971N11922457WA0131001318004003020301288
B0156323700972N11922459WA0131301321004003014310300
B0156333700973N11922460WA0131401322004003009296300
B0156343700973N11922462WA0131501323004003010279289
B0156353700973N11922464WA0131501323004003010263283
B0156363700972N11922467WA0131601323004003012253284
B0156373700971N11922470WA0131601324004003018251293
B0156383700971N11922473WA0131701325004003018262311
B0156393700971N11922476WA0131801327004003017280303
B0156403700972N11922479WA0132001328004003015290311
B0156413700973N11922481WA0132101330004003013288306
B0156423700973N11922483WA0132201330004003015284322
B0156433700974N11922486WA0132301330004003015291307
B0156443700975N11922488WA0132401331004003015319328
B0156453700977N11922489WA0132401332004003016355356
B0156463700981N11922488WA0132401332004003022015357
B0156473700984N11922486WA0132401331004003022023003
B0156483700987N11922484WA0132301331004003025034353
B0156493700990N11922481WA0132301330004003023039343
B0156503700993N11922479WA0132201329004003023037349
B0156513700995N11922476WA0132101329004003021030336
B0156523700997N11922475WA0131901327004003018019330
B0156533700999N11922475WA0131701325004003014351327
B0156543701001N11922477WA0131401322004003015321312
B0156553701002N11922479WA0131201320004003015302308
B0156563701004N11922482WA0131001318004003016296308
B0156573701005N11922484WA0130801316004003017298312
B0156593701006N11922487WA0130601314004003017302317
B0157003701008N11922490WA0130401312004003017306302
B0157013701009N11922492WA0130201310004003017312322
B0157023701011N11922495WA0130001307004003019317322
B0157033701014N11922497WA0129901306004003020321322
B0157043701016N11922500WA0129701304004003020324330
B0157053701019N11922502WA0129601303004003021327341
B0157063701022N11922504WA0129501303004003022334330
B0157073701025N11922505WA0129501302004003022341328
B0157083701028N11922506WA0129501302004003022345332
B0157093701031N11922507WA0129401301004003022344320
B0157103701034N11922508WA0129301300004003022343323
B0157113701038N11922510WA0129301299004003023340309
B0157123701041N11922511WA0129201299004003023336318
B0157133701044N11922513WA0129201299004003023332312
B0157143701047N11922515WA0129201299004003022331308
B0157153701050N11922517WA0129201299004003022331304
B0157163701052N11922519WA0129201299004003020330309
B0157173701054N11922521WA0129201298004003019325315
B0157183701057N11922523WA0129101298004003019325336
B0157193701059N11922525WA0129101298004003019327328
B0157203701061N11922526WA0129101298004003018330311
B0157213701064N11922528WA0129101297004003018335300
B0157223701066N11922529WA0129001297004003016333298
B0157233701068N11922531WA0129001296004003017326317
B0157243701070N11922533WA0129001296003003016324305
B0157253701072N11922534WA0129001296004003017326321
B0157263701074N11922536WA0129001296004003018322322
B0157273701076N11922539WA0129001296004003020317309
B0157283701079N11922541WA0129001297004003020321314
B0157293701081N11922543WA0129101298004003020325302
B0157303701083N11922545WA0129101298004003018327286
B0157313701085N11922547WA0129201299004003018321296
B0157323701087N11922549WA0129201299004003016307293
B0157333701088N11922552WA0129101298004003016297291
B0157343701089N11922555WA0129101298004003020288290
B0157353701090N11922559WA0129201298004003020279290
B0157363701090N11922562WA0129201298004003018272290
B0157373701090N11922565WA0129201298004003017273304
B0157383701090N11922568WA0129101297004003018279302
B0157393701091N11922572WA0129001296004003019287313
B0157403701092N11922575WA0128901296004003019293307
B0157413701094N11922579WA0128901295004003020299301
B0157423701095N11922582WA0128901296004003019305304
B0157433701097N11922584WA0128901296004003019310306
B0157443701099N11922587WA0128801295004003019313306
B0157453701101N11922589WA0128801294004003019315308
B0157463701103N11922592WA0128701293004003018316311
B0157473701105N11922594WA0128601292004003020314312
B0157483701108N11922597WA0128401290004003020310310
B0157493701110N11922601WA0128401290004003023307294
B0157503701112N11922604WA0128401290004003020306309
B0157513701113N11922607WA0128401290004003020310309
B0157523701115N11922610WA0128401290004003020311295
B0157533701117N11922613WA0128301289004003020303283
B0157543701118N11922616WA0128301288004003020287270
B0157553701119N11922620WA0128201287004003020277290
B0157563701119N11922624WA0128101287004003020282304
B0157573701120N11922627WA0128001286004003019297307
B0157583701122N11922630WA0128001286004003019306296
B0157593701124N11922632WA0128001285004003019302281
B0158003701125N11922635WA0127901285004003018294296
B0158013701126N11922638WA0127901285004003017295308
B0158023701129N11922644WA0127801283004003020310304
B0158033701131N11922647WA0127801283004003020304297
B0158043701132N11922650WA0127701282004003020296299
E015805PEVBackground
B0158053701133N11922653WA0127601282004003020300314
B0158063701135N11922656WA0127601282004003019317325
B0158073701137N11922658WA0127601282004003019326303
B0158083701140N11922660WA0127601282004003019325300
B0158093701142N11922662WA0127501282004003019318303
B0158103701144N11922665WA0127401281004003019321315
B0158113701147N11922667WA0127401280004003022328325
B0158123701150N11922669WA0127401280004003022333309
B0158133701153N11922671WA0127401280004003022330297
B0158143701155N11922673WA0127401280004003020323297
E015815PEVForeground
B0158153701157N11922675WA0127301279004003018319314
B0158163701159N11922677WA0127101277004003019320322
B0158173701161N11922679WA0127001275004003023321318
B0158183701164N11922682WA0126901274004003023319302
B0158193701167N11922685WA0126901274004003023318295
B0158203701169N11922688WA0126901275004003019314290
B0158213701170N11922690WA0126801275004003019294272
B0158223701170N11922693WA0126801273004003014254274
B0158233701168N11922695WA0126701271004003014226253
B0158243701165N11922698WA0126501269004003028208243
B0158253701160N11922700WA0126301268004003033192221
B0158263701155N11922700WA0126201267004003033176201
B0158273701149N11922698WA0126101265004003038161193
B0158283701143N11922694WA0126001264004003044153175
B0158293701137N11922690WA0125901263004003044151164
B0158303701132N11922686WA0125801263004003043150150
B0158313701126N11922682WA0125801262004003043148146
B0158323701121N11922678WA0125701261004003042145145
B0158333701116N11922673WA0125701261004003042144153
B0158343701111N11922668WA0125601260004003042143152
B0158353701106N11922663WA0125501259004003042143163
B0158363701100N11922658WA0125401257004003045143163
B0158373701095N11922653WA0125301257004003046143158
B0158383701089N11922648WA0125201256004003046142160
B0158393701084N11922643WA0125201256004003046140177
B0158403701079N11922637WA0125201256004003046139160
B0158413701074N11922632WA0125301257004003046138153
B0158423701069N11922626WA0125401258004003045136141
B0158433701064N11922620WA0125501259004003043135141
B0158443701060N11922615WA0125501260004003042136158
B0158453701055N11922610WA0125601260004003042138160
B0158463701050N11922605WA0125701261004003042142169
B0158473701045N11922600WA0125801262004003043147188
B0158483701039N11922597WA0125901263004003042153202
B0158493701033N11922594WA0126001263004003042166220
B0158503701028N11922594WA0125901262004003038185224
B0158513701024N11922597WA0125801262004003034209246
B0158523701021N11922601WA0125801262004003026234269
B0158533701021N11922605WA0125801262004003026267291
B0158543701022N11922608WA0125801262004003022308307
B0158553701025N11922609WA0125801262004003019343321
B0158563701028N11922609WA0125901263004003018359336
B0158573701030N11922609WA0125901264004003019009341
B0158583701033N11922608WA0125901263004003019019346
B0158593701037N11922606WA0125901263004003022025000
B0159003701040N11922604WA0125901262004003029026011
B0159013701044N11922601WA0125801263004003034041022
B0159023701048N11922595WA0125701262004003034057028
B0159033701050N11922589WA0125801263004003037069022
B0159043701052N11922583WA0125801263004003032059033
B0159053701055N11922578WA0125701262004003032029020
B0159063701058N11922576WA0125601261004003028003358
B0159073701062N11922577WA0125401262004003028336337
B0159083701065N11922580WA0125401262004003019300320
B0159093701064N11922584WA0125301261004003020250298
B0159103701061N11922588WA0125201259004003020213269
B0159113701056N11922590WA0125101257004003027190245
B0159133701050N11922591WA0125001257004003040174216
B0159143701045N11922589WA0125001257004003040167190
B0159153701039N11922587WA0125001257004003037164176
B0159163701035N11922585WA0125001257004003034162173
B0159173701030N11922583WA0125001256004003036158167
B0159183701024N11922580WA0125001256004003041157161
B0159193701018N11922577WA0125001256004003041155152
B0159203701012N11922573WA0125101257004003043154150
B0159213701007N11922570WA0125201258004003042153156
B0159223701001N11922566WA0125301258004003042152152
B0159233700996N11922563WA0125301259004003040152171
B0159243700991N11922559WA0125401259004003040150180
B0159253700985N11922555WA0125501260004003043146169
B0159263700980N11922550WA0125501260004003044146179
B0159273700975N11922546WA0125601261004003043147176
B0159283700969N11922542WA0125601261004003043146163
B0159293700965N11922537WA0125601261004003040144160
B0159303700960N11922533WA0125601260004003041141175
B0159313700955N11922528WA0125501260004003041142153
B0159323700949N11922523WA0125401259004003042146181
B0159333700944N11922519WA0125401258004003045150188
B0159343700938N11922515WA0125301257004003045154198
B0159353700932N11922512WA0125201256004003044160181
B0159363700925N11922510WA0125101256004003042166178
B0159373700919N11922508WA0125001255004003042167177
B0159383700913N11922507WA0124901254004003044166178
B0159393700906N11922504WA0124801253004003044164173
B0159403700900N11922502WA0124801252004003044165189
B0159413700893N11922500WA0124701252004003042167189
B0159423700887N11922499WA0124701251004003042170207
B0159433700881N11922498WA0124601250004003041175209
B0159443700875N11922498WA0124501249004003041182216
B0159453700869N11922499WA0124601250004003041186223
B0159463700863N11922500WA0124801251004003041183221
B0159473700858N11922500WA0124901253004003036175200
B0159483700853N11922499WA0124901254004003034173181
B0159493700848N11922498WA0125001254004003034173189
B0159503700843N11922497WA0125101255004003038172169
B0159513700837N11922496WA0125301257004003038168167
B0159523700832N11922494WA0125501260004003038165182
B0159533700826N11922493WA0125801262004003036167203
B0159543700821N11922492WA0126001264004003036180219
B0159553700817N11922494WA0126101265004003032204228
B0159563700814N11922498WA0126201265004003029232249
B0159573700814N11922502WA0126301267004003024270275
B0159583700816N11922505WA0126401268004003024314301
B0159593700819N11922506WA0126501270004003023000328
B0200003700823N11922504WA0126701271004003023035355
B0200013700825N11922499WA0126801272004003029067020
B0200023700826N11922494WA0126801272004003034089051
B0200033700825N11922486WA0126701271004003034104080
B0200043700821N11922478WA0126601270004003043119099
B0200053700815N11922471WA0126601270004003054139122
B0200063700809N11922465WA0126801271004003054165148
B0200073700797N11922466WA0127201274004003038215198
B0200083700796N11922470WA0127301275004003026243233
B0200093700796N11922474WA0127401275004003018285262
B0200103700797N11922478WA0127501276004003019323295
B0200113700801N11922479WA0127601278004003019359318
B0200123700805N11922478WA0127701279004003024030342
B0200133700808N11922473WA0127901281004003030056007
B0200143700809N11922467WA0128101283004003034082034
B0200153700809N11922460WA0128201284004003034101063
B0200163700806N11922453WA0128201285004003039117086
B0200173700801N11922447WA0128201285004003047136111
B0200183700795N11922443WA0128201285004003048163138
B0200193700788N11922444WA0128201286004003047189173
B0200203700782N11922445WA0128301286004003043222203
B0200213700782N11922450WA0128401287004003021266238
B0200223700783N11922454WA0128501288004003021311284
B0200233700786N11922456WA0128601289004003017336309
B0200243700789N11922457WA0128701291004003017338319
B0200253700791N11922458WA0128801292004003014313325
B0200263700793N11922460WA0128801292004003016290312
B0200273700794N11922463WA0128901293004003016296311
B0200283700796N11922465WA0129001295004003017326322
B0200293700799N11922465WA0129101295004003022006336
B0200303700802N11922463WA0129101296004003032036359
B0200313700806N11922457WA0129201297004003032056024
B0200323700808N11922450WA0129401299004003039074042
B0200333700808N11922442WA0129501300004003043094064
B0200343700805N11922435WA0129601301004003043119086
B0200353700802N11922429WA0129501300004003041147115
B0200363700796N11922428WA0129501299004003039170154
B0200373700790N11922427WA0129501300004003035191186
B0200383700786N11922429WA0129601302004003035203214
B0200393700783N11922432WA0129701303004003028219226
B0200403700782N11922435WA0129801304004003020241252
B0200413700781N11922438WA0129801305004003016264277
B0200423700782N11922442WA0129901306004003017281291
B0200433700782N11922445WA0130001307004003017293299
B0200443700784N11922448WA0130201309004003017299294
B0200453700784N11922449WA0130301311004003010299310
B0200463700785N11922451WA0130501312004003010308293
B0200473700786N11922452WA0130501312004003010320290
B0200483700788N11922454WA0130501312004003012319303
B0200493700790N11922456WA0130601313004003017321312
B0200503700792N11922457WA0130801315004003017339341
B0200513700795N11922457WA0130901317004003017009004
B0200523700799N11922456WA0130901316004003021039021
B0200533700802N11922452WA0130901316004003031059040
B0200543700804N11922445WA0130801315004003039080053
B0200553700803N11922435WA0130701314004003039095075
B0200563700801N11922425WA0130701315004003050106090
B0200573700799N11922416WA0130801317004003048110115
B0200583700796N11922409WA0131001319004003048114115
B0200593700793N11922402WA0131101318004003042118125
B0201003700789N11922395WA0131201318004003042124127
B0201013700785N11922389WA0131201318004003043138141
B0201023700779N11922385WA0131101317004003043159157
B0201033700773N11922384WA0131001317004003042187184
B0201043700768N11922386WA0130901317004003040207214
B0201053700765N11922390WA0131001318004003025231237
B0201063700765N11922394WA0131101319004003025261263
B0201073700765N11922397WA0131201320004003018294274
B0201083700767N11922400WA0131201320004003018304291
B0201093700768N11922403WA0131301321004003019295299
B0201103700769N11922406WA0131401322004003019278291
B0201113700769N11922409WA0131501324004003016263288
B0201123700768N11922412WA0131501324004003015251282
B0201133700767N11922415WA0131501324004003016249279
B0201143700766N11922418WA0131501323004003018254278
B0201153700766N11922421WA0131501323004003018257280
B0201163700765N11922425WA0131501323004003020259279
B0201173700765N11922429WA0131501324004003021266273
B0201183700765N11922433WA0131601325004003021274280
B0201193700765N11922437WA0131701326004003020282279
B0201203700766N11922440WA0131801327004003019286289
B0201213700767N11922443WA0131801327004003019289291
B0201223700768N11922447WA0131901328004003019293298
B0201233700770N11922449WA0132101329004003019303303
B0201243700771N11922451WA0132201330004003017323327
B0201253700774N11922452WA0132101329004003020353341
B0201263700778N11922451WA0132101328004003029015002
B0201273700783N11922448WA0132101328004003029032022
B0201283700787N11922443WA0132201329004003037051048
B0201293700789N11922435WA0132201331004003042073067
B0201303700789N11922427WA0132301332004003044095085
B0201313700787N11922420WA0132401333004003044113104
B0201323700783N11922413WA0132501333004003044132125
B0201333700778N11922410WA0132501334004003038153148
B0201343700772N11922407WA0132501334004003038183177
B0201353700768N11922410WA0132501333004003032208213
B0201363700766N11922414WA0132501333005003028238240
B0201373700766N11922418WA0132501334004003020268266
B0201383700767N11922421WA0132601335004003020281280
B0201393700767N11922425WA0132601335004003018273287
B0201403700767N11922429WA0132701335004003018267286
B0201413700767N11922433WA0132701335004003025267286
B0201423700767N11922438WA0132701336004003026271281
B0201433700767N11922443WA0132901338004003025281275
B0201443700768N11922446WA0133001337004003021288279
B0201463700768N11922448WA0133101339004003013288289
B0201473700769N11922450WA0133201340004003014274295
B0201483700769N11922454WA0133301340004003014262288
B0201493700768N11922458WA0133301341004003019259286
B0201503700767N11922463WA0133401342004003026265297
B0201513700768N11922467WA0133501344004003026278309
B0201523700769N11922471WA0133701346004003023304323
B0201533700770N11922473WA0133801346004003018345334
B0201543700774N11922473WA0133701345004003026018352
B0201553700778N11922469WA0133701344004003033036014
B0201563700782N11922464WA0133601344004003033054023
B0201573700784N11922457WA0133601345004003037065023
B0201583700787N11922450WA0133701345004003038064030
B0201593700790N11922445WA0133701345004003038052028
B0202003700794N11922440WA0133601345004003036039019
B0202013700799N11922437WA0133601344004003036030012
B0202023700804N11922433WA0133501344004003038026005
B0202033700809N11922431WA0133601345004003038024003
B0202043700813N11922428WA0133701346004003036021000
B0202053700818N11922426WA0133801347004003032012001
B0202063700822N11922426WA0133901347004003029003354
B0202073700826N11922426WA0133901348004003030354340
B0202083700831N11922427WA0134001350004003029347335
B0202093700834N11922429WA0134101351004003028333330
B0202103700836N11922431WA0134201352004003021312323
B0202113700838N11922435WA0134201353004003023300310
B0202123700840N11922439WA0134301354004003022300302
B0202133700843N11922444WA0134501356004003019311306
B0202143700845N11922447WA0134601356004003019309310
B0202153700847N11922450WA0134601357004003022304308
B0202163700848N11922454WA0134701357004003021294300
B0202173700849N11922457WA0134801358004003021288298
B0202183700850N11922461WA0134801358004003020290289
B0202193700852N11922465WA0134701358004003023296296
B0202203700854N11922469WA0134601357004003023298288
B0202213700855N11922474WA0134501356004003026296289
B0202223700857N11922478WA0134501357004003027295289
B0202233700859N11922482WA0134501357004003027305316
B0202243700861N11922484WA0134501356004003022326336
B0202253700864N11922485WA0134401355004003018353343
B0202263700867N11922484WA0134301353004003022016006
B0202273700870N11922481WA0134101351004003028037020
B0202283700873N11922477WA0133901349004003028056046
B0202293700875N11922470WA0133801348003003035071058
B0202303700876N11922462WA0133701347004003041087077
B0202313700875N11922455WA0133601346004003041102087
B0202323700873N11922448WA0133501346004003041111098
B0202333700870N11922441WA0133501345004003041113103
B0202343700868N11922434WA0133501345004003041110106
B0202353700867N11922426WA0133501345004003041105102
B0202363700865N11922419WA0133501345004003040102097
B0202373700864N11922411WA0133401345004003040101094
B0202383700863N11922404WA0133401345004003042100096
B0202393700862N11922396WA0133501346004003042100120
B0202403700860N11922390WA0133601346004003039104124
B0202413700859N11922383WA0133601346004003037116126
B0202423700856N11922377WA0133501345004003037133134
B0202433700851N11922373WA0133301342004003041149154
B0202443700846N11922369WA0133201342004003041172169
B0202453700839N11922369WA0133301343004003041192196
B0202463700834N11922372WA0133601345004003026208225
B0202473700832N11922375WA0133801347004003026218246
B0202483700830N11922378WA0134001349004003019223257
B0202493700828N11922380WA0134001347004003018232274
B0202503700827N11922384WA0133901345004003020256287
B0202513700827N11922388WA0133701344004003027290296
B0202523700830N11922392WA0133501343004003027309295
B0202533700834N11922397WA0133501343004003027324278
B0202543700836N11922399WA0133601344004003019324291
B0202553700838N11922401WA0133601344004003019308297
B0202563700838N11922403WA0133601344004003015293294
B0202573700839N11922407WA0133501342004003015280289
B0202583700839N11922411WA0133401342004003023268288
B0202593700838N11922416WA0133401342004003024255270
B0203003700837N11922420WA0133401342004003024244266
B0203013700835N11922424WA0133401341004003024240255
B0203023700833N11922428WA0133201339004003027235251
B0203033700831N11922432WA0133101338004003030233246
B0203043700828N11922437WA0132901336004003030234245
B0203053700825N11922442WA0132701334004003032234234
B0203063700822N11922446WA0132501332004003030228234
B0203073700819N11922450WA0132301330004003030222223
B0203083700815N11922454WA0132101327004003030221230
B0203093700811N11922458WA0131901326004003032220220
B0203103700807N11922463WA0131901326004003038215223
B0203113700802N11922467WA0131901326004003038210205
B0203123700798N11922470WA0131901327004003037206210
B0203133700794N11922472WA0131901327004003033206214
B0203143700789N11922475WA0131801325004003032208220
B0203153700785N11922478WA0131701323004003034208223
B0203163700780N11922481WA0131501322004003034208224
B0203173700775N11922485WA0131401321004003037210207
B0203183700771N11922488WA0131401321004003035214203
B0203193700766N11922491WA0131401322004003035209209
B0203203700762N11922493WA0131401322004003034197202
B0203213700757N11922494WA0131401321004003034186205
B0203223700751N11922494WA0131401320004003039180197
B0203233700745N11922494WA0131301320003003041177193
B0203243700739N11922493WA0131301320004003041173191
B0203253700733N11922492WA0131401321004003041168185
B0203263700726N11922490WA0131601321004003037167200
B0203273700722N11922489WA0131601322004003037171202
B0203283700717N11922488WA0131601321004003033186205
B0203293700712N11922490WA0131401318004003032201224
B0203313700709N11922494WA0131201316004003033224239
B0203323700706N11922499WA0131201315004003033241259
B0203333700704N11922505WA0131101315004003032251276
B0203343700704N11922509WA0131101315004003028258283
B0203353700704N11922512WA0131101314004003019271294
B0203363700705N11922516WA0131001313004003020291299
B0203373700707N11922519WA0130801311004003020310320
B0203383700710N11922522WA0130701309004003023329332
B0203393700713N11922523WA0130601308004003024346332
B0203403700716N11922523WA0130501308004003024002322
B0203413700719N11922523WA0130501308004003021014339
B0203423700722N11922522WA0130501307004003020018336
B0203433700725N11922520WA0130401306004003025019340
B0203443700730N11922518WA0130301305004003031020334
B0203453700734N11922516WA0130301306004003031023320
B0203463700738N11922514WA0130401308004003031025319
B0203473700741N11922512WA0130601309004003024025333
B0203483700744N11922510WA0130601309004003024020341
B0203493700748N11922509WA0130601309004003024011343
B0203503700752N11922509WA0130601308004003024003338
B0203513700756N11922509WA0130601308004003027358336
B0203523700760N11922509WA0130601309004003027358335
B0203533700763N11922509WA0130701310004003025005343
B0203543700766N11922508WA0130801311004003023018351
B0203553700769N11922506WA0130901311004003024027347
B0203563700773N11922503WA0130801311004003026031343
B0203573700776N11922501WA0130801311004003026029353
B0203583700780N11922498WA0130801310004003028024351
B0203593700785N11922496WA0130701310004003030021352
B0204003700789N11922494WA0130801311004003030020351
B0204013700793N11922492WA0130801312004003030017353
B0204023700797N11922491WA0130901312004003029012350
B0204033700801N11922490WA0130901312004003025003349
B0204043700804N11922491WA0131001313004003025355342
B0204053700808N11922491WA0131001314004003024352338
B0204063700811N11922492WA0131201316004003022354336
B0204073700813N11922492WA0131401318004003017350336
B0204083700815N11922493WA0131501319004003017331332
B0204093700817N11922495WA0131501319004003013303321
B0204103700817N11922497WA0131501319004003013287306
B0204113700818N11922500WA0131501319004003016287298
B0204123700819N11922503WA0131601319004003017290294
B0204133700820N11922506WA0131701321004003016300298
B0204143700821N11922508WA0131801322004003016315306
B0204153700823N11922509WA0132001323004003013343331
B0204163700825N11922510WA0131901322004003019019344
B0204173700828N11922507WA0131901321004003019032003
B0204183700832N11922503WA0131901320004003028041015
B0204193700839N11922492WA0132001323004003040064060
B0204203700841N11922484WA0132101324004003043077072
B0204213700841N11922476WA0132201324004003043091091
B0204223700839N11922467WA0132201324004003047108111
B0204233700835N11922458WA0132201324004003051123128
B0204243700831N11922450WA0132301325004003051145145
B0204253700825N11922447WA0132401326004003046161167
B0204263700820N11922447WA0132401327004003040179184
B0204273700816N11922448WA0132501328004003024197204
B0204283700813N11922450WA0132601329004003024215232
B0204293700812N11922452WA0132601329004003017236249
B0204303700812N11922454WA0132701329004003013265266
B0204313700812N11922456WA0132701330004003013277282
B0204323700812N11922459WA0132801331004003013261287
B0204333700811N11922461WA0132801331004003013247282
B0204343700810N11922464WA0132801331004003014250275
B0204353700809N11922467WA0132701330004003018261280
B0204363700810N11922470WA0132701330004003018277293
B0204373700811N11922473WA0132701331004003018301307
B0204383700813N11922476WA0132801331004003018329324
B0204393700816N11922476WA0132801332004003020352332
B0204403700819N11922476WA0132901332004003021001344
B0204413700822N11922476WA0133001333004003020359331
B0204423700825N11922477WA0133001333004003020357327
B0204433700827N11922477WA0133001333004003016354317
B0204443700830N11922477WA0132901332004003017347315
B0204453700832N11922478WA0132801331004003017338313
B0204463700834N11922480WA0132701329004003017321313
B0204473700836N11922483WA0132501328004003020309310
B0204483700838N11922486WA0132401327004003021309304
B0204493700840N11922489WA0132401327004003021320306
B0204503700843N11922491WA0132401327004003021326306
B0204513700845N11922493WA0132401327004003020329314
B0204523700848N11922495WA0132301326004003022329315
B0204533700851N11922497WA0132301325004003022325316
B0204543700854N11922501WA0132201325004003024318318
B0204553700857N11922504WA0132401326004003027315316
B0204563700860N11922507WA0132601329004003027327329
B0204573700863N11922509WA0132801329004003022004340
B0204583700866N11922508WA0132901329005003022037357
B0204593700869N11922504WA0133001330006003034050020
B0205003700872N11922497WA0133101331006003038061043
B0205013700874N11922490WA0133201332004003038076063
B0205023700874N11922482WA0133301333004003039097078
B0205033700871N11922474WA0133401333005003047115100
B0205043700866N11922467WA0133401334005003047134122
B0205053700860N11922463WA0133501335004003047154147
B0205063700855N11922462WA0133501336004003044176173
B0205073700849N11922461WA0133601336004003030206198
B0205083700847N11922465WA0133601336004003030235235
B0205093700846N11922469WA0133701337004003025263262
B0205103700847N11922472WA0133801339004003021291290
B0205113700849N11922474WA0133901341004003014338306
B0205123700851N11922474WA0134001340005003018011330
B0205133700854N11922472WA0134101341004003018027349
B0205143700857N11922470WA0134101342004003023034354
B0205153700861N11922467WA0134201343006003028039349
B0205163700864N11922463WA0134301345004003028041000
B0205173700867N11922460WA0134501347006003028038001
B0205183700871N11922457WA0134701349004003028032003
B0205203700874N11922455WA0134801350004003025024354
B0205213700877N11922454WA0134901351004003025006350
B0205223700880N11922455WA0134901350004003021340338
B0205233700883N11922458WA0134801350004003021321321
B0205243700886N11922461WA0134801350004003025298309
B0205253700888N11922465WA0135001351004003025265295
B0205263700886N11922468WA0135101353004003022224274
B0205273700883N11922471WA0135301354004003022197251
B0205283700879N11922472WA0135401356004003027193238
B0205293700875N11922473WA0135501358004003028193221
B0205303700871N11922474WA0135701360004003028197209
B0205313700866N11922475WA0135801361004003028192205
B0205323700861N11922475WA0135901362004003033179199
B0205333700856N11922474WA0135901362004003040163181
B0205343700850N11922470WA0135901362004003040143159
B0205353700846N11922462WA0135901363004003046119133
B0205363700845N11922454WA0136001364004003044092103
B0205373700847N11922447WA0136101365004003044066070
B0205383700850N11922442WA0136201366004003042046042
B0205393700853N11922439WA0136301367004003033030024
B0205403700856N11922438WA0136301368004003020017007
B0205413700859N11922437WA0136501369004003020015350
B0205423700862N11922436WA0136601371004003020017349
B0205433700865N11922435WA0136701371004003021016351
B0205443700867N11922434WA0136701371004003020011350
B0205453700870N11922434WA0136701371004003020356346
B0205463700872N11922435WA0136701371004003017323337
B0205473700873N11922438WA0136701371004003017289316
B0205483700873N11922441WA0136701372004003020259297
B0205493700872N11922445WA0136801373004003022243278
B0205503700870N11922449WA0137001375004003022242270
B0205513700869N11922452WA0137101376004003022254272
B0205523700869N11922455WA0137201376004003017280285
B0205533700870N11922458WA0137201377004003017304293
B0205543700872N11922460WA0137301379004003017318296
B0205553700874N11922462WA0137501380004003017334329
B0205563700877N11922462WA0137601381004003019356353
B0205573700880N11922461WA0137701382004003024025010
B0205583700884N11922459WA0137701381004003024053027
B0205593700886N11922452WA0137601380004003034070046
B0206003700887N11922444WA0137401378004003046091072
B0206013700885N11922435WA0137301377004003049110098
B0206023700880N11922428WA0137301376006003046131118
B0206033700874N11922423WA0137201376004003046153144
B0206043700869N11922422WA0137101375004003039175172
B0206053700863N11922423WA0137001375004003039197199
B0206063700860N11922426WA0137101376004003035221223
B0206073700858N11922430WA0137101377004003029239244
B0206083700857N11922433WA0137201377004003016260262
B0206093700857N11922436WA0137201377004003016279272
B0206103700858N11922439WA0137201376004003016288281
B0206113700859N11922442WA0137101376004003019292292
B0206123700861N11922446WA0137101376004003022300296
B0206133700863N11922449WA0137201377004003022310313
B0206143700865N11922452WA0137301378004003021316308
B0206153700867N11922454WA0137401379006003018320315
B0206163700869N11922456WA0137401379004003016320315
B0206173700871N11922458WA0137301378004003019321309
B0206183700873N11922460WA0137301377004003019324291
B0206193700876N11922463WA0137301377004003023330296
B0206203700880N11922464WA0137301378004003023335289
B0206213700883N11922466WA0137401379004003023343308
B0206223700885N11922466WA0137401380004003021354325
B0206233700889N11922466WA0137401379004003021011358
B0206243700892N11922464WA0137301378004003028028011
B0206253700900N11922455WA0137001375004003035045029
B0206263700904N11922450WA0136901374004003036053042
B0206273700906N11922444WA0136901373004003036062050
B0206283700908N11922437WA0136701372004003037071064
B0206293700910N11922430WA0136601370004003039075055
B0206303700911N11922423WA0136401368004003039080093
B0206313700911N11922415WA0136201366004003040088082
B0206323700911N11922407WA0136001364004003043097105
B0206333700909N11922400WA0135901363004003043104103
B0206343700907N11922392WA0135701362004003043111118
B0206353700904N11922386WA0135601360004003041118121
B0206363700901N11922380WA0135301356004003037126126
B0206373700897N11922375WA0135001353004003041133133
B0206383700892N11922369WA0134701349004003049139135
B0206393700886N11922363WA0134501349004003049150163
B0206403700880N11922360WA0134301348004003049159175
B0206413700874N11922358WA0134101346004003039165174
B0206423700869N11922356WA0133901344004003039165175
B0206433700863N11922354WA0133601341004003039163168
B0206443700857N11922351WA0133301337004003040162175
B0206453700850N11922349WA0133101335004003046165160
B0206463700844N11922348WA0132901333004003046168175
B0206473700837N11922346WA0132801333004003046171165
B0206483700831N11922345WA0132801332004003043174192
B0206493700826N11922345WA0132701331004003036177210
B0206503700820N11922345WA0132601329004003037182224
B0206513700815N11922346WA0132401327004003037191226
B0206523700809N11922349WA0132301327004003039198236
B0206533700802N11922352WA0132401327004003046199246
B0206543700796N11922355WA0132501329004003046193204
B0206553700790N11922356WA0132801332004003043184208
B0206563700784N11922355WA0133101335004003041178189
B0206573700778N11922355WA0133301337004003038177194
B0206583700773N11922355WA0133401339004003038181185
B0206593700768N11922356WA0133501340004003035185204
B0207003700764N11922357WA0133601341004003031195242
B0207013700760N11922359WA0133701341004003026214268
B0207023700758N11922363WA0133601340004003026240286
B0207033700758N11922367WA0133601341004003023269291
B0207043700759N11922370WA0133701342004003021292289
B0207053700760N11922373WA0133901343004003017311289
B0207063700762N11922375WA0134001345004003017323286
B0207083700764N11922376WA0134101345004003017325315
B0207093700766N11922378WA0134201346004003017326295
B0207103700769N11922380WA0134401348004003018330316
B0207113700771N11922381WA0134501350004003018340308
B0207123700774N11922382WA0134701352004003018345323
B0207133700776N11922383WA0134901352004003017352308
B0207143700779N11922383WA0135101354004003015356317
B0207153700781N11922383WA0135201355004003016357314
B0207163700783N11922384WA0135201356004003016348315
B0207173700785N11922385WA0135301356004003016331308
B0207183700787N11922387WA0135301357004003015305305
B0207193700788N11922390WA0135201356004003017280293
B0207203700787N11922394WA0135201356004003017260281
B0207213700786N11922398WA0135301357004003020248276
B0207223700785N11922402WA0135301357004003023247268
B0207233700784N11922406WA0135301358004003023253272
B0207243700783N11922410WA0135401358004003022260262
B0207253700782N11922414WA0135501359004003022259262
B0207263700781N11922419WA0135601361004003027254260
B0207273700780N11922424WA0135801363004003027249261
B0207283700779N11922428WA0136101366004003026247259
B0207293700778N11922431WA0136301369004003022246258
B0207303700776N11922434WA0136501370004003021241258
B0207313700774N11922438WA0136601371004003025235256
B0207323700772N11922442WA0136601371004003025224250
B0207333700769N11922446WA0136701372004003030218243
B0207343700764N11922449WA0136801374004003034208235
B0207353700759N11922451WA0137001376004003037194224
B0207363700753N11922451WA0137201379004003037178210
B0207373700747N11922450WA0137401382004003038166193
B0207383700742N11922448WA0137601383004003033157179
B0207393700738N11922445WA0137701384004003033156171
B0207403700734N11922443WA0137701383004003033160167
B0207413700728N11922441WA0137601382004003034166179
B0207423700722N11922440WA0137601382004003042173194
B0207433700716N11922440WA0137601383004003042185191
B0207443700711N11922442WA0137701385004003038200212
B0207453700707N11922444WA0137801386004003033208231
B0207463700703N11922447WA0137901386004003029210251
B0207473700700N11922450WA0138001387004003029217256
B0207483700698N11922454WA0137901386004003027235267
B0207493700696N11922458WA0137901386004003024254279
B0207503700696N11922462WA0137901386004003023271283
B0207513700697N11922466WA0138101388004003023296295
B0207523700699N11922468WA0138201389004003019318283
B0207533700701N11922470WA0138301391004003015325281
B0207543700702N11922471WA0138501393004003014316288
B0207553700704N11922473WA0138601394004003014315313
B0207563700705N11922474WA0138701395004003014340335
B0207573700708N11922474WA0138701395004003014007347
B0207583700711N11922473WA0138801395004003024024358
B0207593700714N11922470WA0138901397004003026037011
B0208003700717N11922466WA0139101399004003025050349
B0208013700719N11922463WA0139201401004003025056001
B0208023700721N11922459WA0139301402004003025049007
B0208033700724N11922456WA0139401403004003028038002
B0208043700728N11922453WA0139501404004003028031007
B0208053700732N11922450WA0139701406004003028030354
B0208063700735N11922448WA0139801408004003026034359
B0208073700738N11922445WA0140001409004003026038003
B0208083700741N11922442WA0140001410004003026040007
B0208093700744N11922438WA0140101410004003027041002
B0208103700748N11922434WA0140101410004003031038005
B0208113700751N11922431WA0140101410004003031030003
B0208123700755N11922429WA0140201411004003030019358
B0208133700759N11922428WA0140101411004003027006351
B0208143700762N11922429WA0140101411004003018346341
B0208153700763N11922431WA0140101411004003018314326
B0208163700764N11922433WA0140101411004003015284309
B0208173700764N11922436WA0140101410004003015271295
B0208183700764N11922439WA0140001410004003016266283
B0208193700764N11922443WA0139901408004003017261282
B0208203700763N11922446WA0139701406004003017251279
B0208213700761N11922449WA0139501404004003018244273
B0208223700760N11922454WA0139301402004003027246262
B0208233700758N11922458WA0139201402004003027255276
B0208243700758N11922463WA0139101401004003026262278
B0208253700758N11922467WA0139101401004003023269288
B0208263700758N11922471WA0139001399004003021270272
B0208273700758N11922475WA0138801397004003024263274
B0208283700757N11922480WA0138601396004003024262268
B0208293700756N11922486WA0138601396004003027264253
B0208303700756N11922491WA0138801398004003025269299
B0208313700757N11922498WA0139001401004003021283302
B0208323700758N11922501WA0139101402004003018302310
B0208333700761N11922504WA0139201402004003018320326
B0208343700764N11922506WA0139301404004003024333342
B0208353700767N11922507WA0139401405004003024347351
B0208363700770N11922507WA0139601406004003022005344
B0208373700774N11922507WA0139601406004003022008303
B0208383700777N11922507WA0139601407004003019347300
B0208393700779N11922509WA0139501406004003019308292
B0208403700779N11922514WA0139301403004003019270280
B0208413700778N11922518WA0139101401004003022251268
B0208423700776N11922522WA0138901399004003022243259
B0208433700774N11922526WA0138701398004003023237257
B0208443700772N11922529WA0138501395004003027230254
B0208453700768N11922533WA0138201391004003027218243
B0208463700763N11922537WA0137801388004003033204234
B0208473700757N11922538WA0137501385004003043187217
B0208483700750N11922538WA0137301383004003046171196
B0208493700744N11922535WA0137201381004003046157178
B0208503700738N11922530WA0137001380004003046146161
B0208513700733N11922525WA0136901378004003045138147
B0208523700728N11922519WA0136801377004003046132137
B0208533700723N11922512WA0136801377004003046129130
B0208543700719N11922504WA0136901377004003049130126
B0208553700714N11922498WA0137001379004003046132128
B0208563700709N11922492WA0137101381004003046133129
B0208573700705N11922486WA0137201382004003044132129
B0208583700701N11922480WA0137201382004003042126127
B0208593700699N11922474WA0137201381004003036110119
B0209003700699N11922467WA0137101379004003038091097
B0209013700699N11922459WA0137101379004003038080073
B0209033700701N11922453WA0137201380004003038076060
B0209043700702N11922447WA0137301382004003030071056
B0209053700704N11922443WA0137501383004003030064046
B0209063700706N11922439WA0137501384004003026057040
B0209073700708N11922435WA0137501384004003025051029
B0209083700711N11922432WA0137501383004003025043020
B0209093700714N11922429WA0137501383004003025031014
B0209103700717N11922428WA0137501383004003025016004
B0209113700721N11922427WA0137501384004003024004353
B0209123700724N11922427WA0137601385004003021354345
B0209133700727N11922428WA0137701386004003021349338
B0209143700730N11922429WA0137701386004003021350335
B0209153700734N11922429WA0137701387004003022350333
B0209163700737N11922430WA0137801387004003023348332
B0209173700740N11922431WA0137801387004003023350334
B0209183700743N11922431WA0137801387004003022354333
B0209193700746N11922431WA0137801387004003019003334
B0209203700749N11922431WA0137701386004003019005338
B0209213700752N11922431WA0137601384004003023004334
B0209223700756N11922430WA0137501384004003023002335
B0209233700759N11922430WA0137401383004003025358333
B0209243700763N11922431WA0137301382004003023352330
B0209253700766N11922431WA0137301382004003023348333
B0209263700769N11922432WA0137201382004003021343327
B0209273700772N11922434WA0137101381004003021341324
B0209283700775N11922435WA0137001379004003022342314
B0209293700778N11922436WA0136901378004003024342312
B0209303700782N11922438WA0136901379004003024337312
B0209313700784N11922440WA0137001380004003024325308
B0209323700786N11922442WA0137201382004003013306337
B0209333700786N11922443WA0137301383004003013287319
B0209343700786N11922444WA0137301382004003006287308
B0209353700787N11922444WA0137201381004003003287303
B0209363700788N11922446WA0137001379004003011314293
B0209373700789N11922448WA0136901377004003016306295
B0209383700790N11922451WA0136801377004003016295289
B0209393700791N11922454WA0136701376004003019278283
B0209403700791N11922458WA0136601376004003020259276
B0209413700789N11922462WA0136601375004003024241268
B0209423700787N11922466WA0136501374004003024231254
B0209433700783N11922470WA0136501374004003028219248
B0209443700779N11922473WA0136601376004003034203234
B0209453700774N11922474WA0136801378004003034190222
B0209463700769N11922475WA0137001379004003034187214
B0209473700765N11922476WA0137001379004003031192214
B0209483700761N11922478WA0137001379004003028199214
B0209493700757N11922480WA0136901379004003034202212
B0209503700751N11922482WA0137001379004003034198204
B0209513700746N11922484WA0137001381004003038190200
B0209523700740N11922485WA0137201383004003037182193
B0209533700735N11922484WA0137401384004003037176192
B0209543700729N11922483WA0137501384004003037171184
B0209553700723N11922482WA0137501384004003038167188
B0209563700717N11922480WA0137501384004003041166189
B0209573700711N11922479WA0137401384004003041170203
B0209583700705N11922478WA0137401383004003041177202
B0209593700699N11922478WA0137301382004003040180200
B0210003700693N11922478WA0137201381004003041180193
B0210013700687N11922478WA0137101380004003043180198
B0210023700680N11922479WA0137001379004003043182206
B0210033700673N11922479WA0137001379004003043186219
B0210043700667N11922481WA0136901379004003040193222
B0210053700662N11922483WA0137001379004003040202228
B0210063700658N11922486WA0137001378004003035206223
B0210073700654N11922488WA0136901378004003032205214
B0210083700650N11922491WA0136801377004003030201247
B0210093700646N11922493WA0136701375004003030202250
B0210103700642N11922495WA0136501373004003030213255
B0210113700639N11922499WA0136201370004003028231261
B0210123700638N11922503WA0136101369004003025248266
B0210133700637N11922507WA0136101370004003025263279
B0210143700637N11922510WA0136201370004003019278294
B0210153700638N11922512WA0136201370004003014298306
B0210163700639N11922514WA0136101369004003013321316
B0210173700641N11922515WA0136001368004003017336316
B0210183700644N11922516WA0136001368004003017344327
B0210193700647N11922517WA0136001368004003020354318
B0210203700651N11922516WA0136001369004003023005332
B0210213700654N11922516WA0136101370004003023007345
B0210223700657N11922515WA0136201371004003022004319
B0210233700661N11922515WA0136301371004003022001327
B0210243700664N11922515WA0136301371004003024357309
B0210253700668N11922516WA0136201370004003024347304
B0210263700671N11922518WA0136101370004003023327305
B0210273700672N11922521WA0136101369004003022303300
B0210283700673N11922525WA0136001368004003021287296
B0210293700674N11922529WA0135901368004003021284285
B0210303700675N11922532WA0135901367004003020283290
B0210313700675N11922536WA0135801367004003020278278
B0210323700676N11922540WA0135801366004003021272281
B0210333700676N11922543WA0135801366004003021271281
B0210343700676N11922547WA0135801366004003020274294
B0210353700676N11922550WA0135701366004003018281297
B0210363700677N11922553WA0135701366004003015292315
B0210373700678N11922555WA0135701366004003015307330
B0210383700680N11922556WA0135701365004003014331355
B0210393700682N11922557WA0135701365004003014000005
B0210403700685N11922556WA0135701365004003018018016
B0210413700688N11922553WA0135601365004003025038024
B0210423700691N11922549WA0135601365004003029054038
B0210433700693N11922544WA0135501364004003029065038
B0210443700695N11922538WA0135401363004003033070042
B0210453700696N11922531WA0135401362004003036072052
B0210463700698N11922524WA0135401363004003036072033
B0210473700700N11922518WA0135501364004003036073034
B0210483700701N11922512WA0135501364004003034073039
B0210493700702N11922507WA0135601364004003033071041
B0210503700704N11922501WA0135501363004003033066037
B0210513700707N11922495WA0135401363004003033056026
B0210523700710N11922491WA0135401363004003033047016
B0210533700713N11922488WA0135501364004003030044011
B0210543700715N11922485WA0135501365004003025043013
B0210553700717N11922482WA0135501364003003021041011
B0210563700720N11922480WA0135401363004003026039011
B0210573700724N11922476WA0135301362004003026039023
B0210583700728N11922472WA0135201361004003032042042
B0210593700731N11922467WA0135201362004003032048051
B0211003700734N11922462WA0135301362004003032060043
B0211013700736N11922456WA0135201361004003032069045
B0211023700738N11922449WA0135101359004003035072045
B0211033700740N11922442WA0135001359004003039068030
B0211043700742N11922436WA0135001359004003039061030
B0211053700745N11922431WA0135001359004003037054026
B0211063700748N11922426WA0134901358004003034048024
B0211073700752N11922422WA0134901357004003032044016
B0211083700755N11922418WA0134801357004003032037013
B0211093700759N11922415WA0134701357004003031030008
B0211103700763N11922412WA0134701357004003031024002
B0211113700767N11922411WA0134801358004003026017358
B0211123700771N11922410WA0135001360004003026007351
B0211133700774N11922410WA0135101361004003022354345
B0211143700776N11922411WA0135201362004003020347337
B0211153700779N11922411WA0135401364004003021358338
B0211163700783N11922411WA0135501365004003021014343
B0211173700785N11922410WA0135601365004003021032351
B0211183700787N11922407WA0135601365004003020041345
B0211193700789N11922405WA0135501363004003018030343
B0211203700792N11922405WA0135301361004003018359335
B0211213700794N11922407WA0135001357004003018323321
B0211223700796N11922409WA0134801357004003021301301
B0211233700798N11922413WA0134701358004003023282296
B0211243700798N11922418WA0134701357004003023266286
B0211253700797N11922421WA0134601357004003021257284
B0211263700797N11922425WA0134501355004003019262280
B0211273700797N11922429WA0134401354003003020274285
B0211283700797N11922433WA0134301352004003021283290
B0211293700798N11922436WA0134201351004003021283290
B0211303700799N11922440WA0134001350004003021278303
B0211313700799N11922444WA0133801347004003017273289
B0211323700799N11922447WA0133501344004003017277282
B0211333700799N11922450WA0133201340004003017274263
B0211343700799N11922455WA0133001337004003020259253
B0211353700797N11922460WA0132601334004003031246248
B0211363700795N11922465WA0132401332004003031235236
B0211373700792N11922469WA0132201330004003031224236
B0211383700788N11922473WA0132001327004003031216236
B0211393700784N11922477WA0131701324004003036211231
B0211403700778N11922480WA0131501322003003040204210
B0211413700773N11922483WA0131301322004003040196207
B0211423700767N11922485WA0131301322004003040194210
B0211433700761N11922486WA0131301321004003037191203
B0211443700756N11922487WA0131201319004003037188217
B0211453700750N11922488WA0130901317004003037186205
B0211463700744N11922489WA0130701314004003038187201
B0211473700738N11922490WA0130401311004003042188201
B0211483700732N11922491WA0130201310004003042190239
B0211493700727N11922493WA0130101308004003040196245
B0211503700722N11922495WA0130001307004003035211255
B0211513700720N11922499WA0129901304004003026231267
B0211523700717N11922503WA0129601304004003026252282
B0211533700717N11922507WA0129401302004003025269286
B0211543700718N11922510WA0129301301004003022283283
B0211553700718N11922513WA0129201300004003013293294
B0211563700719N11922515WA0129101299004003014302296
B0211573700721N11922517WA0128801296004003014311303
B0211583700722N11922519WA0128501296004003016316303
B0211593700724N11922521WA0128301295004003018317296
B0212003700726N11922524WA0128101295004003018320301
B0212013700729N11922525WA0127801292004003017334315
B0212023700732N11922527WA0127501288004003017340320
B0212033700735N11922528WA0127201284004003024344320
B0212043700739N11922529WA0126901281004003026350336
B0212053700743N11922530WA0126701278004003024359354
B0212063700747N11922529WA0126601276004003024010003
B0212073700750N11922528WA0126401273004003023017359
B0212083700753N11922526WA0126101272004003028020353
B0212093700758N11922524WA0125901268004003028025354
B0212103700762N11922521WA0125601266004003031030000
B0212113700766N11922518WA0125501264004003028033353
B0212123700769N11922515WA0125401262004003028034352
B0212133700773N11922512WA0125301259004003028033008
B0212143700777N11922509WA0125001257004003028032348
B0212153700782N11922505WA0124901255004003038030341
B0212163700787N11922502WA0124801255004003038023326
B0212173700792N11922500WA0124801255003003038012313
B0212183700797N11922500WA0124901256004003034003324
B0212193700801N11922500WA0125101257004003027358322
B0212203700805N11922500WA0125101258004003027351320
B0212213700808N11922502WA0125201258004003025337318
B0212223700811N11922505WA0125301259004003024320313
B0212233700813N11922508WA0125301259003003023309307
B0212243700815N11922511WA0125401260004003023304305
B0212253700817N11922514WA0125501260004003022302301
B0212263700819N11922518WA0125401260004003022300296
B0212273700821N11922522WA0125401259004003026300293
B0212283700823N11922526WA0125501260003003026302297
B0212293700824N11922530WA0125501261004003025301297
B0212303700826N11922534WA0125601261004003023293300
B0212313700827N11922538WA0125601261003003022283296
B0212323700827N11922542WA0125601260004003024276292
B0212333700827N11922546WA0125501260004003024274285
B0212343700828N11922551WA0125501260004003024280283
B0212353700829N11922554WA0125501260004003022294289
B0212363700831N11922558WA0125601260004003022313310
B0212373700834N11922560WA0125601260004003022331321
B0212383700838N11922561WA0125601260004003023345334
B0212393700842N11922562WA0125601260004003028359349
B0212403700846N11922560WA0125701261003003028017008
B0212413700849N11922558WA0125801262004003028033006
B0212423700853N11922554WA0125801262004003028042006
B0212433700856N11922550WA0125801262004003028044009
B0212443700859N11922546WA0125801263004003033043018
B0212453700863N11922542WA0125901264004003033050054
B0212463700865N11922536WA0126001265004003033066080
B0212473700866N11922530WA0126101265003003033082076
B0212483700866N11922523WA0126101265004003036093080
B0212493700865N11922515WA0126101265003003040099092
B0212503700863N11922509WA0126101264004003040112109
B0212513700860N11922503WA0126001263004003038131121
B0212523700855N11922499WA0125901261003003038150145
B0212533700849N11922497WA0125801260004003040171174
B0212543700843N11922498WA0125701260004003040192200
B0212553700839N11922500WA0125701260004003036210221
B0212563700836N11922504WA0125701261004003031228239
B0212573700835N11922507WA0125801262004003020249255
B0212583700835N11922511WA0125801262004003020276274
B0212593700835N11922514WA0125801261004003018294285
B0213003700837N11922517WA0125801261004003018306291
B0213013700839N11922520WA0125701260004003022310289
B0213023700841N11922523WA0125701260004003022310291
B0213033700843N11922526WA0125701260004003022306294
B0213043700845N11922529WA0125601259004003021302296
B0213053700846N11922532WA0125601259004003020303296
B0213063700848N11922535WA0125601259004003020305299
B0213073700850N11922538WA0125501258004003019305302
B0213083700851N11922541WA0125501258004003019305302
B0213093700853N11922544WA0125401257004003019306302
B0213103700855N11922547WA0125401256004003019307304
B0213113700857N11922550WA0125301255004003019311292
B0213123700859N11922552WA0125201255004003020314294
B0213133700861N11922555WA0125101254004003020310295
B0213143700862N11922558WA0125101253004003021299297
B0213153700864N11922562WA0125001252004003021291292
B0213163700865N11922567WA0125001252004003023284290
B0213173700865N11922571WA0125001253004003024279289
B0213183700866N11922575WA0125101253004003024275285
B0213193700866N11922579WA0125101253004003023267283
B0213203700865N11922583WA0125101253004003022254279
B0213213700864N11922588WA0125001252004003024249272
B0213223700863N11922592WA0124901251003003025255269
B0213233700863N11922597WA0124801251004003025267276
B0213243700863N11922602WA0124801250004003025278274
B0213253700864N11922606WA0124801250004003024283284
B0213263700865N11922610WA0124801251004003024286270
B0213273700866N11922614WA0124801250004003022291282
B0213283700867N11922617WA0124701249004003021299282
B0213293700870N11922621WA0124601247004003023308290
B0213303700872N11922624WA0124401246004003026311295
B0213313700875N11922628WA0124301245004003026310291
B0213323700877N11922632WA0124201245004003026309294
B0213333700880N11922636WA0124201244004003025307297
B0213343700882N11922639WA0124201243004003025306300
B0213353700884N11922643WA0124101243004003025308302
B0213363700887N11922647WA0124001242004003025308302
B0213373700889N11922651WA0123901241004003026305304
B0213383700891N11922655WA0123901241004003028300299
B0213393700893N11922660WA0123901241004003027296300
B0213403700894N11922664WA0123901241004003027292286
B0213413700895N11922668WA0123901241004003023286285
B0213423700896N11922672WA0123801239004003025285272
B0213433700897N11922677WA0123801239004003025288279
B0213443700899N11922681WA0123801239004003025288281
B0213453700900N11922685WA0123801239004003021286278
B0213463700900N11922689WA0123701239004003021286272
B0213473700901N11922692WA0123701238004003021285276
B0213483700902N11922696WA0123601236004003021279270
B0213493700902N11922701WA0123501235004003025271267
B0213503700902N11922706WA0123401235004003026263280
B0213513700901N11922711WA0123401235004003025262289
B0213523700901N11922715WA0123401235004003025267289
B0213533700901N11922719WA0123301235004003020277285
B0213543700902N11922722WA0123301234004003020287288
B0213553700904N11922726WA0123201233004003020296286
B0213563700906N11922730WA0123101232004003021302290
B0213573700908N11922733WA0123101233004003024309276
B0213583700910N11922736WA0123101233004003024316288
B0213593700912N11922738WA0123201234004003022322290
B0214003700914N11922740WA0123201234004003019318301
B0214013700916N11922743WA0123101233004003018310303
B0214023700918N11922746WA0123001232004003021309298
B0214033700921N11922749WA0122901231004003021314297
B0214043700924N11922752WA0122901230004003024319300
B0214053700926N11922754WA0122901231004003022326313
B0214063700929N11922756WA0122901231004003022339311
B0214073700931N11922757WA0122901231004003019349313
B0214083700934N11922757WA0122901230004003019348305
B0214093700937N11922758WA0122801229004003020343306
B0214103700940N11922760WA0122801228004003020332307
B0214113700942N11922762WA0122701227004003020314300
B0214123700943N11922765WA0122601226004003019286290
B0214133700942N11922769WA0122501224004003024254276
B0214143700940N11922774WA0122301223004003029230255
B0214153700935N11922777WA0122201222004003029206235
B0214163700930N11922779WA0122101221003003035186217
B0214173700923N11922778WA0122101221004003042170195
B0214183700917N11922775WA0122101222004003042159175
B0214193700912N11922771WA0122101221004003042148163
B0214203700907N11922767WA0122101220004003041142152
B0214213700902N11922762WA0122001219004003043141145
B0214223700897N11922757WA0121901218004003044140142
B0214233700892N11922751WA0121801217004003044138141
B0214243700887N11922746WA0121701217004003044135139
B0214253700883N11922740WA0121701217004003042132135
B0214263700879N11922734WA0121601216004003042127131
B0214273700876N11922728WA0121601216004003041124125
B0214283700872N11922721WA0121501215004003041123117
B0214293700868N11922714WA0121501214004003043126112
B0214303700864N11922708WA0121401213004003043128112
B0214313700861N11922702WA0121301212004003042128113
B0214323700857N11922696WA0121201211004003041127115
B0214333700853N11922690WA0121101210004003042124112
B0214343700850N11922683WA0120901209004003042122110
B0214353700847N11922676WA0120801207004003042121103
B0214363700843N11922670WA0120801206004003042122104
B0214373700840N11922663WA0120701205004003042121103
B0214383700837N11922656WA0120601205004003042118107
B0214393700834N11922649WA0120501204004003041114106
B0214403700832N11922642WA0120401202004003041114102
B0214413700829N11922635WA0120301201004003044116095
B0214423700826N11922627WA0120101199004003047117096
B0214433700823N11922619WA0119901197004003047115101
B0214443700820N11922610WA0119801196004003050113099
B0214453700817N11922601WA0119801196004003051112101
B0214463700814N11922592WA0119801197004003051113098
B0214473700811N11922584WA0119901198004003051114094
B0214483700808N11922576WA0120001199004003050114104
B0214493700805N11922568WA0120001200004003047114107
B0214513700799N11922551WA0120101200004003048115098
B0214523700793N11922535WA0120201201004003048115101
B0214533700790N11922527WA0120201202004003048114092
B0214543700787N11922519WA0120301203004003047114099
B0214553700784N11922512WA0120401203004003047115086
B0214563700781N11922504WA0120401203004003046116116
B0214573700778N11922496WA0120401203004003046117125
B0214583700774N11922489WA0120401203004003046120127
B0214593700771N11922482WA0120401203004003044126125
B0215003700766N11922476WA0120401203004003044129122
B0215013700762N11922469WA0120301202004003044131131
B0215023700757N11922463WA0120301202004003044132132
B0215033700753N11922457WA0120201202004003046133137
B0215043700748N11922451WA0120301203004003046134127
B0215053700743N11922445WA0120401204004003046134106
B0215063700739N11922439WA0120501205004003043135134
B0215073700734N11922434WA0120601206004003041135138
B0215083700730N11922429WA0120701207004003042135146
B0215093700725N11922423WA0120701206004003041137158
B0215103700721N11922419WA0120801207004003041146177
B0215113700716N11922416WA0120801207004003037161194
B0215123700711N11922416WA0120801207004003037180219
B0215133700706N11922417WA0120801207004003034204236
B0215143700703N11922421WA0120801207004003030229259
B0215153700703N11922424WA0120701206004003020265268
B0215163700704N11922428WA0120801207004003020295278
B0215173700706N11922429WA0120801207004003017328302
B0215183700708N11922431WA0120901207004003017349305
B0215203700711N11922431WA0120901208004003019000314
B0215213700714N11922431WA0120901208004003019355316
B0215223700716N11922432WA0120901208004003018340320
B0215233700719N11922433WA0120901208004003017325314
B0215243700720N11922435WA0121001209004003017325314
B0215253700723N11922436WA0121001209004003019336312
B0215263700726N11922438WA0121001209004003019345309
B0215273700729N11922438WA0121001210004003021343313
B0215283700732N11922440WA0121101210004003021336316
B0215293700735N11922442WA0121101210004003021328315
B0215303700737N11922444WA0121201211004003021327314
B0215313700740N11922446WA0121201212004003020326314
B0215323700742N11922448WA0121301212004003018323315
B0215333700744N11922450WA0121301213004003019318314
B0215343700746N11922453WA0121301213004003019317313
B0215353700749N11922455WA0121401214004003019323313
B0215363700751N11922457WA0121401214004003019330316
B0215373700754N11922458WA0121501215004003019339318
B0215383700756N11922459WA0121501215004003019347316
B0215393700759N11922459WA0121601216004003019352315
B0215403700762N11922460WA0121701217004003018348317
B0215413700764N11922461WA0121701218004003018326315
B0215423700765N11922463WA0121801218004003014291308
B0215433700765N11922466WA0121801218004003013263292
B0215443700764N11922468WA0121801218004003014244281
B0215453700763N11922470WA0121701218004003016227273
B0215463700761N11922473WA0121701217004003016208258
B0215473700757N11922474WA0121601216004003021196247
B0215483700752N11922475WA0121501214004003034185228
B0215493700747N11922475WA0121401213004003040176203
B0215503700740N11922473WA0121301213004003040164189
B0215513700734N11922469WA0121301213004003043152175
B0215523700728N11922464WA0121301214004003046142158
B0215533700723N11922458WA0121301214004003046135144
B0215543700719N11922452WA0121401215004003045129135
B0215553700715N11922445WA0121401215004003044123126
B0215563700712N11922438WA0121501215004003044119120
B0215573700709N11922431WA0121501215004003044120130
B0215583700705N11922425WA0121501215004003042127130
B0215593700701N11922419WA0121401214004003042137136
B0216003700696N11922414WA0121401214004003043146146
B0216013700690N11922411WA0121401214004003043156162
B0216023700685N11922409WA0121401214004003041171172
B0216033700680N11922410WA0121401214004003035193194
B0216043700677N11922412WA0121301213004003024217218
B0216053700675N11922416WA0121301213004003024236254
B0216063700675N11922418WA0121301214004003020256267
B0216073700675N11922421WA0121401214004003016288289
B0216083700676N11922423WA0121301213004003015319301
B0216093700679N11922425WA0121301212004003019335320
B0216103700682N11922426WA0121201212004003019348317
B0216113700685N11922426WA0121101212004003020001329
B0216123700688N11922425WA0121101211004003022010318
B0216133700691N11922424WA0121001210004003024009329
B0216143700695N11922424WA0120901208004003024003324
B0216153700699N11922424WA0120801208004003026358324
B0216163700703N11922424WA0120801208004003025355320
B0216173700706N11922425WA0120801208004003025353327
B0216183700709N11922425WA0120701207004003022349325
B0216193700712N11922426WA0120601206004003021342328
B0216203700715N11922428WA0120501205004003022335318
B0216213700718N11922430WA0120401204004003022333320
B0216223700721N11922432WA0120401203004003021333316
B0216233700724N11922433WA0120401203004003021335317
B0216243700726N11922435WA0120301203004003021338313
B0216253700729N11922436WA0120301202004003021338313
B0216263700732N11922438WA0120201201004003021333304
B0216273700735N11922440WA0120101201004003021328308
B0216283700738N11922442WA0120101200004003025326300
B0216293700741N11922445WA0120101201004003025324308
B0216303700744N11922448WA0120201202004003025322307
B0216313700746N11922450WA0120301204004003023319308
B0216323700749N11922453WA0120401204004003022321309
B0216333700752N11922456WA0120501205004003023324312
B0216343700755N11922458WA0120601206004003023326312
B0216353700758N11922460WA0120601206004003024329302
B0216363700761N11922462WA0120601206004003025332308
B0216373700764N11922465WA0120601206004003025333310
B0216383700768N11922467WA0120601205004003025334313
B0216393700772N11922469WA0120501205004003026334310
B0216403700775N11922471WA0120501204004003028337308
B0216413700779N11922473WA0120401204004003028338307
B0216423700783N11922475WA0120401203004003028333312
B0216433700786N11922478WA0120301202004003027328310
B0216443700790N11922481WA0120301202004003027327314
B0216453700793N11922484WA0120201201004003027325309
B0216463700797N11922487WA0120201202004003027322311
B0216473700800N11922489WA0120301203004003026323304
B0216483700802N11922491WA0120301203004003020328310
B0216493700805N11922493WA0120301203004003020332309
B0216503700807N11922495WA0120301203004003020334313
B0216513700810N11922497WA0120301203004003021334316
B0216523700813N11922498WA0120401204004003021335318
B0216533700816N11922500WA0120501205004003021336320
B0216543700818N11922501WA0120601206004003018346315
B0216553700823N11922502WA0120701207004003016344318
B0216563700825N11922503WA0120701206004003019328313
B0216573700828N11922506WA0120701206004003022317307
B0216583700830N11922509WA0120701207004003022310303
B0216593700832N11922512WA0120801208004003022302298
B0217003700833N11922515WA0120901210004003020298299
B0217013700834N11922517WA0121101211004003015309297
B0217023700836N11922519WA0121201212004003015323303
B0217033700838N11922521WA0121301213004003015332312
B0217043700840N11922522WA0121301213004003016332316
B0217053700843N11922523WA0121201213004003018332316
B0217063700845N11922525WA0121201212004003019331305
B0217073700847N11922527WA0121101211004003018331304
B0217083700850N11922528WA0121101211004003017331307
B0217093700852N11922530WA0121101211004003019331305
B0217103700854N11922531WA0121101211004003019333313
B0217113700857N11922533WA0121101211004003019337312
B0217123700860N11922534WA0121101211004003019340321
B0217133700862N11922535WA0121001211004003017342302
B0217143700864N11922536WA0121001210004003017335304
B0217153700866N11922538WA0120801208004003017325311
B0217163700869N11922540WA0120701206004003017326307
B0217173700871N11922542WA0120501205004003021334310
B0217183700874N11922543WA0120501204004003021343305
B0217193700878N11922544WA0120401204004003021345309
B0217203700880N11922545WA0120401204004003021340312
B0217213700883N11922547WA0120401203004003020329310
B0217223700885N11922549WA0120401203004003020311305
B0217233700886N11922552WA0120401203004003019282294
B0217243700885N11922556WA0120301202004003019250280
B0217253700883N11922559WA0120201201004003027224261
B0217263700879N11922562WA0120101200004003033202238
B0217273700873N11922563WA0120001199004003033182216
B0217283700868N11922563WA0119901199004003037164198
B0217293700862N11922560WA0119801198004003040155176
B0217303700856N11922556WA0119701198004003041147164
B0217313700851N11922551WA0119601197004003041144154
B0217323700846N11922546WA0119601196004003044141149
B0217333700840N11922540WA0119501195004003045139145
B0217353700836N11922534WA0119501195004003045135142
B0217363700831N11922528WA0119401195004003044131137
B0217373700827N11922521WA0119401194004003044128132
B0217383700823N11922514WA0119401195004003046124128
B0217393700819N11922507WA0119501195004003047123122
B0217403700816N11922499WA0119501195004003047122116
B0217413700812N11922492WA0119601196004003048121117
B0217423700808N11922484WA0119701197004003047121112
B0217433700805N11922477WA0119801198004003047127125
B0217443700800N11922471WA0119901199004003047138140
B0217453700794N11922467WA0119901199004003045150156
B0217463700788N11922464WA0120001199004003042164169
B0217473700782N11922464WA0119901198004003042179200
B0217483700777N11922465WA0119801197004003039197214
B0217493700773N11922469WA0119701197004003036217241
B0217503700771N11922473WA0119701197004003023242254
B0217513700771N11922476WA0119701196004003023281279
B0217523700773N11922479WA0119601195004003021311297
B0217533700776N11922482WA0119601195004003021328311
B0217543700779N11922483WA0119601196004003022342316
B0217553700782N11922484WA0119701196004003022353312
B0217563700785N11922484WA0119701196004003021002332
B0217573700788N11922483WA0119701196004003021007321
B0217583700792N11922483WA0119701195004003022002315
B0217593700795N11922484WA0119601195004003022342315
B0218003700797N11922486WA0119601195004003022320303
B0218013700799N11922489WA0119601195004003022307298
B0218023700801N11922492WA0119601196004003017301297
B0218033700802N11922494WA0119701196004003017297295
B0218043700802N11922497WA0119601195004003014291296
B0218053700803N11922500WA0119501193004003014288291
B0218063700804N11922503WA0119301191004003019286290
B0218073700805N11922506WA0119201191004003020286286
B0218083700805N11922510WA0119201191004003020285276
B0218093700806N11922514WA0119201191004003020279275
B0218103700806N11922517WA0119201191004003017270278
B0218113700806N11922520WA0119201191004003017265281
B0218123700806N11922523WA0119201190004003017267277
B0218133700806N11922527WA0119201190004003017269264
B0218143700806N11922530WA0119201190004003017270281
B0218153700806N11922533WA0119101190004003017273277
B0218163700806N11922536WA0119101189004003017283289
B0218173700807N11922539WA0119101189004003017300285
B0218183700809N11922542WA0119101189004003020315302
B0218193700812N11922544WA0119101190004003022323284
B0218203700814N11922547WA0119101191004003022321276
B0218213700816N11922550WA0119201191004003022311285
B0218223700817N11922552WA0119301191004003015293288
B0218233700818N11922555WA0119201190004003016284288
B0218243700819N11922558WA0119101189004003016291289
B0218253700820N11922562WA0118901188004003020297296
B0218263700822N11922566WA0118901188004003024298280
B0218273700823N11922569WA0119001190004003024300282
B0218283700825N11922571WA0119101191004003018314304
B0218293700826N11922572WA0119101190004003013325306
B0218303700828N11922574WA0119001188004003018316295
B0218313700831N11922578WA0118901187004003025303301
B0218323700833N11922583WA0118701186004003025298289
B0218333700835N11922587WA0118701186004003026304311
B0218343700838N11922590WA0118801187004003022323311
B0218353700840N11922591WA0118801187004003022337302
B0218363700843N11922593WA0118901187004003020329305
B0218373700845N11922595WA0118901187004003020309294
B0218383700847N11922598WA0118901187004003021311297
B0218393700849N11922601WA0118901187004003021320293
B0218403700851N11922603WA0118901187004003019325295
B0218413700853N11922605WA0118801186004003017323290
B0218423700855N11922607WA0118701185004003019318288
B0218433700857N11922609WA0118601184004003020315295
B0218443700860N11922612WA0118501183004003020314294
B0218453700862N11922615WA0118401183004003021314306
B0218463700864N11922618WA0118401182004003019315297
B0218473700866N11922620WA0118401182004003019316299
B0218483700868N11922622WA0118301181004003019315290
B0218493700870N11922625WA0118201180004003019313287
B0218503700872N11922628WA0118101179004003019312289
B0218513700874N11922630WA0118101179004003019315296
B0218523700876N11922632WA0118001178004003018319301
B0218533700878N11922635WA0117901177004003018320287
B0218543700880N11922637WA0117801176004003018322310
B0218553700882N11922639WA0117701175004003018328324
B0218563700885N11922640WA0117701174004003018343344
B0218573700888N11922640WA0117601172004003018005002
B0218583700891N11922638WA0117401170004003023030022
B0218593700894N11922634WA0117201168004003029056038
B0219003700896N11922620WA0116701165004003038098082
B0219013700894N11922611WA0116401163004003046111112
B0219023700889N11922603WA0116301161004003049126121
B0219033700884N11922597WA0116201161004003049134134
B0219043700879N11922591WA0116201160004003048138144
B0219053700873N11922585WA0116101159004003047142149
B0219063700867N11922580WA0116001158004003047144151
B0219073700861N11922575WA0116001157004003049147152
B0219083700855N11922570WA0115901157004003049147143
B0219093700849N11922566WA0115901157004003048146139
B0219103700843N11922561WA0115901157004003047144144
B0219113700837N11922555WA0115901156004003047144138
B0219123700831N11922550WA0115901156004003050144130
B0219133700825N11922544WA0115901157004003050142124
B0219143700819N11922538WA0116001158004003048135138
B0219153700814N11922531WA0116101158004003047127139
B0219163700810N11922524WA0116101158004003045126137
B0219173700806N11922518WA0116101158004003045128148
B0219183700802N11922512WA0116101158004003044129136
B0219193700798N11922505WA0116001157004003044129141
B0219203700794N11922499WA0116101158004003043130160
B0219213700789N11922493WA0116201159004003043133131
B0219223700785N11922488WA0116301161004003043134156
B0219233700781N11922483WA0116501162004003040134171
B0219243700778N11922479WA0116601163004003032138167
B0219253700774N11922476WA0116601164004003032144155
B0219263700770N11922473WA0116601163004003032148164
B0219273700766N11922469WA0116601163004003032148152
B0219283700761N11922465WA0116601163004003039148137
B0219293700756N11922461WA0116601163004003041145140
B0219303700751N11922456WA0116701165004003040140155
B0219313700747N11922452WA0116801166004003040140168
B0219323700742N11922448WA0116901166004003035144158
B0219333700738N11922445WA0116901167004003035148162
B0219343700733N11922441WA0117001167004003035148133
B0219353700729N11922437WA0117001168004003036146139
B0219363700724N11922433WA0117101169004003036144170
B0219373700720N11922430WA0117201170004003036147183
B0219383700715N11922427WA0117301170004003034158192
B0219393700711N11922425WA0117301170004003033170196
B0219403700706N11922425WA0117401171004003032182213
B0219413700701N11922427WA0117401172004003032197227
B0219423700697N11922430WA0117501173004003030216243
B0219433700695N11922434WA0117701174004003028239259
B0219443700694N11922439WA0117901176004003026263272
B0219453700695N11922443WA0118001178004003026274292
B0219473700695N11922446WA0118101179004003022287298
B0219483700697N11922448WA0118101179004003016316306
B0219493700700N11922449WA0118101179004003019343322
B0219503700703N11922449WA0118101179004003025003338
B0219513700707N11922448WA0118201180004003025027354
B0219523700711N11922445WA0118301181004003025044009
B0219533700713N11922441WA0118401183004003028059024
B0219543700715N11922436WA0118501183004003032068038
B0219553700716N11922430WA0118601184004003032076061
B0219563700716N11922423WA0118701185004003036090070
B0219573700715N11922415WA0118801186004003040106086
B0219583700712N11922409WA0119001187004003040119105
B0219593700709N11922403WA0119101188004003039127118
B0220003700705N11922398WA0119201188004003036132129
B0220013700701N11922394WA0119201188004003034142135
B0220023700697N11922391WA0119201188004003035157149
B0220033700692N11922389WA0119101188004003035175170
B0220043700685N11922389WA0119201190004003035194193
B0220053700681N11922392WA0119301192004003031210215
B0220063700678N11922396WA0119501194004003031228233
B0220073700676N11922400WA0119801197004003025237251
B0220083700675N11922403WA0120001199004003022234258
B0220093700673N11922406WA0120101200004003016229271
B0220103700672N11922408WA0120101200004003016242282
B0220113700672N11922410WA0120101199004003013285297
B0220123700674N11922412WA0120001198004003013327307
B0220133700677N11922413WA0120001199004003024351329
B0220143700681N11922413WA0120101199004003024000314
B0220153700684N11922413WA0120301201004003024004326
B0220163700686N11922412WA0120601204004003020005322
B0220173700689N11922412WA0120901206004003015014332
B0220183700691N11922411WA0121001207004003015017339
B0220193700693N11922410WA0121101207004003015013344
B0220203700696N11922409WA0121101208004003018014346
B0220213700700N11922407WA0121101209004003025019345
B0220223700703N11922405WA0121201211004003025026349
B0220233700707N11922404WA0121401212004003024023353
B0220243700710N11922402WA0121501212004003024016354
B0220253700714N11922401WA0121601213004003025008348
B0220263700717N11922401WA0121701215004003025357343
B0220273700720N11922402WA0121801217004003021336336
B0220283700722N11922404WA0121801216004003016294322
B0220293700721N11922407WA0121701215004003019259298
B0220303700719N11922412WA0121601214004003026240275
B0220313700716N11922416WA0121501214004003026218256
B0220323700711N11922418WA0121601214004003031198238
B0220333700706N11922419WA0121501214004003037185216
B0220343700700N11922419WA0121401213004003041177198
B0220353700693N11922418WA0121301211004003041170188
B0220363700687N11922415WA0121101210004003044158179
B0220373700680N11922410WA0120901207004003052141163
B0220383700676N11922401WA0120701204004003055117141
B0220393700672N11922392WA0120501204004003055087111
B0220403700674N11922382WA0120401205004003055053077
B0220413700678N11922377WA0120401204004003033029041
B0220423700683N11922376WA0120501205004003033000012
B0220433700685N11922378WA0120601206004003019303349
B0220443700685N11922380WA0120701207004003010278313
B0220453700686N11922382WA0120701208004003006302301
B0220463700687N11922383WA0120801208004003006347305
B0220473700687N11922383WA0120801207004003006002316
B0220483700689N11922384WA0120701206004003006348321
B0220493700690N11922386WA0120601205004003013329317
B0220503700692N11922388WA0120501205004003018327312
B0220513700694N11922390WA0120601205004003017333312
B0220523700696N11922391WA0120701206004003017349324
B0220533700698N11922391WA0120801207004003013011324
B0220543700701N11922391WA0120901208004003014016329
B0220553700703N11922390WA0120901208004003014001334
B0220563700705N11922391WA0120901209004003015337329
B0220573700707N11922393WA0120901209004003015314318
B0220583700708N11922395WA0120901209004003015302309
B0220593700709N11922397WA0121001209004003014306302
B0221003700710N11922398WA0121001210004003011324317
B0221013700711N11922399WA0121101211004003007343310
B0221023700712N11922399WA0121201212004003008333326
B0221033700713N11922400WA0121201212004003008317304
B0221043700714N11922402WA0121201212004003009303312
B0221053700715N11922403WA0121201212004003010297315
B0221063700717N11922407WA0121201212004003013316318
B0221073700719N11922409WA0121201212004003015327329
B0221083700721N11922410WA0121201213004003015340314
B0221093700723N11922410WA0121201212004003011348317
B0221103700724N11922411WA0121201212004003013353332
B0221113700727N11922411WA0121101211004003013000348
B0221123700730N11922410WA0121001210004003016014346
B0221133700732N11922408WA0120901209004003022026349
B0221143700735N11922406WA0120901209004003022028316
B0221153700738N11922405WA0120801208004003022019327
B0221163700741N11922404WA0120701207004003021006324
B0221173700744N11922404WA0120601206004003020001326
B0221183700747N11922404WA0120501205004003020357313
B0221193700750N11922405WA0120501205004003019349315
B0221203700752N11922406WA0120401203004003017332306
B0221213700753N11922408WA0120301202004003016300302
B0221223700753N11922412WA0120101200004003019275291
B0221233700753N11922416WA0119901199004003019259278
B0221243700752N11922420WA0119801198004003021252273
B0221253700751N11922423WA0119801198004003020247270
B0221263700749N11922427WA0119801197004003020240271
B0221273700747N11922430WA0119701196004003020235259
B0221283700745N11922434WA0119601194004003022235248
B0221293700743N11922438WA0119401192004003026231236
B0221303700740N11922441WA0119301191004003027216224
B0221313700736N11922443WA0119201190004003027199218
B0221323700730N11922444WA0119001188004003031185208
B0221333700724N11922444WA0118801186004003045173195
B0221343700717N11922442WA0118701184004003048165178
B0221353700710N11922439WA0118501183004003048157168
B0221363700704N11922435WA0118401181004003048151162
B0221373700698N11922430WA0118301180004003046147156
B0221383700692N11922425WA0118101179004003046145154
B0221393700687N11922420WA0117901177004003045143152
B0221403700681N11922415WA0117801174004003045140150
B0221413700676N11922408WA0117601173004003049136146
B0221423700671N11922401WA0117501172004003051133140
B0221433700666N11922395WA0117601173004003049131137
B0221443700661N11922388WA0117701175004003049131142
B0221453700657N11922382WA0117801176004003041134135
B0221463700652N11922378WA0117901175004003041142147
B0221473700647N11922374WA0117801174004003041150167
B0221483700641N11922370WA0117601171004003042157174
B0221493700634N11922368WA0117301169004003047169208
B0221503700627N11922368WA0117001166004003047184220
B0221513700621N11922369WA0116801166004003043208237
B0221523700619N11922373WA0116601164004003031232253
B0221533700618N11922377WA0116401161004003018252268
B0221543700618N11922379WA0116201159004003018259276
B0221553700617N11922382WA0115901156004003015259285
B0221563700617N11922385WA0115601152004003015264286
B0221573700618N11922389WA0115301149004003018273305
B0221583700618N11922392WA0115001146004003018288285
B0221593700620N11922395WA0114801144004003017298279
B0222003700620N11922397WA0114701144004003016281279
B0222013700620N11922400WA0114601142004003014250294
B0222023700619N11922403WA0114401141004003019236297
B0222033700617N11922407WA0114101137004003019239280
B0222043700615N11922412WA0113801134004003024248276
B0222053700613N11922417WA0113601134004003026260270
B0222073700613N11922421WA0113501133004003026267282
B0222083700612N11922425WA0113501132004003023267266
B0222093700612N11922428WA0113401130004003020265279
B0222103700612N11922432WA0113301128004003019265276
B0222113700612N11922436WA0113101128004003021266305
B0222123700612N11922440WA0112901125004003021269277
B0222133700613N11922444WA0112701122004003021275283
B0222143700613N11922448WA0112301117004003023277284
B0222153700613N11922452WA0111901117004003025275273
B0222163700614N11922457WA0111601114004003025273268
B0222173700614N11922462WA0111501114004003025277266
B0222183700614N11922465WA0111401113004003015274271
B0222193700614N11922468WA0111301111004003015265278
B0222203700614N11922471WA0111101110004003015263272
B0222213700614N11922475WA0110701104004003020267263
B0222223700614N11922481WA0110401100004003033271243
B0222233700614N11922488WA0110201100004003035270277
B0222243700614N11922494WA0110201100004003033265250
B0222253700614N11922500WA0110401100004003032261283
B0222263700613N11922504WA0110601102004003023263308
B0222273700613N11922508WA0110901104004003023274295
B0222283700614N11922512WA0111101106004003020280276
B0222293700614N11922515WA0111101105004003019278273
B0222303700615N11922519WA0111201106004003021273275
B0222313700615N11922523WA0111201106004003021269276
B0222323700615N11922527WA0111301108004003021265275
B0222333700614N11922530WA0111401109004003020265259
B0222343700614N11922533WA0111501110004003016272258
B0222353700615N11922536WA0111601110004003016275274
B0222363700615N11922539WA0111601110004003016272285
B0222373700615N11922543WA0111601110004003018268316
B0222383700615N11922546WA0111601110004003016274309
B0222393700615N11922549WA0111501109004003016296295
B0222403700616N11922551WA0111501109004003016313287
B0222413700619N11922554WA0111401107004003017311278
B0222423700620N11922557WA0111201105004003020298277
B0222433700622N11922561WA0111101106004003021274283
B0222443700622N11922565WA0111201106004003020255263
B0222453700620N11922568WA0111301107004003020244277
B0222463700619N11922570WA0111301108004003016248276
B0222473700619N11922573WA0111401108004003016261284
B0222483700619N11922576WA0111301107004003016271278
B0222493700619N11922580WA0111301107004003017277286
B0222503700620N11922584WA0111201107004003022277289
B0222513700620N11922588WA0111301107004003022275280
B0222523700620N11922592WA0111301108004003022279280
B0222533700621N11922596WA0111401109004003022283288
B0222543700622N11922600WA0111501109004003020286283
B0222553700622N11922603WA0111501109004003021285284
B0222563700623N11922607WA0111601110004003021281299
B0222573700624N11922611WA0111701111004003021283336
B0222583700625N11922613WA0111801112004003013305346
B0222593700626N11922615WA0111801112004003015338340
B0223003700629N11922615WA0111801110004003015001336
B0223013700633N11922614WA0111701110004003021012350
B0223023700637N11922611WA0111701110004003028024006
B0223033700640N11922608WA0111701109004003032040024
B0223043700644N11922602WA0111601109004003032055035
B0223053700647N11922596WA0111601109004003037068047
B0223063700648N11922588WA0111501108004003043080065
B0223073700648N11922580WA0111501108004003044096078
B0223083700646N11922572WA0111501107004003044113097
B0223093700642N11922566WA0111401106004003044129118
B0223103700637N11922561WA0111301106004003041145140
B0223113700631N11922557WA0111401107004003041155158
B0223123700622N11922552WA0111601109004003034154173
B0223133700617N11922550WA0111701109004003032151178
B0223143700613N11922547WA0111601109004003034160188
B0223153700608N11922546WA0111601107004003034175201
B0223163700603N11922547WA0111501107004003034197215
B0223173700600N11922550WA0111501108004003032219236
B0223183700598N11922554WA0111601109004003022244251
B0223193700598N11922557WA0111701110004003022261272
B0223203700598N11922560WA0111801112004003018267273
B0223213700598N11922562WA0111901112004003015270277
B0223223700598N11922565WA0111901112004003014278281
B0223233700599N11922568WA0111901111004003015291286
B0223243700600N11922570WA0111801110004003015298272
B0223253700601N11922573WA0111701110004003017302270
B0223263700603N11922576WA0111701110004003018303274
B0223273700604N11922579WA0111801111004003018297283
B0223283700605N11922582WA0111801111004003017288287
B0223293700606N11922585WA0111801111004003016283283
B0223303700606N11922587WA0111801111004003015287284
B0223313700607N11922590WA0111801111004003015291280
B0223323700608N11922592WA0111801111004003015291284
B0223333700609N11922595WA0111801111004003015292285
B0223343700609N11922598WA0111701110004003016294290
B0223353700610N11922601WA0111701110004003018295288
B0223363700612N11922604WA0111601110004003018300284
B0223373700613N11922606WA0111601110004003018308284
B0223383700615N11922608WA0111601110004003015316278
B0223393700617N11922610WA0111601110004003015314285
B0223403700618N11922612WA0111601109004003014302288
B0223413700619N11922615WA0111401107004003014292289
B0223423700620N11922618WA0111301105004003017288285
B0223433700620N11922621WA0111101104004003018288279
B0223443700621N11922625WA0111001102004003018290278
B0223453700623N11922628WA0110901101004003019294278
B0223463700624N11922631WA0110801100004003018297287
B0223473700625N11922634WA0110701099004003018300292
B0223483700627N11922636WA0110501097004003018307301
B0223493700629N11922639WA0110401095004003018316299
B0223503700632N11922642WA0110201094004003024321299
B0223513700635N11922645WA0110201094004003026325289
B0223523700638N11922647WA0110201094004003026330290
B0223533700642N11922650WA0110301095004003026331290
B0223543700645N11922652WA0110301096004003021326296
B0223553700647N11922654WA0110401096004003021319299
B0223563700649N11922657WA0110401096004003021319301
B0223573700652N11922659WA0110301096004003021320303
B0223583700654N11922662WA0110301095004003023318305
B0223593700657N11922665WA0110301095004003023315305
B0224003700659N11922668WA0110301095004003023312304
B0224013700661N11922671WA0110301095004003023311303
B0224023700663N11922674WA0110301095004003020308304
B0224033700665N11922677WA0110201095004003021307302
B0224043700667N11922680WA0110201094004003021309300
B0224063700669N11922684WA0110201094004003023310296
B0224073700672N11922687WA0110201094004003023307296
B0224083700674N11922691WA0110201094004003023305296
B0224093700676N11922694WA0110201095004003023306295
B0224103700677N11922697WA0110201095004003023306295
B0224113700679N11922701WA0110201095004003022305297
B0224123700681N11922704WA0110201094004003023304297
B0224133700683N11922708WA0110201094004003023306297
B0224143700686N11922711WA0110201094004003024308299
B0224153700688N11922715WA0110201094004003024308297
B0224163700690N11922718WA0110201094004003024308296
B0224173700693N11922722WA0110201094004003024311297
B0224183700695N11922725WA0110201094004003024314286
B0224193700698N11922728WA0110201094004003024316287
B0224203700700N11922731WA0110201095004003024311296
B0224213700702N11922735WA0110201094004003024308297
B0224223700705N11922739WA0110201094004003025310289
B0224233700708N11922742WA0110201094004003027315293
B0224243700711N11922746WA0110201094004003027318295
B0224253700714N11922749WA0110101094004003027318293
B0224263700717N11922752WA0110201094004003027315290
B0224273700719N11922756WA0110201094004003026310295
B0224283700722N11922760WA0110201094004003026306287
B0224293700724N11922763WA0110301095004003025304292
B0224303700725N11922766WA0110301095004003022304285
B0224313700727N11922769WA0110301094004003020310291
B0224323700729N11922772WA0110201094004003022314290
B0224333700732N11922775WA0110201094004003022315296
B0224343700734N11922779WA0110201094004003025313299
B0224353700737N11922782WA0110201095004003023309300
B0224363700739N11922785WA0110301095004003023307304
B0224373700741N11922788WA0110301096004003020311288
B0224383700743N11922791WA0110401096004003020316292
B0224393700745N11922793WA0110401096004003022318290
B0224403700748N11922796WA0110401096004003022320292
B0224413700750N11922798WA0110501097004003022322294
B0224423700753N11922801WA0110601099004003021323292
B0224433700755N11922803WA0110701099004003018324292
B0224443700757N11922804WA0110701099004003018326303
B0224453700759N11922806WA0110701099004003018327300
B0224463700762N11922808WA0110701099004003018327305
B0224473700764N11922810WA0110701100004003019326300
B0224483700766N11922812WA0110701100004003019326296
B0224493700768N11922814WA0110701099004003017329295
B0224503700771N11922815WA0110601098004003017332295
B0224513700774N11922817WA0110401096004003021332294
B0224523700777N11922819WA0110401096004003024332284
B0224533700780N11922821WA0110401097004003024333292
B0224543700783N11922822WA0110501098004003024343291
B0224553700786N11922823WA0110601098004003016349305
B0224563700788N11922824WA0110601099004003016341304
B0224573700790N11922825WA0110601098004003015331311
B0224583700792N11922827WA0110601098004003015322305
B0224593700794N11922829WA0110601098004003022318307
B0225003700796N11922832WA0110501098004003023317295
B0225013700799N11922835WA0110601098004003022319292
B0225023700801N11922837WA0110601099004003021327279
B0225033700803N11922838WA0110601098004003013328291
B0225043700804N11922839WA0110501097004003013326298
B0225053700806N11922841WA0110401095004003013320298
B0225063700809N11922844WA0110301093004003018325299
B0225073700813N11922847WA0110201094004003026330300
B0225083700816N11922849WA0110201094004003026331310
B0225093700818N11922851WA0110201095004003024329307
B0225103700821N11922853WA0110201094004003020328308
B0225113700824N11922855WA0110101093004003023322307
B0225123700827N11922858WA0110001092004003026320302
B0225133700830N11922861WA0110001092004003024323306
B0225143700833N11922863WA0110001092004003024328309
B0225153700835N11922865WA0109901091004003021334311
B0225163700838N11922866WA0109801090004003023342315
B0225173700846N11922869WA0109601087004003027345303
B0225183700850N11922870WA0109501087004003027344319
B0225193700854N11922871WA0109401086004003024348312
B0225203700857N11922872WA0109301084004003024353315
B0225213700861N11922872WA0109201082004003024354319
B0225223700865N11922872WA0109001080004003026356319
B0225233700870N11922873WA0108801079004003029359316
B0225243700874N11922872WA0108701077004003029000321
B0225253700878N11922873WA0108601076004003028359317
B0225263700882N11922873WA0108501075004003027356322
B0225273700886N11922873WA0108301073004003026356322
B0225283700890N11922873WA0108201073004003027355326
B0225293700894N11922874WA0108001071004003027352321
B0225303700898N11922875WA0107901069004003027351324
B0225313700902N11922876WA0107701068004003026349323
B0225323700906N11922876WA0107601067004003026348327
B0225333700909N11922878WA0107501065004003026344321
B0225343700913N11922879WA0107501065004003025337316
B0225353700916N11922881WA0107501065004003022332304
B0225363700919N11922883WA0107501065004003022331305
B0225373700921N11922885WA0107501065004003020332309
B0225383700924N11922886WA0107401064004003020331312
B0225393700927N11922888WA0107301062004003024331306
B0225403700930N11922891WA0107201061004003026332301
B0225413700934N11922893WA0107101061004003026332294
B0225423700937N11922895WA0107101061004003026330299
B0225433700939N11922897WA0107101060004003020326300
B0225443700942N11922899WA0107101060004003020322305
B0225453700944N11922901WA0107001059004003019325306
B0225463700946N11922903WA0106901058004003019333311
B0225473700949N11922904WA0106801057004003020337309
B0225483700952N11922906WA0106701055004003021339307
B0225493700955N11922907WA0106501054004003021340304
B0225503700958N11922909WA0106401053004003022339308
B0225513700961N11922910WA0106301052004003022338305
B0225523700965N11922912WA0106201051004003023335310
B0225533700968N11922914WA0106201050004003023330309
B0225543700971N11922916WA0106201050004003023327310
B0225553700974N11922919WA0106101050004003022326310
B0225563700976N11922921WA0106101050004003022327311
B0225573700979N11922923WA0106101049004003021330312
B0225583700981N11922924WA0106001049004003021331314
B0225593700984N11922926WA0105901048004003022331315
B0226003700987N11922928WA0105901048004003022331316
B0226013700990N11922930WA0105901047004003022334317
B0226023700994N11922932WA0105801047004003022335315
B0226033700996N11922934WA0105801047004003018331310
B0226043700998N11922935WA0105801047004003018326304
B0226053701000N11922937WA0105701046004003016323303
B0226063701002N11922939WA0105601045004003016322297
B0226073701004N11922941WA0105601045004003020318287
B0226083701006N11922944WA0105501044004003020313288
B0226093701008N11922947WA0105501044004003020309295
B0226113701009N11922949WA0105501044004003018306298
B0226123701011N11922951WA0105401043004003015309294
B0226133701012N11922953WA0105301041004003016314290
B0226143701014N11922955WA0105101039004003016322286
B0226153701016N11922957WA0105001037004003016329284
B0226163701018N11922959WA0104901037004003018322291
B0226173701020N11922961WA0104801036004003018308288
B0226183701022N11922964WA0104801037004003018296288
B0226193701022N11922966WA0104701036004003016294289
B0226203701024N11922969WA0104601035004003014307292
B0226213701026N11922971WA0104501033004003017317285
B0226223701028N11922973WA0104401032004003017320296
B0226233701030N11922976WA0104301031004003019318293
B0226243701032N11922978WA0104201030004003021316295
B0226253701034N11922981WA0104101029004003021318295
B0226263701037N11922983WA0104001028004003021320295
B0226273701039N11922986WA0104001028004003021320293
B0226283701041N11922988WA0103901027004003021315294
B0226293701043N11922992WA0103901027004003022308294
B0226303701045N11922995WA0103901027004003022306297
B0226313701047N11922998WA0103901027004003022308291
B0226323701049N11923001WA0104001027004003020311293
B0226333701051N11923003WA0104001028004003020317297
B0226343701053N11923005WA0104001028004003017321296
B0226353701055N11923007WA0104001028004003015330303
B0226363701057N11923008WA0104001027004003016332299
B0226373701059N11923009WA0103801026004003017328304
B0226383701061N11923012WA0103701024004003017320298
B0226393701064N11923014WA0103501023004003019310299
B0226403701066N11923017WA0103401023004003023305295
B0226413701068N11923021WA0103401023004003023304291
B0226423701069N11923024WA0103301022004003021302296
B0226433701070N11923026WA0103301021004003018296295
B0226443701071N11923029WA0103101019004003015297290
B0226453701072N11923031WA0103001017004003016303290
B0226463701074N11923034WA0102801015004003016304289
B0226473701075N11923037WA0102701014004003016299280
B0226483701076N11923039WA0102601013004003015289283
B0226493701077N11923042WA0102501011004003016281280
B0226503701077N11923045WA0102301009004003016275278
B0226513701077N11923049WA0102101007004003018269275
B0226523701077N11923054WA0101901005004003024263273
B0226533701076N11923058WA0101901005004003024258270
B0226543701075N11923062WA0101801004004003024257262
B0226553701074N11923066WA0101701003004003022263260
B0226563701074N11923070WA0101601002004003019269263
B0226573701074N11923074WA0101501000004003021270265
B0226583701074N11923078WA0101300998004003021269253
B0226593701074N11923083WA0101200998004003024267264
B0227003701074N11923087WA0101200997004003023261274
B0227013701073N11923091WA0101200996004003023257269
B0227023701072N11923095WA0101100996004003022258254
B0227033701072N11923099WA0101000995004003022260248
B0227043701071N11923103WA0101000995004003024256246
B0227053701070N11923108WA0101000995004003026251255
B0227063701069N11923112WA0101000994004003026251265
B0227073701068N11923117WA0100900993004003026254248
B0227083701067N11923121WA0100900993004003024256249
B0227093701066N11923125WA0100800992004003024254257
B0227103701065N11923130WA0100700992004003024255256
B0227113701064N11923135WA0100700991004003025257250
B0227123701063N11923140WA0100600990004003029257254
B0227133701062N11923145WA0100700991004003029253250
B0227143701061N11923150WA0100700991004003027250240
B0227153701059N11923154WA0100700991004003026249248
B0227163701058N11923159WA0100700991004003027243244
B0227173701055N11923163WA0100600991004003028237241
B0227183701053N11923168WA0100600990004003027237246
B0227193701051N11923172WA0100600990004003027240253
B0227203701050N11923176WA0100500989004003025242243
B0227213701048N11923180WA0100400988004003026241247
B0227223701046N11923185WA0100400988004003026237253
B0227233701041N11923194WA0100400987004003028241288
B0227243701039N11923198WA0100400988004003026237239
B0227253701037N11923202WA0100500988004003027223231
B0227263701033N11923204WA0100500988004003027207220
B0227273701029N11923207WA0100500989004003029205227
B0227283701025N11923210WA0100500989004003030212223
B0227293701021N11923213WA0100500989004003030220238
B0227303701018N11923216WA0100600990004003028218215
B0227313701015N11923219WA0100600990004003026212219
B0227323701012N11923221WA0100600989004003028207204
B0227333701008N11923224WA0100500989004003030207216
B0227343701004N11923226WA0100500989004003028207221
B0227353701001N11923229WA0100500989004003028210234
B0227363700998N11923231WA0100400988004003021218229
B0227373700996N11923234WA0100300986004003021228232
B0227383700994N11923237WA0100100984004003021235235
B0227393700992N11923241WA0099900982004003023239259
B0227403700990N11923246WA0099800981004003027243261
B0227413700989N11923250WA0099700979004003027249263
B0227423700988N11923255WA0099600979004003027257245
B0227433700987N11923260WA0099500978004003026260234
B0227443700987N11923264WA0099400976004003025260237
B0227453700986N11923269WA0099200976004003028263250
B0227463700985N11923275WA0099000973004003028266249
B0227473700985N11923281WA0098800972004003030265265
B0227483700985N11923286WA0098800972004003032255260
B0227493700983N11923292WA0098700970004003032243254
B0227503700980N11923297WA0098600969004003031237237
B0227513700978N11923301WA0098300966004003030239236
B0227523700976N11923307WA0098100964004003032246242
B0227533700974N11923313WA0098000964004003032253239
B0227543700973N11923318WA0097900964004003032253268
B0227553700971N11923322WA0098000964004003028244260
B0227563700970N11923326WA0097900963004003023238238
B0227573700968N11923330WA0097900962004003025237241
B0227583700965N11923334WA0097700960004003025237239
B0227593700963N11923340WA0097600959004003030237242
B0228003700960N11923345WA0097600958004003035240236
B0228013700958N11923351WA0097600959004003035243244
B0228023700956N11923356WA0097700960004003033241234
B0228033700954N11923360WA0097800961004003029236237
B0228043700951N11923364WA0097800961004003024233240
B0228053700950N11923367WA0097800961004003024234245
B0228063700947N11923371WA0097800961004003023234245
B0228073700945N11923374WA0097800961004003023229246
B0228083700942N11923378WA0097800960004003028226243
B0228093700939N11923382WA0097800960004003030228240
B0228113700936N11923386WA0097800960004003030230242
B0228123700934N11923391WA0097800961004003030231245
B0228133700931N11923395WA0097900962004003028230247
B0228143700928N11923399WA0097900962004003028228245
B0228153700925N11923402WA0097900962004003027225234
B0228163700923N11923406WA0098000962004003027224238
B0228173700919N11923410WA0098000962004003031222235
B0228183700916N11923414WA0098000962004003033219231
B0228193700912N11923417WA0098100963004003033213235
B0228203700908N11923419WA0098200965004003033202223
B0228213700904N11923421WA0098300965004003028198222
B0228223700900N11923423WA0098300965004003031208222
B0228233700896N11923428WA0098300966004003031225245
B0228243700893N11923433WA0098500968004003034240264
B0228253700892N11923438WA0098700970004003028255274
B0228263700891N11923443WA0099000973004003028268289
B0228273700891N11923447WA0099100972004003023284291
B0228283700893N11923451WA0099100971004003023307311
B0228293700896N11923454WA0099000970004003029323332
B0228303700901N11923457WA0098900970004003033340352
B0228313700906N11923457WA0098800970004003033001010
B0228323700910N11923455WA0098800970004003033022015
B0228333700914N11923452WA0098900970004003031035015
B0228343700918N11923448WA0098900971004003031044026
B0228353700921N11923443WA0099000971004003031054039
B0228363700923N11923437WA0099000971004003032070054
B0228373700923N11923430WA0099000971004003037091072
B0228383700921N11923423WA0099000971004003038111098
B0228393700918N11923418WA0099100973004003037130123
B0228403700913N11923415WA0099200974004003037152146
B0228413700909N11923413WA0099300974004003027176166
B0228423700906N11923415WA0099300975004003027198196
B0228433700902N11923417WA0099400975004003027210214
B0228443700898N11923421WA0099400975004003031217234
B0228453700894N11923426WA0099500977004003033229253
B0228463700892N11923431WA0099600978004003033248264
B0228473700892N11923437WA0099700979004003032272280
B0228483700894N11923441WA0099800980004003028298289
B0228493700897N11923444WA0099800980004003024321306
B0228503700900N11923446WA0099800980004003026338327
B0228513700904N11923447WA0099800979004003026357344
B0228523700909N11923445WA0099700979004003028018001
B0228533700913N11923442WA0099700978004003034040020
B0228543700916N11923436WA0099600978004003036063043
B0228553700917N11923429WA0099600979004003036086066
B0228563700915N11923423WA0099700980004003036108090
B0228573700912N11923419WA0099800981004003031132112
B0228583700908N11923416WA0100000983004003031156137
B0228593700904N11923415WA0100100984004003028175162
B0229003700900N11923415WA0100200984004003028190187
B0229013700896N11923417WA0100200984004003030199203
B0229023700892N11923420WA0100300985004003030209211
B0229033700888N11923423WA0100300986004003030219221
B0229043700885N11923427WA0100300986004003029228228
B0229053700883N11923431WA0100400986004003027239237
B0229063700882N11923436WA0100400986004003027254247
B0229073700882N11923440WA0100300986004003026271261
B0229083700883N11923445WA0100300986004003025286275
B0229093700885N11923449WA0100300985004003025299289
B0229103700887N11923453WA0100300985004003025309296
B0229113700889N11923456WA0100200985004003024314304
B0229123700892N11923459WA0100200985004003024320326
B0229133700895N11923460WA0100200984004003022339336
B0229143700898N11923461WA0100000982004003027003351
B0229153700903N11923459WA0099800980004003027022012
B0229163700907N11923455WA0099700979004003032041028
B0229173700910N11923450WA0099700979004003033058045
B0229183700911N11923444WA0099700979004003033073061
B0229193700912N11923438WA0099700980004003032084075
B0229203700912N11923432WA0099700980004003031093081
B0229213700911N11923426WA0099700979004003032098093
B0229223700910N11923420WA0099600979004003033105106
B0229233700908N11923414WA0099600979004003033114129
B0229243700904N11923409WA0099600979004003035125138
B0229253700900N11923404WA0099700980004003037136153
B0229263700896N11923400WA0099800982004003037146155
B0229273700892N11923398WA0100000983004003035155163
B0229283700887N11923396WA0100100984004003032165170
B0229293700879N11923397WA0100200985004003032193201
B0229303700874N11923400WA0100200984004003035209215
B0229313700870N11923404WA0100100984004003035223226
B0229323700866N11923409WA0100100984004003035233235
B0229333700864N11923414WA0100200985004003028241250
B0229343700863N11923418WA0100200985004003028254265
B0229353700863N11923422WA0100200984004003024270264
B0229363700863N11923427WA0100100984004003024278265
B0229373700864N11923433WA0100000984004003028280258
B0229383700865N11923438WA0100000983004003028282269
B0229393700866N11923443WA0100000983004003028283263
B0229403700867N11923448WA0100000983004003028280261
B0229413700867N11923454WA0099900982004003029271258
B0229423700867N11923459WA0099800981004003031260257
B0229433700866N11923465WA0099800980004003031253254
B0229443700864N11923471WA0099700979004003033249249
B0229453700862N11923477WA0099600978004003034245244
B0229463700859N11923483WA0099400977004003035237242
B0229473700856N11923488WA0099200975004003035232239
B0229483700852N11923493WA0099100973004003036230233
B0229493700849N11923499WA0098900971004003038229225
B0229503700845N11923504WA0098800970004003038229223
B0229513700842N11923509WA0098600968004003037227225
B0229523700838N11923514WA0098400966004003037223222
B0229533700833N11923519WA0098200964004003039220218
B0229543700828N11923523WA0098000962004003040217206
B0229553700824N11923527WA0097900960004003040213212
B0229563700818N11923531WA0097700959004003040209212
B0229573700813N11923535WA0097600958004003039208224
B0229583700808N11923538WA0097500956004003039210233
B0229593700804N11923542WA0097400955004003037214237
B0230003700800N11923546WA0097300954004003036218224
B0230013700796N11923550WA0097200953004003034221228
B0230023700792N11923554WA0097000952004003035222231
B0230033700788N11923559WA0097000951004003035223210
B0230043700785N11923564WA0096900950004003035226222
B0230053700781N11923568WA0096800950004003034226219
B0230063700778N11923573WA0096800949004003034224225
B0230073700774N11923577WA0096700948004003033225258
B0230083700771N11923582WA0096700948004003033228250
B0230093700768N11923587WA0096600947004003033231224
B0230103700765N11923592WA0096600946004003033232210
B0230113700762N11923596WA0096500946004003033232215
B0230123700759N11923600WA0096400945004003031228216
B0230133700756N11923604WA0096300943004003030225217
B0230143700753N11923608WA0096100940004003030221225
B0230153700749N11923612WA0095800937004003030218223
B0230163700746N11923615WA0095500935004003030214213
B0230173700742N11923618WA0095200932004003031211208
B0230183700738N11923621WA0095000929004003031209227
B0230203700734N11923624WA0094800927004003031212223
B0230213700730N11923628WA0094600925004003032220233
B0230223700727N11923632WA0094500924004003032229250
B0230233700724N11923637WA0094500924004003032232247
B0230243700722N11923640WA0094500925004003029229262
B0230253700719N11923643WA0094600925004003024220255
B0230263700717N11923645WA0094500924004003018220264
B0230273700716N11923647WA0094400922004003018227266
B0230283700714N11923650WA0094200922004003018243262
B0230293700713N11923654WA0094000920004003019255265
B0230303700713N11923658WA0093900918004003021265264
B0230313700713N11923661WA0093800917004003021271265
B0230323700713N11923664WA0093700917004003019279260
B0230333700714N11923667WA0093600916004003016283266
B0230343700714N11923669WA0093500915004003014285271
B0230353700715N11923672WA0093400913004003014284276
B0230363700715N11923675WA0093300912004003014284279
B0230373700716N11923678WA0093200911004003016284281
B0230383700717N11923681WA0093100910004003017287281
B0230393700717N11923684WA0093100910004003017292276
B0230403700718N11923686WA0093100909004003016298281
B0230413700719N11923688WA0093000909004003014293288
B0230423700719N11923690WA0092900907004003011283290
B0230433700720N11923692WA0092700905004003013278287
B0230443700720N11923695WA0092500904004003013278281
B0230453700720N11923698WA0092400902004003014284281
B0230463700721N11923700WA0092200900004003016284277
B0230473700722N11923703WA0092100899004003016279271
B0230483700722N11923706WA0092000898004003016272271
B0230493700722N11923709WA0091900897004003015267269
B0230503700721N11923712WA0091900897004003013260266
B0230513700721N11923714WA0091800896004003015254263
B0230523700720N11923717WA0091600894004003015248261
B0230533700719N11923721WA0091500893004003018243254
B0230543700717N11923724WA0091400892004003022234251
B0230553700715N11923727WA0091300891004003022224240
B0230563700713N11923730WA0091200890004003021219244
B0230573700710N11923732WA0091100889004003021218252
B0230583700708N11923734WA0091100888004003021217252
B0230593700705N11923737WA0091000887004003022217251
B0231003700702N11923739WA0090900886004003022218248
B0231013700700N11923742WA0090800885004003022222248
B0231023700698N11923745WA0090700884004003024228246
B0231033700695N11923749WA0090700884004003024235255
B0231043700694N11923752WA0090700884004003024236259
B0231053700692N11923755WA0090700884004003022229261
B0231063700690N11923757WA0090800884004003016223258
B0231073700688N11923760WA0090700883004003016224261
B0231083700687N11923762WA0090500880004003016231263
B0231093700685N11923765WA0090200878004003018237263
B0231103700683N11923769WA0090100876004003022238273
B0231113700682N11923772WA0089900875004003022239275
B0231123700680N11923775WA0089800874004003021243274
B0231133700679N11923779WA0089800874004003020244279
B0231143700678N11923782WA0089700873004003018243272
B0231153700676N11923785WA0089600872004003018242275
B0231163700675N11923788WA0089500871004003017244278
B0231173700674N11923790WA0089400870004003017240264
B0231183700672N11923793WA0089400868004003018229267
B0231193700670N11923796WA0089200867004003020223268
B0231203700668N11923798WA0089100866004003020225270
B0231213700666N11923801WA0089000865004003020231269
B0231223700664N11923804WA0089000865004003018234265
B0231233700663N11923807WA0089000864004003018230265
B0231243700661N11923809WA0088900864004003016226260
B0231253700660N11923811WA0088800863004003016227257
B0231263700658N11923813WA0088700861004003016236259
B0231273700657N11923816WA0088500859004003017246262
B0231283700656N11923819WA0088400858004003016253270
B0231293700656N11923822WA0088400858004003016254274
B0231303700655N11923824WA0088300857004003011253277
B0231313700655N11923825WA0088200856004003011255281
B0231323700655N11923828WA0088100854004003011259281
B0231333700654N11923830WA0087900853004003013260284
B0231343700654N11923833WA0087800851004003015255283
B0231353700652N11923838WA0087600849004003014242283
B0231363700651N11923840WA0087500848004003014239277
B0231373700650N11923842WA0087400847004003014233268
B0231383700648N11923845WA0087300846004003018225264
B0231393700646N11923847WA0087200845004003020218261
B0231403700643N11923850WA0087100844004003020217269
B0231413700641N11923852WA0087000843004003020223265
B0231423700639N11923855WA0086800842004003019235268
B0231433700638N11923858WA0086700841004003019243271
B0231443700637N11923861WA0086700840004003018245268
B0231453700636N11923864WA0086600839004003018246255
B0231463700635N11923867WA0086500838004003016247257
B0231473700634N11923869WA0086400837004003016250246
B0231483700633N11923873WA0086300836004003016250258
B0231493700632N11923876WA0086200835004003018248271
B0231503700631N11923879WA0086200835004003018248286
B0231513700630N11923882WA0086200834004003018250287
B0231523700630N11923884WA0086100834004003016255295
B0231533700630N11923887WA0086000833004003014264264
B0231543700630N11923889WA0085900831004003013273263
B0231553700630N11923892WA0085700831004003015278259
B0231563700630N11923895WA0085600829004003015279274
B0231573700631N11923897WA0085500828004003015282280
B0231583700631N11923899WA0085400828004003011285275
B0231593700631N11923901WA0085300827004003011282261
B0232003700632N11923903WA0085200825004003010283246
B0232013700632N11923905WA0085100823004003010293253
B0232023700633N11923908WA0085000823004003016292257
B0232033700634N11923911WA0084900824004003016276260
B0232043700634N11923913WA0084900824004003013258260
B0232053700633N11923915WA0084900823004003011254264
B0232063700633N11923917WA0084800822004003011266267
B0232073700633N11923919WA0084700820004003013271268
B0232083700633N11923922WA0084600820004003013263269
B0232093700633N11923924WA0084600819004003013257262
B0232103700632N11923926WA0084500818004003013264270
B0232113700632N11923929WA0084400817004003014272260
B0232123700633N11923932WA0084300816004003014272258
B0232133700633N11923934WA0084300815004003014264269
B0232143700632N11923937WA0084200815004003013263279
B0232153700632N11923939WA0084100814004003013273284
B0232163700633N11923941WA0084100813004003012286275
B0232173700633N11923943WA0084000812004003012283267
B0232193700633N11923946WA0084000811004003013273269
B0232203700633N11923948WA0084000811004003013265263
B0232213700633N11923950WA0083900810004003012262274
B0232223700633N11923952WA0083900810004003012258272
B0232233700632N11923954WA0083700809004003011262274
B0232243700632N11923956WA0083700807004003012271278
B0232253700633N11923959WA0083600806004003012281281
B0232263700633N11923961WA0083600806004003014288285
B0232273700634N11923964WA0083500806004003013296286
B0232283700635N11923966WA0083600806004003013302288
B0232293700636N11923967WA0083600806004003012308292
B0232303700637N11923969WA0083500806004003011315299
B0232313700639N11923970WA0083500805004003011332308
B0232323700641N11923970WA0083400805004003015354325
B0232333700643N11923970WA0083400804004003015012337
B0232343700647N11923968WA0083300803004003020027356
B0232353700650N11923964WA0083200802004003031040017
B0232363700654N11923959WA0083200801004003036057049
B0232373700656N11923952WA0083100800004003036074073
B0232383700656N11923943WA0083000799004003042090097
B0232393700654N11923934WA0082900797004003049108125
B0232403700650N11923927WA0082700796004003049127146
B0232413700644N11923922WA0082700795004003049151169
B0232423700638N11923921WA0082600794004003045174196
B0232433700634N11923923WA0082500793004003028206221
B0232443700633N11923927WA0082400793004003028248252
B0232453700634N11923930WA0082400793004003021294288
B0232463700636N11923931WA0082300793004003018334308
B0232473700639N11923932WA0082300793004003019349325
B0232483700642N11923932WA0082300793004003019357325
B0232493700644N11923932WA0082300793004003019003315
B0232503700648N11923932WA0082200792004003020003318
B0232513700651N11923932WA0082100791004003023355315
B0232523700655N11923933WA0082100790004003023341317
B0232533700658N11923935WA0082000790004003022327314
B0232543700659N11923937WA0082000791004003020318308
B0232553700661N11923939WA0082100791004003012316306
B0232563700662N11923940WA0082100791004003012315307
B0232573700663N11923942WA0082000790004003009297307
B0232583700662N11923943WA0081900789004003009258300
B0232593700661N11923946WA0081800787004003018225286
B0233003700657N11923948WA0081600785004003026203259
B0233013700652N11923949WA0081500784004003026181233
B0233023700647N11923947WA0081400783004003035162214
B0233033700641N11923943WA0081300782004003047142180
B0233043700637N11923935WA0081200781004003049121146
B0233053700635N11923926WA0081100780004003049096116
B0233063700637N11923918WA0081000779004003049071082
B0233073700642N11923912WA0080800777004003039041052
B0233083700646N11923911WA0080700776004003039006017
B0233093700649N11923914WA0080600775004003031327347
B0233103700649N11923917WA0080500774004003023266317
B0233113700646N11923920WA0080400772004003027208277
B0233123700640N11923920WA0080100770004003038173236
B0233133700635N11923915WA0080000768004003038144196
B0233143700629N11923910WA0079900768004003047114162
B0233153700627N11923900WA0079800768004003047078116
B0233163700630N11923893WA0079800768004003047062066
B0233173700634N11923888WA0079700768004003042041047
B0233183700638N11923886WA0079600766004003036022021
B0233193700642N11923885WA0079500765004003025007359
B0233203700646N11923886WA0079400763004003025348339
B0233213700650N11923887WA0079200762004003021330325
B0233223700652N11923889WA0079100761004003019301311
B0233233700652N11923893WA0079000760004003018264292
B0233243700651N11923895WA0078900759004003021223271
B0233253700647N11923897WA0078800757004003021193245
B0233263700643N11923897WA0078700756004003026175226
B0233273700639N11923895WA0078600755004003031157206
B0233283700635N11923891WA0078500754004003034135184
B0233293700633N11923884WA0078400752004003034112156
B0233303700633N11923876WA0078300749004003039084121
B0233313700636N11923870WA0078100747004003041055078
B0233323700641N11923866WA0078000746004003041026039
B0233333700646N11923865WA0077900745004003039358006
B0233343700650N11923868WA0077800745004003035330339
B0233353700652N11923872WA0077700744004003023294315
B0233363700651N11923876WA0077600743004003023253286
B0233373700649N11923878WA0077500742004003021220259
B0233383700646N11923880WA0077400740004003021201239
B0233393700642N11923881WA0077200739004003026189226
B0233403700639N11923882WA0077100739004003027179212
B0233413700630N11923881WA0076900735004003027181199
B0233423700626N11923882WA0076700733004003029187207
B0233433700621N11923883WA0076600732004003031190215
B0233443700617N11923884WA0076500731004003031198246
B0233453700614N11923886WA0076400730004003027224254
B0233463700612N11923890WA0076100727004003025254260
B0233473700613N11923896WA0075900725004003029278282
B0233483700615N11923901WA0075800723004003030302298
B0233493700619N11923904WA0075700723004003029334313
B0233503700623N11923904WA0075600721004003027003329
B0233513700626N11923902WA0075500721004003024021333
B0233523700629N11923901WA0075400719004003024017337
B0233533700632N11923900WA0075200717004003022003335
B0233543700636N11923900WA0075000714004003022354334
B0233553700640N11923901WA0074800713004003027352352
B0233563700644N11923902WA0074700713004003027354318
B0233573700648N11923902WA0074800713004003026359317
B0233583700651N11923902WA0074800713004003024000310
B0233593700654N11923902WA0074700711004003018359320
B0234003700657N11923902WA0074500710004003019358314
B0234013700660N11923902WA0074300707004003019357326
B0234023700663N11923902WA0074200706004003022354326
B0234033700667N11923903WA0074100705004003023352320
B0234043700670N11923904WA0074100705004003023351297
B0234053700672N11923904WA0074100705004003019347290
B0234063700672N11923905WA0074000703004003011303283
B0234073700673N11923906WA0073700702004003017227262
B0234083700669N11923909WA0073400698004003029213223
B0234093700665N11923912WA0073200699004003029192217
B0234103700659N11923913WA0073300699004003032175233
B0234113700654N11923912WA0073200698004003025179230
B0234123700651N11923913WA0073000696004003025219233
B0234133700649N11923915WA0072700696004003025271252
B0234143700650N11923921WA0072400695004003025308284
B0234153700655N11923926WA0072300696004003035340308
B0234163700660N11923928WA0072300694004003035002317
B0234173700663N11923927WA0072500693004003027018332
B0234183700665N11923926WA0072400691004003013284342
B0234193700665N11923928WA0072100689004003022273269
B0234203700665N11923933WA0071800689004003031265252
B0234213700664N11923940WA0071700690004003031243241
B0234223700660N11923943WA0071700689004003031204229
B0234243700655N11923943WA0071700687004003029174209
B0234253700651N11923941WA0071700686004003029154185
B0234263700648N11923938WA0071600684004003029141168
B0234273700645N11923933WA0071500682004003029123155
B0234283700643N11923927WA0071300677004003035104134
B0234293700644N11923919WA0071100674004003040078106
B0234303700647N11923913WA0071000673004003040052070
B0234313700652N11923910WA0070900672004003040020037
B0234323700656N11923910WA0070900671004003030350002
B0234333700659N11923913WA0070800670004003030324330
B0234343700662N11923917WA0070700670004003026307308
B0234353700664N11923920WA0070700669004003024307295
B0234363700666N11923923WA0070700669004003023321305
B0234373700670N11923925WA0070700669004003024339318
B0234383700673N11923926WA0070600668004003024350327
B0234393700677N11923926WA0070600666004003025007338
B0234403700681N11923924WA0070400665004003028018345
B0234413700685N11923922WA0070200663004003029025340
B0234423700689N11923920WA0070100661004003029021340
B0234433700693N11923919WA0070000660004003030009341
B0234443700698N11923918WA0069900659004003033358330
B0234453700703N11923919WA0069900659004003033350329
B0234463700707N11923921WA0069900660004003030346316
B0234473700709N11923922WA0069900660004003023333311
B0234483700710N11923923WA0069800659004003011275299
B0234493700709N11923926WA0069500655004003018234261
B0234503700706N11923929WA0069300651004003018210236
B0234513700701N11923930WA0069000649004003028192221
B0234523700695N11923931WA0068800649004003038172203
B0234533700690N11923930WA0068800650004003038158181
B0234543700685N11923926WA0069000650004003034147173
B0234553700682N11923924WA0069100651004003028145171
B0234563700679N11923921WA0069100650004003025150172
B0234573700676N11923920WA0069000648004003026167182
B0234583700672N11923920WA0068900647004003025190197
B0234593700669N11923923WA0068700645004003026223217
B0235003700668N11923927WA0068500642004003027262242
B0235013700669N11923933WA0068300640004003031298269
B0235023700674N11923936WA0068100638004003031331295
B0235033700679N11923936WA0068000637004003034003319
B0235043700684N11923934WA0068000638004003030016341
B0235053700687N11923934WA0068000638004003030003350
B0235063700691N11923934WA0067900636004003022319336
B0235073700692N11923938WA0067600632004003022294296
B0235083700692N11923944WA0067300630004003027258276
B0235093700689N11923948WA0067000627004003030218251
B0235103700683N11923948WA0066700624004003030177223
B0235113700678N11923947WA0066700624004003036148189
B0235123700673N11923943WA0066600625004003031153162
B0235133700669N11923942WA0066600623004003031186170
B0235143700667N11923943WA0066400621004003024226201
B0235153700665N11923947WA0066200621004003024262236
B0235163700665N11923953WA0066000621004003032290263
B0235173700667N11923960WA0065900620004003032311284
B0235183700672N11923964WA0065800619004003031338301
B0235193700677N11923964WA0065700617004003031001324
B0235203700682N11923962WA0065600615004003032017348
B0235213700687N11923960WA0065500613004003032024000
B0235223700691N11923957WA0065400612004003030028009
B0235233700695N11923954WA0065300610004003029026002
B0235243700699N11923953WA0065100608004003028015346
B0235253700703N11923952WA0064900606004003028356330
B0235263700706N11923955WA0064600602004003025323318
B0235273700708N11923959WA0064300598004003025301295
B0235283700710N11923963WA0064000598004003029281283
B0235293700710N11923969WA0063800597004003029274269
B0235303700710N11923974WA0063800595004003028267264
B0235313700710N11923979WA0063700594004003026257261
B0235323700708N11923983WA0063600593004003026248256
B0235333700706N11923988WA0063500591004003027243256
B0235343700705N11923992WA0063400591004003026246252
B0235353700704N11923996WA0063400590004003026253253
B0235363700703N11924000WA0063300589004003018258255
B0235373700702N11924003WA0063200587004003018254247
B0235383700701N11924007WA0063000586004003018247243
B0235393700700N11924010WA0062900583004003020240233
B0235403700698N11924014WA0062800582004003024233228
B0235413700696N11924017WA0062700581004003024228228
B0235423700693N11924020WA0062500580004003022229238
B0235433700691N11924024WA0062400578004003022232240
B0235443700689N11924028WA0062100575004003028236235
B0235453700687N11924033WA0061900573004003031236234
B0235463700684N11924038WA0061700573004003031235232
B0235473700679N11924047WA0061500571004003030241239
B0235483700678N11924052WA0061400570004003028245237
B0235493700676N11924057WA0061300569004003028244232
B0235503700674N11924061WA0061200567004003028240228
B0235513700672N11924065WA0061200567004003027239231
B0235523700670N11924068WA0061200566004003019244234
B0235533700669N11924071WA0061200565004003019242250
B0235543700668N11924073WA0061100566004003015240248
B0235553700668N11924074WA0061100565004003009229249
B0235563700667N11924076WA0061100565004003009226246
B0235573700665N11924077WA0061100564004003012232245
B0235583700664N11924079WA0061100564004003014235246
B0235593700663N11924081WA0061100563004003014236247
B0236003700662N11924084WA0061100563004003014239247
B0236013700661N11924086WA0061100563004003014236249
B0236023700660N11924088WA0061100563004003014237247
B0236033700658N11924090WA0061100562004003013235248
B0236043700658N11924092WA0061100562004003013235247
B0236053700656N11924094WA0061100562004003013235247
B0236063700656N11924096WA0061100561004003013237247
B0236073700655N11924098WA0061100562004003011239248
B0236083700654N11924099WA0061000562004003010236250
B0236093700653N11924101WA0061100562004003008249248
B0236103700653N11924102WA0061100562004003008229257
B0236113700652N11924102WA0061100562004003006176248
B0236123700651N11924102WA0061100563004003004171231
B0236133700651N11924102WA0061100563004003002171238
B0236143700651N11924102WA0061100563004003000171241
B0236153700651N11924102WA0061100563004003000171246
B0236163700651N11924102WA0061100563004003000171246
B0236173700651N11924101WA0061100563004003000171244
B0236183700651N11924101WA0061100563004003000171241
B0236203700651N11924101WA0061100563004003000171254
B0236213700651N11924101WA0061100563004003000171252
B0236223700651N11924101WA0061100563004003001171260
B0236233700651N11924101WA0061100563004003000171249
B0236243700651N11924101WA0061100563004003000171246
B0236253700651N11924101WA0061100563004003000171245
B0236263700651N11924101WA0061100563004003001171244
B0236273700651N11924101WA0061100563004003000171255
B0236283700651N11924101WA0061100563004003000171250
B0236293700651N11924101WA0061100563004003000171247
B0236303700651N11924101WA0061100563004003000171245
B0236313700651N11924101WA0061100563004003000171245
B0236323700651N11924101WA0061100563004003000171245
B0236333700651N11924101WA0061100563004003000171243
B0236343700651N11924101WA0061100563004003000171241
E023634PEVBackground
B0236353700651N11924101WA0061100563004003001171240
B0236363700651N11924101WA0061100563004003000171240
B0236373700651N11924101WA0061100563004003000171239
B0236383700651N11924101WA0061100563004003000171239
B0236393700651N11924101WA0061100563004003001171239
B0236403700651N11924101WA0061100563004003001171238
B0236413700651N11924101WA0061100563004003001171238
GxIOBNjy9XyNcd8I+f94TtClB2rGCFxjLDApTz5fOohGzTjRNkMC0B7/Lglh8RFDK
GkTNFRFT5RuZddBMrsucaQwTk0u+v4NGQYN5WJdJvxnUOXpXipQRhrEPN259vo7F4
GJ5AMnskrtKNTGPrrX04I5+5Shc+SLORJKpSEu1mdnYQ=
