AXFH000
HFDTE230826
HFPLTPILOT:KaranS
HFGTYGLIDERTYPE:Niviuk Hiko P
HFDTM100GPSDATUM:WGS84
HFRFWFIRMWAREVERSION:9.7.1
HFRHWHARDWAREVERSION:iPhone 17 Pro
HFFTYFRTYPE:Flyskyhy,9.7.1
HFGPS:Internal
HFPRSVARIO:XC Tracer
HFCCLCOMPETITIONCLASS:Paraglider,EN-B
HFTZNTIMEZONE:-7
HFSITSITE:Potato Hill,US
I053638FXA3941VXA4244GSP4547CCO4850HDT
C230826195448230826000102TASK
C0000000N00000000ETAKEOFF
C3920460N12240140W00000000000500000000360000STARTAREA A
C3925620N12246080W00000000000500000000360000TURNAREA B
C3923640N12237860W00000000000500000000360000TURNAREA C
C3920460N12240140W00000000000500000000360000FINISHAREA D
C0000000N00000000ELANDING
B1955173920458N12241101WA0104701046001003000103228
B1955183920458N12241101WA0104701047001003000103227
B1955193920458N12241101WA0104701046001003002357239
B1955203920458N12241101WA0104701047001003002330240
B1955213920458N12241101WA0104701047001003000330227
B1955223920458N12241101WA0104701046001003000330230
B1955233920458N12241101WA0104701047002003000330235
B1955243920458N12241101WA0104601047002003001330252
B1955253920458N12241101WA0104601047002003000330231
B1955263920459N12241102WA0104701047002003002292237
B1955273920459N12241102WA0104701047002003002349235
B1955283920459N12241102WA0104701047002003001349232
B1955293920459N12241102WA0104701047002003000349237
B1955303920459N12241102WA0104701047001003001353248
B1955313920459N12241102WA0104701047002003001012233
B1955323920459N12241102WA0104701047002003001021232
B1955333920459N12241102WA0104701046002003000021226
B1955343920459N12241101WA0104701046001003000021221
B1955353920459N12241101WA0104701046001003001021229
B1955363920459N12241101WA0104701046001003001091254
B1955373920459N12241101WA0104601046002003000091241
B1955383920459N12241101WA0104701046002003001091156
B1955393920459N12241101WA0104701046002003000358051
B1955403920459N12241101WA0104601046002003001104356
B1955413920459N12241100WA0104401046003003001083006
B1955423920459N12241098WA0104301046003003012068059
B1955433920460N12241094WA0104201044003003014061015
B1955443920461N12241091WA0104201044003003014071025
B1955453920461N12241087WA0104001043003003015087098
B1955463920460N12241083WA0104201043003003020094076
B1955483920460N12241078WA0104301043003003021083071
B1955493920461N12241072WA0104401043003003021070063
B1955503920463N12241068WA0104301043003003023058081
B1955513920466N12241064WA0104301042003003023060076
B1955523920468N12241060WA0104201041004003024067057
B1955533920469N12241055WA0104101040004003024066064
B1955543920471N12241051WA0104001040004003024053041
B1955553920474N12241048WA0103901039004003025036027
B1955563920478N12241045WA0103901038004003030026030
B1955573920482N12241042WA0103801038004003030020022
B1955583920487N12241040WA0103601037004003032018040
B1955593920493N12241038WA0103601035004003040023025
B1956003920499N12241034WA0103601035004003042023060
B1956013920504N12241032WA0103701036004003040018040
B1956023920509N12241030WA0103701036004003036017037
B1956033920513N12241028WA0103601035004003027019056
B1956043920516N12241026WA0103501034004003027027059
B1956053920519N12241023WA0103401032004003026040063
B1956063920522N12241019WA0103201030004003026055066
B1956073920523N12241015WA0103001029004003026062076
B1956083920525N12241011WA0103001028004003026067078
B1956093920525N12241007WA0103001028004003022084086
B1956103920525N12241004WA0102901027004003018119099
B1956113920522N12241002WA0102901027004003020159125
B1956123920518N12241003WA0102801026004003028190160
B1956133920514N12241004WA0102801026004003028209190
B1956143920510N12241008WA0102801027004003035216199
B1956153920506N12241012WA0102901028004003030215203
B1956163920502N12241015WA0102901028004003030211191
B1956173920500N12241017WA0103001028004003025212183
B1956183920497N12241020WA0103001028004003021217185
B1956193920494N12241022WA0102801027004003021213187
B1956203920492N12241024WA0102701025004003022202185
B1956213920488N12241025WA0102501023004003022191170
B1956223920485N12241025WA0102401022005003022168159
B1956233920482N12241024WA0102201021004003021119134
B1956243920481N12241020WA0102101020004003029069094
B1956253920484N12241014WA0102001020004003029044060
B1956263920489N12241009WA0101901020004003033025043
B1956273920495N12241006WA0101901020004003037024029
B1956283920501N12241004WA0102101022004003038023030
B1956293920506N12241001WA0102201023004003037019025
B1956303920511N12241000WA0102401024004003036015017
B1956313920516N12240998WA0102501025004003033012020
B1956323920522N12240997WA0102501025004003034011037
B1956333920527N12240996WA0102601025004003034007020
B1956343920532N12240996WA0102601024004003034001035
B1956353920537N12240996WA0102501024005003037358020
B1956363920543N12240996WA0102401022004003039000018
B1956373920549N12240995WA0102301021004003037009048
B1956383920553N12240993WA0102101019004003036024059
B1956393920556N12240990WA0101901017004003028039058
B1956403920559N12240986WA0101701015004003028050065
B1956413920561N12240982WA0101701014004003028054063
B1956423920564N12240977WA0101601014004003028058061
B1956433920566N12240973WA0101601014004003028056055
B1956443920568N12240968WA0101601014004003028051058
B1956453920571N12240965WA0101601014004003027046053
B1956463920574N12240961WA0101601014004003027044058
B1956473920577N12240957WA0101701015004003028057090
B1956483920578N12240952WA0101901017004003028081112
B1956493920577N12240948WA0102001018004003024119122
B1956503920575N12240946WA0102001018004003021152137
B1956513920572N12240945WA0102001017004003020163146
B1956523920569N12240943WA0102001018004003021145120
B1956533920567N12240940WA0102001018004003021125125
B1956543920565N12240937WA0102001018004003021104105
B1956553920565N12240934WA0102001018004003014096099
B1956563920565N12240932WA0101901017004003014092103
B1956573920565N12240929WA0101801016004003012107112
B1956583920564N12240927WA0101601013004003012130110
B1956593920562N12240926WA0101401011004003016144128
B1957003920560N12240923WA0101101008004003019143119
B1957013920558N12240921WA0100801005004003019125094
B1957023920557N12240917WA0100601002004003019089077
B1957033920558N12240913WA0100301001004003028050059
B1957043920562N12240910WA0100000998004003035025039
B1957053920568N12240908WA0099700995004003035006022
B1957063920574N12240908WA0099600994004003038356018
B1957073920579N12240909WA0099500993004003033359024
B1957083920584N12240908WA0099500992004003033011034
B1957093920589N12240906WA0099500992004003033019045
B1957103920593N12240903WA0099500993004003033025053
B1957113920597N12240900WA0099700995004003028041059
B1957123920598N12240896WA0099900997004003028073078
B1957133920597N12240891WA0100000997004003024109099
B1957143920595N12240888WA0100200998004003024141124
B1957153920591N12240886WA0100301000004003026169144
B1957163920587N12240887WA0100401001004003032198170
B1957173920583N12240890WA0100401000004003032234193
B1957183920582N12240897WA0100200998004003034262224
B1957193920583N12240905WA0100000996004003040289253
B1957203920587N12240912WA0099800994004003042310290
B1957213920593N12240917WA0099700993004003042333323
B1957223920600N12240919WA0099700993004003046352347
B1957233920608N12240919WA0099800994004003046005010
B1957243920615N12240918WA0100100995004003046003015
B1957253920620N12240918WA0100500999004003039357014
B1957263920624N12240919WA0100700999004003033355020
B1957273920632N12240919WA0100700999004003031013043
B1957283920636N12240916WA0100600998004003034024049
B1957293920641N12240913WA0100400998004003033040067
B1957303920644N12240908WA0100400997004003033054064
B1957313920645N12240903WA0100300997004003027061058
B1957323920647N12240899WA0100200996004003027059050
B1957333920649N12240895WA0100000995004003026049057
B1957343920652N12240892WA0099800993004003026040051
B1957353920655N12240888WA0099700992004003026041039
B1957363920658N12240885WA0099600990004003026048062
B1957373920660N12240881WA0099400989004003025057059
B1957383920661N12240877WA0099300987004003023071056
B1957393920662N12240872WA0099100985004003024081068
B1957403920662N12240868WA0099000984004003024083068
B1957413920662N12240863WA0098800982004003024087077
B1957423920662N12240858WA0098600980004003024089078
B1957433920662N12240854WA0098400978004003027091088
B1957443920662N12240848WA0098200976004003028091087
B1957453920662N12240843WA0098000974004003027090087
B1957473920662N12240838WA0097800972004003027086086
B1957483920663N12240833WA0097600970004003025077087
B1957493920664N12240828WA0097500968004003025067082
B1957503920666N12240824WA0097300966004003025060076
B1957513920668N12240820WA0097100964004003026055073
B1957523920671N12240815WA0096800961004003029051068
B1957533920674N12240811WA0096600959004003030049065
B1957543920677N12240806WA0096400957004003030050059
B1957553920679N12240802WA0096300955004003030054063
B1957563920682N12240797WA0096100954004003028060071
B1957573920683N12240793WA0096000952004003028070081
B1957583920684N12240788WA0095800951004003024082092
B1957593920684N12240784WA0095600948004003022095106
B1958003920683N12240780WA0095400947004003021116129
B1958013920681N12240777WA0095300945004003021140140
B1958023920678N12240776WA0095200944004003020168152
B1958033920675N12240776WA0095100943004003019183154
B1958043920673N12240776WA0094900942004003017167127
B1958053920671N12240774WA0094800940004003018128115
B1958063920670N12240770WA0094600937004003018094089
B1958073920671N12240766WA0094400935005003022069076
B1958083920673N12240762WA0094200934004003026044059
B1958093920677N12240759WA0094100932004003030024046
B1958103920682N12240757WA0093900930004003030015038
B1958113920687N12240755WA0093700928004003033019026
B1958123920691N12240752WA0093500926004003035027031
B1958133920696N12240749WA0093500927004003035033025
B1958143920700N12240745WA0093500928004003034030033
B1958153920705N12240742WA0093600929004003034028039
B1958163920708N12240739WA0093800931004003025038069
B1958173920710N12240736WA0093900932004003025055084
B1958183920711N12240732WA0094100932004003022080107
B1958193920710N12240727WA0094100933004003022122128
B1958203920705N12240723WA0094200934004003033155163
B1958213920700N12240724WA0094200934004003037191183
B1958223920695N12240728WA0094300934004003037219214
B1958233920690N12240735WA0094300934004003043240230
B1958243920688N12240743WA0094300935004003046254252
B1958253920688N12240752WA0094400936004003046275271
B1958263920690N12240759WA0094600938004003043302290
B1958273920694N12240764WA0094700937004003036341319
B1958283920698N12240764WA0094600936004003030011002
B1958293920702N12240759WA0094500935004003034045035
B1958303920706N12240754WA0094500936004003032071062
B1958313920707N12240748WA0094700938004003032085072
B1958323920706N12240744WA0095000941004003014082083
B1958333920707N12240742WA0095200943004003014057087
B1958343920708N12240740WA0095400945004003014067089
B1958353920708N12240737WA0095500946004003014098108
B1958363920706N12240733WA0095500945004003027136139
B1958373920701N12240730WA0095500945004003037166159
B1958383920694N12240732WA0095400944004003037194187
B1958393920688N12240738WA0095600946004003046223205
B1958403920685N12240746WA0095600947004003047244233
B1958413920682N12240754WA0095600946004003047273251
B1958423920685N12240762WA0095600946004003042292279
B1958433920688N12240768WA0095600946004003040312301
B1958443920693N12240771WA0095700948004003033330325
B1958453920697N12240773WA0095800949004003033348348
B1958463920700N12240772WA0095900951004003026006007
B1958473920703N12240772WA0096000952004003019007029
B1958483920706N12240772WA0096100952004003020003035
B1958493920709N12240771WA0096100953004003022013045
B1958503920712N12240769WA0096100953004003022028057
B1958513920714N12240766WA0096100953004003022054084
B1958523920715N12240762WA0096200954004003021094093
B1958533920713N12240758WA0096200954004003026135122
B1958543920708N12240756WA0096300954004003026161142
B1958553920703N12240756WA0096300955004003031184164
B1958563920698N12240758WA0096400956004003036205185
B1958573920694N12240763WA0096500957004003039227201
B1958583920690N12240769WA0096500957004003039243221
B1958593920688N12240777WA0096500957004003042267240
B1959003920690N12240785WA0096600957004003041282269
B1959013920692N12240792WA0096600957004003041306290
B1959023920696N12240795WA0096500957004003036336318
B1959033920700N12240795WA0096500957004003029009354
B1959043920703N12240793WA0096500957004003022037035
B1959053920706N12240790WA0096500958004003022058049
B1959063920707N12240786WA0096600959004003022060064
B1959073920709N12240783WA0096700960004003022047052
B1959083920711N12240781WA0096700960004003016044055
B1959093920713N12240778WA0096600960004003017053062
B1959103920714N12240776WA0096500958004003017052067
B1959113920717N12240772WA0096400957004003021046047
B1959123920719N12240769WA0096300956004003026039030
B1959133920723N12240766WA0096200955004003028030036
B1959143920727N12240764WA0096200955004003028018018
B1959153920731N12240763WA0096200955004003029008028
B1959163920736N12240762WA0096200955004003031000016
B1959173920740N12240763WA0096200954004003031354026
B1959183920745N12240763WA0096100953004003031003035
B1959193920750N12240762WA0095800953004003034021039
B1959203920755N12240758WA0095800953004003040040062
B1959213920759N12240752WA0095900953004003040058084
B1959223920760N12240745WA0095900954004003035082104
B1959233920759N12240741WA0096000955004003030113119
B1959243920757N12240738WA0096200956004003017148128
B1959253920755N12240736WA0096400959004003017140136
B1959263920754N12240734WA0096700961004003015123145
B1959273920752N12240732WA0096900961004003015126125
B1959283920750N12240729WA0097000962004003020130124
B1959293920748N12240726WA0097000964004003024131127
B1959303920745N12240722WA0097200966004003024129109
B1959313920743N12240719WA0097500970004003024130126
B1959323920742N12240717WA0097800973004003016129121
B1959333920740N12240714WA0098000974004003018136134
B1959343920738N12240712WA0098200976004003018145133
B1959353920734N12240710WA0098300978004003020163163
B1959363920731N12240710WA0098500979004003024183176
B1959373920727N12240712WA0098700981004003029206192
B1959383920723N12240716WA0098800982004003031226209
B1959393920720N12240721WA0098800983004003031240222
B1959403920718N12240727WA0098800983004003033244224
B1959413920716N12240732WA0098700982004003033232211
B1959423920713N12240736WA0098600981004003029203195
B1959433920709N12240737WA0098400978004003030175173
B1959443920704N12240734WA0098200976004003030152149
B1959453920701N12240730WA0098100976004003030130135
B1959463920698N12240726WA0098100976004003029116130
B1959473920697N12240721WA0098100976004003025118122
B1959483920694N12240717WA0098000976004003026129134
B1959493920692N12240713WA0098000975004003026132141
B1959503920689N12240709WA0098000974004003028126135
B1959513920687N12240705WA0097900974004003026116114
B1959523920686N12240700WA0097900973004003026102086
B1959533920686N12240695WA0097800972004003026085082
B1959543920687N12240689WA0097700971004003029064062
B1959553920691N12240684WA0097600970004003037043046
B1959563920696N12240680WA0097600971004003039028044
B1959573920701N12240677WA0097700972004003039020052
B1959583920706N12240674WA0098000973004003039026069
B1959593920710N12240671WA0098300973004003024045082
B2000003920711N12240668WA0098500973004003024087093
B2000013920711N12240664WA0098600974004003021105106
B2000023920709N12240660WA0098600975004003021098091
B2000033920709N12240655WA0098600976004003022078074
B2000043920711N12240652WA0098600976004003024046050
B2000053920715N12240649WA0098600976004003024019036
B2000063920720N12240649WA0098600976004003030352012
B2000073920725N12240652WA0098600976004003037329347
B2000083920728N12240657WA0098600976004003039307324
B2000093920731N12240664WA0098500976004003039288301
B2000103920731N12240673WA0098400975004003042267278
B2000113920729N12240681WA0098300974004003045245255
B2000123920724N12240687WA0098200974004003045222230
B2000133920720N12240692WA0098300975004003043191207
B2000143920714N12240692WA0098400976004003040174174
B2000153920710N12240691WA0098700980004003026168164
B2000163920706N12240690WA0098900982004003026173163
B2000173920703N12240690WA0099200984004003021191175
B2000183920700N12240691WA0099300986004003021193168
B2000193920696N12240691WA0099400987004003025181168
B2000203920692N12240690WA0099500988004003027159143
B2000213920688N12240686WA0099600989004003027133124
B2000223920686N12240680WA0099700991004003032105095
B2000233920686N12240674WA0099900993004003034085081
B2000243920688N12240668WA0100000996004003034071052
B2000253920690N12240663WA0100300998004003030051048
B2000263920693N12240661WA0100400999004003025028038
B2000273920696N12240659WA0100601000004003027015030
B2000283920700N12240658WA0100601001004003027010022
B2000293920704N12240658WA0100701001004003026358015
B2000303920708N12240659WA0100701001004003026337004
B2000313920711N12240662WA0100601001004003036311343
B2000323920714N12240669WA0100400999004003042294311
B2000333920716N12240677WA0100400999004003042272291
B2000343920715N12240685WA0100401001004003043257266
B2000353920712N12240693WA0100501002004003040242248
B2000363920709N12240699WA0100701005004003040231229
B2000373920706N12240703WA0100901007004003036225214
B2000383920702N12240707WA0101101009004003032214201
B2000393920698N12240709WA0101201010004003027199187
B2000403920694N12240711WA0101301010004003027181162
B2000413920691N12240710WA0101201008004003022153151
B2000423920690N12240708WA0101001005004003020138132
B2000433920687N12240704WA0100701002004003027131118
B2000443920684N12240700WA0100401000004003030127120
B2000453920682N12240694WA0100200998004003030119112
B2000463920679N12240689WA0100100998004003032117112
B2000473920677N12240683WA0100100998004003033114094
B2000483920675N12240677WA0100200998004003033113128
B2000493920673N12240672WA0100200999004003031117105
B2000503920671N12240667WA0100300999004003031126130
B2000513920667N12240662WA0100300999004003032135125
B2000523920664N12240658WA0100300999004003032140139
B2000533920660N12240654WA0100401000004003032144135
B2000543920656N12240650WA0100401000004003033145143
B2000553920651N12240647WA0100300999004003035145142
B2000563920647N12240643WA0100300999004003037145144
B2000573920642N12240639WA0100300999004003037146145
B2000583920637N12240635WA0100300999004003037148136
B2000593920633N12240631WA0100301000004003035149147
B2001003920628N12240628WA0100401000004003035149142
B2001013920624N12240625WA0100401000004003033149137
B2001023920619N12240622WA0100401000004003033150144
B2001033920615N12240618WA0100300999004003038147147
B2001043920610N12240613WA0100300999004003040141147
B2001053920605N12240608WA0100300999004003039138163
B2001063920601N12240603WA0100401001004003039138151
B2001073920597N12240599WA0100701003004003035138165
B2001083920593N12240594WA0100901006004003035136152
B2001093920590N12240589WA0101001007004003034132135
B2001103920586N12240584WA0101201009004003034130134
B2001113920583N12240579WA0101401011004003038128124
B2001123920579N12240573WA0101501013004003039128136
B2001133920576N12240568WA0101801015004003038138161
B2001143920571N12240565WA0101901016004003035157166
B2001153920567N12240563WA0101801015004003033178175
B2001163920562N12240564WA0101701014004003034195182
B2001173920557N12240567WA0101601013004003034200175
B2001183920552N12240569WA0101501013004003034188161
B2001193920547N12240569WA0101401012004003031160147
B2001203920543N12240565WA0101101008004003035129127
B2001213920542N12240558WA0100801004004003035098105
B2001223920542N12240550WA0100601004004003036071077
B2001233920544N12240545WA0100401003004003028033062
B2001243920549N12240544WA0100201001004003028012034
B2001253920553N12240544WA0100000998004003026356018
B2001263920557N12240545WA0099800996004003026345004
B2001273920561N12240547WA0099600994004003028333353
B2001283920564N12240551WA0099400991004003030315340
B2001293920567N12240556WA0099300990004003030299323
B2001303920569N12240562WA0099200989004003034284300
B2001313920569N12240569WA0099200989004003033271276
B2001323920569N12240575WA0099300990004003033268262
B2001333920569N12240580WA0099400990004003030272273
B2001343920570N12240585WA0099400990004003025279288
B2001353920571N12240589WA0099300989004003026284293
B2001363920572N12240594WA0099300988004003026297290
B2001373920574N12240599WA0099100987004003026305317
B2001383920577N12240603WA0099100986004003027308287
B2001393920580N12240608WA0099000985004003030306299
B2001403920583N12240613WA0099000985004003030302303
B2001413920585N12240617WA0099000986004003030294297
B2001423920586N12240621WA0099100986004003025293299
B2001433920587N12240625WA0099100986004003021303308
B2001443920590N12240628WA0099100985004003021316313
B2001453920593N12240631WA0099000984004003025325305
B2001463920596N12240634WA0098900983004003030325322
B2001473920600N12240637WA0098800983004003030318315
B2001483920603N12240641WA0098900984004003030307326
B2001493920605N12240646WA0098900984004003029298299
B2001503920606N12240650WA0099000985004003024288304
B2001513920607N12240655WA0099000984004003026286286
B2001523920609N12240660WA0099000984004003026291301
B2001533920611N12240664WA0099100986004003027300315
B2001543920613N12240668WA0099200987004003027316331
B2001553920617N12240670WA0099300988004003025340002
B2001563920620N12240672WA0099300988004003026359014
B2001573920624N12240671WA0099400988004003025011028
B2001583920627N12240669WA0099400989004003024027044
B2001593920630N12240666WA0099500990004003023044067
B2002003920632N12240662WA0099600990004003020060079
B2002013920632N12240659WA0099600990004003020076085
B2002023920633N12240655WA0099500989004003018085069
B2002033920633N12240652WA0099300987004003018085054
B2002043920634N12240648WA0099100984004003021072051
B2002053920635N12240644WA0098800983004003024050037
B2002063920638N12240641WA0098500980004003024027023
B2002073920643N12240640WA0098200977004003026359008
B2002083920647N12240643WA0098000975004003030333351
B2002093920651N12240646WA0097800973004003032320332
B2002103920654N12240650WA0097600973004003032310325
B2002113920658N12240656WA0097500972004003034302317
B2002123920660N12240663WA0097400972004003037296304
B2002133920663N12240669WA0097300971004003037294302
B2002143920664N12240675WA0097100968004003034289292
B2002153920665N12240681WA0096900965004003034284283
B2002163920666N12240689WA0096700962004003042281283
B2002173920668N12240697WA0096600962004003047280295
B2002183920669N12240706WA0096600962004003044279286
B2002193920670N12240714WA0096600963004003044279295
B2002203920670N12240721WA0096700964004003035278290
B2002213920671N12240727WA0096800964004003035275297
B2002223920671N12240733WA0096800964004003032272285
B2002233920671N12240739WA0096700963004003032272279
B2002243920672N12240746WA0096700962004003036274267
B2002253920672N12240753WA0096700962004003036266283
B2002263920671N12240760WA0096800963004003036260254
B2002273920670N12240767WA0096900965004003036262266
B2002283920670N12240774WA0097100967004003034273294
B2002293920671N12240780WA0097400969004003034285323
B2002303920673N12240785WA0097600969004003031306347
B2002313920677N12240789WA0097600969004003030324359
B2002323920682N12240790WA0097600969004003033351007
B2002333920686N12240789WA0097600969004003033018031
B2002343920689N12240785WA0097700969004003030057049
B2002353920689N12240780WA0097700969004003025090074
B2002363920687N12240776WA0097600969004003026121097
B2002373920684N12240773WA0097600969004003028146120
B2002383920680N12240771WA0097600970004003028165142
B2002393920675N12240771WA0097700971004003030179158
B2002403920670N12240772WA0097800971004003035194177
B2002413920664N12240774WA0097900972004003039209193
B2002423920659N12240779WA0098100974004003039223226
B2002433920656N12240786WA0098300977004003039240241
B2002443920656N12240793WA0098700981004003038266264
B2002453920656N12240801WA0098800980004003038294287
B2002463920659N12240806WA0098700978004003036326316
B2002473920665N12240808WA0098500976004003036350346
B2002483920671N12240808WA0098400976004003043031011
B2002493920676N12240802WA0098500978004003043061046
B2002503920677N12240795WA0098800980004003035096070
B2002513920676N12240791WA0099100984004003023119093
B2002523920674N12240788WA0099300984004003019129106
B2002533920671N12240784WA0099500985004003020117118
B2002543920670N12240781WA0099500985004003020115109
B2002553920668N12240777WA0099500986004003023120114
B2002563920666N12240772WA0099700987004003030137133
B2002573920662N12240769WA0099800989004003030156118
B2002583920658N12240768WA0099800989004003027167156
B2002593920654N12240766WA0099700989004003027163141
B2003003920650N12240764WA0099600988004003027150133
B2003013920647N12240761WA0099600988004003028138118
B2003023920644N12240756WA0099500988004003028126111
B2003033920642N12240752WA0099500987004003028107097
B2003043920642N12240747WA0099500987004003027072082
B2003053920644N12240743WA0099400986004003028044057
B2003063920649N12240740WA0099300985004003028017036
B2003073920653N12240740WA0099300985004003028351012
B2003083920657N12240742WA0099200985004003027331351
B2003093920660N12240745WA0099100984004003028316331
B2003103920662N12240750WA0099000984004003028305313
B2003113920664N12240755WA0098900983004003028293296
B2003123920666N12240760WA0098800981004003032279281
B2003133920666N12240767WA0098600981004003036267266
B2003143920666N12240774WA0098500979004003036264260
B2003153920665N12240782WA0098400978004003039264260
B2003163920665N12240790WA0098400978004003044269265
B2003173920665N12240799WA0098500980004003045276290
B2003183920667N12240807WA0098700983004003044283307
B2003193920668N12240815WA0098900983004003041287273
B2003203920669N12240820WA0099100983004003027282261
B2003213920670N12240825WA0099200982004003027262239
B2003223920669N12240829WA0099100982004003026235228
B2003233920665N12240832WA0098900980004003026212206
B2003243920661N12240835WA0098900981004003027192186
B2003253920657N12240835WA0099000983004003027174168
B2003263920654N12240833WA0099000983004003023152149
B2003273920651N12240830WA0099000983004003023133124
B2003283920649N12240825WA0098900982004003029118108
B2003293920647N12240820WA0098900983004003031102092
B2003303920646N12240814WA0099000984004003029081081
B2003313920648N12240808WA0099300986004003029056065
B2003323920651N12240806WA0099600989004003023021044
B2003333920655N12240806WA0099800992004003023352018
B2003343920658N12240808WA0100000993004003022336352
B2003353920661N12240810WA0100000994004003022320336
B2003363920665N12240815WA0100000994004003038301317
B2003373920667N12240822WA0100000994004003040280295
B2003383920665N12240830WA0100100995004003039249273
B2003393920662N12240835WA0100100995004003039220241
B2003403920657N12240838WA0100200996004003034194213
B2003413920652N12240838WA0100300997004003034183184
B2003423920647N12240838WA0100300998004003033179168
B2003433920643N12240838WA0100400998004003030174164
B2003443920639N12240837WA0100400999004003026165158
B2003453920636N12240835WA0100500999004003026149148
B2003463920633N12240832WA0100501000004003025128139
B2003473920632N12240827WA0100601001004003025102117
B2003483920632N12240822WA0100701002004003025084094
B2003493920632N12240818WA0100801004004003021072073
B2003503920634N12240815WA0100901005004003022062058
B2003513920636N12240811WA0101001006004003022042049
B2003523920640N12240810WA0101101006004003024005030
B2003533920645N12240813WA0101101005004003028328358
B2003543920649N12240818WA0101001005004003046282320
B2003553920648N12240827WA0100901004004003049255272
B2003563920645N12240837WA0101001004004003046210245
B2003573920638N12240840WA0101201006004003046171199
B2003583920634N12240837WA0101401010004003039146163
B2003593920630N12240833WA0101701010004003020108139
B2004003920630N12240828WA0101801012004003020085102
B2004013920630N12240824WA0101901013004003020083086
B2004023920630N12240820WA0102001013004003020098097
B2004033920629N12240816WA0102001013004003022112116
B2004043920627N12240810WA0102001014004003031119116
B2004053920624N12240805WA0102101015004003032123105
B2004063920622N12240800WA0102201017004003031118078
B2004073920620N12240795WA0102201016004003029091067
B2004083920621N12240791WA0102101016004003024051045
B2004093920624N12240788WA0102001015004003026002031
B2004103920628N12240789WA0102001014004003031316349
B2004113920631N12240797WA0101601011004003031289308
B2004123920633N12240805WA0101401011004003038260282
B2004133920630N12240815WA0101601012004003043239250
B2004143920626N12240822WA0101801013004003043227227
B2004153920622N12240825WA0102001016004003037217212
B2004163920618N12240828WA0102201018004003033209197
B2004173920613N12240830WA0102301019004003030200188
B2004183920609N12240832WA0102401020004003030192175
B2004193920605N12240832WA0102501021004003029181161
B2004203920601N12240831WA0102501021004003027162147
B2004213920597N12240828WA0102501021004003030140124
B2004223920594N12240823WA0102501020004003033126105
B2004233920592N12240818WA0102501021004003030110091
B2004243920592N12240812WA0102601022004003030090078
B2004253920593N12240808WA0102601021004003025069063
B2004263920595N12240804WA0102601022004003027054054
B2004273920598N12240800WA0102601023004003027042041
B2004283920601N12240797WA0102701024004003027033036
B2004293920604N12240795WA0102701024004003022018028
B2004303920607N12240795WA0102701024004003023353019
B2004313920610N12240796WA0102701023004003023330001
B2004323920614N12240800WA0102501020004003027312340
B2004333920617N12240806WA0102301020004003037291319
B2004343920618N12240813WA0102101019004003039280294
B2004353920619N12240821WA0102001018004003039271278
B2004363920618N12240828WA0102001019004003039260261
B2004373920616N12240834WA0102101019004003034244253
B2004383920613N12240840WA0102101019004003035235230
B2004393920610N12240845WA0102201019004003035228218
B2004403920606N12240850WA0102301020004003035217205
B2004413920601N12240853WA0102401022004003033202189
B2004423920597N12240854WA0102601023004003033181170
B2004433920593N12240853WA0102601024004003029159143
B2004443920589N12240850WA0102601024004003029144127
B2004453920586N12240846WA0102701025004003029129115
B2004463920584N12240841WA0102901027004003029115095
B2004473920582N12240836WA0103001028004003029100082
B2004483920582N12240830WA0103101029004003030087072
B2004493920583N12240824WA0103101029004003029075063
B2004503920585N12240819WA0103201029004003029062055
B2004513920588N12240815WA0103101028004003028042044
B2004523920591N12240813WA0103001027004003027017029
B2004533920595N12240813WA0102901026004003024341011
B2004543920598N12240816WA0102801025004003027314345
B2004553920600N12240821WA0102601023004003027292320
B2004563920601N12240828WA0102501021004003032274296
B2004573920600N12240835WA0102301020004003038257275
B2004583920598N12240842WA0102201019004003039246256
B2004593920595N12240849WA0102201018004003039241248
B2005003920592N12240856WA0102201018004003039242246
B2005013920589N12240863WA0102201020004003040243248
B2005023920587N12240870WA0102401021004003043247251
B2005033920585N12240878WA0102601024004003042251255
B2005043920583N12240885WA0102801027004003042253243
B2005053920582N12240892WA0103101029004003036255247
B2005063920581N12240899WA0103301030004003036262245
B2005073920580N12240906WA0103201029004003035263251
B2005083920579N12240912WA0103101027004003035249222
B2005093920577N12240918WA0102701025004003031222203
B2005103920573N12240920WA0102301019004003031189177
B2005113920568N12240917WA0101701013004003031148149
B2005123920563N12240913WA0101301014004003034096113
B2005133920563N12240904WA0101201015004003044058076
B2005143920568N12240896WA0101401017004003044034044
B2005153920574N12240892WA0101801018004003040014027
B2005163920579N12240891WA0102201022004003031015028
B2005173920583N12240890WA0102501021004003022025035
B2005183920586N12240888WA0102701023004003025035052
B2005193920589N12240884WA0102901025004003025050069
B2005203920590N12240880WA0103101027004003025071088
B2005213920590N12240876WA0103101028004003024102095
B2005223920589N12240871WA0103101027004003032135118
B2005233920584N12240868WA0102901025004003032158144
B2005243920578N12240868WA0102901025004003037183166
B2005253920572N12240870WA0103001026004003040207192
B2005263920569N12240876WA0103201028004003040238215
B2005273920568N12240882WA0103401029004003034275246
B2005283920571N12240888WA0103501031004003033306285
B2005293920575N12240892WA0103701033004003034328320
B2005303920580N12240894WA0104001037004003034351343
B2005313920584N12240893WA0104201039004003032019005
B2005323920587N12240891WA0104301038004003026048030
B2005333920588N12240886WA0104301038004003026070055
B2005343920589N12240880WA0104201037004003028091073
B2005353920587N12240875WA0104101036004003028112090
B2005363920585N12240870WA0104001036004003028124107
B2005373920583N12240866WA0104001035004003025123107
B2005383920581N12240862WA0103801033004003025111106
B2005393920580N12240857WA0103701034004003025100100
B2005403920579N12240851WA0103501032004003029105092
B2005413920577N12240845WA0103501031004003028118124
B2005423920574N12240841WA0103401030004003028133138
B2005433920571N12240838WA0103201029004003026138106
B2005443920569N12240835WA0103001026004003025124098
B2005453920569N12240830WA0102701023004003023088082
B2005463920571N12240826WA0102501020004003024049057
B2005473920573N12240823WA0102201020004003024013035
B2005483920578N12240824WA0102201020004003027351018
B2005493920582N12240826WA0102201019004003027336352
B2005503920585N12240828WA0102101019004003027334348
B2005513920589N12240830WA0102001018004003025339352
B2005523920592N12240832WA0102001017004003025344001
B2005533920596N12240832WA0101801016004003025356023
B2005543920600N12240832WA0101701014004003025008017
B2005553920604N12240831WA0101501012004003026018041
B2005563920607N12240829WA0101301009004003026023049
B2005573920611N12240826WA0101101007004003027029028
B2005583920615N12240823WA0101001005004003029035044
B2005593920619N12240819WA0100801004004003031038034
B2006003920622N12240816WA0100701003004003031043051
B2006013920624N12240812WA0100501001004003027050047
B2006023920626N12240808WA0100300998004003026053044
B2006033920629N12240804WA0100000994004003026050037
B2006043920632N12240800WA0099800992004003030043025
B2006053920636N12240796WA0099600991004003030030012
B2006063920639N12240795WA0099400989004003026016012
B2006073920644N12240794WA0099200986004003026007013
B2006083920648N12240793WA0098900983004003029010019
B2006093920653N12240791WA0098700981004003035018035
B2006103920658N12240789WA0098500979004003035022037
B2006113920662N12240787WA0098400978004003034021045
B2006123920666N12240785WA0098300977004003029024033
B2006133920670N12240782WA0098200975004003029024024
B2006143920674N12240779WA0098200975004003031027032
B2006153920678N12240776WA0098200976004003031032040
B2006163920681N12240773WA0098200976004003029036041
B2006173920684N12240771WA0098200976004003025038048
B2006183920686N12240768WA0098100975004003022043051
B2006193920689N12240764WA0098000973004003027048050
B2006203920691N12240760WA0097900973004003030052042
B2006213920694N12240756WA0097900974004003030052051
B2006223920697N12240751WA0098000976004003031052041
B2006233920700N12240746WA0098200978004003028049041
B2006243920702N12240743WA0098300979004003028042071
B2006253920705N12240740WA0098500981004003027038063
B2006263920709N12240736WA0098700982004003027042079
B2006273920711N12240732WA0098800983004003026058083
B2006283920712N12240727WA0098900984004003026083097
B2006293920711N12240723WA0098900985004003025110115
B2006303920708N12240719WA0099100986004003025142131
B2006313920704N12240718WA0099300989004003030173153
B2006323920699N12240719WA0099600991004003035197180
B2006333920694N12240723WA0099800994004003035220205
B2006343920691N12240730WA0100100997004003039241228
B2006353920690N12240737WA0100300999004003041260248
B2006363920689N12240745WA0100500999004003041283271
B2006373920692N12240752WA0100701000004003040302295
B2006383920697N12240757WA0100801001004003040322314
B2006393920702N12240761WA0100901002004003037339334
B2006403920707N12240762WA0101001003004003037350350
B2006413920713N12240762WA0101001004004003036003002
B2006423920718N12240760WA0101201005004003036025014
B2006433920721N12240756WA0101201006004003034052033
B2006443920722N12240749WA0101401008004003034084057
B2006453920721N12240743WA0101601010004003033116084
B2006463920717N12240740WA0101901013004003030151112
B2006473920712N12240739WA0102101016004003033181142
B2006483920707N12240741WA0102401019004003037202172
B2006493920703N12240746WA0102701023004003037228195
B2006503920700N12240752WA0103001023004003038252223
B2006513920699N12240760WA0103101022004003043280251
B2006523920700N12240768WA0103301023004003043315283
B2006533920706N12240771WA0103401025004003042345322
B2006543920712N12240768WA0103501026005003039026352
B2006553920718N12240764WA0103701027004003035067032
B2006563920719N12240757WA0104101030004003035098070
B2006573920717N12240753WA0104501037004003027118097
B2006583920715N12240750WA0104901038004003023151113
B2006593920712N12240749WA0105101040004003025173140
B2007003920708N12240749WA0105401041004003030195164
B2007013920703N12240752WA0105601045004003030216189
B2007023920700N12240759WA0105801049004003034239209
B2007033920698N12240766WA0106101053004003042265238
B2007043920700N12240775WA0106401057004003042289269
B2007053920703N12240781WA0106701061004003042309295
B2007063920708N12240786WA0107001065004003039321317
B2007073920712N12240790WA0107401070004003032329330
B2007083920716N12240792WA0107801074004003032345339
B2007093920720N12240792WA0108001074004003028016356
B2007103920723N12240789WA0108001074004003028040030
B2007113920727N12240783WA0108201076004003040055055
B2007123920731N12240776WA0108401077004003040064069
B2007133920733N12240770WA0108901078004003038099081
B2007143920731N12240765WA0109201078004003028137108
B2007153920727N12240763WA0109501081005003025162137
B2007163920722N12240763WA0109601083004003029183156
B2007173920717N12240765WA0109701086004003029198178
B2007183920712N12240768WA0109701087004003034215192
B2007193920708N12240775WA0109801089004003046235211
B2007203920705N12240784WA0109901091004003049257235
B2007213920706N12240793WA0110001094004003049281259
B2007223920709N12240801WA0110401098004003049305284
B2007233920714N12240806WA0110701103004003038325310
B2007243920718N12240809WA0111101108004003038338333
B2007253920723N12240810WA0111401112004003033351346
B2007263920727N12240810WA0111801115004003032005001
B2007273920732N12240809WA0112101119004003031014020
B2007283920736N12240807WA0112401123004003031021034
B2007293920740N12240804WA0112701126004003029034037
B2007303920742N12240800WA0112901127004003029054055
B2007313920744N12240795WA0113001129004003030072073
B2007323920744N12240789WA0113001130004003031091091
B2007333920743N12240783WA0113101132004003031111107
B2007343920741N12240777WA0113401133004003031138126
B2007353920737N12240775WA0113801137004003025152139
B2007363920734N12240774WA0114001140004003025164161
B2007373920731N12240773WA0114201141004003022171164
B2007383920727N12240773WA0114201141004003022183185
B2007393920722N12240775WA0114201141004003036201204
B2007403920717N12240779WA0114201142004003042220229
B2007413920713N12240786WA0114301144004003042241245
B2007423920711N12240795WA0114401145004003044260264
B2007433920712N12240803WA0114601147004003042280284
B2007443920715N12240810WA0114701147004003042301303
B2007453920719N12240815WA0114701148004003038323322
B2007463920723N12240818WA0114801149004003036340343
B2007473920728N12240818WA0114901151004003030354358
B2007483920732N12240818WA0115101153004003030003014
B2007493920735N12240818WA0115201155004003026010021
B2007503920738N12240816WA0115401156004003023022026
B2007513920741N12240814WA0115501157004003021034043
B2007523920744N12240812WA0115601158004003024035052
B2007533920747N12240809WA0115701159004003024033063
B2007543920750N12240806WA0115801160004003024035061
B2007553920752N12240803WA0115901160004003022048065
B2007563920753N12240800WA0116001161004003022085074
B2007573920752N12240796WA0116001162004003021115100
B2007583920749N12240793WA0116101163004003021148123
B2007593920746N12240792WA0116101163004003022179146
B2008003920741N12240794WA0116101163004003031202169
B2008013920737N12240797WA0116001162004003036214190
B2008023920732N12240802WA0116001163004003036213196
B2008033920728N12240805WA0116101164004003036205189
B2008043920723N12240807WA0116101164004003034197178
B2008053920718N12240808WA0116201165004003033192174
B2008063920713N12240809WA0116301167004003033188174
B2008073920708N12240810WA0116401168004003033185184
B2008083920704N12240810WA0116601169004003032183170
B2008093920699N12240811WA0116701171004003032184159
B2008103920694N12240811WA0116901173004003031183147
B2008113920689N12240811WA0117001175004003031175139
B2008123920686N12240810WA0117201176004003028159136
B2008133920684N12240807WA0117301177004003023133120
B2008143920683N12240803WA0117301177004003021102102
B2008153920684N12240799WA0117401178004003022063081
B2008163920687N12240797WA0117401178004003028021053
B2008173920693N12240798WA0117401177004003028344018
B2008183920698N12240804WA0117501178004003038312345
B2008193920702N12240811WA0117601179004003048277308
B2008203920703N12240821WA0117801179005003048262269
B2008213920700N12240829WA0118001182004003045243254
B2008223920696N12240835WA0118201183004003040230234
B2008233920691N12240841WA0118301184004003036217219
B2008243920686N12240844WA0118401185004003036202204
B2008253920681N12240844WA0118401186004003034181188
B2008263920677N12240843WA0118401186004003030155167
B2008273920674N12240839WA0118401186004003028131143
B2008283920671N12240834WA0118401187004003028116123
B2008293920670N12240830WA0118501189004003026107112
B2008303920669N12240825WA0118601191004003024099101
B2008313920669N12240821WA0118801193004003024088096
B2008323920670N12240816WA0118901195004003026074088
B2008333920672N12240812WA0119101197004003026055075
B2008343920675N12240808WA0119401200004003026031061
B2008353920678N12240807WA0119801202004003025015040
B2008363920682N12240806WA0119901204004003025009023
B2008373920685N12240805WA0120001206004003025008015
B2008383920690N12240805WA0120101207004003026356004
B2008393920695N12240807WA0120201208004003036332352
B2008403920699N12240813WA0120401210004003041306325
B2008413920701N12240821WA0120501211004003041282299
B2008423920700N12240829WA0120601213004003043261272
B2008433920697N12240837WA0120701215004003043239249
B2008443920693N12240842WA0120901216004003043216226
B2008453920687N12240845WA0121101218004003041195201
B2008463920682N12240845WA0121201220004003037178180
B2008473920678N12240844WA0121401222004003026164164
B2008483920675N12240842WA0121601224004003026142147
B2008493920673N12240838WA0121701224004003026121130
B2008503920672N12240833WA0121801225004003026107113
B2008513920671N12240829WA0121801227004003025090102
B2008523920672N12240824WA0121901228004003025066089
B2008533920675N12240820WA0122101228004003025044072
B2008543920679N12240816WA0122201230004003030031054
B2008553920684N12240814WA0122401232004003031017042
B2008563920688N12240813WA0122501234004003031001029
B2008573920693N12240815WA0122701235004003031334014
B2008583920697N12240819WA0122901236004003033316347
B2008593920700N12240826WA0123001238004003040292326
B2009003920700N12240834WA0123101239004003040262296
B2009013920696N12240841WA0123201239004003040232259
B2009023920691N12240845WA0123201240004003041204223
B2009033920685N12240848WA0123201241004003040168193
B2009043920681N12240844WA0123401243004003040143157
B2009053920679N12240838WA0123701246004003037108135
B2009063920679N12240831WA0123901247004003033076105
B2009073920681N12240826WA0124001248004003030051079
B2009083920685N12240822WA0124101250004003031037060
B2009093920689N12240819WA0124301252004003030018047
B2009103920694N12240819WA0124501254004003031357031
B2009113920699N12240821WA0124601255004003040336012
B2009123920704N12240826WA0124801256004003044317347
B2009133920708N12240833WA0125001259004003044296326
B2009143920709N12240841WA0125201261004003044268302
B2009153920706N12240847WA0125301264004003034233268
B2009163920701N12240849WA0125701266004003034194223
B2009173920696N12240848WA0125901268004003032161181
B2009183920693N12240845WA0126101269004003030126148
B2009193920691N12240840WA0126301271004003027102115
B2009203920692N12240835WA0126501272004003029078094
B2009213920694N12240829WA0126601274004003029063072
B2009223920697N12240823WA0126701275004003033049059
B2009233920702N12240819WA0126801277004003036026046
B2009243920707N12240817WA0126801276005003040355028
B2009253920713N12240819WA0126701276005003040331359
B2009263920719N12240826WA0126601274004003045313336
B2009273920723N12240835WA0126501273004003053294317
B2009283920724N12240845WA0126401273004003053271294
B2009293920722N12240854WA0126501274004003050251269
B2009303920719N12240860WA0126501275004003044236247
B2009313920715N12240866WA0126601276004003041226229
B2009323920710N12240872WA0126701277004003042221213
B2009333920705N12240877WA0127001278004003041210201
B2009343920700N12240879WA0127301283004003038189189
B2009353920696N12240879WA0127701283004003030141167
B2009363920694N12240874WA0128001286005003032112122
B2009373920692N12240867WA0128401287005003032089099
B2009383920693N12240861WA0128701292005003032073073
B2009393920696N12240856WA0129101296004003033049055
B2009403920700N12240850WA0129301297004003040021034
B2009413920707N12240848WA0129401298004003040354012
B2009423920714N12240852WA0129401298004003047333345
B2009433920720N12240858WA0129401299005003048313327
B2009443920723N12240866WA0129401300004003048293306
B2009453920724N12240875WA0129401300004003047275288
B2009463920724N12240883WA0129401301005003044260270
B2009473920722N12240891WA0129401302004003043248255
B2009483920719N12240898WA0129601304004003043238233
B2009493920715N12240904WA0129801305004003042232227
B2009503920712N12240909WA0130001309004003036225209
B2009513920709N12240912WA0130301312004003025210199
B2009523920706N12240913WA0130501314004003025188177
B2009533920702N12240912WA0130601315004003025163153
B2009543920698N12240909WA0130801317004003029139128
B2009553920696N12240903WA0131001320004003034109102
B2009563920696N12240896WA0131201323004003036077081
B2009573920699N12240891WA0131601327004003036047057
B2009583920704N12240887WA0131901331004003036023038
B2009593920710N12240885WA0132201334004003037006015
B2010003920715N12240886WA0132401336004003037351000
B2010013920721N12240888WA0132601338004003037337342
B2010023920726N12240892WA0132701338004003038320328
B2010033920729N12240899WA0132701339004003042299310
B2010043920730N12240909WA0132701339004003047276286
B2010053920729N12240917WA0132801340004003047248260
B2010063920725N12240922WA0132801341004003043218232
B2010073920719N12240924WA0132801341004003037187202
B2010083920714N12240924WA0132901342004003030170166
B2010093920711N12240923WA0133201345004003030162145
B2010103920708N12240921WA0133401347004003024140134
B2010113920706N12240917WA0133501347004003024109120
B2010123920705N12240911WA0133701349004003024090094
B2010133920707N12240905WA0133901351004003033073088
B2010143920709N12240900WA0134101354005003033058065
B2010153920712N12240896WA0134301357004003030036035
B2010163920716N12240893WA0134401356004003030011017
B2010173920721N12240893WA0134301356004003032344356
B2010183920728N12240896WA0134101354004003052325336
B2010193920735N12240905WA0134001353004003060310314
B2010203920740N12240915WA0133901353004003060287296
B2010213920742N12240927WA0134001354004003060266274
B2010223920740N12240936WA0134101356004003053253256
B2010233920737N12240943WA0134301359004003036243244
B2010243920734N12240949WA0134501360004003036236227
B2010253920731N12240954WA0134601360004003030225218
B2010263920728N12240957WA0134601360004003030213201
B2010273920723N12240960WA0134501359004003031201184
B2010283920718N12240961WA0134501360004003036192180
B2010293920713N12240962WA0134701362004003036184175
B2010303920707N12240962WA0134801363004003034182187
B2010313920702N12240963WA0134801364004003034187178
B2010323920697N12240964WA0135001366004003035191180
B2010333920692N12240965WA0135101367004003035183152
B2010343920686N12240965WA0135201367004003036161136
B2010353920682N12240961WA0135301367004003036139118
B2010363920679N12240954WA0135301367004003038116100
B2010373920678N12240946WA0135401370004003038091083
B2010383920679N12240939WA0135601373004003038069076
B2010393920682N12240935WA0135901375004003034054060
B2010403920684N12240931WA0136001376004003026052057
B2010413920686N12240927WA0136001376004003024051050
B2010423920689N12240924WA0136001375004003028040046
B2010433920693N12240921WA0135901375004003028021037
B2010443920698N12240920WA0135901374004003032359025
B2010453920703N12240921WA0135901374004003035341006
B2010463920708N12240925WA0135801373004003037329348
B2010473920713N12240929WA0135601372004003037315334
B2010483920717N12240936WA0135401369004003044300318
B2010493920719N12240946WA0135101367004003055281299
B2010503920720N12240957WA0135001367004003055252276
B2010513920716N12240966WA0134901368004003053227244
B2010523920712N12240971WA0135101368004003042207216
B2010533920708N12240972WA0135301371004003022190192
B2010543920704N12240972WA0135501370004003022188172
B2010553920701N12240972WA0135501370004003021197169
B2010563920698N12240974WA0135401369004003021205180
B2010573920694N12240976WA0135301367004003032204181
B2010583920689N12240978WA0135201367004003035194175
B2010593920683N12240979WA0135201367004003033174154
B2011003920679N12240976WA0135301368004003033141134
B2011013920676N12240972WA0135301368004003026103112
B2011023920677N12240967WA0135401369004003026083087
B2011033920678N12240962WA0135401369004003025071076
B2011043920680N12240958WA0135401369004003025068068
B2011053920681N12240953WA0135401368004003026069072
B2011063920683N12240948WA0135301368004003026065055
B2011073920685N12240944WA0135101366004003026053045
B2011083920688N12240940WA0134901364004003027041049
B2011093920692N12240936WA0134801363004003033033042
B2011103920696N12240933WA0134701362004003033024026
B2011113920701N12240931WA0134601361004003031013022
B2011123920705N12240931WA0134501360004003029005017
B2011133920710N12240930WA0134401359004003032004012
B2011143920715N12240929WA0134301358004003033010019
B2011153920720N12240928WA0134401359004003033018049
B2011163920724N12240926WA0134501361004003033020050
B2011173920728N12240923WA0134701363004003029022053
B2011183920732N12240921WA0134901365004003029027066
B2011193920735N12240918WA0135101367004003027041082
B2011203920737N12240915WA0135201367004003023057091
B2011213920738N12240911WA0135301366004003020106099
B2011223920735N12240907WA0135301367004003024132122
B2011233920732N12240905WA0135401367004003024153140
B2011243920727N12240903WA0135501369004003027175152
B2011253920722N12240904WA0135601370004003033193165
B2011263920717N12240907WA0135701372004003033206183
B2011273920713N12240911WA0135901375004003033220199
B2011283920710N12240915WA0136101377004003032232214
B2011293920707N12240920WA0136301379004003030238217
B2011303920705N12240925WA0136501380004003030238234
B2011313920703N12240930WA0136501381004003029246248
B2011323920702N12240935WA0136501380004003029264262
B2011333920702N12240942WA0136301378004003040284284
B2011343920706N12240950WA0136201376004003046302307
B2011353920710N12240957WA0136201377004003046320327
B2011363920716N12240962WA0136201378004003046336348
B2011373920721N12240963WA0136401379004003032355004
B2011383920725N12240962WA0136401380004003032017026
B2011393920729N12240959WA0136501380004003029033041
B2011403920732N12240955WA0136701382004003028041055
B2011413920735N12240951WA0136801383004003025055061
B2011423920736N12240947WA0136801383004003025083072
B2011433920735N12240942WA0136701383004003025114091
B2011443920732N12240937WA0136801383004003028131112
B2011453920729N12240933WA0136801384004003028132119
B2011463920727N12240929WA0136901385004003028118110
B2011473920726N12240924WA0136801385004003026096094
B2011483920726N12240919WA0136801384004003026083088
B2011493920727N12240913WA0136801385004003029079086
B2011503920728N12240908WA0136801385004003029078102
B2011513920728N12240903WA0136901385004003029083105
B2011523920728N12240899WA0136901384004003024100121
B2011533920727N12240896WA0136701383004003018145132
B2011543920723N12240895WA0136501380004003024171146
B2011553920719N12240896WA0136201377004003024189166
B2011563920715N12240898WA0136001375004003028204178
B2011573920711N12240901WA0135801373004003034212184
B2011583920707N12240905WA0135601371005003034210185
B2011593920702N12240907WA0135401369004003034202185
B2012003920697N12240910WA0135201367004003034200192
B2012013920692N12240912WA0135001365004003037205192
B2012023920687N12240916WA0134801363004003038212207
B2012033920683N12240920WA0134701361004003038212212
B2012043920678N12240924WA0134401359004003038211217
B2012053920672N12240929WA0134201356004003043214216
B2012063920667N12240935WA0134001354004003046225225
B2012073920663N12240942WA0133901353004003046234221
B2012083920659N12240949WA0133901352004003046237224
B2012093920656N12240956WA0133701351004003043234206
B2012103920652N12240962WA0133501349004003043229222
B2012113920647N12240968WA0133401347004003045226223
B2012123920643N12240975WA0133201345004003045229209
B2012133920638N12240981WA0133101345004003045235223
B2012143920635N12240988WA0133101345004003044235217
B2012153920631N12240995WA0133001344004003041235213
B2012163920628N12241002WA0132801342004003043233218
B2012173920624N12241009WA0132801342004003043232220
B2012183920619N12241016WA0132901343004003047229234
B2012193920614N12241023WA0133101346004003047227232
B2012203920610N12241029WA0133201345004003046229234
B2012213920606N12241036WA0133301345004003046235206
B2012223920602N12241043WA0133201346004003044236219
B2012233920599N12241050WA0133201345004003043235211
B2012243920596N12241056WA0133101344004003040231212
B2012253920592N12241061WA0133001344004003034222223
B2012263920588N12241065WA0133001343004003035216219
B2012273920584N12241069WA0132801342004003035215218
B2012283920579N12241074WA0132601340004003038219228
B2012293920574N12241079WA0132501339004003041219208
B2012303920569N12241084WA0132401338004003044218221
B2012313920564N12241089WA0132301337004003044220211
B2012323920559N12241095WA0132301337004003044223215
B2012333920554N12241101WA0132201336004003044228241
B2012343920550N12241108WA0132101334004003044231235
B2012353920546N12241115WA0131901332004003045231238
B2012363920542N12241122WA0131701330004003049232228
B2012373920537N12241130WA0131501328004003049233232
B2012383920532N12241138WA0131601329004003049232214
B2012393920529N12241144WA0131601330004003040232212
B2012403920525N12241150WA0131601330004003040229213
B2012413920521N12241156WA0131501328004003040230222
B2012423920517N12241163WA0131501327004003043232206
B2012433920513N12241170WA0131401327004003044237217
B2012443920510N12241177WA0131501327004003044240222
B2012453920507N12241184WA0131401327004003044237217
B2012463920503N12241191WA0131301326004003043231221
B2012473920498N12241197WA0131301326004003041227220
B2012483920494N12241203WA0131401328004003041228213
B2012493920491N12241208WA0131501328004003039229214
B2012503920487N12241213WA0131701330004003037218215
B2012513920482N12241216WA0131801331004003030204220
B2012523920478N12241217WA0131901333004003031189190
B2012533920473N12241218WA0132101335004003031187196
B2012543920468N12241219WA0132401336004003035192201
B2012553920463N12241220WA0132801340004003033194197
B2012563920458N12241222WA0133101344004003033191198
B2012573920454N12241222WA0133301346004003030184181
B2012583920450N12241222WA0133501348004003028174174
B2012593920445N12241221WA0133601349004003034162141
B2013003920440N12241218WA0133601349004003038147119
B2013013920436N12241213WA0133701350004003038131100
B2013023920434N12241206WA0133801351004003038105086
B2013033920435N12241199WA0134001353004003031074071
B2013043920436N12241194WA0134201353004003031040053
B2013053920439N12241193WA0134301356004003022020034
B2013063920442N12241193WA0134401357004003020359026
B2013073920445N12241194WA0134401357004003030335015
B2013083920450N12241198WA0134401356005003039316344
B2013093920453N12241205WA0134401357004003039296321
B2013103920455N12241214WA0134401358004003043280300
B2013113920455N12241222WA0134501360004003043264280
B2013123920453N12241230WA0134701362004003043251262
B2013133920450N12241237WA0135001365004003041240244
B2013143920447N12241243WA0135201368004003039232229
B2013153920443N12241248WA0135501371004003038226216
B2013163920439N12241253WA0135801374004003038213198
B2013173920435N12241256WA0135901373004003037184184
B2013183920429N12241255WA0135901373004003037165156
B2013193920424N12241251WA0136001373004003040152138
B2013203920418N12241247WA0136001375004003040148126
B2013213920414N12241243WA0136101377004003038141116
B2013223920411N12241239WA0136301378004003033131108
B2013233920408N12241234WA0136401379004003032125097
B2013243920405N12241229WA0136501380004003033126097
B2013253920402N12241224WA0136701382004003032130087
B2013263920400N12241220WA0136801385004003030117084
B2013273920399N12241215WA0137001384004003025089077
B2013283920400N12241210WA0137001384004003025070064
B2013293920401N12241207WA0137101385004003024060054
B2013303920403N12241203WA0137201386004003022047048
B2013313920405N12241201WA0137301387004003019020038
B2013323920409N12241201WA0137401388004003023353022
B2013333920413N12241203WA0137501389004003023341003
B2013343920417N12241205WA0137601391004003028328352
B2013353920420N12241209WA0137801393004003029306337
B2013363920421N12241215WA0137801394004003033278316
B2013373920420N12241222WA0137801393004003033252284
B2013383920416N12241228WA0137801393004003037223253
B2013393920412N12241233WA0138101394004003040186218
B2013403920406N12241232WA0138101396004003040166171
B2013413920401N12241228WA0138301398004003039143146
B2013423920398N12241223WA0138301399004003035130121
B2013433920395N12241218WA0138501400004003030124108
B2013443920392N12241213WA0138701401004003030124096
B2013453920390N12241209WA0138701403004003029128095
B2013463920387N12241204WA0138801404004003029130105
B2013473920383N12241200WA0138901405004003029132089
B2013483920381N12241196WA0139001406004003029130088
B2013493920379N12241192WA0139001407004003025121090
B2013503920378N12241189WA0139001407004003021099081
B2013513920379N12241185WA0139001406004003017066068
B2013523920381N12241183WA0139001406004003019028047
B2013533920384N12241182WA0138901405004003019000024
B2013543920388N12241184WA0138801405004003023338007
B2013553920391N12241187WA0138701404004003028321351
B2013563920394N12241191WA0138701404004003030314333
B2013573920397N12241195WA0138601402004003030307317
B2013583920399N12241200WA0138501402004003031292307
B2013593920400N12241207WA0138401401004003035276293
B2014003920400N12241214WA0138301400004003041260280
B2014013920398N12241222WA0138201399004003041256268
B2014023920397N12241230WA0138201399004003042255265
B2014033920395N12241237WA0138201400004003036256271
B2014043920394N12241244WA0138301401004003036254254
B2014053920392N12241250WA0138301401004003036253252
B2014063920391N12241257WA0138301401004003036252239
B2014073920389N12241265WA0138301402004003042254276
B2014083920387N12241273WA0138501402004003042263280
B2014093920387N12241280WA0138701405004003042275282
B2014103920388N12241286WA0138901405004003033282301
B2014113920389N12241291WA0139201407004003027280266
B2014123920389N12241296WA0139401410004003029271267
B2014133920389N12241302WA0139601412004003029258254
B2014143920388N12241308WA0139901413004003031237244
B2014153920384N12241312WA0140101416004003032219222
B2014163920379N12241315WA0140301419004003037191201
B2014173920373N12241314WA0140501421004003039166171
B2014183920367N12241311WA0140801421004003039142138
B2014193920363N12241305WA0141001424004003039125111
B2014203920361N12241299WA0141201425004003036100096
B2014213920361N12241292WA0141301427004003035080075
B2014223920364N12241286WA0141501429004003035056058
B2014233920368N12241283WA0141701433004003034026038
B2014243920372N12241281WA0141901433004003029343016
B2014253920376N12241284WA0142001433004003028309346
B2014263920378N12241290WA0142101434004003032286319
B2014273920378N12241297WA0142201436004003037263296
B2014283920376N12241305WA0142401437004003037225270
B2014293920370N12241308WA0142701440004003039197226
B2014303920364N12241307WA0142901443004003040168191
B2014313920358N12241304WA0143101446004003043147153
B2014323920353N12241298WA0143301449004003043129131
B2014333920350N12241292WA0143501449004003039104112
B2014343920350N12241286WA0143601451005003034075087
B2014353920353N12241281WA0143701454004003031050062
B2014363920355N12241278WA0144001454004003019356040
B2014373920358N12241279WA0144201454005003025313002
B2014383920361N12241285WA0144301455004003025295327
B2014393920362N12241291WA0144301457004003029280311
B2014403920362N12241297WA0144401459005003031258295
B2014413920359N12241303WA0144501461004003035235271
B2014423920355N12241308WA0144701464004003038214243
B2014433920350N12241312WA0145101465004003038198213
B2014443920344N12241315WA0145301466004003042191189
B2014453920338N12241316WA0145701467004003042186181
B2014463920332N12241316WA0145901470004003042180176
B2014473920325N12241316WA0146201473004003042171155
B2014483920319N12241313WA0146301475004003041160143
B2014493920314N12241309WA0146401477004003040144124
B2014503920310N12241303WA0146401477004003040122118
B2014513920307N12241297WA0146301477004003039100089
B2014523920308N12241290WA0146101476004003034078073
B2014533920310N12241284WA0145901475004003035061059
B2014543920313N12241279WA0146001477004003035046034
B2014553920315N12241276WA0146201481004003028038032
B2014563920318N12241274WA0146401482004003020030030
B2014573920320N12241273WA0146601482004003012044029
B2014583920321N12241271WA0146601482004003014058025
B2014593920322N12241269WA0146501482004003014048022
B2015003920325N12241268WA0146501482004003015009000
B2015013920329N12241269WA0146501483004003031338343
B2015023920333N12241272WA0146701484004003039308318
B2015033920335N12241280WA0146901487004003039287296
B2015043920336N12241288WA0147101490004003042266283
B2015053920333N12241297WA0147201492004003047247259
B2015063920330N12241306WA0147401492004003047230241
B2015073920326N12241312WA0147401491004003046209225
B2015083920320N12241314WA0147401490004003041189204
B2015093920313N12241314WA0147201490004003044175182
B2015103920306N12241312WA0147101489004003044169164
B2015113920300N12241310WA0147001490004003044160154
B2015123920295N12241306WA0147001491004003041146143
B2015133920292N12241302WA0147101492004003025125130
B2015143920290N12241297WA0147101491004003025100101
B2015153920290N12241293WA0147101491004003021093075
B2015163920290N12241289WA0147101492004003021083065
B2015173920291N12241285WA0147201492004003018070051
B2015183920292N12241283WA0147301493004003018058036
B2015193920294N12241280WA0147301493004003017032041
B2015203920297N12241279WA0147301493004003017018017
B2015213920300N12241278WA0147301495004003023009019
B2015223920303N12241278WA0147501497004003023002003
B2015233920306N12241278WA0147701500004003022351346
B2015243920309N12241279WA0148101503004003020338337
B2015253920312N12241281WA0148401506004003017336341
B2015263920314N12241282WA0148601510004003017341344
B2015273920316N12241283WA0148901513004003017353022
B2015283920318N12241283WA0149301515004003015356010
B2015293920320N12241283WA0149501518004003012354014
B2015303920322N12241283WA0149601518004003013004017
B2015313920324N12241282WA0149601519004003013033039
B2015323920326N12241279WA0149701520004003015060059
B2015333920327N12241275WA0149901521004003024081078
B2015343920327N12241270WA0150001522004003029093084
B2015353920326N12241263WA0150101524004003029097091
B2015363920325N12241256WA0150401526004003035098110
B2015373920324N12241249WA0150601530004003033102105
B2015383920322N12241244WA0150801533004003033121110
B2015393920319N12241240WA0151001535004003033140122
B2015403920314N12241236WA0151201536004003033152137
B2015413920308N12241234WA0151301537004003045164152
B2015423920301N12241233WA0151401539004003046177170
B2015433920294N12241234WA0151701542004003045192183
B2015443920289N12241237WA0151901544004003042206200
B2015453920285N12241241WA0152101547004003034220216
B2015463920282N12241246WA0152401549004003034234235
B2015473920279N12241252WA0152601551004003033247252
B2015483920278N12241257WA0152901553004003033258267
B2015493920279N12241262WA0153001555004003024281280
B2015503920281N12241266WA0153101557004003024311307
B2015513920284N12241269WA0153201558004003024332331
B2015523920287N12241270WA0153401560004003024340345
B2015533920291N12241272WA0153601563004003023344357
B2015543920294N12241273WA0153901565004003023346359
B2015553920297N12241273WA0154101567004003021359008
B2015563920300N12241272WA0154301569004003021022017
B2015573920302N12241270WA0154501571004003020044001
B2015583920304N12241267WA0154601573004003020046017
B2015593920306N12241265WA0154801574004003020026021
B2016003920309N12241263WA0154901575004003020023039
B2016013920312N12241261WA0154901574004003027042029
B2016023920314N12241255WA0154801574004003033069058
B2016033920315N12241248WA0154801574004003033077035
B2016043920317N12241242WA0154901576004003035075035
B2016053920318N12241236WA0155001576004003032068037
B2016063920319N12241230WA0155201576004003032060053
B2016073920322N12241225WA0155401578004003032060061
B2016083920324N12241219WA0155601579004003032069076
B2016093920325N12241212WA0155601581004003037084085
B2016103920324N12241205WA0155701582004003038101099
B2016113920322N12241198WA0155701582004003038117104
B2016123920318N12241192WA0155701582004003038131118
B2016133920314N12241187WA0155701582004003036143130
B2016143920309N12241184WA0155701582004003036154136
B2016153920304N12241182WA0155601580004003036162149
B2016163920299N12241180WA0155401579004003036168161
B2016173920294N12241180WA0155301577004003030185168
B2016183920290N12241182WA0155001575004003030214189
B2016193920288N12241187WA0154801572004003030239232
B2016203920286N12241193WA0154701571004003031251263
B2016213920285N12241199WA0154601570004003031258269
B2016223920284N12241205WA0154501570004003030262270
B2016233920284N12241211WA0154401570004003032267275
B2016243920284N12241217WA0154401569004003032270274
B2016253920284N12241224WA0154401570004003033271281
B2016263920284N12241230WA0154501571004003033271292
B2016273920284N12241236WA0154601572004003030271308
B2016283920284N12241241WA0154701573004003030270312
B2016293920285N12241247WA0154801574004003029272320
B2016303920285N12241252WA0154901575004003029281319
B2016313920287N12241257WA0154901575004003029295327
B2016323920290N12241261WA0155001576004003026316339
B2016333920293N12241264WA0155201578004003026337351
B2016343920295N12241265WA0155301580004003022349001
B2016353920298N12241265WA0155501581004003017354003
B2016363920300N12241265WA0155501581004003016357007
B2016373920303N12241265WA0155501581004003019007011
B2016383920306N12241264WA0155501581004003022022015
B2016393920309N12241261WA0155501582004003022042026
B2016403920311N12241257WA0155601582004003024060040
B2016413920312N12241252WA0155801584004003027071056
B2016423920313N12241246WA0155901586004003027083066
B2016433920313N12241241WA0156101587004003027097083
B2016443920312N12241236WA0156101587004003027107096
B2016453920310N12241230WA0156001587004003029112102
B2016463920308N12241225WA0156001585004003031115108
B2016473920305N12241219WA0155801584004003037122124
B2016483920301N12241213WA0155701584004003038135134
B2016493920297N12241209WA0155701584004003038152151
B2016503920291N12241207WA0155701583004003038172164
B2016513920286N12241208WA0155601582004003036190183
B2016523920281N12241211WA0155601581004003037209204
B2016533920277N12241216WA0155501580004003036223228
B2016543920274N12241221WA0155401580004003036237245
B2016553920272N12241227WA0155301579004003033253259
B2016563920272N12241233WA0155201578004003033272277
B2016573920273N12241239WA0155101576004003033289293
B2016583920276N12241245WA0155001575004003032305307
B2016593920279N12241249WA0154901574004003031315320
B2017003920282N12241253WA0154901575004003031316329
B2017013920285N12241257WA0155001576004003031309328
B2017023920287N12241261WA0155001577004003029304329
B2017033920289N12241265WA0155101577004003022304317
B2017043920291N12241268WA0155001576004003023310312
B2017053920294N12241272WA0155001576004003023311314
B2017063920297N12241277WA0155101577004003029299311
B2017073920298N12241283WA0155401580004003029287339
B2017083920299N12241288WA0155601583004003029281283
B2017093920300N12241291WA0155801585004003023289324
B2017103920301N12241294WA0155901585004003019303339
B2017113920303N12241297WA0155901585004003020323350
B2017123920306N12241299WA0156001585004003022345009
B2017133920310N12241298WA0156001586004003022016029
B2017143920312N12241295WA0156101587004003024052043
B2017153920313N12241290WA0156201588004003028080062
B2017163920313N12241284WA0156401590004003028097077
B2017173920312N12241279WA0156501592004003028108085
B2017183920310N12241274WA0156601593004003029121105
B2017193920306N12241269WA0156601593004003034136120
B2017203920302N12241265WA0156601593004003038150139
B2017213920296N12241263WA0156501591004003038169152
B2017223920289N12241263WA0156301589004003042185174
B2017233920282N12241266WA0156101587004003052201194
B2017243920275N12241271WA0156001585004003052219212
B2017253920272N12241279WA0155901585004003050242231
B2017263920271N12241286WA0155901585004003044270256
B2017273920273N12241292WA0156001586004003029295284
B2017283920275N12241295WA0156101588004003029310315
B2017293920277N12241298WA0156101589004003022314328
B2017303920279N12241300WA0156201588004003018324335
B2017313920282N12241302WA0156101588004003022334344
B2017323920285N12241304WA0156101588004003026338347
B2017333920289N12241306WA0156201589004003025339353
B2017343920292N12241307WA0156301591004003025344008
B2017353920294N12241307WA0156501592004003016004015
B2017363920297N12241306WA0156501592004003019025026
B2017373920299N12241304WA0156501591004003019039046
B2017383920302N12241300WA0156501591004003023056058
B2017393920303N12241295WA0156401590004003028076069
B2017403920303N12241289WA0156301590004003030102081
B2017413920301N12241284WA0156301590004003029115096
B2017423920299N12241279WA0156301590004003029118082
B2017433920297N12241274WA0156201589004003025114076
B2017443920296N12241270WA0156101588004003025104068
B2017453920296N12241266WA0155901586004003022082062
B2017463920297N12241263WA0155801584004003019057048
B2017473920299N12241261WA0155601583004003016034023
B2017483920302N12241259WA0155501582004003016016021
B2017493920304N12241259WA0155301580004003016015020
B2017503920307N12241257WA0155101577004003017026012
B2017513920309N12241255WA0155001575004003022036032
B2017523920311N12241252WA0154901575004003022051054
B2017533920312N12241250WA0154801574004003016076062
B2017543920312N12241247WA0154601572004003015087073
B2017553920312N12241244WA0154301569004003019082070
B2017563920313N12241240WA0154101566004003022076058
B2017573920314N12241235WA0153901564004003022068044
B2017583920316N12241232WA0153801564004003022049018
B2017593920318N12241230WA0153701563004003018016003
B2018003920322N12241231WA0153601562004003022344346
B2018013920325N12241233WA0153501560004003022324331
B2018023920328N12241237WA0153401559004003028313322
B2018033920331N12241242WA0153301558004003031305307
B2018043920333N12241248WA0153201557004003033293301
B2018053920334N12241254WA0152901555004003033280298
B2018063920334N12241261WA0152801553004003035263284
B2018073920333N12241268WA0152501550004003036255274
B2018083920332N12241275WA0152301547004003037258281
B2018093920331N12241282WA0152101544004003037264287
B2018103920331N12241290WA0151801542004003038268294
B2018113920331N12241297WA0151601540004003039265285
B2018123920330N12241304WA0151501540004003039261291
B2018133920329N12241311WA0151401539004003036263278
B2018143920329N12241316WA0151401537004003032268301
B2018153920329N12241322WA0151201536004003030271298
B2018163920329N12241328WA0151101535004003031274299
B2018173920330N12241334WA0151001534004003031277291
B2018183920331N12241341WA0151001534004003033282281
B2018193920333N12241347WA0151001534004003034288287
B2018203920334N12241353WA0151001534004003034287295
B2018213920335N12241360WA0151101535004003034280292
B2018223920336N12241366WA0151201537004003034275290
B2018233920336N12241372WA0151401539004003028278323
B2018243920337N12241377WA0151601541004003028287332
B2018253920339N12241381WA0151901543004003027302343
B2018263920342N12241385WA0152001545004003027318353
B2018273920346N12241388WA0152301547004003027337359
B2018283920349N12241388WA0152501550004003025000009
B2018293920353N12241387WA0152801552004003025017021
B2018303920356N12241385WA0152901554004003025024029
B2018313920359N12241383WA0153101556004003023034034
B2018323920361N12241380WA0153101556004003022053040
B2018333920362N12241376WA0153101555004003025079053
B2018343920361N12241370WA0152901554004003030104071
B2018353920359N12241364WA0152901553004003030127092
B2018363920354N12241360WA0152801552004003035154112
B2018373920347N12241359WA0152701551004003040178141
B2018383920340N12241361WA0152701551004003045195175
B2018393920335N12241365WA0152601551004003045214200
B2018403920330N12241371WA0152601550004003044229230
B2018413920326N12241377WA0152501550004003042245247
B2018423920325N12241385WA0152501549004003038258269
B2018433920324N12241392WA0152501550004003041267282
B2018443920324N12241400WA0152601551004003041266294
B2018453920324N12241408WA0152901554004003040265277
B2018463920324N12241413WA0153201559004003036274305
B2018473920325N12241418WA0153701563004003029287308
B2018483920327N12241422WA0154001565004003021306333
B2018493920330N12241424WA0154201568004003022330342
B2018503920333N12241426WA0154401570004003022348000
B2018513920337N12241426WA0154701573004003024356007
B2018523920341N12241426WA0155001576004003025353013
B2018533920344N12241428WA0155301579004003023342010
B2018543920347N12241429WA0155501582004003023348005
B2018553920351N12241429WA0155701584004003023011023
B2018563920355N12241426WA0155901585004003024037039
B2018573920358N12241420WA0156101588004003032054060
B2018583920360N12241414WA0156501592004003032072088
B2018593920360N12241408WA0156801596004003032094102
B2019003920359N12241404WA0157001595004003026127114
B2019013920356N12241401WA0156901594004003026150128
B2019023920351N12241399WA0156801592004003037166145
B2019033920345N12241399WA0156701591004003043187168
B2019043920338N12241401WA0156701592004003043210193
B2019053920332N12241406WA0156801593004003043222222
B2019063920328N12241412WA0157001597004003038229236
B2019073920325N12241418WA0157301597004003038234247
B2019083920322N12241424WA0157601600004003036238251
B2019093920320N12241430WA0157801603004003035249257
B2019103920320N12241436WA0158101606004003032266269
B2019113920321N12241442WA0158401609004003032291289
B2019123920324N12241446WA0158701613005003031320312
B2019133920328N12241448WA0159001617004003028345337
B2019143920333N12241449WA0159301617004003029002357
B2019153920337N12241449WA0159601621004003029006009
B2019163920341N12241448WA0159901625004003028006010
B2019173920345N12241447WA0160201628004003025010020
B2019183920348N12241446WA0160501630004003027016030
B2019193920353N12241443WA0160701632004003032024034
B2019203920357N12241440WA0160901635004003032029028
B2019213920361N12241437WA0161101639004003032032032
B2019223920365N12241434WA0161401642004003028035048
B2019233920367N12241431WA0161701646004003028044057
B2019243920370N12241426WA0162001648004003027057074
B2019253920371N12241421WA0162101649004003027071083
B2019263920372N12241415WA0162201649004003031088094
B2019273920372N12241409WA0162201649004003031115112
B2019283920369N12241404WA0162201650004003031146122
B2019293920364N12241403WA0162201649004003032169149
B2019303920358N12241404WA0162101647004003039188170
B2019313920352N12241407WA0161901645004003042204194
B2019323920346N12241411WA0161701645004003042227215
B2019333920342N12241418WA0161601646004003042247242
B2019343920341N12241425WA0161601648005003035270265
B2019353920342N12241431WA0161901651004003035290291
B2019363920344N12241436WA0162101651005003027324310
B2019373920348N12241437WA0162201652004003026343345
B2019383920353N12241438WA0162401653004003030345002
B2019393920357N12241440WA0162501655004003030344009
B2019403920361N12241441WA0162701657004003030347009
B2019413920365N12241441WA0162901659004003027353009
B2019423920369N12241442WA0163001660004003026000013
B2019433920373N12241441WA0163101661004003026010014
B2019443920375N12241439WA0163201662004003022043029
B2019453920376N12241437WA0163101660004003015073048
B2019463920377N12241435WA0162801657004003012089059
B2019473920376N12241432WA0162501653004003016092065
B2019483920376N12241428WA0162201650004003016092076
B2019493920376N12241423WA0161901647004003021101090
B2019503920374N12241419WA0161601645004003030123104
B2019513920370N12241414WA0161301641004003037145122
B2019523920364N12241411WA0161001638004003037160142
B2019533920357N12241410WA0160701636004003042176157
B2019543920350N12241411WA0160501633004003050192177
B2019553920343N12241415WA0160301631004003051206195
B2019563920337N12241420WA0160101629004003050217210
B2019573920331N12241426WA0160001629004003049223221
B2019583920326N12241432WA0159901629004003043223220
B2019593920322N12241438WA0159901629004003043223224
B2020003920317N12241443WA0159901629004003043219226
B2020013920312N12241448WA0159901629004003044213241
B2020023920306N12241453WA0160001629004003048210238
B2020033920299N12241458WA0160001630004003049211238
B2020043920294N12241463WA0160201632004003048216242
B2020053920289N12241468WA0160301633004003045225237
B2020063920286N12241475WA0160301633004003040238243
B2020073920284N12241482WA0160301633004003042251253
B2020083920282N12241490WA0160401635004003042263271
B2020093920283N12241498WA0160601638004003042274285
B2020103920284N12241505WA0160901641004003034288296
B2020113920286N12241511WA0161301641004003034308309
B2020123920289N12241514WA0161601644004003029330329
B2020133920293N12241515WA0161801646004003028346352
B2020143920298N12241516WA0162001649004003029358007
B2020153920302N12241515WA0162101650004003029009016
B2020163920306N12241513WA0162301652004003029017024
B2020173920310N12241511WA0162401653004003029026035
B2020183920314N12241507WA0162501654004003031045054
B2020193920316N12241501WA0162501654004003037068063
B2020203920317N12241494WA0162601656004003037077086
B2020213920319N12241486WA0162901657004003037085085
B2020223920319N12241480WA0163201657004003027098098
B2020233920317N12241475WA0163301657004003027126110
B2020243920314N12241472WA0163301658004003027145110
B2020253920310N12241469WA0163301659004003033149128
B2020263920304N12241465WA0163401660004003042153147
B2020273920298N12241462WA0163601663004003042161149
B2020283920292N12241461WA0163701664004003040177190
B2020293920286N12241463WA0163701664004003040196198
B2020303920280N12241467WA0163701664004003040213216
B2020313920275N12241472WA0163701665004003044224229
B2020323920271N12241479WA0163701666004003044232244
B2020333920267N12241486WA0163901667004003044238253
B2020343920264N12241493WA0164101669004003043239257
B2020353920260N12241500WA0164301672004003043233256
B2020363920256N12241506WA0164401673004003042231243
B2020373920253N12241513WA0164501674004003042242249
B2020383920252N12241521WA0164601675004003042262262
B2020393920252N12241531WA0164601676004003046279288
B2020403920254N12241540WA0164901677004003046294310
B2020413920257N12241544WA0165201681004003029319323
B2020423920261N12241547WA0165401681004003029355348
B2020433920265N12241546WA0165501681004003026006359
B2020443920269N12241545WA0165601682004003026006002
B2020453920273N12241545WA0165501682004003028005352
B2020463920278N12241544WA0165501682004003032006002
B2020473920283N12241543WA0165601683004003034004005
B2020483920288N12241543WA0165701685004003032002004
B2020493920292N12241542WA0165801687004003031003356
B2020503920297N12241542WA0165901688004003029009004
B2020513920301N12241540WA0166001689004003030017012
B2020523920305N12241538WA0166201690004003029022018
B2020533920309N12241536WA0166201691004003028027024
B2020543920312N12241533WA0166201691004003028032007
B2020553920316N12241530WA0166201692004003030036025
B2020563920319N12241526WA0166301693004003028042051
B2020573920322N12241522WA0166401695004003028052068
B2020583920323N12241518WA0166601696004003023064073
B2020593920324N12241513WA0166601696004003023076081
B2021003920325N12241509WA0166601695004003023086083
B2021013920324N12241504WA0166401693004003024096100
B2021023920324N12241500WA0166301693004003020107102
B2021033920323N12241497WA0166101692004003020122125
B2021043920321N12241494WA0165801688004003020143129
B2021053920317N12241492WA0165401685004003021158145
B2021063920312N12241490WA0165101681004003038168155
B2021073920305N12241490WA0164901679004003043183174
B2021083920299N12241492WA0164701678004003043201191
B2021093920293N12241497WA0164601677004003046216209
B2021103920287N12241504WA0164501676004003049227228
B2021113920283N12241511WA0164501675004003049232238
B2021123920279N12241519WA0164401675004003048236253
B2021133920275N12241527WA0164301674004003047239252
B2021143920272N12241535WA0164201673004003048240253
B2021153920268N12241543WA0164201673004003048239249
B2021163920265N12241550WA0164201673004003046235250
B2021173920261N12241556WA0164101672004003042230232
B2021183920257N12241562WA0164001671004003040231256
B2021193920254N12241568WA0163901669004003043237262
B2021203920251N12241577WA0163801667004003043249277
B2021213920250N12241587WA0163701667004003049269292
B2021223920250N12241596WA0163801668004003046303301
B2021233920254N12241603WA0164001670004003046325341
B2021243920259N12241606WA0164401670004003036337339
B2021253920263N12241608WA0164601670004003027321335
B2021263920266N12241610WA0164701671004003029308332
B2021273920270N12241615WA0164701670004003036312346
B2021283920275N12241620WA0164701671004003036328359
B2021293920281N12241622WA0164601672004003043350008
B2021303920287N12241622WA0164801675004003040005017
B2021313920292N12241620WA0165001678004003040014018
B2021323920297N12241619WA0165201678004003033016019
B2021333920301N12241617WA0165201679004003029019008
B2021343920305N12241615WA0165201679004003030023018
B2021353920309N12241612WA0165101678004003033023017
B2021363920314N12241609WA0165101679004003033025022
B2021373920318N12241606WA0165101680004003034033037
B2021383920322N12241602WA0165201680004003031043040
B2021393920325N12241597WA0165201680004003031049051
B2021403920327N12241593WA0165101679004003028048040
B2021413920330N12241589WA0164901678004003028041025
B2021423920334N12241585WA0164801677004003032036030
B2021433920338N12241582WA0164701677004003032041047
B2021443920340N12241578WA0164701677004003029054057
B2021453920341N12241575WA0164701678004003023062049
B2021463920343N12241572WA0164601677004003017051035
B2021473920345N12241570WA0164501676004003020038033
B2021483920347N12241568WA0164401675004003019030013
B2021493920350N12241566WA0164401675004003019018003
B2021503920352N12241566WA0164301675004003015358345
B2021513920354N12241567WA0164201673004003019338339
B2021523920358N12241569WA0164001670004003019328338
B2021533920362N12241573WA0163601667004003027321341
B2021543920367N12241578WA0163501665004003039324332
B2021553920371N12241582WA0163401666004003039336353
B2021563920375N12241583WA0163301664004003033345010
B2021573920379N12241583WA0163201663004003028353023
B2021583920383N12241584WA0163001660004003023359026
B2021593920386N12241583WA0162801658004003025008034
B2022003920390N12241582WA0162601656004003024019037
B2022013920393N12241580WA0162501655004003024035036
B2022023920395N12241577WA0162401654004003018043036
B2022033920396N12241575WA0162301653004003018043042
B2022043920398N12241572WA0162101651004003018054038
B2022053920400N12241568WA0161801648004003020064055
B2022063920401N12241562WA0161601646004003032073063
B2022073920403N12241556WA0161501647004003032076052
B2022083920404N12241551WA0161601647004003032072061
B2022093920405N12241547WA0161601647004003026061037
B2022103920406N12241544WA0161501646004003015055062
B2022113920407N12241542WA0161401644004003015062060
B2022123920408N12241539WA0161201642004003015078067
B2022133920408N12241535WA0161001640004003018091077
B2022143920408N12241531WA0160901639004003020101095
B2022153920407N12241528WA0160801639004003020107097
B2022163920406N12241524WA0160701638004003019110106
B2022173920405N12241521WA0160601636004003019116105
B2022183920403N12241517WA0160501635004003024124103
B2022193920401N12241514WA0160301633004003026130100
B2022203920398N12241510WA0160301633004003026128088
B2022213920396N12241506WA0160201634004003026117096
B2022223920395N12241502WA0160301634004003017101078
B2022233920395N12241500WA0160401635004003017096083
B2022243920395N12241497WA0160301634004003013107099
B2022253920394N12241495WA0160101632004003013110112
B2022263920393N12241491WA0159901629004003023112097
B2022273920392N12241487WA0159701628004003023111125
B2022283920391N12241483WA0159701628004003023104115
B2022293920390N12241479WA0159601628004003021105115
B2022303920389N12241475WA0159601627004003018111113
B2022313920388N12241472WA0159501626004003018115113
B2022323920387N12241470WA0159301624004003018120116
B2022333920385N12241466WA0159101621004003018129133
B2022343920382N12241462WA0158901619004003031140131
B2022353920377N12241458WA0158801620004003034154151
B2022363920373N12241456WA0158901620004003031166134
B2022373920369N12241456WA0158901621004003028166146
B2022383920366N12241454WA0159001621004003023155143
B2022393920363N12241452WA0158901620004003027147138
B2022403920359N12241449WA0158701618004003032145152
B2022413920355N12241445WA0158601617004003032148151
B2022423920351N12241443WA0158501615004003032155161
B2022433920346N12241441WA0158201614004003031162158
B2022443920342N12241439WA0157901611004003036163157
B2022453920336N12241436WA0157701608004003036160147
B2022463920330N12241434WA0157701609004003040157152
B2022473920325N12241431WA0157801611004003035153158
B2022483920321N12241428WA0158001613004003035152150
B2022493920317N12241425WA0158101612004003034154159
B2022503920312N12241422WA0158201613004003034152139
B2022513920307N12241418WA0158301614004003037142126
B2022523920302N12241413WA0158601615004003038130120
B2022533920299N12241407WA0159101617004003038125121
B2022543920297N12241403WA0159601625004003033125128
B2022553920295N12241399WA0160201631004003026131150
B2022563920293N12241397WA0160601631004003019138133
B2022573920292N12241395WA0160801634004003018134115
B2022583920290N12241392WA0160901635004003026127119
B2022593920287N12241387WA0161201638004003026121116
B2023003920285N12241382WA0161501643004003030117120
B2023013920283N12241378WA0161901648004003030127137
B2023023920280N12241374WA0162301648004003026158148
B2023033920276N12241373WA0162501648004003035184165
B2023043920271N12241375WA0162601648004003035204186
B2023053920264N12241381WA0162701651004003044218206
B2023063920258N12241387WA0163001653004003048235229
B2023073920255N12241396WA0163301658005003048250247
B2023083920255N12241405WA0163601662004003045269266
B2023093920256N12241413WA0164101667004003043280285
B2023103920258N12241421WA0164601673004003039285301
B2023113920259N12241427WA0165001679004003039290312
B2023123920261N12241432WA0165401679004003032313320
B2023133920264N12241435WA0165701679004003027346344
B2023143920269N12241435WA0165901681004003032011013
B2023153920275N12241433WA0166201683004003034033029
B2023163920279N12241428WA0166601685004003032060046
B2023173920279N12241423WA0167001692004003025100066
B2023183920278N12241419WA0167401693004003025136092
B2023193920275N12241416WA0167801694004003031156118
B2023203920269N12241415WA0168101699004003031171138
B2023213920263N12241415WA0168401703004003034191153
B2023223920257N12241417WA0168601705004003045222176
B2023233920253N12241425WA0168701706004003050241216
B2023243920252N12241436WA0168801709004003050267241
B2023253920254N12241446WA0169101713004003050288273
B2023263920258N12241453WA0169401718004003044310298
B2023273920262N12241457WA0169801723004003044331324
B2023283920267N12241459WA0170201728004003037352346
B2023293920271N12241458WA0170601733004003032019008
B2023303920274N12241455WA0171001737004003025053032
B2023313920276N12241451WA0171201737004003026087060
B2023323920274N12241445WA0171501742004003026116084
B2023333920270N12241441WA0171901747004003028147105
B2023343920266N12241440WA0172301752004003030169129
B2023353920261N12241440WA0172601755004003033186149
B2023363920256N12241442WA0172901758004003033202168
B2023373920251N12241447WA0173001760004003037217184
B2023383920246N12241453WA0173201762004003044230202
B2023393920243N12241460WA0173401765004003044240220
B2023403920240N12241468WA0173601767004003043248233
B2023413920239N12241476WA0173701769004003043257243
B2023423920238N12241485WA0173801771004003048267255
B2023433920238N12241494WA0174101773004003050275268
B2023443920240N12241503WA0174501778004003048285278
B2023453920242N12241511WA0174901783004003046295290
B2023463920245N12241517WA0175301788004003035300303
B2023473920248N12241522WA0175601791004003035303314
B2023483920251N12241528WA0175801793004003035311322
B2023493920255N12241532WA0176001794004003036324337
B2023503920261N12241536WA0176101795004003039337359
B2023513920266N12241537WA0176201795004003039355009
B2023523920272N12241537WA0176101795004003039022027
B2023533920277N12241533WA0176201796004003038036041
B2023543920280N12241529WA0176401800004003028034011
B2023553920283N12241527WA0176601803004003028018014
B2023563920284N12241526WA0176801803004003016347021
B2023573920286N12241527WA0176801803004003016338016
B2023583920289N12241528WA0176701802004003027353010
B2023593920293N12241527WA0176501800004003034014031
B2024003920299N12241525WA0176501801004003033037057
B2024013920302N12241521WA0176601802004003033058069
B2024023920302N12241516WA0176801804004003019097082
B2024033920300N12241513WA0176901806004003022120086
B2024043920297N12241508WA0176901806004003022125109
B2024053920294N12241503WA0176901807004003030125115
B2024063920291N12241496WA0177101808004003035120126
B2024073920288N12241491WA0177501810004003035122116
B2024083920286N12241487WA0177901815004003027128110
B2024093920284N12241484WA0178301820004003024132106
B2024103920282N12241481WA0178601824004003024120083
B2024113920280N12241476WA0178901827004003029108090
B2024123920279N12241470WA0179201831004003025098078
B2024133920279N12241466WA0179701836004003025086087
B2024143920280N12241463WA0180001836004003015075059
B2024153920280N12241461WA0180301838004003015051047
B2024163920282N12241460WA0180301839004003013029057
B2024173920284N12241459WA0180301839004003013029050
B2024183920288N12241455WA0180301840004003031038062
B2024193920291N12241451WA0180401842004003031046078
B2024203920293N12241448WA0180601845004003028065079
B2024213920292N12241445WA0180901848004003019117104
B2024223920291N12241443WA0181101851004003015158124
B2024233920288N12241443WA0181301853004003019180145
B2024243920285N12241443WA0181501854004003019195164
B2024253920281N12241445WA0181601854004003024206189
B2024263920277N12241449WA0181701855004003033215198
B2024273920273N12241453WA0181801856004003037220210
B2024283920269N12241459WA0182001859004003037231237
B2024293920266N12241465WA0182201859004003038247239
B2024303920264N12241473WA0182401862004003041248238
B2024313920261N12241480WA0182701864004003042238215
B2024323920257N12241487WA0182801867004003042226215
B2024333920253N12241493WA0183101868004003042215215
B2024343920248N12241496WA0183401874004003033204189
B2024353920244N12241497WA0183901879004003033193185
B2024363920239N12241498WA0184301883004003031188168
B2024373920235N12241499WA0184601883004003031184161
B2024383920229N12241499WA0184901884004003033167145
B2024393920225N12241497WA0185301888004003033149120
B2024403920222N12241494WA0185601889004003030122109
B2024413920221N12241489WA0186001894004003025105096
B2024423920221N12241485WA0186401898004003024098150
B2024433920221N12241480WA0186601898004003019068097
B2024443920222N12241476WA0186401898005003019023076
B2024453920225N12241476WA0186101898004003019357046
B2024463920228N12241476WA0185901897005003019352025
B2024473920230N12241477WA0185501896004003016306021
B2024483920232N12241480WA0185101896004003021270343
B2024493920232N12241485WA0184801894004003035236270
B2024503920229N12241490WA0184301895004003023227225
B2024513920227N12241493WA0183701896004003023236204
B2024523920225N12241497WA0183101894005004023241231
B2024533920223N12241502WA0183101895005004043280252
B2024543920226N12241517WA0182901879004004043313262
B2024553920230N12241524WA0181801877008005043313328
B2024563920234N12241531WA0180301878200006042313317
B2024573920239N12241540WA0179201883200007041313301
B2024583920244N12241545WA0178401877200009040313331
B2024593920247N12241550WA0177801872200009040318346
B2025003920251N12241554WA0177101873200010033318320
B2025013920254N12241562WA0174901857200011033318336
B2025023920258N12241568WA0174201860200012040311355
B2025033920270N12241575WA0174401896200012061321335
B2025043920275N12241582WA0175101897200012061321329
B2025053920282N12241591WA0175601891200013061310324
B2025063920288N12241602WA0175801891200014071300305
B2025073920290N12241610WA0176101896014015071296329
B2025083920292N12241621WA0176101890014012052314341
B2025093920296N12241628WA0176101886016011052314003
B2025103920300N12241630WA0176201888021010052314346
B2025113920302N12241631WA0176801884200010022314330
B2025123920304N12241630WA0177301881030010022333334
B2025133920307N12241630WA0177401874022011032313348
B2025143920310N12241633WA0177701884021011037316334
B2025153920314N12241639WA0178101882019010037329350
B2025163920319N12241632WA0178401881017010037354004
B2025173920323N12241628WA0178701879016010037010017
B2025183920327N12241623WA0179001874020009032013032
B2025193920330N12241615WA0179501870016009032012032
B2025203920332N12241605WA0179801866014008028015027
B2025213920333N12241598WA0180201864014008023015030
B2025223920334N12241589WA0180601861014008022017022
B2025233920337N12241583WA0180801859013007029010017
B2025243920341N12241576WA0181001858013007029009012
B2025253920343N12241567WA0181301859012007029008014
B2025263920346N12241559WA0181701857011006025358018
B2025273920346N12241549WA0181901855009005027349009
B2025283920348N12241544WA0182101854009005027348007
B2025293920352N12241542WA0182201856008004031350003
B2025303920357N12241538WA0182301857007004034355015
B2025313920361N12241536WA0182501861007004034353341
B2025323920365N12241536WA0182701865006003030346002
B2025333920369N12241537WA0182901868006003030336011
B2025343920373N12241539WA0183101871005003029334357
B2025353920377N12241541WA0183201873004003029346004
B2025363920381N12241541WA0183301874004003026359028
B2025373920384N12241540WA0183401874004003025010032
B2025383920388N12241539WA0183401875004003025018036
B2025393920391N12241537WA0183401875004003026023042
B2025403920395N12241534WA0183401876004003026030056
B2025413920398N12241531WA0183401876004003026036034
B2025423920401N12241528WA0183501877004003028036045
B2025433920405N12241525WA0183501878004003029027026
B2025443920409N12241523WA0183601879004003029019016
B2025453920413N12241521WA0183701880004003029016017
B2025463920417N12241520WA0183801881004003029012029
B2025473920421N12241519WA0183901881004003029010025
B2025483920426N12241518WA0183901881004003029013023
B2025493920430N12241516WA0183901881004003030017026
B2025503920434N12241514WA0183801881004003032018022
B2025513920439N12241512WA0183801881004003032016017
B2025523920444N12241510WA0183801880004003032015013
B2025533920449N12241509WA0183701880004003033014016
B2025543920454N12241507WA0183701880005003034015012
B2025553920459N12241505WA0183701880004003035015014
B2025563920464N12241503WA0183701881004003035013012
B2025573920469N12241502WA0183801881004003035009001
B2025583920474N12241502WA0183801882004003033005356
B2025593920478N12241501WA0183901883004003033002000
B2026003920483N12241501WA0184101885004003032003002
B2026013920487N12241500WA0184301888004003031007019
B2026023920491N12241499WA0184501890004003027009010
B2026033920495N12241499WA0184701891004003027006022
B2026043920500N12241498WA0184701892004003027000018
B2026053920504N12241498WA0184801892004003028003017
B2026063920509N12241498WA0184801892004003033006011
B2026073920514N12241497WA0184901893004003034006009
B2026083920519N12241496WA0185001895004003033008013
B2026093920524N12241495WA0185201897005003033010018
B2026103920528N12241493WA0185301898004003028013016
B2026113920532N12241492WA0185301898004003028019018
B2026123920536N12241490WA0185301897004003028027024
B2026133920540N12241487WA0185201895004003029028009
B2026143920544N12241484WA0185101895004003032025002
B2026153920549N12241482WA0185001894004003032018001
B2026163920553N12241480WA0184901893004003032010005
B2026173920558N12241480WA0184801892004003032003006
B2026183920564N12241480WA0184701891004003037001008
B2026193920570N12241479WA0184601890004003039005008
B2026203920575N12241478WA0184601890004003037009013
B2026213920580N12241477WA0184501889004003037011016
B2026223920586N12241475WA0184401888004003037012015
B2026233920592N12241474WA0184401887004003039012015
B2026243920597N12241472WA0184401888004003039013010
B2026253920603N12241470WA0184401888004003039013012
B2026263920608N12241469WA0184401888004003036013006
B2026273920613N12241467WA0184401888004003037012007
B2026283920619N12241466WA0184401888004003037010003
B2026293920625N12241465WA0184501889004003039009002
B2026303920631N12241463WA0184601890004003040009011
B2026313920636N12241462WA0184701891004003040011015
B2026323920641N12241460WA0184801893004003039014029
B2026333920646N12241459WA0184801893004003034012014
B2026343920650N12241458WA0184801893004003026006006
B2026353920654N12241458WA0184801892004003027002001
B2026363920658N12241458WA0184601890004003027003005
B2026373920663N12241457WA0184501888004003029005001
B2026383920668N12241457WA0184301887004003034003003
B2026393920673N12241457WA0184301887004003034358355
B2026403920678N12241457WA0184301887004003033355002
B2026413920683N12241457WA0184201887004003032358008
B2026423920688N12241457WA0184201886004003033003006
B2026433920693N12241457WA0184101885004003035003351
B2026443920698N12241457WA0184001885004003035357355
B2026453920704N12241458WA0184001885004003036351001
B2026463920709N12241459WA0183901884004003035350001
B2026473920714N12241460WA0183901884004003035348352
B2026483920719N12241462WA0183901883004003034343335
B2026493920724N12241464WA0183801883004003034342356
B2026503920729N12241465WA0183801882004003034351011
B2026513920734N12241464WA0183601880004003035010039
B2026523920739N12241461WA0183501879004003038025033
B2026533920744N12241458WA0183401878004003038026028
B2026543920749N12241456WA0183401878004003038015007
B2026553920755N12241455WA0183401878004003038001000
B2026563920760N12241455WA0183401877004003035356356
B2026573920765N12241456WA0183301876004003035359005
B2026583920771N12241455WA0183101874004003035006016
B2026593920776N12241454WA0183001873004003037011019
B2027003920783N12241452WA0182801871004003040011008
B2027013920789N12241451WA0182701870004003043008357
B2027023920796N12241450WA0182601869004003044008000
B2027033920802N12241448WA0182401868004003044012006
B2027043920808N12241446WA0182201865004003044015000
B2027053920815N12241444WA0182001862004003044013001
B2027063920821N12241442WA0181801859004003047011357
B2027073920829N12241440WA0181501857004003049010002
B2027083920836N12241439WA0181201854004003049007357
B2027093920843N12241438WA0181101854004003049005350
B2027103920850N12241437WA0180901853004003046005356
B2027113920856N12241436WA0180701850004003044004352
B2027123920863N12241436WA0180501848004003046002344
B2027133920870N12241436WA0180301845004003046000350
B2027143920877N12241436WA0180101845004003047359351
B2027153920884N12241436WA0180001844004003047358344
B2027163920890N12241437WA0179901842004003041353347
B2027173920896N12241438WA0179701840004003041345337
B2027183920902N12241441WA0179401837004003041344347
B2027193920909N12241442WA0179101834004003043350359
B2027203920916N12241444WA0178901835004003048359002
B2027213920923N12241443WA0179001835004003046000354
B2027223920929N12241443WA0179101836004003046003359
B2027233920934N12241442WA0179101836004003037003008
B2027243920939N12241442WA0179001835004003033008002
B2027253920944N12241440WA0178901833004003034015014
B2027263920949N12241438WA0178701831004003038021015
B2027273920954N12241435WA0178501829004003038022008
B2027283920960N12241432WA0178401828004003040020002
B2027293920965N12241429WA0178401828004003037020019
B2027303920970N12241427WA0178201826004003037022017
B2027313920975N12241423WA0178101824004003035028012
B2027323920980N12241420WA0177901821004003035031009
B2027333920985N12241416WA0177701819004003038032010
B2027343920989N12241412WA0177501816004003038032003
B2027353920994N12241408WA0177201814004003038031013
B2027363920999N12241404WA0176901811004003037027012
B2027373921004N12241402WA0176701808004003037023009
B2027383921009N12241399WA0176401806004003037019016
B2027393921014N12241397WA0176101803004003037020017
B2027403921019N12241394WA0175901800004003037026024
B2027413921024N12241390WA0175601797004003039029021
B2027423921030N12241387WA0175401795004003040023011
B2027433921036N12241385WA0175201793004003040012007
B2027443921042N12241383WA0175301794004003040009036
B2027453921047N12241382WA0175301794004003037014031
B2027463921052N12241380WA0175201794004003037018027
B2027473921057N12241378WA0175201794004003035013012
B2027483921063N12241377WA0175201793004003035003010
B2027493921069N12241377WA0175201793004003037359015
B2027503921074N12241377WA0175101792004003037002016
B2027513921079N12241377WA0175001791004003036006024
B2027523921084N12241376WA0174901789004003034006017
B2027533921089N12241375WA0174701787004003033008016
B2027543921094N12241374WA0174501785004003033009014
B2027553921099N12241373WA0174301784004003033009017
B2027563921103N12241372WA0174201782004003033007004
B2027573921108N12241371WA0174101780004003030005015
B2027583921112N12241371WA0173901779004003030003011
B2027593921116N12241370WA0173801777004003029004014
B2028003921120N12241370WA0173601777004003028006014
B2028013921125N12241369WA0173401777004003028007007
B2028023921129N12241369WA0173201774004003029004003
B2028033921133N12241369WA0172901771004003029359358
B2028043921138N12241369WA0172801769004003030355004
B2028053921143N12241370WA0172501766004003032355358
B2028063921148N12241370WA0172301764004003033358017
B2028073921152N12241370WA0172001762004003032001016
B2028083921157N12241370WA0171801759004003032002004
B2028093921162N12241369WA0171701757004003031003014
B2028103921167N12241369WA0171501755004003033005005
B2028113921172N12241368WA0171301753004003033008013
B2028123921177N12241367WA0171201751004003033010002
B2028133921181N12241365WA0171001751004003033011009
B2028143921186N12241364WA0170801749004003033012008
B2028153921191N12241363WA0170701747004003031011013
B2028163921195N12241361WA0170501745004003031012355
B2028173921200N12241360WA0170401743004003030016021
B2028183921204N12241358WA0170201741004003030015001
B2028193921209N12241357WA0170001739004003030010355
B2028203921214N12241355WA0169801737004003032017013
B2028213921218N12241352WA0169701736004003037030022
B2028223921223N12241348WA0169601735004003037037014
B2028233921227N12241344WA0169701735004003036026356
B2028243921231N12241343WA0169601734004003032011357
B2028253921236N12241342WA0169501733004003032002002
B2028263921241N12241342WA0169401732004003033004001
B2028273921246N12241341WA0169301731004003032004348
B2028283921250N12241342WA0169301730004003031354340
B2028293921254N12241343WA0169101728004003029341343
B2028303921258N12241345WA0168901726004003032338345
B2028313921263N12241347WA0168701723004003032344346
B2028323921268N12241349WA0168401721004003034350341
B2028333921273N12241350WA0168301719004003031346331
B2028343921277N12241352WA0168001717004003031338340
B2028353921282N12241354WA0167801714004003031337342
B2028363921287N12241357WA0167401711004003034344340
B2028373921294N12241358WA0167201708004003043351341
B2028383921300N12241359WA0167201709004003043357339
B2028393921304N12241359WA0167201709004003037005352
B2028403921308N12241357WA0167101708004003030016010
B2028413921312N12241355WA0167001705004003032022011
B2028423921317N12241352WA0166701703004003036025011
B2028433921322N12241349WA0166601701004003036026006
B2028443921328N12241346WA0166501702004003038025013
B2028453921332N12241343WA0166601702004003034025001
B2028463921336N12241340WA0166601702004003034027008
B2028473921340N12241337WA0166501701004003029029020
B2028483921343N12241335WA0166401699004003026031018
B2028493921346N12241332WA0166101696004003028032024
B2028503921351N12241329WA0165801692004003035031023
B2028513921356N12241325WA0165501689004003035030020
B2028523921361N12241321WA0165201687004003040028021
B2028533921367N12241318WA0165101687004003040023015
B2028543921372N12241315WA0165101687004003040019018
B2028553921376N12241313WA0165101686004003035016013
B2028563921380N12241312WA0164901684004003029012009
B2028573921384N12241311WA0164701681004003029012010
B2028583921389N12241310WA0164401679004003032014000
B2028593921394N12241308WA0164201677004003032015359
B2029003921398N12241307WA0164101675004003031012359
B2029013921402N12241305WA0163901673004003030013358
B2029023921406N12241304WA0163801672004003029016004
B2029033921410N12241302WA0163801672004003026017012
B2029043921414N12241301WA0163701672004003026016009
B2029053921417N12241300WA0163701671004003026011013
B2029063921421N12241299WA0163601670004003026008007
B2029073921426N12241298WA0163501668004003029012011
B2029083921430N12241296WA0163401668004003030017005
B2029093921434N12241295WA0163301667004003030018359
B2029103921438N12241293WA0163201665004003028017008
B2029113921442N12241291WA0162901663004003028021006
B2029123921446N12241289WA0162701660004003028025005
B2029133921450N12241286WA0162501658004003033024002
B2029143921455N12241284WA0162201655004003037022015
B2029153921461N12241281WA0162101653004003037018001
B2029163921466N12241279WA0162001652004003039010357
B2029173921472N12241279WA0162001653004003039359350
B2029183921477N12241280WA0162001653004003034351349
B2029193921482N12241281WA0161901651004003034354352
B2029203921486N12241280WA0161701649004003031008353
B2029213921491N12241279WA0161401646004003031016012
B2029223921495N12241277WA0161201646004003030009354
B2029233921499N12241278WA0161001642004003026343345
B2029243921502N12241281WA0160601638004003026316335
B2029253921504N12241285WA0160301634004003024304332
B2029263921506N12241288WA0159901631004003024319331
B2029273921509N12241290WA0159601630004003024352357
B2029283921513N12241289WA0159201625004003027017010
B2029293921517N12241286WA0158801622004003030028014
B2029303921521N12241283WA0158601620004003029030015
B2029313921524N12241281WA0158401618004003029027009
B2029323921527N12241279WA0158201615004003025025013
B2029333921531N12241277WA0158001612004003025023012
B2029343921535N12241275WA0157801610004003029020006
B2029353921539N12241273WA0157601608004003029015009
B2029363921544N12241272WA0157401607004003031009008
B2029373921549N12241271WA0157301605004003034006004
B2029383921554N12241270WA0157301605004003035007009
B2029393921560N12241269WA0157201604004003035008006
B2029403921565N12241268WA0157201603004003035010009
B2029413921570N12241267WA0157101603004003036011003
B2029423921576N12241265WA0157101603004003037009009
B2029433921581N12241265WA0157201604004003036006009
B2029443921586N12241264WA0157301605004003036007359
B2029453921591N12241263WA0157301606004003034009009
B2029463921596N12241262WA0157501607004003034005359
B2029473921601N12241261WA0157501607004003032003003
B2029483921605N12241261WA0157601608004003030003359
B2029493921609N12241261WA0157601607004003028003357
B2029503921613N12241260WA0157501607004003030005345
B2029513921619N12241260WA0157501606004003030004344
B2029523921625N12241259WA0157501606004003035001354
B2029533921631N12241259WA0157501607004003040359357
B2029543921636N12241260WA0157601608004003040357359
B2029553921642N12241260WA0157801608004003039356005
B2029563921648N12241260WA0157901610004003038357353
B2029573921653N12241260WA0158001610004003036358007
B2029583921659N12241261WA0158101610004003038359346
B2029593921665N12241261WA0158101611004003038359336
B2030003921671N12241261WA0158201612004003039358348
B2030013921676N12241261WA0158301612004003038356345
B2030023921682N12241262WA0158301613004003038353348
B2030033921687N12241263WA0158301612004003037349357
B2030043921693N12241265WA0158301612004003037349342
B2030053921699N12241266WA0158301613004003040350346
B2030063921705N12241267WA0158401614004003041346333
B2030073921711N12241270WA0158701616004003041342328
B2030083921717N12241273WA0158901619004003042336336
B2030093921722N12241277WA0159201622004003041330335
B2030103921728N12241280WA0159401624004003041336357
B2030113921733N12241282WA0159601625004003038347009
B2030123921738N12241282WA0159701626004003035003015
B2030133921742N12241281WA0159801627004003026016034
B2030143921745N12241280WA0159901628004003026025060
B2030153921746N12241278WA0159901628004003018048063
B2030163921746N12241277WA0159801627004003008103070
B2030173921746N12241275WA0159701625004003013102083
B2030183921745N12241272WA0159601624004003016089078
B2030193921746N12241269WA0159401622004003016066069
B2030203921748N12241265WA0159301621004003019046060
B2030213921751N12241262WA0159201620004003026036041
B2030223921754N12241260WA0159101621004003026023026
B2030233921758N12241259WA0159201622004003024005015
B2030243921762N12241259WA0159201622004003024348003
B2030253921766N12241261WA0159201621004003030337009
B2030263921771N12241264WA0159101621004003032334000
B2030273921775N12241267WA0159101621004003032334007
B2030283921779N12241270WA0159101621004003033333348
B2030293921784N12241273WA0159101621004003033331347
B2030303921788N12241276WA0159101621004003034327347
B2030313921792N12241280WA0159201621004003034323343
B2030323921796N12241284WA0159201622004003034327339
B2030333921800N12241286WA0159401624004003028334319
B2030343921804N12241288WA0159501625004003028337339
B2030353921807N12241290WA0159601625004003023333320
B2030363921810N12241293WA0159501624004003023327329
B2030373921814N12241296WA0159401623004003031321330
B2030383921818N12241300WA0159201622004003035321344
B2030393921822N12241304WA0159201622004003034324332
B2030403921826N12241307WA0159201622004003034333343
B2030413921829N12241308WA0159301622004003021351357
B2030423921832N12241309WA0159201621004003021003022
B2030433921835N12241309WA0159101621004003020355354
B2030443921838N12241310WA0159001620004003020338344
B2030453921841N12241312WA0158901618004003028329332
B2030463921845N12241315WA0158801618004003031323333
B2030473921849N12241319WA0158801618004003031323320
B2030483921852N12241322WA0158901619004003031328347
B2030493921856N12241325WA0159001620004003026331336
B2030503921859N12241327WA0159101620004003029330335
B2030513921864N12241330WA0159101621004003029328328
B2030523921868N12241334WA0159201621004003033327337
B2030533921872N12241338WA0159201622004003034325340
B2030543921876N12241341WA0159201623004003034324337
B2030553921881N12241345WA0159301623004003034326346
B2030563921885N12241349WA0159301623004003035326355
B2030573921890N12241353WA0159401623004003036328354
B2030583921895N12241356WA0159501625004003036337351
B2030593921900N12241357WA0159701627004003036349020
B2031003921905N12241358WA0159901629004003034356012
B2031013921909N12241358WA0160101632004003032001040
B2031023921914N12241357WA0160401634004003032008037
B2031033921919N12241356WA0160601637004003032018060
B2031043921922N12241353WA0160901640004003032039078
B2031053921925N12241349WA0161101639004003027078092
B2031063921923N12241345WA0161301641004003021127107
B2031073921919N12241343WA0161401642004003027167127
B2031083921915N12241343WA0161601644004003028183159
B2031093921911N12241344WA0161801647004003027190172
B2031103921908N12241345WA0162001649004003024197186
B2031113921905N12241347WA0162201650004003024214203
B2031123921902N12241352WA0162201651004003034227219
B2031133921898N12241358WA0162201651004003045240246
B2031143921896N12241367WA0162401653004003045253255
B2031153921895N12241377WA0162601656004003047268268
B2031163921896N12241385WA0162801659004003047278278
B2031173921897N12241393WA0163101663004003037285284
B2031183921899N12241399WA0163401665004003037293277
B2031193921901N12241404WA0163501665004003034297292
B2031203921904N12241410WA0163401664004003034298307
B2031213921907N12241417WA0163301662004003036305308
B2031223921912N12241423WA0163101660004003049317323
B2031233921918N12241429WA0163001660004003054322337
B2031243921925N12241436WA0163201661004003049322335
B2031253921930N12241441WA0163401664004003049325355
B2031263921935N12241445WA0163501665004003045330010
B2031273921941N12241448WA0163601666004003040334358
B2031283921946N12241451WA0163701667004003040339009
B2031293921952N12241453WA0163901668004003040347017
B2031303921958N12241454WA0164001670004003040357034
B2031313921962N12241453WA0164101672004003036010047
B2031323921965N12241451WA0164201673004003021023046
B2031333921968N12241449WA0164401674004003021030053
B2031343921970N12241447WA0164301674004003020032054
B2031353921972N12241445WA0164301673004003020044069
B2031363921974N12241441WA0164101671004003021067084
B2031373921974N12241436WA0164001670004003025089107
B2031383921974N12241431WA0164001671004003025110089
B2031393921973N12241428WA0164101671004003023118083
B2031403921971N12241425WA0164101672004003017115085
B2031413921971N12241422WA0164101671004003017105096
B2031423921970N12241419WA0164001670004003019111103
B2031433921968N12241416WA0163901669004003022127115
B2031443921965N12241413WA0163801668004003022148136
B2031453921961N12241412WA0163701667004003025171150
B2031463921956N12241412WA0163701667004003034184167
B2031473921951N12241413WA0163701668004003035192155
B2031483921946N12241415WA0163701669004003034196155
B2031493921942N12241417WA0163801669004003032196153
B2031503921938N12241418WA0163701668004003025191152
B2031513921934N12241418WA0163701667004003025182144
B2031523921930N12241418WA0163601666004003025178150
B2031533921925N12241418WA0163501666004003029179149
B2031543921921N12241418WA0163501666004003030183146
B2031553921916N12241419WA0163401665004003030183141
B2031563921912N12241419WA0163301664004003029175141
B2031573921908N12241418WA0163201663004003029167152
B2031583921904N12241416WA0163101662004003027162150
B2031593921900N12241415WA0163101662004003027157140
B2032003921898N12241413WA0163101662004003023147122
B2032013921896N12241410WA0163001661004003020132129
B2032023921893N12241407WA0163001661004003024127126
B2032033921891N12241403WA0162901661004003024125134
B2032043921889N12241400WA0162901661004003024123123
B2032053921888N12241396WA0162901662004003023118109
B2032063921886N12241392WA0163001663004003020107104
B2032073921886N12241388WA0163001664004003022093075
B2032083921887N12241384WA0163101664004003022077075
B2032093921888N12241379WA0163201664004003023072067
B2032103921889N12241375WA0163201664004003026077088
B2032113921889N12241369WA0163201665004003026086093
B2032123921889N12241365WA0163201665004003026092095
B2032133921889N12241360WA0163201665004003023094094
B2032143921889N12241356WA0163201665004003020092077
B2032153921889N12241352WA0163201665004003022092085
B2032163921889N12241348WA0163201665004003022087075
B2032173921889N12241343WA0163201664004003024076054
B2032183921891N12241339WA0163201665004003021058036
B2032193921893N12241337WA0163201665004003021036026
B2032203921897N12241335WA0163201665004003021011020
B2032213921900N12241336WA0163201664004003022348011
B2032223921904N12241338WA0163101663004003030333002
B2032233921908N12241341WA0163101663004003032330350
B2032243921912N12241344WA0163001662004003030336346
B2032253921916N12241345WA0162901661004003029355010
B2032263921921N12241344WA0162801660004003030014026
B2032273921925N12241342WA0162801660004003032019023
B2032283921930N12241340WA0162901661004003030018027
B2032293921933N12241338WA0163101664004003029021030
B2032303921936N12241336WA0163301666004003020029050
B2032313921938N12241334WA0163401666004003020042054
B2032323921940N12241331WA0163401666004003020058065
B2032333921941N12241326WA0163301665004003021078093
B2032343921941N12241321WA0163301664004003027096103
B2032353921939N12241316WA0163201664004003029111105
B2032363921937N12241311WA0163301664004003029124101
B2032373921934N12241306WA0163301665004003031133112
B2032383921930N12241302WA0163301665004003035137124
B2032393921926N12241297WA0163401666004003035139125
B2032403921922N12241293WA0163401666004003033142121
B2032413921919N12241290WA0163501666004003032149140
B2032423921914N12241288WA0163601667004003034154144
B2032433921910N12241285WA0163601668004003034154144
B2032443921905N12241282WA0163701669004003033154132
B2032453921901N12241280WA0163801669004003033158135
B2032463921896N12241278WA0163801669004003036165161
B2032473921890N12241277WA0164001671004003040176174
B2032483921883N12241277WA0164101672004003039188189
B2032493921878N12241279WA0164401675004003040199209
B2032503921873N12241283WA0164701679004003038211210
B2032513921868N12241287WA0165001682004003038221217
B2032523921865N12241292WA0165201684004003036229230
B2032533921862N12241297WA0165301683004003032244240
B2032543921861N12241303WA0165301683004003034267249
B2032553921861N12241310WA0165101682004003041291279
B2032563921866N12241317WA0165001680004003041319318
B2032573921873N12241319WA0164901680004003043354357
B2032583921879N12241316WA0164901681004003038024032
B2032593921884N12241313WA0165201682004003038049052
B2033003921885N12241309WA0165501686004003027068059
B2033013921886N12241305WA0165801686004003019066071
B2033023921887N12241303WA0165901688004003013058067
B2033033921888N12241301WA0166001689004003016049068
B2033043921890N12241298WA0166101690004003016047056
B2033053921892N12241296WA0166201692004003019043058
B2033063921894N12241293WA0166401694004003021038050
B2033073921897N12241291WA0166501696004003019038048
B2033083921898N12241288WA0166601697004003019050056
B2033093921900N12241285WA0166701697004003019064065
B2033103921901N12241281WA0166701698004003019068063
B2033113921902N12241277WA0166801698004003021065049
B2033123921904N12241273WA0166801699004003023063064
B2033133921905N12241269WA0166801699004003023071064
B2033143921905N12241265WA0166801699004003023090092
B2033153921904N12241259WA0166801699004003026108092
B2033163921898N12241247WA0167101701004003035134122
B2033173921895N12241243WA0167401706004003035131094
B2033183921893N12241239WA0167801711004003030121113
B2033193921891N12241235WA0168101711004003024110096
B2033203921890N12241232WA0168301711004003022108108
B2033213921888N12241228WA0168401712004003026118127
B2033223921886N12241223WA0168401713004003029132123
B2033233921882N12241220WA0168401714004003029144140
B2033243921878N12241216WA0168401715004003032158151
B2033253921873N12241215WA0168501717004003033173174
B2033263921868N12241216WA0168701719004003031194202
B2033273921864N12241219WA0168901721004003031215209
B2033283921861N12241224WA0168901722004003030232225
B2033293921859N12241229WA0169001722004003030249242
B2033303921858N12241236WA0169001722004003033261260
B2033313921858N12241244WA0169101724004003039271279
B2033323921859N12241251WA0169301726004003039282286
B2033333921861N12241257WA0169401728004003036292298
B2033343921863N12241263WA0169501729004003034302318
B2033353921866N12241268WA0169601730004003033316333
B2033363921871N12241271WA0169701730004003032333353
B2033373921875N12241273WA0169801732004003033347000
B2033383921880N12241274WA0170001734004003032355349
B2033393921884N12241274WA0170101736004003031004353
B2033403921887N12241272WA0170301738004003026019029
B2033413921890N12241271WA0170301737004003020036028
B2033423921892N12241268WA0170301737004003024047047
B2033433921894N12241264WA0170301736004003024053047
B2033443921896N12241259WA0170201736004003028058057
B2033453921898N12241254WA0170301737004003029068065
B2033463921899N12241248WA0170201737004003028079052
B2033473921900N12241242WA0170201736004003030084059
B2033483921900N12241236WA0170201735004003030085063
B2033493921901N12241229WA0170201735004003034084070
B2033503921901N12241223WA0170201736004003034088087
B2033513921901N12241217WA0170201737004003030096100
B2033523921900N12241211WA0170201737004003032104092
B2033533921898N12241205WA0170201737004003032105087
B2033543921897N12241198WA0170301736004003035096093
B2033553921898N12241191WA0170201736004003035082074
B2033563921899N12241185WA0170201736004003034078095
B2033573921899N12241178WA0170201736004003034091138
B2033583921898N12241172WA0170101735004003034112137
B2033593921894N12241167WA0170201736004003034133145
B2034003921890N12241163WA0170301737004003034148150
B2034013921886N12241161WA0170301738004003029159151
B2034023921882N12241159WA0170301738004003029165162
B2034033921878N12241158WA0170401738004003028168161
B2034043921874N12241157WA0170401739004003027169168
B2034053921870N12241156WA0170401739004003027168166
B2034063921866N12241155WA0170401739004003030167175
B2034073921861N12241154WA0170501739004003030171179
B2034083921857N12241154WA0170401739004003028186180
B2034093921853N12241155WA0170401738004003028201192
B2034103921849N12241159WA0170301737004003030215202
B2034113921845N12241164WA0170201737004003040231211
B2034123921841N12241171WA0170301737004003040250229
B2034133921840N12241178WA0170401739004003040261259
B2034143921840N12241184WA0170501741004003036270266
B2034153921841N12241190WA0170601740004003030278277
B2034163921842N12241196WA0170501739004003031287285
B2034173921844N12241202WA0170501739004003036296295
B2034183921848N12241208WA0170401738004003036305305
B2034193921852N12241214WA0170401738004003039312314
B2034203921856N12241219WA0170501739004003039317323
B2034213921860N12241224WA0170601740004003038318329
B2034223921864N12241229WA0170801742004003038317333
B2034233921868N12241233WA0170901744004003035314332
B2034243921871N12241238WA0171101746005003031312339
B2034253921873N12241242WA0171101746004003029311336
B2034263921877N12241246WA0171101746004003030314340
B2034273921880N12241249WA0171101746004003030327346
B2034283921884N12241251WA0171101746004003028350359
B2034293921888N12241250WA0171001744004003028016019
B2034303921892N12241247WA0170901743004003031035040
B2034313921896N12241242WA0170901744004003034052055
B2034323921898N12241236WA0171001745004003034071067
B2034333921898N12241231WA0171101747004003030093081
B2034343921897N12241226WA0171201747004003026099096
B2034353921897N12241222WA0171201746004003024089100
B2034363921898N12241217WA0171001744004003024081092
B2034373921898N12241212WA0170801742004003025086089
B2034383921898N12241207WA0170601740004003025096091
B2034393921897N12241202WA0170401739004003028105099
B2034403921895N12241196WA0170401739004003029121106
B2034413921892N12241193WA0170501740004003027147120
B2034423921888N12241192WA0170501740004003027175140
B2034433921884N12241193WA0170501740004003027192165
B2034443921880N12241194WA0170501739004003028200180
B2034453921876N12241197WA0170501739004003028206189
B2034463921872N12241199WA0170401739004003029210194
B2034473921869N12241203WA0170401738004003029217200
B2034483921866N12241207WA0170301738004003029228206
B2034493921863N12241212WA0170201737004003029244220
B2034503921862N12241217WA0170101736004003031259238
B2034513921862N12241224WA0170101735004003031271257
B2034523921863N12241231WA0170101735004003034281271
B2034533921865N12241237WA0170101736004003035293283
B2034543921868N12241243WA0170201738004003035304296
B2034553921870N12241247WA0170301738004003030307309
B2034563921873N12241251WA0170301738004003027304313
B2034573921875N12241256WA0170301738004003031305312
B2034583921878N12241261WA0170301738004003035315312
B2034593921882N12241265WA0170301738004003034322323
B2035003921886N12241269WA0170401739004003034321330
B2035013921889N12241273WA0170401739004003028319329
B2035023921893N12241276WA0170401739004003028320328
B2035033921896N12241279WA0170401738004003028327329
B2035043921900N12241282WA0170301737004003030332337
B2035053921905N12241285WA0170301737004003033336342
B2035063921909N12241287WA0170201737004003033337344
B2035073921913N12241289WA0170201737004003031341345
B2035083921917N12241290WA0170101736004003027351350
B2035093921920N12241290WA0170001734004003022008002
B2035103921923N12241288WA0169801731004003022022022
B2035113921926N12241286WA0169501729004003022031035
B2035123921929N12241283WA0169301727004003023039045
B2035133921931N12241280WA0169201725004003023048052
B2035143921933N12241277WA0169001724004003023058060
B2035153921934N12241273WA0168901723004003021073071
B2035163921934N12241269WA0168701721004003021093084
B2035173921933N12241264WA0168501718004003026116100
B2035183921930N12241260WA0168301716004003033134118
B2035193921926N12241255WA0168201716004003033146132
B2035203921921N12241251WA0168101717004003035152144
B2035213921917N12241249WA0168301719004003029158152
B2035223921913N12241248WA0168301720004003029161156
B2035233921910N12241246WA0168401719004003024156155
B2035243921907N12241244WA0168301718004003022152158
B2035253921904N12241242WA0168101716004003025154153
B2035263921900N12241240WA0168001715004003029158163
B2035273921896N12241238WA0168001715004003029161169
B2035283921891N12241237WA0168001715004003029163175
B2035293921887N12241235WA0168001716004003027165175
B2035303921884N12241234WA0168001715004003027166175
B2035313921879N12241233WA0168001715004003027169175
B2035323921875N12241232WA0168001715004003028172177
B2035333921870N12241232WA0168101715004003030174178
B2035343921866N12241231WA0168101716004003030175179
B2035353921861N12241231WA0168101716004003030173189
B2035363921857N12241230WA0168101716004003031170189
B2035373921852N12241229WA0168101716004003033171184
B2035383921847N12241228WA0168101716004003034176184
B2035393921842N12241228WA0168201717004003034181197
B2035403921837N12241229WA0168301718004003034183207
B2035413921832N12241230WA0168301719004003032192216
B2035423921827N12241232WA0168401719004003033205222
B2035433921823N12241236WA0168401719004003033221229
B2035443921820N12241242WA0168401718004003035238242
B2035453921818N12241249WA0168401718004003039258259
B2035463921819N12241256WA0168301718004003039276275
B2035483921820N12241263WA0168301718004003038293292
B2035493921823N12241269WA0168401719004003036304307
B2035503921827N12241274WA0168401720004003033312317
B2035513921830N12241278WA0168501720004003033318323
B2035523921834N12241282WA0168601721004003031327330
B2035533921838N12241284WA0168601721004003030337339
B2035543921842N12241286WA0168701721004003029347350
B2035553921846N12241286WA0168701721004003029002000
B2035563921850N12241285WA0168701721004003029021014
B2035573921854N12241281WA0168801721004003030045031
B2035583921856N12241275WA0168801722004003031069052
B2035593921856N12241270WA0168901724004003031093073
B2036003921855N12241265WA0169101726004003028116094
B2036013921853N12241261WA0169201726004003025134113
B2036023921850N12241258WA0169301726004003027145128
B2036033921846N12241255WA0169301727004003031160139
B2036043921841N12241255WA0169401727004003031180153
B2036053921835N12241257WA0169401727004003035202172
B2036063921830N12241261WA0169401728004003040221195
B2036073921827N12241268WA0169501729004003040237216
B2036083921825N12241274WA0169601731004003039251233
B2036093921824N12241281WA0169701731004003036267249
B2036103921824N12241288WA0169701731004003034290267
B2036113921827N12241293WA0169701731004003034309294
B2036123921831N12241297WA0169701731004003033331314
B2036133921836N12241298WA0169801731004003033350338
B2036143921841N12241298WA0169801733004003031009358
B2036153921845N12241296WA0169901734004003031026017
B2036163921849N12241292WA0170001734004003030038033
B2036173921852N12241289WA0170101735004003028047044
B2036183921854N12241284WA0170101735004003029054053
B2036193921856N12241279WA0170201736004003029064059
B2036203921858N12241274WA0170301737004003029075067
B2036213921858N12241268WA0170301738004003028090077
B2036223921857N12241264WA0170401738004003025110090
B2036233921855N12241259WA0170401738004003026132107
B2036243921851N12241256WA0170301738004003026148125
B2036253921847N12241254WA0170301738004003029163140
B2036263921842N12241254WA0170401739004003035180155
B2036273921837N12241254WA0170401739004003036196172
B2036283921832N12241257WA0170501740004003036205189
B2036293921827N12241261WA0170601740004003036214198
B2036303921823N12241265WA0170701741004003033224207
B2036313921820N12241271WA0170701742004003034238218
B2036323921818N12241277WA0170801742004003034251234
B2036333921818N12241284WA0170801743004003036266249
B2036343921819N12241291WA0170901744004003037284267
B2036353921822N12241298WA0171001745004003037301286
B2036363921825N12241302WA0171101747004003035315305
B2036373921828N12241306WA0171301747004003032328321
B2036383921832N12241309WA0171401748004003029335336
B2036393921836N12241311WA0171501748004003029348344
B2036403921841N12241310WA0171501748004003029008357
B2036413921845N12241308WA0171401747004003030036017
B2036423921848N12241302WA0171301747004003033059042
B2036433921849N12241296WA0171301747004003033078062
B2036443921849N12241290WA0171401748004003032096079
B2036453921847N12241285WA0171501750004003030108095
B2036463921846N12241280WA0171601750004003026119105
B2036473921843N12241276WA0171601750004003029129114
B2036483921840N12241272WA0171501750004003029141123
B2036493921836N12241269WA0171501750004003031156134
B2036503921830N12241267WA0171501750004003036173149
B2036513921825N12241268WA0171601752004003036189166
B2036523921821N12241270WA0171701753004003035204182
B2036533921817N12241274WA0171801753004003032219198
B2036543921814N12241279WA0171801753004003033234212
B2036553921812N12241285WA0171701751004003036256230
B2036563921813N12241292WA0171601751005003036282255
B2036573921815N12241299WA0171601751004003036314284
B2036583921819N12241302WA0171701752004003032337320
B2036593921824N12241303WA0171701753004003032358347
B2037003921828N12241301WA0171801753004003030012012
B2037013921832N12241300WA0171801754004003028021025
B2037023921836N12241297WA0171901754004003029031043
B2037033921839N12241293WA0171901755004003029043053
B2037043921842N12241289WA0171901755004003029052060
B2037053921844N12241284WA0171901755004003029056065
B2037063921847N12241279WA0171901755004003028058072
B2037073921849N12241274WA0171901755004003029069089
B2037083921849N12241269WA0171901754004003029087105
B2037093921848N12241263WA0171901754004003030108115
B2037103921846N12241258WA0171901754004003029131127
B2037113921842N12241255WA0171901754004003029150139
B2037123921838N12241253WA0171901754004003028165158
B2037133921834N12241253WA0171901754004003028181170
B2037143921829N12241254WA0171801753004003033198186
B2037153921825N12241258WA0171801753004003037216202
B2037163921820N12241263WA0171701753004003037242220
B2037173921819N12241271WA0171701753004003040259247
B2037183921820N12241279WA0171801754004003040276263
B2037193921822N12241285WA0171901756004003034293281
B2037203921824N12241291WA0172101757004003034306299
B2037213921828N12241295WA0172101757004003032313318
B2037223921831N12241299WA0172101757004003031316328
B2037233921835N12241304WA0172001756004003031316335
B2037243921839N12241308WA0172001756004003036320331
B2037253921843N12241312WA0172001756004003036326340
B2037263921848N12241316WA0172001757004003036328332
B2037273921852N12241319WA0172001757004003035324336
B2037283921856N12241323WA0172001757004003032318324
B2037293921859N12241327WA0171901756004003030318330
B2037303921862N12241331WA0171801754004003031321328
B2037313921866N12241335WA0171601752004003031322339
B2037323921870N12241339WA0171501751004003033322325
B2037333921874N12241342WA0171301750004003033322334
B2037343921877N12241346WA0171201748004003027324343
B2037353921881N12241348WA0171001746004003027329334
B2037363921884N12241350WA0170701742004003027334344
B2037373921888N12241353WA0170401739004003028334341
B2037383921892N12241355WA0170101735004003031333350
B2037393921897N12241358WA0169801732004003031331350
B2037403921901N12241361WA0169501729004003031331356
B2037413921905N12241364WA0169201727004003031331354
B2037423921909N12241366WA0169001725004003029335358
B2037433921913N12241368WA0168801722004003029340356
B2037443921917N12241370WA0168601720004003029340355
B2037453921921N12241372WA0168401718004003030339353
B2037463921925N12241374WA0168101715004003029339348
B2037473921929N12241376WA0167901713004003029339344
B2037483921933N12241378WA0167701710004003027339347
B2037493921937N12241380WA0167401707004003027334343
B2037503921940N12241382WA0167101704004003026324343
B2037513921943N12241386WA0166801700004003027320352
B2037523921946N12241389WA0166401696004003027324352
B2037533921950N12241391WA0166001692004003027337359
B2037543921955N12241393WA0165701688004003031350013
B2037553921959N12241393WA0165301684004003033358007
B2037563921964N12241393WA0164901680004003032004022
B2037573921969N12241392WA0164701678004003033012022
B2037583921974N12241390WA0164501676004003035019014
B2037593921979N12241387WA0164301675004003035024353
B2038003921983N12241384WA0164201673004003034025356
B2038013921988N12241382WA0164101672004003033023009
B2038023921992N12241379WA0163901670004003034021011
B2038033921997N12241377WA0163701667004003036024011
B2038043922002N12241373WA0163501665004003036026017
B2038053922007N12241370WA0163401664004003036031018
B2038063922011N12241366WA0163301664004003032036026
B2038073922015N12241362WA0163201663004003032037019
B2038083922018N12241359WA0163101662004003030036023
B2038093922022N12241355WA0163101661004003030036014
B2038103922026N12241352WA0163001660004003033038018
B2038113922030N12241347WA0162901660004003034042019
B2038123922033N12241343WA0162901661004003033046028
B2038133922036N12241338WA0162901660004003031051040
B2038143922038N12241334WA0162801659004003028059044
B2038153922040N12241329WA0162701658004003030066028
B2038163922041N12241323WA0162601657004003030071042
B2038173922042N12241318WA0162501656004003030073050
B2038183922044N12241312WA0162401655004003031072058
B2038193922045N12241306WA0162301655004003031077060
B2038203922045N12241301WA0162201654004003030086069
B2038213922045N12241295WA0162201653004003029090078
B2038223922045N12241289WA0162101652004003029092083
B2038233922045N12241284WA0162001651004003029095087
B2038243922044N12241278WA0161801649004003029104101
B2038253922042N12241273WA0161701647004003029117114
B2038263922039N12241269WA0161501645004003029130128
B2038273922036N12241265WA0161301643004003029140131
B2038283922033N12241262WA0161201642004003028153143
B2038293922029N12241261WA0161001640004003027168149
B2038303922025N12241260WA0160801638004003025174169
B2038313922021N12241260WA0160601635004003026175167
B2038323922017N12241260WA0160301632004003026175153
B2038333922013N12241259WA0160001629004003027176176
B2038343922009N12241259WA0159701625004003030179177
B2038353922004N12241259WA0159401622004003030182194
B2038363922000N12241260WA0159101620004003030183185
B2038373921995N12241260WA0158801617004003029181201
B2038383921991N12241260WA0158601614004003027180196
B2038393921987N12241260WA0158201610004003028183189
B2038403921983N12241261WA0157901606004003028184189
B2038413921978N12241261WA0157501602004003030181188
B2038423921973N12241260WA0157101599004003033174183
B2038433921968N12241260WA0156801595004003033170189
B2038443921963N12241259WA0156501593004003033171182
B2038453921958N12241257WA0156301591004003034169183
B2038463921953N12241256WA0156201590004003034162174
B2038473921949N12241254WA0156201590004003034159165
B2038483921945N12241252WA0156201590004003030167171
B2038493921941N12241252WA0156101589004003026175174
B2038503921937N12241252WA0156101587004003029181180
B2038513921932N12241252WA0155901586004003034183181
B2038523921926N12241253WA0155801585004003034186183
B2038533921920N12241254WA0155801586004003039189185
B2038543921914N12241255WA0155901587004003038189186
B2038553921909N12241256WA0156101587004003038187193
B2038563921904N12241257WA0156101587004003033186191
B2038573921900N12241257WA0156001586004003033185193
B2038583921894N12241258WA0155801584004003036187190
B2038593921889N12241259WA0155601582004003039186190
B2039003921883N12241260WA0155501580004003039183190
B2039013921876N12241260WA0155301578004003041180190
B2039023921870N12241260WA0155201578004003041178191
B2039033921864N12241259WA0155101577004003041177186
B2039043921858N12241259WA0155101577004003041176189
B2039053921852N12241258WA0155101577004003041176187
B2039063921846N12241258WA0155101578004003040177190
B2039073921840N12241258WA0155201578004003040177195
B2039083921834N12241257WA0155201578004003039176199
B2039093921828N12241256WA0155201578004003039174188
B2039103921822N12241256WA0155201578004003042174209
B2039113921816N12241255WA0155201578004003042171199
B2039123921811N12241253WA0155301578004003039168188
B2039133921806N12241252WA0155301578004003037170181
B2039143921800N12241251WA0155201577004003040172180
B2039153921793N12241250WA0155101577004003043172177
B2039163921787N12241249WA0155101577004003043172179
B2039173921780N12241248WA0155101577004003044172190
B2039183921774N12241247WA0155201578004003045172180
B2039193921767N12241246WA0155301580004003045173182
B2039203921761N12241245WA0155501582004003043174190
B2039213921756N12241244WA0155601583004003039174187
B2039223921751N12241244WA0155701583004003036176183
B2039233921745N12241243WA0155601582004003038178183
B2039243921739N12241243WA0155501582004003038181181
B2039253921732N12241244WA0155501581004003044181183
B2039263921725N12241244WA0155401581004003045179181
B2039273921719N12241243WA0155501582004003039177177
B2039283921714N12241243WA0155501582004003039173176
B2039293921709N12241242WA0155401581004003034172175
B2039303921704N12241242WA0155201579004003032177189
B2039313921699N12241242WA0155001576004003032183183
B2039323921694N12241242WA0154701573004003035184202
B2039333921689N12241243WA0154401570004003035186203
B2039343921682N12241244WA0154101566004003040191205
B2039353921676N12241247WA0153901565004003043200209
B2039363921670N12241250WA0153701565004003043212208
B2039373921665N12241255WA0153501564004003038221218
B2039383921662N12241260WA0153201560004003037222220
B2039393921657N12241264WA0152901556004003038214214
B2039403921652N12241267WA0152601553004003039196194
B2039413921646N12241268WA0152201549005003039178173
B2039423921640N12241266WA0151901545004003039163158
B2039433921635N12241263WA0151601542004003038152146
B2039443921631N12241259WA0151301539004003038147135
B2039453921627N12241256WA0151101536004003034146145
B2039463921624N12241253WA0150901534004003028143146
B2039473921621N12241250WA0150701532004003023139145
B2039483921619N12241247WA0150501529004003023135133
B2039493921616N12241244WA0150101526004003023131123
B2039503921614N12241240WA0149801523004003026123119
B2039513921612N12241235WA0149601520004003030113100
B2039523921611N12241229WA0149401518004003030108108
B2039533921609N12241224WA0149301519004003030106104
B2039543921608N12241219WA0149301519004003027102108
B2039553921608N12241216WA0149401520004003018095101
B2039563921608N12241213WA0149401519004003018100099
B2039573921607N12241210WA0149401519004003017113116
B2039583921606N12241207WA0149301518004003017120122
B2039593921604N12241203WA0149301517004003021121122
B2040003921603N12241200WA0149301517004003024119113
B2040013921601N12241195WA0149301518004003024114123
B2040023921600N12241191WA0149301518004003024104109
B2040033921600N12241187WA0149401519004003021097121
B2040043921599N12241183WA0149401518004003022099106
B2040053921598N12241179WA0149401518004003022111127
B2040063921596N12241175WA0149401518004003024124137
B2040073921594N12241171WA0149301517004003026132138
B2040083921591N12241167WA0149301517004003026133122
B2040093921588N12241164WA0149201517004003026127142
B2040103921587N12241161WA0149201517004003022117105
B2040113921586N12241158WA0149201517004003017116111
B2040123921585N12241155WA0149301519004003017115128
B2040133921584N12241153WA0149501519004003015122114
B2040143921583N12241151WA0149501520004003012131123
B2040153921582N12241149WA0149501519004003012132136
B2040163921580N12241147WA0149501519004003017130121
B2040173921578N12241144WA0149501519004003017138116
B2040183921575N12241143WA0149601521004003019156168
B2040193921573N12241142WA0149701522004003017170156
B2040203921570N12241141WA0149701522004003017174165
B2040213921568N12241141WA0149701521004003016164137
B2040223921566N12241139WA0149501519004003016143144
B2040233921564N12241136WA0149501518004003020124123
B2040243921562N12241133WA0149501519004003020100121
B2040253921563N12241130WA0149601520004003017071125
B2040263921564N12241128WA0149601520004003013048113
B2040273921565N12241127WA0149701521004003011049110
B2040283921566N12241125WA0149701520004003011066108
B2040293921567N12241123WA0149601519004003011081105
B2040303921567N12241121WA0149501518004003011082106
B2040313921567N12241119WA0149401517004003011084107
B2040323921567N12241117WA0149301516004003011093104
B2040333921566N12241115WA0149101514004003010128121
B2040343921565N12241114WA0149001513004003010169137
B2040353921562N12241114WA0148901512004003021183167
B2040363921559N12241115WA0148901513004003023187161
B2040373921555N12241115WA0149001514004003022188150
B2040383921552N12241116WA0149101516004003022194161
B2040393921550N12241117WA0149301517004003016191157
B2040403921548N12241117WA0149401518004003016174152
B2040413921546N12241117WA0149501519004003013151139
B2040423921545N12241115WA0149601520004003012135136
B2040433921544N12241114WA0149701521004003008148148
B2040443921543N12241114WA0149801522004003010177153
B2040453921541N12241114WA0149901522004003010190153
B2040463921537N12241115WA0149901522004003017195143
B2040473921533N12241117WA0150001523004003030208155
B2040483921530N12241121WA0150101525004003032220184
B2040493921526N12241126WA0150101525004003032228186
B2040503921523N12241131WA0150101525004003034232198
B2040513921519N12241138WA0150101525004003046238206
B2040523921516N12241147WA0150101524004003049245237
B2040533921514N12241156WA0150101525004003048253244
B2040543921513N12241165WA0150201526004003048264233
B2040553921513N12241173WA0150201526004003039275283
B2040563921514N12241180WA0150101525004003039282287
B2040573921516N12241187WA0149901522004003039292304
B2040583921520N12241194WA0149601518004003040306347
B2040593921525N12241201WA0149301515004003050319358
B2041003921530N12241206WA0149001515004003050329013
B2041013921536N12241210WA0149001516004003045333014
B2041023921541N12241212WA0149001516004003039339009
B2041033921545N12241214WA0149001515004003026343020
B2041043921548N12241215WA0148901514004003026348025
B2041053921551N12241215WA0148801512004003023357031
B2041063921555N12241215WA0148701511004003022010040
B2041073921557N12241213WA0148601510004003020018049
B2041083921560N12241212WA0148501508004003020018052
B2041093921563N12241211WA0148301507004003020010049
B2041103921568N12241211WA0148201505004003023001046
B2041113921572N12241211WA0148001503004003032355031
B2041123921577N12241212WA0147801501004003032354042
B2041133921582N12241212WA0147601499004003032357051
B2041143921585N12241211WA0147501497004003029007051
B2041153921588N12241210WA0147301495004003019020057
B2041163921591N12241209WA0147101492004003019025062
B2041173921593N12241207WA0146901490004003017030063
B2041183921594N12241206WA0146601487004003016036062
B2041193921596N12241204WA0146301484004003012054073
B2041203921596N12241202WA0146001481004003012069086
B2041213921597N12241200WA0145801478004003012073079
B2041223921597N12241197WA0145501475004003012074073
B2041233921598N12241195WA0145201472004003015076058
B2041243921599N12241192WA0145001470004003019073067
B2041253921600N12241188WA0145001471004003019061062
B2041263921601N12241184WA0145101471004003021049065
B2041273921604N12241182WA0145201474004003019042058
B2041283921606N12241179WA0145401476004003019035059
B2041293921608N12241178WA0145601477004003017028049
B2041303921611N12241176WA0145701478004003017026052
B2041313921614N12241175WA0145701478004003019025047
B2041323921617N12241173WA0145801478004003022029058
B2041333921619N12241170WA0145801479004003022040067
B2041343921620N12241168WA0145901480004003019065083
B2041353921620N12241165WA0145801479004003015091085
B2041363921620N12241162WA0145701478004003015103069
B2041373921619N12241158WA0145701478004003021085069
B2041383921620N12241155WA0145701478004003021065072
B2041393921622N12241152WA0145701478004003019048070
B2041403921624N12241149WA0145601478004003018048065
B2041413921626N12241147WA0145601476004003018049062
B2041423921628N12241144WA0145401475004003022044056
B2041433921631N12241141WA0145301474004003025037052
B2041443921635N12241138WA0145201473004003025030038
B2041453921638N12241136WA0145201472004003025022042
B2041463921642N12241134WA0145201472004003024014036
B2041473921645N12241133WA0145101471004003024012043
B2041483921649N12241132WA0144901469004003024015038
B2041493921652N12241131WA0144701467004003024021033
B2041503921656N12241129WA0144501465004003028021033
B2041513921660N12241127WA0144401464004003029016026
B2041523921664N12241126WA0144201462004003029010031
B2041533921669N12241125WA0144101461004003029011031
B2041543921673N12241123WA0144001459004003030016031
B2041553921677N12241121WA0143801458004003030022047
B2041563921681N12241119WA0143801457004003030026044
B2041573921684N12241116WA0143701457004003027029047
B2041583921687N12241114WA0143701456004003024031039
B2041593921691N12241111WA0143501454004003025032025
B2042003921694N12241109WA0143301453004003024034032
B2042013921696N12241106WA0143201451004003024037047
B2042023921699N12241103WA0143101449004003028043052
B2042033921702N12241099WA0142901447004003028044041
B2042043921705N12241096WA0142801447004003027040041
B2042053921708N12241093WA0142701446004003023027032
B2042063921711N12241092WA0142601445004003021010034
B2042073921714N12241092WA0142501443004003023004033
B2042083921717N12241091WA0142401442004003023010031
B2042093921721N12241090WA0142401442004003023021041
B2042103921724N12241088WA0142301441004003021026042
B2042113921726N12241086WA0142101439004003021027041
B2042123921729N12241084WA0142001438004003021028045
B2042133921732N12241082WA0141801436004003023028048
B2042143921736N12241080WA0141701435004003026027048
B2042153921740N12241077WA0141601434004003027024047
B2042163921743N12241075WA0141501433004003027024042
B2042173921747N12241073WA0141501433004003029024043
B2042183921751N12241071WA0141401432004003028024044
B2042193921755N12241068WA0141401432004003029023042
B2042203921759N12241066WA0141301431004003029022041
B2042213921763N12241064WA0141201431004003030020040
B2042223921768N12241062WA0141201430004003029014040
B2042233921772N12241061WA0141101428004003029010036
B2042243921776N12241060WA0141001427004003029009035
B2042253921780N12241059WA0140801426004003029014035
B2042263921784N12241057WA0140701425004003027027043
B2042273921787N12241054WA0140501422004003027047056
B2042283921789N12241049WA0140301420004003027068071
B2042293921789N12241044WA0140101418004003027086084
B2042303921789N12241038WA0140001417004003031104092
B2042313921787N12241032WA0139901416004003031115094
B2042323921785N12241027WA0139901417004003030121090
B2042333921783N12241023WA0139801416004003028121100
B2042343921781N12241019WA0139801415004003026118103
B2042353921779N12241014WA0139701414004003026117096
B2042363921777N12241010WA0139601413004003025116096
B2042373921776N12241006WA0139501412004003023110107
B2042383921775N12241002WA0139401411004003026110108
B2042393921773N12240997WA0139401411004003027113106
B2042403921771N12240992WA0139401410004003027115115
B2042413921770N12240988WA0139301410004003027116099
B2042423921768N12240984WA0139301410004003022116102
B2042433921767N12240981WA0139301410004003022114098
B2042443921766N12240977WA0139201408004003022109104
B2042453921765N12240972WA0139001407004003022105100
B2042463921764N12240968WA0138901406004003025106107
B2042473921763N12240963WA0138901406004003025109105
B2042483921761N12240959WA0138901405004003025111100
B2042493921760N12240954WA0138801404004003025108097
B2042503921759N12240949WA0138701404004003025106085
B2042513921758N12240945WA0138701403004003025109090
B2042523921757N12240941WA0138601402004003022112090
B2042533921756N12240938WA0138501401004003019114086
B2042543921754N12240935WA0138301400004003019116091
B2042553921753N12240932WA0138201398004003022119100
B2042563921751N12240928WA0138101397004003022120104
B2042573921749N12240924WA0138001396004003024120094
B2042583921747N12240919WA0137901395004003025120093
B2042593921745N12240915WA0137801394004003026119097
B2043003921743N12240911WA0137801393004003026121090
B2043013921741N12240907WA0137701392004003026127107
B2043023921738N12240903WA0137601392004003027137118
B2043033921735N12240900WA0137601391004003028144102
B2043043921732N12240897WA0137601391004003027147123
B2043053921729N12240895WA0137501391004003026142086
B2043063921727N12240892WA0137401389004003017124099
B2043073921726N12240889WA0137301388004003019107092
B2043083921726N12240885WA0137201387004003019102106
B2043093921725N12240880WA0137101387004003023110103
B2043103921723N12240877WA0137101387004003021124096
B2043113921721N12240874WA0137201388004003021129107
B2043123921719N12240870WA0137301388004003021122101
B2043133921717N12240866WA0137401389004003023121099
B2043143921715N12240863WA0137501391004003023124098
B2043153921714N12240859WA0137701393004003023120091
B2043163921712N12240856WA0137801394004003021109083
B2043173921712N12240852WA0137801394004003019099091
B2043183921712N12240849WA0137701392004003016096082
B2043193921712N12240846WA0137501390004003016093088
B2043203921712N12240844WA0137301388004003013096095
B2043213921711N12240842WA0137101386004003011112095
B2043223921710N12240840WA0136901383004003011113097
B2043233921710N12240838WA0136601380004003016107064
B2043243921709N12240834WA0136501381004003016116082
B2043253921707N12240832WA0136401381004003020140104
B2043263921704N12240830WA0136401380004003019154115
B2043273921702N12240828WA0136301379004003019158094
B2043283921699N12240827WA0136101378004003019145113
B2043293921696N12240823WA0136001377004003024132109
B2043303921693N12240819WA0136101378004003025119104
B2043313921692N12240816WA0136201380004003025115101
B2043323921691N12240813WA0136301381004003019115083
B2043333921690N12240811WA0136401382004003013129104
B2043343921689N12240810WA0136501382004003010155112
B2043353921688N12240810WA0136501382004003008152118
B2043363921687N12240808WA0136401380004003011143119
B2043373921685N12240807WA0136301379004003011138136
B2043383921683N12240805WA0136201378004003015139141
B2043393921681N12240802WA0136101377004003020144132
B2043403921678N12240800WA0136101377004003021149136
B2043413921675N12240798WA0136001376004003021156130
B2043423921672N12240797WA0135801374004003022164151
B2043433921668N12240796WA0135701372004003024168158
B2043443921664N12240795WA0135501372004003026167150
B2043453921661N12240794WA0135301370004003026158140
B2043463921657N12240791WA0135101368004003025149135
B2043473921655N12240789WA0135001367004003024141142
B2043483921652N12240785WA0135001366004003026136129
B2043493921649N12240782WA0135001366004003026133123
B2043503921647N12240778WA0134901365004003025129111
B2043513921645N12240775WA0134701363004003023123113
B2043523921644N12240772WA0134501361004003018113104
B2043533921643N12240769WA0134401359004003018104092
B2043543921643N12240765WA0134201357004003018105082
B2043553921642N12240762WA0134101355004003019111091
B2043563921640N12240758WA0133901354004003021115100
B2043573921639N12240754WA0133701352004003021117089
B2043583921637N12240751WA0133601350004003021119103
B2043593921636N12240747WA0133501349004003021122097
B2044003921634N12240744WA0133301347004003021126099
B2044013921632N12240741WA0133101345004003022129104
B2044023921630N12240737WA0133001344004003022131098
B2044033921627N12240733WA0132801342004003024131111
B2044043921625N12240730WA0132701341004003026130098
B2044053921622N12240726WA0132701341004003026124092
B2044063921621N12240722WA0132701340004003024112081
B2044073921621N12240719WA0132601339004003020088074
B2044083921622N12240716WA0132401338004003019066060
B2044093921623N12240712WA0132301336004003020057058
B2044103921625N12240709WA0132201335004003020053068
B2044113921627N12240706WA0132101335004003020063072
B2044123921627N12240703WA0132101334004003015091078
B2044133921626N12240700WA0131901332004003019106092
B2044143921625N12240696WA0131701330004003019112103
B2044153921623N12240692WA0131601329004003023124103
B2044163921621N12240689WA0131601329004003022138109
B2044173921618N12240687WA0131601329004003022146115
B2044183921616N12240685WA0131601329004003021151131
B2044193921613N12240683WA0131501328004003021151133
B2044203921610N12240681WA0131401327004003024150129
B2044213921606N12240678WA0131301326004003025149152
B2044223921603N12240676WA0131301325004003025151156
B2044233921599N12240673WA0131301325004003027156170
B2044243921595N12240672WA0131301326004003026168154
B2044253921591N12240671WA0131301326004003026173173
B2044263921588N12240671WA0131301326004003024173164
B2044273921585N12240670WA0131301325004003022168165
B2044283921582N12240669WA0131201325004003024160159
B2044293921578N12240667WA0131201324004003025154154
B2044303921575N12240665WA0131201324004003025150148
B2044313921571N12240662WA0131201324004003025146149
B2044323921568N12240659WA0131201325004003030147146
B2044333921564N12240656WA0131401327004003030156145
B2044343921560N12240655WA0131601330004003029165149
B2044353921556N12240653WA0131801332004003027163150
B2044363921553N12240652WA0132001333004003021152156
B2044373921551N12240649WA0132201335004003021149165
B2044383921547N12240648WA0132301336004003021157170
B2044393921544N12240646WA0132401337004003024170168
B2044403921539N12240646WA0132401338004003033185175
B2044413921534N12240648WA0132601339004003036195181
B2044423921528N12240651WA0132701341004003036206192
B2044433921523N12240656WA0132801342004003038221199
B2044443921519N12240663WA0132901343004003049235212
B2044453921515N12240671WA0133001343004003051253233
B2044463921514N12240681WA0133201345004003049267253
B2044473921516N12240690WA0133401348004003049281271
B2044483921518N12240698WA0133701350004003043293288
B2044493921522N12240705WA0133901352004003043305307
B2044503921526N12240711WA0134101354004003041317323
B2044513921530N12240715WA0134201356004003040327340
B2044523921535N12240717WA0134401358004003028345353
B2044533921538N12240717WA0134501359004003028009019
B2044543921541N12240715WA0134601359004003024031038
B2044553921544N12240712WA0134801361004003022041061
B2044563921546N12240709WA0134901363004003017055067
B2044573921546N12240707WA0135101366004003017084084
B2044583921546N12240704WA0135301367004003014097094
B2044593921545N12240702WA0135401368004003014113111
B2045003921544N12240699WA0135501369004003020138115
B2045013921540N12240697WA0135601370004003028161132
B2045023921535N12240697WA0135701371004003028187148
B2045033921530N12240700WA0135801373004003035205164
B2045043921525N12240703WA0136001373004003038219185
B2045053921521N12240709WA0136301375004003038226202
B2045063921517N12240715WA0136401376004003038231207
B2045073921513N12240722WA0136501377004003040233234
B2045083921510N12240730WA0136601378004003050241247
B2045093921508N12240739WA0136701380004003050259257
B2045103921507N12240749WA0136701379004003049280277
B2045113921510N12240758WA0136901381004003049293296
B2045123921513N12240766WA0137101383004003041303316
B2045133921517N12240771WA0137301386004003041317328
B2045143921521N12240774WA0137401386004003032338344
B2045153921525N12240775WA0137501386004003027346014
B2045163921530N12240777WA0137501387004003029340027
B2045173921534N12240778WA0137701389004003029343029
B2045183921538N12240779WA0137801390004003028003035
B2045193921540N12240778WA0137901390004003023027045
B2045203921543N12240775WA0137901391004003020050061
B2045213921544N12240771WA0138001392004003020068074
B2045223921544N12240768WA0138201394004003019086084
B2045233921543N12240765WA0138301396004003017109091
B2045243921542N12240761WA0138401398004003019119103
B2045253921540N12240758WA0138701400004003020122111
B2045263921538N12240754WA0138901403004003020132110
B2045273921536N12240751WA0139301404004003025155125
B2045283921531N12240749WA0139701406004003030175131
B2045293921527N12240749WA0140201412004003030181138
B2045303921523N12240749WA0140701418004003027176148
B2045313921520N12240749WA0141201418004003021170145
B2045323921517N12240749WA0141501418004003023162138
B2045333921513N12240748WA0141601420004003023151115
B2045343921511N12240745WA0141601422004003022138112
B2045353921509N12240743WA0141601424004003020129104
B2045363921507N12240740WA0141701426004003019128105
B2045373921505N12240737WA0141801428004003019129119
B2045383921503N12240734WA0141901430004003019130118
B2045393921501N12240731WA0142001431004003020133116
B2045403921499N12240728WA0142101433004003021131106
B2045413921497N12240725WA0142201434004003022125109
B2045423921495N12240721WA0142301436004003022119100
B2045433921494N12240718WA0142401438004003021120121
B2045443921492N12240714WA0142501439004003021125117
B2045453921490N12240711WA0142701440004003023130125
B2045463921488N12240708WA0142801441004003026132117
B2045473921485N12240704WA0142901443004003026134119
B2045483921481N12240700WA0143101445004003028141122
B2045493921477N12240697WA0143301448004003032155144
B2045503921473N12240695WA0143601452004003032166137
B2045513921468N12240694WA0144001456004003031170145
B2045523921464N12240693WA0144201459004003029165142
B2045533921460N12240691WA0144501462004003027164133
B2045543921456N12240690WA0144801465004003029172160
B2045553921451N12240690WA0145001468004003029179146
B2045563921447N12240690WA0145301470004003031180141
B2045573921442N12240690WA0145601473004003029177123
B2045583921438N12240689WA0145801476004003029166121
B2045593921434N12240687WA0146001478004003027147124
B2046003921432N12240684WA0146201480004003026131107
B2046013921429N12240680WA0146301482004003025128116
B2046023921427N12240677WA0146501484004003025137134
B2046033921425N12240674WA0146701486004003021144135
B2046043921423N12240673WA0146801487004003018145123
B2046053921421N12240671WA0146801487004003013140122
B2046063921420N12240669WA0146701485004003017132125
B2046073921418N12240666WA0146501484004003017127124
B2046083921415N12240662WA0146301482004003023127135
B2046093921412N12240657WA0146201481004003029132128
B2046103921409N12240654WA0146201481004003029139134
B2046113921406N12240651WA0146201481004003028143114
B2046123921403N12240648WA0146201481004003025140117
B2046133921401N12240645WA0146101480004003022133112
B2046143921399N12240641WA0146001479004003023127112
B2046153921397N12240637WA0145801477004003023124118
B2046163921395N12240633WA0145701476004003025124116
B2046173921393N12240630WA0145601475004003024123116
B2046183921391N12240625WA0145501474004003026116116
B2046193921389N12240620WA0145401473004003026109117
B2046203921388N12240615WA0145401473004003028109100
B2046213921386N12240609WA0145401472004003033110129
B2046223921385N12240603WA0145401473004003033106116
B2046233921383N12240597WA0145401473004003033104084
B2046243921382N12240591WA0145401474004003033106097
B2046253921381N12240586WA0145401473004003029107108
B2046263921380N12240580WA0145401473004003029105093
B2046273921379N12240575WA0145301473004003028103104
B2046283921378N12240570WA0145301472004003028104109
B2046293921377N12240565WA0145301473004003025105099
B2046303921376N12240561WA0145301473004003025103107
B2046313921375N12240557WA0145401473004003023102077
B2046323921375N12240554WA0145401474004003018105111
B2046333921374N12240551WA0145401473004003014107100
B2046343921373N12240548WA0145301473004003016111105
B2046353921372N12240545WA0145301472004003016111098
B2046363921371N12240541WA0145201471004003019105100
B2046373921371N12240537WA0145101471004003020101105
B2046383921370N12240534WA0145101470004003020106094
B2046393921369N12240531WA0145001469004003019115110
B2046403921368N12240528WA0144901468004003018121108
B2046413921366N12240525WA0144701466004003018120113
B2046423921365N12240522WA0144601464004003019116109
B2046433921364N12240518WA0144301462004003019114096
B2046443921362N12240515WA0144101460004003019115103
B2046453921362N12240512WA0144001458004003016110103
B2046463921361N12240509WA0143801456004003017100095
B2046473921361N12240506WA0143601454004003017095091
B2046483921361N12240502WA0143401452004003017091087
B2046493921361N12240499WA0143201450004003016090092
B2046503921361N12240496WA0142901447004003016090091
B2046513921360N12240493WA0142701445004003016093101
B2046523921360N12240489WA0142501442004003018096107
B2046533921360N12240485WA0142301440004003020102106
B2046543921359N12240482WA0142101438004003020105096
B2046553921358N12240479WA0141901436004003017102090
B2046563921358N12240476WA0141601433004003015101077
B2046573921358N12240473WA0141301430004003014094067
B2046583921358N12240471WA0141001426004003016084075
B2046593921358N12240467WA0140601422004003016089088
B2047003921358N12240463WA0140301419004003019098105
B2047013921357N12240459WA0140001417004003019107116
B2047023921356N12240456WA0139901415004003019120128
B2047033921354N12240454WA0139601413004003018141130
B2047043921351N12240452WA0139401410004003018152142
B2047053921348N12240450WA0139201408004003024160133
B2047063921344N12240449WA0139001406004003027167148
B2047073921340N12240448WA0138901405004003027167139
B2047083921336N12240446WA0138901404004003029163125
B2047093921332N12240444WA0138601403004003027155118
B2047103921329N12240442WA0138501401004003027142106
B2047113921326N12240438WA0138301399004003026132102
B2047123921324N12240434WA0138201398004003026121094
B2047133921323N12240430WA0138001396004003020108088
B2047143921322N12240427WA0137801394004003020095100
B2047153921323N12240424WA0137601391004003019086097
B2047163921323N12240420WA0137301388004003019087086
B2047173921323N12240416WA0137001388004003021093088
B2047183921322N12240412WA0136801388004003021103102
B2047193921321N12240408WA0136601385004003021118109
B2047203921319N12240404WA0136401382004003022129121
B2047213921316N12240400WA0136101379004003029134130
B2047223921312N12240396WA0135901376004003030136115
B2047233921309N12240392WA0135701374004003030136108
B2047243921305N12240388WA0135501372004003031137130
B2047253921302N12240383WA0135301370004003034139126
B2047263921297N12240379WA0135101367004003035143123
B2047273921293N12240376WA0134901365004003034144117
B2047283921290N12240372WA0134701363004003033141116
B2047293921286N12240368WA0134501361004003032136114
B2047303921283N12240363WA0134201358004003032132111
B2047313921280N12240359WA0133901355004003031127112
B2047323921278N12240354WA0133701352004003030119106
B2047333921276N12240348WA0133401351004003033110094
B2047343921274N12240342WA0133101348004003035101088
B2047353921274N12240335WA0132801345004003034095087
B2047363921273N12240329WA0132601343004003034095099
B2047373921273N12240323WA0132501341004003029106101
B2047383921271N12240318WA0132201338004003031119114
B2047393921268N12240313WA0132001336004003031125117
B2047403921265N12240308WA0131801334004003031127121
B2047413921262N12240303WA0131601332004003029128115
B2047423921259N12240299WA0131501329004003029128121
B2047433921256N12240294WA0131201327004003029126123
B2047443921254N12240289WA0131101325004003032125106
B2047453921251N12240284WA0131001324004003030126118
B2047463921248N12240280WA0130901323004003030129115
B2047473921246N12240277WA0130801322004003025129114
B2047483921244N12240274WA0130601320004003023129113
B2047493921242N12240270WA0130501318004003026125098
B2047503921240N12240265WA0130301316004003028125097
B2047513921237N12240261WA0130201315004003028124102
B2047523921235N12240256WA0130101314004003028123105
B2047533921233N12240252WA0130001313004003026124090
B2047543921230N12240248WA0129801312004003026126096
B2047553921228N12240244WA0129701310004003025120101
B2047563921227N12240240WA0129501308004003025106082
B2047573921226N12240235WA0129401308004003025097084
B2047583921226N12240230WA0129201304004003023094094
B2047593921226N12240226WA0129101302004003023098084
B2048003921225N12240222WA0129001301004003020103083
B2048013921224N12240219WA0128801298004003018102075
B2048023921224N12240215WA0128601296004003018100077
B2048033921223N12240211WA0128401293004003023101093
B2048043921222N12240207WA0128101290004003024106091
B2048053921221N12240202WA0127801287004003024108090
B2048063921220N12240197WA0127501284004003025105090
B2048073921220N12240193WA0127201280004003025097078
B2048083921220N12240188WA0127001277004003025090077
B2048093921220N12240183WA0126601273004003025084071
B2048103921220N12240178WA0126301270004003025079069
B2048113921221N12240173WA0126101268004003026078073
B2048123921222N12240168WA0125901267004003026080083
B2048133921222N12240165WA0125901267004003018086080
B2048143921222N12240161WA0125901267004003018100087
B2048153921221N12240158WA0125901266004003017111099
B2048163921220N12240155WA0125801264004003017120107
B2048173921218N12240151WA0125701263004003021122107
B2048183921216N12240147WA0125601262004003028126117
B2048193921213N12240143WA0125501262004003028131109
B2048203921210N12240139WA0125501261004003028135125
B2048213921207N12240135WA0125401261004003029137124
B2048223921203N12240131WA0125401261004003030137130
B2048233921200N12240127WA0125401260004003031138133
B2048243921196N12240123WA0125301260004003032140136
B2048253921192N12240119WA0125201258004003032142132
B2048263921188N12240115WA0125101257004003033143121
B2048273921184N12240111WA0125101257004003034143118
B2048283921180N12240107WA0125101257004003034138121
B2048293921177N12240102WA0125101257004003033130108
B2048303921174N12240098WA0125101257004003031127107
B2048313921171N12240093WA0125001257004003029130122
B2048323921168N12240089WA0125001256004003032135137
B2048333921164N12240085WA0124901255004003032140142
B2048343921159N12240080WA0124801253004003035146144
B2048353921154N12240076WA0124701253004003041153147
B2048363921149N12240074WA0124501251004003041158141
B2048373921143N12240071WA0124301249004003039163159
B2048383921138N12240070WA0124101247004003038167168
B2048393921132N12240068WA0123901244004003038169168
B2048403921127N12240067WA0123601241004003038169166
B2048413921121N12240066WA0123401239004003038167168
B2048423921115N12240064WA0123201237004003038167168
B2048433921110N12240063WA0123001235004003037171177
B2048443921105N12240062WA0122801233004003037176176
B2048453921100N12240062WA0122601231004003035179163
B2048463921095N12240062WA0122401228004003035176158
B2048473921089N12240061WA0122101224004003038168147
B2048483921084N12240059WA0121801221004003038155128
B2048493921079N12240055WA0121601219004003038142130
B2048503921076N12240050WA0121401217004003034131120
B2048513921074N12240046WA0121101214004003029122133
B2048523921071N12240041WA0120801211004003031118113
B2048533921069N12240035WA0120501208004003031115114
B2048543921067N12240029WA0120201205004003032114127
B2048553921065N12240024WA0120101203004003032114108
B2048563921063N12240018WA0119801200004003032115112
B2048573921062N12240013WA0119601198004003030110115
B2048583921061N12240008WA0119401196004003028099090
B2048593921061N12240002WA0119101193004003029089099
B2049003921061N12239996WA0118801189004003031085097
B2049013921061N12239990WA0118501186004003031088095
B2049023921061N12239984WA0118201182004003031095100
B2049033921060N12239979WA0117801178004003030103098
B2049043921059N12239973WA0117401174004003032104106
B2049053921058N12239967WA0117001170004003032100080
B2049063921057N12239960WA0116701166004003034090082
B2049073921058N12239953WA0116401163004003033076060
B2049083921060N12239948WA0116101161004003033063049
B2049093921063N12239943WA0115801157004003032052047
B2049103921066N12239939WA0115501153004003029044037
B2049113921069N12239935WA0115001149004003029038031
B2049123921073N12239932WA0114501143004003033033037
B2049133921078N12239929WA0114001138004003033026029
B2049143921083N12239926WA0113601134004003037017025
B2049153921088N12239925WA0113301131004003034007019
B2049163921093N12239924WA0113001128004003034002005
B2049173921096N12239924WA0112701124004003028358357
B2049183921100N12239925WA0112301120004003027353359
B2049193921105N12239926WA0111901115004003031350354
B2049203921110N12239927WA0111401110004003034348007
B2049213921115N12239929WA0111001105004003034344350
B2049223921119N12239931WA0110501101004003034334348
B2049233921124N12239935WA0110201097004003037324330
B2049243921128N12239939WA0109901094004003037318323
B2049253921132N12239944WA0109601092004003037312315
B2049263921134N12239949WA0109401089004003032300304
B2049273921135N12239954WA0109101086004003027282287
B2049283921135N12239959WA0108701081004003031268282
B2049293921135N12239966WA0108401077004003031261275
B2049303921134N12239973WA0108201078004003037259269
B2049313921133N12239981WA0108001077004003040263269
B2049323921132N12239989WA0108001077004003040266273
B2049333921132N12239996WA0108001077004003038264260
B2049343921131N12240003WA0108001077004003037255239
B2049353921129N12240009WA0107901076004003032241226
B2049363921126N12240013WA0107801075004003032223217
B2049373921122N12240016WA0107801074004003030209203
B2049383921118N12240019WA0107701073004003029207206
B2049393921115N12240021WA0107601072004003027211197
B2049403921112N12240024WA0107501070004003027208189
B2049413921108N12240025WA0107301069004003026192178
B2049423921104N12240025WA0107101066004003026175173
B2049433921100N12240024WA0107001064004003027166156
B2049443921096N12240023WA0106701062004003028163166
B2049453921092N12240021WA0106601060004003028157152
B2049463921088N12240018WA0106301057004003030147145
B2049473921084N12240014WA0106201056004003030135129
B2049483921082N12240010WA0106001055004003030121111
B2049493921080N12240005WA0105901053004003029108098
B2049503921080N12239999WA0105801052004003029096097
B2049513921080N12239994WA0105701050004003029084083
B2049523921081N12239988WA0105501048004003030071075
B2049533921083N12239983WA0105301047004003030062067
B2049543921085N12239978WA0105201044004003030059060
B2049553921088N12239973WA0104901041004003030055047
B2049563921091N12239968WA0104601039004003031043031
B2049573921095N12239966WA0104401036004003030021022
B2049583921100N12239965WA0104201034004003030357358
B2049593921104N12239967WA0103901031004003030343353
B2050003921108N12239969WA0103701028004003032340342
B2050013921113N12239971WA0103501026004003036342330
B2050023921119N12239973WA0103301025004003036338322
B2050033921124N12239978WA0103201024004003040322299
B2050043921128N12239984WA0103101023004003042303288
B2050053921130N12239992WA0103101022004003040286272
B2050063921130N12239999WA0103001022004003040268260
B2050073921129N12240005WA0102901021004003035253246
B2050083921127N12240011WA0102701019004003032239235
B2050093921124N12240015WA0102501016004003032229222
B2050103921120N12240020WA0102201013004003031221211
B2050113921117N12240023WA0102001011004003031214203
B2050123921113N12240025WA0101801009004003029200192
B2050133921109N12240026WA0101601007004003029183177
B2050143921104N12240026WA0101501005004003029174154
B2050153921101N12240025WA0101301003004003026166151
B2050163921097N12240023WA0101101001004003026151147
B2050173921094N12240020WA0100900999004003026135133
B2050183921091N12240015WA0100700997004003030125126
B2050193921088N12240009WA0100600996004003031119107
B2050203921087N12240004WA0100600996004003028109101
B2050213921086N12239999WA0100500995004003028099097
B2050223921085N12239993WA0100300993004003028096105
B2050233921085N12239987WA0100200991004003029099124
B2050243921084N12239981WA0100100990004003032102123
B2050253921082N12239974WA0100100990004003033103123
B2050263921082N12239969WA0100000990004003033100116
B2050273921081N12239963WA0100000989004003030096104
B2050283921081N12239957WA0099800988004003030095104
B2050293921080N12239952WA0099800987004003030092081
B2050303921081N12239946WA0099600985004003028083070
B2050313921082N12239941WA0099400982004003028069055
B2050323921084N12239936WA0099100979004003028052047
B2050333921088N12239932WA0098800976004003030038034
B2050343921092N12239929WA0098400973004003032024024
B2050353921097N12239928WA0098200969004003029009009
B2050363921101N12239928WA0097900966004003029357355
B2050373921104N12239928WA0097600966004003025340343
B2050383921108N12239930WA0097100965004003025328329
B2050393921111N12239934WA0096700960004003029318319
B2050403921114N12239939WA0096400955004003033306299
B2050413921117N12239945WA0096000956004003040297296
B2050423921120N12239952WA0095800954004003040296270
B2050433921122N12239960WA0095700954004003040289253
B2050443921122N12239965WA0095600952004003028270245
B2050453921122N12239970WA0095400951004003028246233
B2050463921118N12239973WA0095100946004003027216219
B2050473921114N12239975WA0094800943004003027205199
B2050483921110N12239977WA0094700941004003027197191
B2050493921106N12239978WA0094700940004003027187177
B2050503921102N12239978WA0094500938004003025177166
B2050513921099N12239977WA0094400936004003025169166
B2050523921095N12239976WA0094300934004003026162164
B2050533921091N12239974WA0094200933004003027160166
B2050543921087N12239973WA0094200932004003027160169
B2050553921083N12239971WA0094200931004003027159179
B2050563921080N12239969WA0094100930004003024158170
B2050573921077N12239967WA0094000928004003024152174
B2050583921074N12239965WA0093700926004003022148146
B2050593921071N12239963WA0093500922004003022141145
B2051003921068N12239959WA0093200919004003025137151
B2051013921065N12239956WA0092900916004003028138152
B2051023921062N12239952WA0092700913004003028142156
B2051033921058N12239949WA0092500911004003030147153
B2051043921054N12239946WA0092300909004003028153166
B2051053921050N12239944WA0092100907004003028155160
B2051063921046N12239942WA0091800904004003028154167
B2051073921042N12239939WA0091600901004003032153185
B2051083921037N12239935WA0091400899004003035152178
B2051093921032N12239933WA0091200897004003035154171
B2051103921028N12239930WA0091000896004003033158170
B2051113921025N12239929WA0090800893004003029158166
B2051123921021N12239927WA0090600890004003024155169
B2051133921018N12239925WA0090200886004003027154168
B2051143921014N12239922WA0089900882004003027154168
B2051153921010N12239920WA0089600879004003030157162
B2051163921005N12239917WA0089300877004003029156167
B2051173921002N12239915WA0089100874004003029149167
B2051183920998N12239912WA0088800871004003029142161
B2051193920994N12239907WA0088500867004003030136151
B2051203920991N12239902WA0088300864004003036129143
B2051213920988N12239896WA0088000862004003036120135
B2051223920986N12239890WA0087900860004003036110128
B2051233920985N12239884WA0087600858004003035104122
B2051243920984N12239877WA0087400855004003035102098
B2051253920982N12239871WA0087200853004003035103099
B2051263920981N12239864WA0086900851004003035103101
B2051273920980N12239858WA0086700848004003034100101
B2051283920979N12239851WA0086500846004003036096099
B2051293920979N12239844WA0086400845004003036094097
B2051303920979N12239837WA0086300843004003036093095
B2051313920979N12239831WA0086200843004003035089094
B2051323920979N12239825WA0086000841004003031081091
B2051333920981N12239819WA0085800838004003032070084
B2051343920983N12239813WA0085600836004003032064075
B2051353920985N12239807WA0085400834004003033062069
B2051363920987N12239802WA0085300833004003029060067
B2051373920989N12239798WA0085100832004003030059065
B2051383920992N12239792WA0084900830004003030061065
B2051393920994N12239787WA0084700827004003032064067
B2051403920996N12239781WA0084500825004003032067070
B2051413920997N12239775WA0084300823004003032065072
B2051423921000N12239770WA0084100820004003031058070
B2051433921003N12239766WA0083900818004003031051064
B2051443921006N12239761WA0083700816004003032052058
B2051453921008N12239756WA0083500814004003032056058
B2051463921010N12239751WA0083400813004003031060062
B2051473921013N12239746WA0083200811004003030056066
B2051483921016N12239742WA0083100809004003027041062
B2051493921019N12239739WA0082800806004003029031049
B2051503921023N12239736WA0082600803004003029030038
B2051513921027N12239733WA0082400802004003032034037
B2051523921031N12239729WA0082300800004003030039041
B2051533921034N12239725WA0082100799004003030043046
B2051543921037N12239722WA0082000797004003028049050
B2051553921039N12239718WA0081800795004003026050056
B2051563921041N12239714WA0081600792004003023052058
B2051573921044N12239711WA0081300789004003024051060
B2051583921046N12239707WA0081000786004003024044060
B2051593921050N12239704WA0080700783004003026030052
B2052003921054N12239702WA0080400780004003028015038
B2052013921058N12239701WA0080100779004003029004022
B2052023921062N12239701WA0079800776004003029358010
B2052033921067N12239702WA0079500773004003028353004
B2052043921071N12239703WA0079200769004003028348358
B2052053921075N12239704WA0078900766004003028348352
B2052063921080N12239705WA0078600763004003031347349
B2052073921085N12239707WA0078400763004003033342345
B2052083921089N12239709WA0078300761004003033336330
B2052093921094N12239713WA0078100759004003034320321
B2052103921097N12239719WA0077900756004003037304304
B2052113921099N12239725WA0077700753004003037295295
B2052123921102N12239732WA0077400750004003037295286
B2052133921106N12239744WA0076900745004003035296293
B2052143921109N12239750WA0076600741004003034295298
B2052153921111N12239756WA0076300737004003036297311
B2052163921114N12239762WA0076000734004003036302323
B2052173921117N12239767WA0075800732004003036310311
B2052183921121N12239772WA0075500729004003034318312
B2052193921125N12239776WA0075200726004003033321319
B2052203921129N12239780WA0075000723004003034319328
B2052213921132N12239784WA0074800720004003034317341
B2052223921136N12239789WA0074500717004003034322345
B2052233921141N12239792WA0074200714004003034336359
B2052243921146N12239793WA0073900710004003037353011
B2052253921152N12239792WA0073600707004003038013023
B2052263921156N12239789WA0073400706004003037038040
B2052273921158N12239784WA0073300705004003032059056
B2052283921159N12239781WA0073200704004003025072076
B2052293921160N12239778WA0073100703004003012068079
B2052303921160N12239777WA0073000701004003012059085
B2052313921161N12239776WA0072800698004003008061102
B2052323921161N12239775WA0072500694004003006099100
B2052333921160N12239773WA0072100690004003006123120
B2052343921159N12239771WA0071800687004003016122112
B2052353921157N12239768WA0071600687004003017140127
B2052363921155N12239767WA0071500686004003017163110
B2052373921152N12239766WA0071300684004003019175135
B2052383921148N12239766WA0071000681004003021175145
B2052393921145N12239766WA0070800679004003025175152
B2052403921140N12239766WA0070600676004003028183158
B2052413921136N12239767WA0070300673004003028194168
B2052423921131N12239770WA0070200671004003034206189
B2052433921126N12239774WA0070100670004003036213192
B2052443921122N12239777WA0070000669004003032213177
B2052453921118N12239780WA0069700666004003032204173
B2052463921114N12239782WA0069400665004003027186167
B2052473921110N12239781WA0069000660004003027168157
B2052483921106N12239778WA0068600656004003029149144
B2052493921102N12239774WA0068300652004003032133133
B2052503921099N12239769WA0068100652004003032117123
B2052513921098N12239764WA0067900652004003028106113
B2052523921097N12239760WA0067800649004003024091106
B2052533921098N12239757WA0067500646004003020080094
B2052543921099N12239752WA0067200642004003024076086
B2052553921100N12239747WA0067000638004003028075080
B2052563921101N12239742WA0066700638004003028063064
B2052573921104N12239737WA0066600637004003029047055
B2052583921109N12239734WA0066600636004003030026039
B2052593921113N12239733WA0066600635004003030018040
B2053003921117N12239731WA0066600635004003030020032
B2053013921121N12239729WA0066600635004003028018023
B2053023921126N12239728WA0066500634004003028006007
B2053033921131N12239728WA0066500633004003032352003
B2053043921137N12239730WA0066600634004003040345004
B2053053921142N12239732WA0066700636004003040343356
B2053063921148N12239734WA0066800637004003039344003
B2053073921153N12239736WA0067000639004003036343344
B2053083921157N12239739WA0067100640004003034332315
B2053093921161N12239743WA0067200640004003037315312
B2053103921165N12239750WA0067200640004003043302308
B2053113921168N12239757WA0067300641004003043300319
B2053123921171N12239764WA0067400643004003043299310
B2053133921174N12239771WA0067600645004003043294279
B2053143921176N12239779WA0067700645004003039281262
B2053153921177N12239786WA0067800645004003042269252
B2053163921176N12239795WA0067900645004003042262255
B2053173921175N12239804WA0067900646004003044259249
B2053183921173N12239812WA0068100648004003044254227
B2053193921171N12239818WA0068200649004003037242209
B2053203921167N12239823WA0068300649004003037223194
B2053213921163N12239826WA0068200649004003034200178
B2053223921158N12239826WA0068200648004003032171156
B2053233921155N12239823WA0068200648004003028133132
B2053243921155N12239818WA0068100648004003025090106
B2053253921157N12239814WA0068200648004003026057080
B2053263921160N12239811WA0068300650004003025038060
B2053273921163N12239809WA0068500652004003024025048
B2053283921166N12239807WA0068600653004003021025049
B2053293921168N12239805WA0068700654004003022027051
B2053303921171N12239803WA0068800656004003023026037
B2053313921175N12239801WA0069000657004003022019041
B2053323921178N12239800WA0069100659004003022010045
B2053333921181N12239799WA0069300660004003022013057
B2053343921184N12239798WA0069400661004003023028062
B2053353921187N12239795WA0069500662004003023046070
B2053363921188N12239792WA0069700664004003021062078
B2053373921189N12239789WA0069800667004003018086091
B2053383921188N12239787WA0070000668004003013135108
B2053393921186N12239786WA0070000669004003018169131
B2053403921182N12239786WA0070100669004003026180157
B2053413921178N12239786WA0070100670004003026188161
B2053423921174N12239788WA0070300672004003030195160
B2053433921169N12239790WA0070600675004003030197171
B2053443921165N12239791WA0070800675004003026193166
B2053453921162N12239792WA0071000677004003026190163
B2053463921158N12239793WA0071100679004003026191165
B2053473921154N12239794WA0071300681004003026187167
B2053483921150N12239794WA0071600684004003025181168
B2053493921146N12239794WA0071900687004003025177160
B2053503921143N12239794WA0072100690004003023182156
B2053513921140N12239795WA0072400693004003023187147
B2053523921136N12239795WA0072600696004003021180134
B2053533921134N12239794WA0072800698004003021153137
B2053543921132N12239792WA0073000699004003020137133
B2053553921130N12239789WA0073200701004003020139123
B2053563921127N12239787WA0073400704004003018146125
B2053573921125N12239785WA0073600707004003018139116
B2053583921124N12239782WA0073800708004003016107102
B2053593921124N12239779WA0073900710004003016084088
B2054003921125N12239775WA0074100710004003021068102
B2054013921126N12239772WA0074300712004003021061085
B2054023921128N12239768WA0074400714004003021057095
B2054033921130N12239765WA0074500715004003020053095
B2054043921132N12239763WA0074600716004003019044084
B2054053921134N12239760WA0074600716004003022038073
B2054063921137N12239757WA0074700716004003023042069
B2054073921139N12239754WA0074700717004003022050054
B2054083921141N12239750WA0074700717004003022056065
B2054093921142N12239747WA0074600716004003021054052
B2054103921144N12239744WA0074500715004003021048062
B2054113921147N12239741WA0074400713004003021044032
B2054123921149N12239738WA0074200711004003022043041
B2054133921152N12239735WA0074000709004003025037043
B2054143921155N12239732WA0073800707004003026028032
B2054153921159N12239730WA0073600704004003025023017
B2054163921162N12239728WA0073300702004003026025021
B2054173921166N12239726WA0073100700004003026020021
B2054183921170N12239724WA0072900697004003026016006
B2054193921173N12239723WA0072600694004003025023014
B2054203921177N12239720WA0072400692004003025028022
B2054213921180N12239718WA0072200691004003028026031
B2054223921184N12239716WA0072200691004003028015023
B2054233921187N12239715WA0072200692004003024006014
B2054243921190N12239715WA0072100691004003020351019
B2054253921192N12239716WA0072000690004003016342019
B2054263921195N12239717WA0071900688004003018346012
B2054273921198N12239717WA0071800686004003018357025
B2054283921200N12239717WA0071600684004003018001028
B2054293921203N12239717WA0071300681004003018003036
B2054303921206N12239717WA0071000678004003018011027
B2054313921208N12239716WA0070800676004003018018010
B2054323921211N12239715WA0070600674004003019010008
B2054333921215N12239715WA0070400673004003025357008
B2054343921219N12239715WA0070300671004003029350010
B2054353921224N12239717WA0070200670004003029350003
B2054363921228N12239717WA0070100669004003031355008
B2054373921233N12239718WA0070100669004003026350009
B2054383921236N12239719WA0070000668004003026342356
B2054393921238N12239720WA0069800666004003019351024
B2054403921240N12239720WA0069600666004003014024033
B2054413921241N12239717WA0069300662004003016053058
B2054423921243N12239714WA0069200663004003019065054
B2054433921244N12239711WA0069100662004003017063037
B2054443921245N12239709WA0069100662004003017049036
B2054453921247N12239707WA0069000660004003014031040
B2054463921249N12239706WA0068700657004003016027042
B2054473921251N12239704WA0068400654004003016030048
B2054483921253N12239702WA0068200651004003017037053
B2054493921255N12239700WA0067900648004003014045051
B2054503921256N12239698WA0067700648004003014051065
B2054513921258N12239696WA0067400644004003014052062
B2054523921259N12239693WA0067200641004003016057065
B2054533921260N12239690WA0066900638004003016070085
B2054543921261N12239687WA0066700638004003016090058
B2054553921261N12239684WA0066600636004003014090065
B2054563921260N12239682WA0066400635004003014068057
B2054573921262N12239679WA0066200632004003016051061
B2054583921263N12239677WA0066000629004003016050066
B2054593921264N12239674WA0065800627004003016069083
B2055003921264N12239672WA0065600625004003012103093
B2055013921263N12239670WA0065400622004003014132123
B2055023921261N12239668WA0065100619004003020151150
B2055033921258N12239667WA0064900619004003020175155
B2055043921253N12239667WA0064700617004003029189159
B2055053921248N12239669WA0064600616004003031193148
B2055063921243N12239670WA0064500614004003031180150
B2055073921240N12239669WA0064300612004003024163148
B2055093921237N12239667WA0064100608004003024149137
B2055103921233N12239665WA0063900606004003026147125
B2055113921230N12239662WA0063600603004003026148110
B2055123921228N12239659WA0063400601004003025139108
B2055133921225N12239657WA0063100600004003021118103
B2055143921224N12239653WA0062800599004003018102104
B2055153921224N12239650WA0062500596004003018102114
B2055163921223N12239646WA0062300593004003018122130
B2055173921221N12239644WA0062100592004003019144147
B2055183921217N12239643WA0061800588004003033176160
B2055193921211N12239645WA0061600584004003043200185
B2055203921204N12239649WA0061500584004003043228204
B2055213921200N12239656WA0061500584004003043241224
B2055223921197N12239664WA0061600584004003039247242
B2055233921196N12239671WA0061700585004003039250252
B2055243921194N12239678WA0061800584004003037251260
B2055253921193N12239685WA0061800583004003037255258
B2055263921191N12239693WA0061700582004003042254255
B2055273921190N12239700WA0061800581004003042255267
B2055283921189N12239707WA0061700581004003039258263
B2055293921188N12239714WA0061500580004003034260260
B2055303921187N12239720WA0061300578004003035257246
B2055313921186N12239727WA0061200578004003039254248
B2055323921185N12239735WA0060900575004003039260262
B2055333921184N12239742WA0060700574004003040267250
B2055343921184N12239750WA0060400571004003041265243
B2055353921183N12239758WA0060000566004003043256233
B2055363921180N12239766WA0059700562004003043240230
B2055373921175N12239774WA0059600559004003048226211
B2055383921170N12239780WA0059500559004003047218210
B2055393921164N12239785WA0059400560004003047215202
B2055403921160N12239789WA0059300559004003038217198
B2055413921157N12239792WA0059200557004003030209182
B2055423921154N12239794WA0059000553004003027203169
B2055433921150N12239795WA0058700550004003027196160
B2055443921146N12239796WA0058500547004003027183149
B2055453921143N12239796WA0058200545004003027174139
B2055463921139N12239795WA0058100543004003022164148
B2055473921136N12239794WA0058000541004003022160134
B2055483921133N12239792WA0057800540004003022157131
B2055493921129N12239790WA0057800540004003024158129
B2055503921126N12239789WA0057700538004003021156126
B2055513921124N12239787WA0057600537004003021146120
B2055523921122N12239785WA0057400534004003018128095
B2055533921121N12239782WA0057100532004003018102082
B2055543921121N12239778WA0056900529004003019077065
B2055553921122N12239775WA0056700527004003021062057
B2055563921124N12239771WA0056500525004003021058050
B2055573921126N12239768WA0056300524004003021055050
B2055583921128N12239764WA0056200523004003021050050
B2055593921130N12239762WA0056200522004003021046045
B2056003921131N12239759WA0056100522004003020047043
B2056013921133N12239757WA0056000521004003016048041
B2056023921134N12239756WA0055900520004003005031055
B2056033921134N12239756WA0055900520004003005027037
B2056043921135N12239755WA0056000520004003005032055
B2056053921135N12239754WA0055900520004003005054048
B2056063921136N12239753WA0055900521004003005025048
B2056073921137N12239753WA0055900520004003005064062
B2056083921137N12239750WA0055900520004003005112098
B2056093921136N12239750WA0055900520004003004112080
B2056103921136N12239749WA0055900520004003002112077
B2056113921136N12239749WA0055900520004003002112086
B2056123921137N12239749WA0055900519004003002112058
B2056133921137N12239748WA0055900519004003002112070
B2056143921137N12239747WA0055900519004003003112082
B2056153921137N12239747WA0055900519004003003112072
B2056163921137N12239746WA0055900519004003003087059
B2056173921137N12239745WA0055900519004003004091076
B2056183921137N12239745WA0055900519004003002091076
B2056193921137N12239744WA0055900519004003002091068
B2056203921136N12239744WA0055900519004003002091079
B2056213921136N12239743WA0055900519004003002091072
B2056223921136N12239743WA0055900519004003001091081
B2056233921136N12239743WA0055900519004003002091066
B2056243921136N12239742WA0055900519004003002091078
B2056253921136N12239742WA0055900519004003002091086
B2056263921136N12239741WA0055900519004003003091115
B2056273921135N12239741WA0056000519004003003091114
B2056283921135N12239741WA0056000519004003002091111
B2056293921135N12239741WA0056000519004003002091108
B2056303921134N12239742WA0056000519004003003091122
B2056313921134N12239742WA0055900519005003003091106
B2056323921134N12239742WA0055900519004003000091099
B2056333921134N12239742WA0056000519005003000091094
B2056343921134N12239742WA0056000519005003000091093
B2056353921134N12239742WA0055900519004003000091096
B2056363921134N12239742WA0055900519004003000091095
B2056373921134N12239742WA0055900519004003000091091
B2056383921134N12239742WA0055900519005003000091090
B2056393921134N12239741WA0055900519004003000091090
B2056403921134N12239742WA0055900519004003000091088
B2056413921134N12239742WA0055900519004003001091089
GDxP0f/OSrTBlP4nIHk0APIZCB0qJ7BypGSR0qya1fbHnOExzBD3T4kEpF79nAHqI
G7s1L8wRIdZoSx9m9Cp9FdsWyT6nbJVDcRSovoojn5SjX7rZ5F+08Nz4qrVXW26Vk
Gv8JoUh+uhuaWzCbPrdZc+JVb3rUmYmr1khzsO0kJopM=
