AXFH000
HFDTE070926
HFPLTPILOT:KaranS
HFGTYGLIDERTYPE:Niviuk Hiko P
HFDTM100GPSDATUM:WGS84
HFRFWFIRMWAREVERSION:9.7.1
HFRHWHARDWAREVERSION:iPhone 17 Pro
HFFTYFRTYPE:Flyskyhy,9.7.1
HFGPS:Internal
HFPRSVARIO:XC Tracer
HFCCLCOMPETITIONCLASS:Paraglider,EN-B
HFTZNTIMEZONE:-7
HFSITSITE:Mission Ridge (Fremont- San Jose),US
I053638FXA3941VXA4244GSP4547CCO4850HDT
C070926210815070926000106TASK
C0000000N00000000ETAKEOFF
C3646164N11906086W00000000000400000000360000STARTAREA DNLNCH
C3646886N11907285W00000000000400000000360000TURNAREA 49917
C3644816N11904600W00000000000400000000360000TURNAREA SONTAG
C3647347N11907139W00000000001000000000360000TURNAREA DELILA
C3644411N11907767W00000000001200000000360000TURNAREA TURKEY
C3646164N11906086W00000000000400000000360000TURNAREA DNLNCH
C3642989N11908259W00000000001200000000360000TURNAREA AIRSTR
C3644153N11906287W00000000000400000000360000FINISHAREA DNLPLZ
C0000000N00000000ELANDING
B2108433731049N12153515WA0058300583001003002109060
B2108443731049N12153515WA0058300583001003001109043
B2108453731049N12153515WA0058300583001003001163031
B2108463731049N12153515WA0058300583001003001171027
B2108473731049N12153515WA0058300583001003000171031
B2108483731049N12153515WA0058300584001003000171025
B2108493731049N12153515WA0058300584001003000171022
B2108503731049N12153515WA0058300584001003000171020
B2108513731049N12153515WA0058300584001003000171023
B2108523731049N12153515WA0058300584001003000171025
B2108533731049N12153515WA0058300584001003000171034
B2108543731049N12153515WA0058300584001003001171037
B2108553731049N12153515WA0058300584001003000171042
B2108563731049N12153515WA0058300584002003001171054
B2108573731049N12153515WA0058300584002003000171060
B2108583731049N12153515WA0058300584001003002240054
B2108593731049N12153515WA0058300584001003003090105
B2109003731049N12153514WA0058300584002003003096107
B2109013731049N12153514WA0058400584002003003086313
B2109023731049N12153514WA0058300584002003002086240
B2109033731049N12153514WA0058300584002003002288235
B2109043731048N12153514WA0058300584002003002236151
B2109053731048N12153516WA0058200584002003002233178
B2109063731047N12153516WA0058200584002003005209277
B2109073731046N12153517WA0058200584002003008199183
B2109083731044N12153518WA0058100583002003009200190
B2109093731042N12153518WA0058100583002003009194216
B2109103731040N12153519WA0058100583002003010196164
B2109113731039N12153520WA0058000582002003011204190
B2109123731036N12153522WA0057900580002003014208230
B2109133731033N12153524WA0057600579002003014215223
B2109143731032N12153527WA0057600580002003015231242
B2109153731030N12153529WA0057800580002003015249283
B2109163731029N12153532WA0058000579002003015251270
B2109173731028N12153534WA0058000579002003015231271
B2109183731026N12153537WA0057900578002003015224263
B2109193731024N12153539WA0058000579002003017239268
B2109203731024N12153543WA0058000580002003017262265
B2109213731025N12153547WA0058100581002003017294276
B2109223731027N12153549WA0058100582002003017313290
B2109233731029N12153551WA0058300583002003016322304
B2109243731031N12153553WA0058300583001003016317317
B2109253731032N12153555WA0058300583002003016304312
B2109263731034N12153559WA0058400583002003017306307
B2109273731037N12153563WA0058500584005003023323302
B2109283731040N12153565WA0058700585004003023328324
B2109293731042N12153567WA0058800585004003019306322
B2109303731043N12153569WA0058700584004003019284304
B2109313731044N12153573WA0058600583004003024274300
B2109323731044N12153578WA0058500584005003024280293
B2109333731046N12153582WA0058500586004003024304296
B2109343731048N12153584WA0058600586004003020330306
B2109353731050N12153584WA0058600586004003015344321
B2109363731052N12153585WA0058500585004003015343326
B2109373731054N12153586WA0058400584004003014331321
B2109383731056N12153588WA0058300583004003014312303
B2109393731057N12153590WA0058200582004003016304286
B2109403731058N12153592WA0058200582004003017307291
B2109413731060N12153595WA0058200582004003017310274
B2109423731062N12153597WA0058200582004003017304275
B2109433731063N12153599WA0058200582004003013294273
B2109443731063N12153602WA0058200582004003013295276
B2109453731064N12153604WA0058100581004003013302273
B2109463731066N12153607WA0058100581004003016309275
B2109473731068N12153609WA0058100581004003019312278
B2109483731070N12153612WA0058100581004003020316274
B2109493731072N12153615WA0058100581004003020317280
B2109503731075N12153617WA0058100581004003020318281
B2109513731077N12153620WA0058000580004003020319280
B2109523731079N12153622WA0058000580004003020321282
B2109533731082N12153625WA0058000580004003022322283
B2109543731085N12153627WA0057900580004003023327286
B2109553731088N12153629WA0057900581004003023331288
B2109563731091N12153631WA0058000581004003023334296
B2109573731094N12153633WA0058100582004003023333297
B2109583731097N12153635WA0058100583004003020334298
B2109593731099N12153636WA0058200582004003020329302
B2110003731101N12153638WA0058100582004003019326301
B2110013731104N12153641WA0058000581004003019325301
B2110023731107N12153643WA0058000581004003021325300
B2110033731110N12153645WA0058000581004003022329302
B2110043731113N12153647WA0058000581004003022332306
B2110053731115N12153649WA0058000581004003022333311
B2110063731118N12153651WA0057900580004003022329311
B2110073731121N12153653WA0057800579004003024327309
B2110083731124N12153656WA0057800580004003023326309
B2110093731127N12153658WA0057800579004003023329309
B2110103731130N12153660WA0057700579004003021333312
B2110113731133N12153662WA0057700578004003021327315
B2110123731135N12153664WA0057600577004003021319310
B2110133731138N12153667WA0057600576004003023312303
B2110143731140N12153671WA0057400575004003023306294
B2110153731141N12153674WA0057300574004003022301288
B2110163731143N12153677WA0057400574004003020298282
B2110173731144N12153680WA0057300573004003018305281
B2110183731146N12153683WA0057200572004003021311284
B2110193731148N12153685WA0057100571004003022315290
B2110203731151N12153688WA0057100571004003021320293
B2110213731153N12153690WA0057100571004003020327306
B2110223731155N12153691WA0057100571004003018342312
B2110233731158N12153692WA0057000570004003017353310
B2110243731161N12153692WA0056900568004003021357306
B2110253731164N12153692WA0056700567004003021356313
B2110263731169N12153693WA0056700566004003026349318
B2110273731173N12153694WA0056600566004003027340319
B2110283731176N12153696WA0056600565004003025335316
B2110293731179N12153698WA0056500565004003025338310
B2110303731182N12153699WA0056500564004003022343310
B2110313731185N12153700WA0056400563004003020339316
B2110323731187N12153702WA0056200561004003019325308
B2110333731190N12153705WA0056000559004003022319304
B2110343731192N12153707WA0055800557004003024320302
B2110353731195N12153710WA0055600555004003024325318
B2110363731198N12153712WA0055500554004003024333308
B2110373731201N12153714WA0055400552004003022333310
B2110383731204N12153716WA0055200551004003023328301
B2110393731207N12153719WA0055100549004003025324304
B2110403731210N12153721WA0055000548004003024326305
B2110413731213N12153723WA0054900548004003024332310
B2110423731216N12153725WA0054900547004003022338318
B2110433731220N12153726WA0054800546004003026343324
B2110443731224N12153728WA0054600544004003030345325
B2110453731229N12153729WA0054500543004003030348320
B2110463731234N12153730WA0054400543004003032355315
B2110473731238N12153730WA0054500543004003032357315
B2110483731242N12153730WA0054500543004003025359311
B2110493731245N12153730WA0054500543004003025359303
B2110503731249N12153731WA0054500543004003025347314
B2110513731253N12153732WA0054600544004003027334311
B2110523731257N12153735WA0054900545005003030330306
B2110533731261N12153737WA0055100548004003023336304
B2110543731263N12153738WA0055200548004003023347323
B2110553731266N12153739WA0055200547004003018346303
B2110563731269N12153740WA0055100547004003018338307
B2110573731272N12153742WA0054900545004003024337308
B2110583731277N12153744WA0054800545004003033342317
B2110593731282N12153745WA0054700545004003034352322
B2111003731287N12153746WA0054800545004003033359327
B2111013731292N12153746WA0054800545004003032002312
B2111023731296N12153745WA0054800545004003029357329
B2111033731300N12153746WA0054800545004003030352326
B2111043731304N12153746WA0054800545004003033352319
B2111053731309N12153747WA0054900546004003033356330
B2111063731315N12153747WA0055100547004003036358328
B2111073731320N12153748WA0055400551004003036354320
B2111083731325N12153748WA0055700555004003026356325
B2111093731328N12153749WA0056000558004003026350312
B2111103731331N12153750WA0056200558004003021333310
B2111113731333N12153752WA0056400561004003018302294
B2111123731334N12153756WA0056600562004003018277274
B2111133731334N12153760WA0056900565004003021261257
B2111143731332N12153764WA0057200569004003021241248
B2111153731331N12153766WA0057500569004003021206234
B2111163731326N12153767WA0057800573004003024185210
B2111173731320N12153766WA0058100577004003035173196
B2111183731315N12153765WA0058500582004003035166187
B2111193731310N12153763WA0058800586004003034160185
B2111203731306N12153761WA0059200589004003032149179
B2111213731302N12153757WA0059400589004003030135165
B2111223731299N12153753WA0059400589004003031131155
B2111233731296N12153748WA0059300588004003031128160
B2111243731292N12153742WA0059200589004003038126145
B2111253731288N12153736WA0059100589004003039125156
B2111263731285N12153730WA0059200591004003039120137
B2111273731283N12153724WA0059200591004003036111155
B2111283731282N12153718WA0059300591004003033108151
B2111293731280N12153713WA0059200590004003032113155
B2111303731278N12153708WA0059100590004003032126163
B2111313731275N12153703WA0059000589004003032139155
B2111323731271N12153700WA0059000589004003031149174
B2111333731267N12153698WA0058900588004003024165180
B2111343731264N12153699WA0058800587004003024191206
B2111353731261N12153701WA0058600585004003021221228
B2111363731260N12153704WA0058400583004003021255254
B2111373731259N12153709WA0058300583004003025288273
B2111383731262N12153713WA0058100581005003029316295
B2111393731266N12153716WA0058000581005003029336311
B2111403731271N12153717WA0058000581004003029349322
B2111413731274N12153718WA0058000581004003024351322
B2111423731278N12153719WA0058100581004003024348322
B2111433731281N12153720WA0058000581004003021340319
B2111443731284N12153721WA0058000580004003021339325
B2111453731287N12153723WA0057900580004003026343316
B2111463731291N12153724WA0058000580005003027350328
B2111473731295N12153725WA0058000581004003026353303
B2111483731299N12153725WA0058000580004003024348306
B2111493731302N12153726WA0057900580004003020330310
B2111503731304N12153729WA0057900579004003023317314
B2111513731307N12153732WA0057900579004003023316317
B2111523731309N12153735WA0058000581005003024324326
B2111533731313N12153737WA0058100582004003024340320
B2111543731317N12153738WA0058300584004003025349328
B2111553731320N12153739WA0058600587004003024349322
B2111563731323N12153740WA0058800589004003023339306
B2111573731325N12153741WA0059000591004003020325308
B2111583731328N12153744WA0059200593004003020317296
B2111593731330N12153746WA0059400595004003021315293
B2112003731332N12153749WA0059600595004003020306278
B2112013731333N12153751WA0059800595004003018278262
B2112023731333N12153754WA0060000596004003015234243
B2112033731330N12153756WA0060000596004003021208210
B2112043731326N12153757WA0060000597004003029188193
B2112053731321N12153758WA0060200599004003029166174
B2112063731316N12153755WA0060400602004003033154159
B2112073731312N12153752WA0060700606004003033141150
B2112083731309N12153747WA0060900608004003031132157
B2112093731306N12153743WA0061000608004003031128140
B2112103731303N12153738WA0060900607004003031130135
B2112113731300N12153734WA0060700607004003031131166
B2112123731296N12153729WA0060600606004003032131139
B2112133731293N12153724WA0060500605004003034130160
B2112143731290N12153720WA0060500605004003034126148
B2112153731288N12153715WA0060400605004003030126160
B2112163731285N12153711WA0060400605004003028132157
B2112173731282N12153708WA0060300604004003028140163
B2112183731279N12153705WA0060300603004003026149186
B2112193731275N12153703WA0060200602004003026162206
B2112203731272N12153703WA0060000601004003023190218
B2112213731270N12153705WA0059800598004003021226235
B2112223731269N12153709WA0059600596004003021253259
B2112233731269N12153714WA0059400594004003028281278
B2112243731271N12153719WA0059200592004003029308297
B2112253731275N12153723WA0059100591004003029332312
B2112263731280N12153724WA0059000591004003032348328
B2112273731285N12153725WA0058900590004003032355345
B2112283731290N12153725WA0058900590004003032358347
B2112293731295N12153725WA0058900590004003033000341
B2112303731300N12153725WA0058800589004003033358329
B2112313731305N12153725WA0058800590004003033353337
B2112323731308N12153727WA0058900590004003030341315
B2112333731311N12153728WA0058900590004003021335324
B2112343731314N12153730WA0059000590004003021332325
B2112353731317N12153732WA0059100591004003021337331
B2112363731320N12153733WA0059200592004003021346319
B2112373731323N12153734WA0059300593004003023348335
B2112383731327N12153735WA0059300593004003024348316
B2112393731330N12153736WA0059200593004003024346309
B2112403731334N12153737WA0059100591004003024343299
B2112413731337N12153739WA0059000590004003024328293
B2112423731340N12153743WA0058900589004003025306286
B2112433731341N12153747WA0058800588004003022282274
B2112443731340N12153751WA0058800588004003022253259
B2112453731338N12153753WA0058800588004003019227240
B2112463731335N12153755WA0058600586004003019204221
B2112473731331N12153757WA0058400584004003022189204
B2112483731326N12153757WA0058300581004003036178192
B2112493731320N12153756WA0058100580004003042168177
B2112503731314N12153753WA0058200582004003042154164
B2112513731308N12153749WA0058300583004003042145148
B2112523731304N12153745WA0058600586004003040137145
B2112533731301N12153740WA0058800589004003031134139
B2112543731297N12153736WA0059000591004003031136148
B2112553731294N12153732WA0059100591004003031138153
B2112563731290N12153728WA0059300593004003032145174
B2112573731286N12153726WA0059400594004003032160202
B2112583731282N12153725WA0059300593004003022198211
B2112593731280N12153727WA0059100591004003025233235
B2113003731278N12153732WA0059000589004003025256260
B2113013731279N12153738WA0058800588004003027282275
B2113023731281N12153742WA0058700588004003027306292
B2113033731284N12153745WA0058700588004003024330306
B2113043731288N12153747WA0058800589004003024347325
B2113053731291N12153747WA0058900590004003024000342
B2113063731294N12153746WA0059000591004003023016345
B2113073731298N12153744WA0059000591004003023025007
B2113083731300N12153743WA0059100591004003022027003
B2113093731304N12153741WA0059000591004003022019355
B2113103731307N12153740WA0059000590004003022010356
B2113113731311N12153739WA0059000590004003023005344
B2113123731314N12153739WA0058900590004003023004340
B2113133731317N12153739WA0058900589004003020002343
B2113143731320N12153739WA0058800588004003021353332
B2113153731323N12153740WA0058600585004003021344320
B2113163731327N12153741WA0058300583004003024339317
B2113173731331N12153743WA0058100581004003025334321
B2113183731334N12153746WA0058000579004003025332316
B2113193731337N12153748WA0057800577004003025331316
B2113203731340N12153750WA0057600575004003024334315
B2113213731343N12153752WA0057300572004003024335317
B2113223731347N12153754WA0057000569004003026331309
B2113233731350N12153757WA0056800566004003027324299
B2113243731353N12153760WA0056500564004003027320286
B2113253731356N12153763WA0056300561005003027315282
B2113263731358N12153766WA0056000559004003021311282
B2113273731360N12153769WA0055900557004003023306295
B2113283731362N12153773WA0055700555004003023304316
B2113293731364N12153777WA0055600554004003024305323
B2113303731366N12153780WA0055500552004003023309302
B2113313731369N12153784WA0055300551004003023313307
B2113323731371N12153787WA0055300551004003023318319
B2113333731374N12153790WA0055200551004003023317322
B2113343731377N12153793WA0055200551004003028317329
B2113353731381N12153797WA0055300552004003029320331
B2113363731385N12153800WA0055400554004003029329332
B2113373731388N12153802WA0055500554004003029336349
B2113383731392N12153804WA0055500554004003028335328
B2113393731396N12153806WA0055600553004003029333326
B2113403731400N12153809WA0055600553004003028334298
B2113413731404N12153811WA0055600554004003028330322
B2113423731406N12153814WA0055900555004003024316271
B2113433731408N12153817WA0056100556004003024311267
B2113443731404N12153819WA0056400558005003019202260
B2113453731399N12153820WA0056600558004003019177206
B2113463731393N12153819WA0056700560004003033167170
B2113473731387N12153818WA0056700561004003036166176
B2113483731381N12153816WA0056800563004003034176204
B2113493731377N12153817WA0056900564004003034193224
B2113503731374N12153819WA0056900563004003018241240
B2113513731375N12153823WA0056800562004003018299272
B2113523731378N12153825WA0056800562004003018337308
B2113533731382N12153826WA0056900564004003024357336
B2113543731385N12153825WA0057000566004003022014337
B2113553731388N12153824WA0057100567004003022016325
B2113563731391N12153824WA0057300569005003022006334
B2113573731394N12153823WA0057500570004003020005336
B2113583731397N12153822WA0057600572004003017026340
B2113593731399N12153821WA0057600571004003017033348
B2114003731401N12153819WA0057500571004003017020349
B2114013731404N12153819WA0057300569004003017357339
B2114023731406N12153820WA0057200568004003022326322
B2114033731409N12153823WA0057200568004003022307304
B2114043731409N12153827WA0057200569004003021257290
B2114053731407N12153830WA0057200570004003021225256
B2114063731404N12153832WA0057300570004003025204233
B2114073731399N12153833WA0057300571004003030185213
B2114083731394N12153834WA0057300571004003030166193
B2114093731389N12153831WA0057400573004003037154175
B2114103731384N12153826WA0057600575004003039142160
B2114113731380N12153821WA0057700575004003039132147
B2114123731376N12153815WA0057700575004003039126136
B2114133731373N12153809WA0057600575004003039123129
B2114143731369N12153801WA0057600574004003046118121
B2114153731366N12153793WA0057600575004003046113115
B2114163731364N12153786WA0057600575004003044112106
B2114173731362N12153780WA0057600575004003037118119
B2114183731359N12153775WA0057500573004003035129130
B2114193731355N12153770WA0057300571004003036136130
B2114203731350N12153766WA0057200570004003036141140
B2114213731346N12153762WA0057100570004003036144137
B2114223731342N12153759WA0057100570004003034147148
B2114233731337N12153755WA0057100569004003035148153
B2114243731333N12153752WA0057100569004003035149149
B2114253731328N12153749WA0057100570004003035149163
B2114263731324N12153745WA0057100570004003033148120
B2114273731320N12153742WA0057100570004003033147152
B2114283731316N12153739WA0057200570004003032148140
B2114293731312N12153736WA0057200570004003032149154
B2114303731308N12153733WA0057200571004003031153152
B2114313731304N12153731WA0057200571004003026159164
B2114323731301N12153730WA0057200571004003026165163
B2114333731297N12153730WA0057200571004003024177179
B2114343731294N12153730WA0057100570004003024192199
B2114353731290N12153732WA0057000569004003027209224
B2114363731287N12153735WA0056900568004003025224238
B2114373731285N12153739WA0056800568004003025245242
B2114383731284N12153742WA0056800568004003020260246
B2114393731284N12153746WA0056700567004003018275252
B2114403731285N12153749WA0056600565004003018288275
B2114413731287N12153753WA0056500564004003024300287
B2114423731289N12153757WA0056500564004003024319314
B2114433731293N12153759WA0056500564004003024338325
B2114443731296N12153760WA0056500564004003023349337
B2114453731299N12153760WA0056500563004003022355328
B2114463731303N12153760WA0056400562004003023359316
B2114473731306N12153760WA0056300561004003024359317
B2114483731310N12153760WA0056100560004003024358318
B2114493731314N12153761WA0056000559004003026356322
B2114503731318N12153761WA0055900557004003026351315
B2114513731321N12153762WA0055700556004003026345314
B2114523731325N12153764WA0055600554004003030342316
B2114533731330N12153766WA0055400552004003030340306
B2114543731336N12153769WA0055400553004003036335301
B2114553731341N12153772WA0055600554004003037332298
B2114563731345N12153775WA0055900558004003031329300
B2114573731349N12153778WA0056100561004003031331313
B2114583731353N12153780WA0056300562004003027338313
B2114593731357N12153781WA0056500563004003027351320
B2115003731361N12153781WA0056500564004003030358323
B2115013731366N12153782WA0056500564004003031358318
B2115023731370N12153782WA0056500564004003031351318
B2115033731374N12153783WA0056500563004003027348321
B2115043731378N12153784WA0056400563004003026350324
B2115053731382N12153785WA0056300562004003026350328
B2115063731386N12153786WA0056200561004003031347326
B2115073731391N12153788WA0056200561004003031341326
B2115083731395N12153790WA0056300562004003031333323
B2115093731399N12153793WA0056400564004003029329319
B2115103731402N12153795WA0056700567004003028328316
B2115113731404N12153797WA0057000570004003019320313
B2115123731406N12153799WA0057200572004003019315302
B2115133731408N12153802WA0057400573004003016313301
B2115143731409N12153804WA0057500574004003016308301
B2115153731411N12153807WA0057500574004003019308299
B2115163731413N12153810WA0057500574004003023311298
B2115173731416N12153814WA0057600574004003023317303
B2115183731419N12153816WA0057500574004003023321302
B2115193731421N12153819WA0057500573004003023316289
B2115203731423N12153822WA0057400572004003021287274
B2115213731422N12153826WA0057200570004003024257259
B2115223731420N12153831WA0057000568004003029234238
B2115233731416N12153835WA0056900567004003029212224
B2115243731411N12153837WA0056800566004003034191206
B2115253731406N12153837WA0056700565004003034175197
B2115263731401N12153835WA0056600564004003038166178
B2115273731395N12153833WA0056500562004003042160168
B2115283731389N12153830WA0056400562004003042155154
B2115293731383N12153826WA0056400562004003042147147
B2115303731378N12153821WA0056500563004003040137141
B2115313731374N12153816WA0056600565004003040133132
B2115323731370N12153810WA0056600565004003040133131
B2115333731366N12153805WA0056700566004003039137158
B2115343731361N12153801WA0056800566004003040140147
B2115353731356N12153795WA0056800567004003042137122
B2115363731352N12153789WA0056900568004003042131131
B2115373731348N12153783WA0057000569004003043127137
B2115383731344N12153777WA0057100570004003041133142
B2115393731339N12153772WA0057400573004003041137146
B2115403731335N12153767WA0057700577004003040136155
B2115413731332N12153762WA0058000579004003037131113
B2115423731329N12153757WA0058100581004003034127147
B2115433731326N12153752WA0058200581004003034127159
B2115443731322N12153747WA0058300581004003034132163
B2115453731319N12153742WA0058200581004003034140162
B2115463731314N12153739WA0058200582004003033147168
B2115473731310N12153736WA0058300582004003033154170
B2115483731306N12153734WA0058300583004003032157170
B2115493731302N12153732WA0058300582004003030158175
B2115503731298N12153730WA0058300582004003031161171
B2115513731293N12153728WA0058200581004003031162163
B2115523731289N12153726WA0058200581004003031161166
B2115533731284N12153724WA0058200581004003031155167
B2115543731280N12153721WA0058200581004003029149161
B2115553731277N12153718WA0058100581004003029143154
B2115563731273N12153715WA0058100580004003029138140
B2115573731270N12153711WA0058000580004003029136143
B2115583731267N12153707WA0058000578004003031142153
B2115593731263N12153704WA0057800577004003032150169
B2116003731258N12153701WA0057700576004003032153175
B2116013731254N12153698WA0057700576004003033151176
B2116023731249N12153696WA0057600575004003033152186
B2116033731245N12153693WA0057600575004003033153190
B2116043731241N12153691WA0057500574004003031163208
B2116053731238N12153692WA0057400573004003026197211
B2116063731235N12153694WA0057400572004003026219230
B2116073731232N12153698WA0057500573005003026227251
B2116083731231N12153700WA0057500574005003021235248
B2116093731230N12153702WA0057400573004003015253262
B2116103731230N12153705WA0057200572004003018275277
B2116113731231N12153709WA0056900569004003022292293
B2116123731233N12153713WA0056700569005003022322318
B2116133731236N12153716WA0056700569005003026340329
B2116143731241N12153717WA0056700569004003030348347
B2116153731245N12153718WA0056800569004003030349332
B2116163731250N12153718WA0056800569004003030354349
B2116173731255N12153718WA0056700568004003030000347
B2116183731259N12153718WA0056600566004003030005348
B2116193731264N12153717WA0056400564004003030002325
B2116203731268N12153718WA0056300564004003030346330
B2116213731272N12153720WA0056200562004003030332332
B2116223731277N12153723WA0056100561004003031328324
B2116233731281N12153726WA0056000561004003031337334
B2116243731285N12153728WA0056000561004003030342330
B2116253731289N12153729WA0056000560004003030341339
B2116263731293N12153731WA0056000560004003028340337
B2116273731297N12153733WA0055900559004003029344335
B2116283731302N12153734WA0055800558004003033345345
B2116293731307N12153736WA0055800557004003033340328
B2116303731312N12153738WA0055800557004003034337328
B2116313731316N12153741WA0055800558004003034338335
B2116323731321N12153743WA0055900559004003034341342
B2116333731326N12153745WA0056000559004003033344327
B2116343731331N12153746WA0056100560004003033346318
B2116353731335N12153748WA0056200562004003031344314
B2116363731339N12153749WA0056400564004003031338313
B2116373731342N12153751WA0056600566004003026333301
B2116383731344N12153753WA0056800568004003020327308
B2116393731346N12153754WA0056900569004003017325305
B2116403731348N12153756WA0057100569004003021324310
B2116413731351N12153759WA0057300571004003021320336
B2116423731352N12153761WA0057400573004003021311318
B2116433731354N12153763WA0057500573004003015311313
B2116443731356N12153765WA0057500573004003018324335
B2116453731359N12153767WA0057500573004003018336333
B2116463731362N12153768WA0057400572004003021344333
B2116473731365N12153769WA0057400572004003021346317
B2116483731368N12153770WA0057200571004003021342292
B2116493731369N12153772WA0057000569004003016306278
B2116503731370N12153775WA0056700565005003016278280
B2116513731369N12153779WA0056400562004003023258256
B2116523731368N12153784WA0056200562004003025239239
B2116533731365N12153787WA0056000561004003025216215
B2116543731361N12153789WA0055900559004003026189201
B2116553731357N12153788WA0055700557004003030166190
B2116563731352N12153785WA0055500555004003033157172
B2116573731348N12153783WA0055300552004003033157170
B2116583731342N12153780WA0055100550004003035158169
B2116593731336N12153778WA0054900548004003043161168
B2117003731329N12153775WA0054800547004003044161154
B2117013731323N12153772WA0054800548004003044157148
B2117023731317N12153769WA0054900549004003044157151
B2117033731312N12153766WA0055100551004003036160164
B2117043731307N12153764WA0055200550004003036165207
B2117053731303N12153764WA0055300551004003031175197
B2117063731299N12153763WA0055300550004003029182217
B2117073731295N12153764WA0055200550004003030202223
B2117083731291N12153769WA0055100549004003032225245
B2117093731289N12153775WA0055000549004003030249263
B2117103731290N12153780WA0055000549004003030294283
B2117113731293N12153784WA0055100549005003024324308
B2117123731296N12153785WA0055200550004003024340320
B2117133731299N12153786WA0055100549004003019352326
B2117143731301N12153787WA0055100548004003014355329
B2117153731303N12153787WA0054900547004003016351329
B2117163731306N12153787WA0054700544004003021351342
B2117173731309N12153788WA0054600543004003021351338
B2117183731313N12153789WA0054400541004003024352351
B2117193731317N12153790WA0054300539004003024350342
B2117203731320N12153791WA0054100538004003024344342
B2117213731323N12153792WA0054000536004003023342339
B2117223731326N12153793WA0053800534004003022344345
B2117233731329N12153794WA0053600533004003020349346
B2117243731332N12153794WA0053400531004003021348353
B2117253731335N12153795WA0053300529004003020349344
B2117263731338N12153796WA0053100527004003020349345
B2117273731341N12153797WA0052900525004003019344331
B2117283731343N12153798WA0052700523004003020332326
B2117293731346N12153800WA0052500520004003020321318
B2117303731348N12153804WA0052300518004003022313325
B2117313731351N12153807WA0052100516004003023310326
B2117323731353N12153810WA0051800513004003023314335
B2117333731355N12153812WA0051600511004003022319327
B2117343731358N12153815WA0051300508004003022318318
B2117353731361N12153819WA0051100505004003026316320
B2117363731364N12153822WA0050800503004003028312330
B2117373731367N12153827WA0050700501004003028314299
B2117383731370N12153831WA0050700502004003031321310
B2117393731375N12153835WA0051000504004003033325334
B2117403731379N12153837WA0051200507004003033325289
B2117413731381N12153840WA0051300507004003025318295
B2117423731383N12153842WA0051300507004003022315296
B2117433731386N12153845WA0051300507004003026313320
B2117443731390N12153849WA0051300506004003031322332
B2117453731394N12153852WA0051300505004003030334324
B2117463731398N12153854WA0051200506004003031339328
B2117473731402N12153856WA0051300507004003029330302
B2117483731405N12153859WA0051400507004003029320290
B2117493731407N12153863WA0051500509004003026286270
B2117503731406N12153866WA0051600510004003019248260
B2117513731403N12153869WA0051600509004003025218231
B2117523731399N12153871WA0051500508004003031193211
B2117533731394N12153871WA0051500508004003031166186
B2117543731390N12153868WA0051500509004003033144165
B2117553731386N12153863WA0051600510004003030130144
B2117563731384N12153859WA0051700512004003030129132
B2117573731382N12153856WA0051700511004003024138143
B2117583731379N12153853WA0051500510004003024142159
B2117593731376N12153851WA0051300509004003029146157
B2118003731372N12153847WA0051100507004003033148153
B2118013731367N12153844WA0051000506004003033150172
B2118023731363N12153841WA0051100506004003033158188
B2118033731358N12153840WA0051100507004003029165183
B2118043731354N12153839WA0051100507004003029170194
B2118053731350N12153838WA0051100506004003029173171
B2118063731346N12153838WA0051000505004003028174182
B2118073731341N12153837WA0050900503004003030173170
B2118083731337N12153836WA0050700502004003030168174
B2118093731333N12153834WA0050600500004003030162178
B2118103731328N12153833WA0050400499004003029160168
B2118113731324N12153831WA0050300499004003029159166
B2118123731320N12153829WA0050100498004003031160160
B2118133731315N12153827WA0050000498004003031158158
B2118143731311N12153825WA0049800496005003031153159
B2118153731307N12153822WA0049700494004003030152192
B2118163731303N12153820WA0049400491004003030157195
B2118173731299N12153818WA0049200490004003030173196
B2118183731294N12153818WA0048900489004003031184198
B2118193731289N12153819WA0048500485004003036185201
B2118203731283N12153820WA0048300484004003037183208
B2118213731277N12153820WA0048100482004003036182209
B2118223731272N12153821WA0047900479004003035185204
B2118233731268N12153822WA0047700476004003034189207
B2118243731262N12153823WA0047500474004003038193206
B2118253731256N12153825WA0047500473004003037195223
B2118263731252N12153827WA0047500474004003037195216
B2118273731248N12153828WA0047500473004003023193219
B2118283731245N12153829WA0047400471004003023186215
B2118293731242N12153829WA0047300469004003021185224
B2118303731238N12153830WA0047000466004003021186208
B2118313731235N12153830WA0046800464004003027188233
B2118323731230N12153831WA0046700462004003029193219
B2118333731226N12153833WA0046600463004003028197230
B2118343731223N12153834WA0046700463004003028198230
B2118353731219N12153836WA0046600462004003021198224
B2118363731217N12153837WA0046400460004003021201231
B2118373731213N12153839WA0046200457004003021201218
B2118383731210N12153840WA0045900454004003023198219
B2118393731205N12153842WA0045700451004003031197211
B2118403731201N12153844WA0045500449004003033201209
B2118413731196N12153846WA0045400448004003033202226
B2118423731191N12153849WA0045400448004003033201223
B2118433731187N12153851WA0045400449004003032202208
B2118443731183N12153853WA0045500450004003032198214
B2118453731179N12153854WA0045600450004003029187216
B2118463731175N12153854WA0045500449004003026180206
B2118473731171N12153855WA0045400447004003030185205
B2118483731166N12153856WA0045200445004003036192209
B2118493731160N12153858WA0045000443004003036197209
B2118503731155N12153860WA0044900442004003036199213
B2118513731150N12153862WA0044800441004003034197237
B2118523731145N12153864WA0044800440004003034194211
B2118533731140N12153865WA0044700439004003034193221
B2118543731136N12153867WA0044400437004003033194222
B2118553731131N12153869WA0044200434004003033200222
B2118563731126N12153871WA0044000434004003037207229
B2118573731122N12153875WA0043800432004003036211228
B2118583731117N12153878WA0043800432004003036212222
B2118593731113N12153882WA0043700432004003032208213
B2119003731109N12153884WA0043600431004003032205214
B2119013731105N12153887WA0043600430004003032202222
B2119023731100N12153889WA0043500428004003032201215
B2119033731095N12153891WA0043400427004003035202218
B2119043731090N12153894WA0043300426004003036202213
B2119053731085N12153897WA0043300426004003036201216
B2119063731079N12153899WA0043400427004003037196211
B2119073731074N12153901WA0043600427004003033193192
B2119083731070N12153902WA0043800428004003033188215
B2119093731066N12153902WA0043900428004003029184199
B2119103731062N12153902WA0043900428004003028185206
B2119113731058N12153903WA0043900429004003030185210
B2119123731053N12153903WA0044100430004003032178202
B2119133731048N12153902WA0044100431004003032169219
B2119143731043N12153900WA0044200432004003032165206
B2119153731039N12153899WA0044200431004003032172224
B2119163731034N12153899WA0044200431004003032184226
B2119173731030N12153900WA0044100431004003031200220
B2119183731026N12153903WA0044100431004003030218226
B2119193731023N12153907WA0044200432004003026226239
B2119203731020N12153910WA0044200433004003026223227
B2119213731018N12153912WA0044100432004003021208216
B2119223731015N12153913WA0043900430004003021194201
B2119233731010N12153914WA0043700427004003032189191
B2119243731005N12153915WA0043400424005003037185193
B2119253730999N12153916WA0043300425004003033179179
B2119263730995N12153915WA0043200424005003033173173
B2119273730990N12153914WA0043100423004003029167186
B2119283730986N12153913WA0043000423004003032168193
B2119293730981N12153912WA0042900421004003032172192
B2119303730975N12153911WA0042900421005003037175191
B2119313730970N12153910WA0042900422005003037172174
B2119323730964N12153909WA0043100423004003037159186
B2119333730960N12153906WA0043400426004003033153192
B2119353730958N12153905WA0043700429004003028157215
B2119363730955N12153904WA0043800428004003017184210
B2119373730953N12153905WA0043800428004003022211234
B2119383730950N12153908WA0043700427004003022237254
B2119393730950N12153914WA0043700428004003027271277
B2119403730950N12153920WA0043900428004003030309305
B2119413730954N12153923WA0044200430004003031359322
B2119423730959N12153921WA0044700435004003030021003
B2119433730964N12153919WA0045100435004003030024015
B2119443730968N12153916WA0045200435004003024013004
B2119453730971N12153916WA0045200436004003023355342
B2119463730974N12153918WA0045200437004003025334326
B2119473730977N12153921WA0045200438004003024308303
B2119483730978N12153925WA0045300439004003024277285
B2119493730977N12153929WA0045300440004003022245267
B2119503730971N12153935WA0045300441004003027204218
B2119513730967N12153936WA0045300441004003027189202
B2119523730961N12153936WA0045400441004003034176184
B2119533730955N12153934WA0045400443004003039165165
B2119543730950N12153932WA0045600445004003036152156
B2119553730946N12153928WA0045900449004003036136141
B2119563730944N12153923WA0046200452004003032119127
B2119573730942N12153918WA0046400452004003030097108
B2119583730942N12153911WA0046600453004003030084085
B2119593730943N12153904WA0046800455004003037064068
B2120003730947N12153899WA0047000458004003037048048
B2120013730951N12153895WA0047200460004003034032031
B2120023730955N12153892WA0047400462004003032033012
B2120033730959N12153888WA0047600464004003032035015
B2120043730964N12153885WA0047700466004003032027009
B2120053730968N12153884WA0047900468004003032008001
B2120063730972N12153885WA0047900468004003028345347
B2120073730976N12153887WA0048000468004003028324326
B2120083730978N12153891WA0047900468004003028303310
B2120093730979N12153895WA0047800467004003022275294
B2120103730978N12153899WA0047700465004003024245274
B2120113730976N12153904WA0047500464004003024230247
B2120123730974N12153908WA0047400464004003025215240
B2120133730971N12153910WA0047500466004003025210223
B2120143730967N12153913WA0047700467004003022233232
B2120153730966N12153916WA0047800469004003022235227
B2120163730964N12153920WA0047900470004003022235228
B2120173730962N12153924WA0047900469004003024233245
B2120183730959N12153929WA0047800469004003028230251
B2120193730956N12153933WA0047700468004003029224241
B2120203730953N12153936WA0047600467004003029222227
B2120213730949N12153940WA0047500467004003029224239
B2120223730946N12153945WA0047300464004003033224218
B2120233730942N12153950WA0047100464004003034219214
B2120243730938N12153953WA0047100465004003034201194
B2120253730933N12153954WA0047200466005003034184180
B2120263730928N12153954WA0047200465004003032172175
B2120273730923N12153953WA0047100464004003032173187
B2120283730917N12153952WA0046900462005003035176183
B2120293730911N12153952WA0046800463004003042176187
B2120303730904N12153951WA0046900464004003042169174
B2120313730899N12153949WA0047100467004003039163203
B2120323730895N12153947WA0047300466004003034157170
B2120333730892N12153945WA0047300466005003030154174
B2120343730888N12153943WA0047300465004003031157168
B2120353730883N12153940WA0047300465005003037156174
B2120363730878N12153937WA0047400466004003037157192
B2120373730873N12153935WA0047500467004003037167207
B2120383730868N12153934WA0047500467004003035190218
B2120393730864N12153937WA0047400465004003028214233
B2120403730862N12153941WA0047300464004003028242252
B2120413730861N12153945WA0047200464004003024269270
B2120423730861N12153949WA0047200463004003021302291
B2120433730864N12153951WA0047200463004003021338312
B2120443730868N12153951WA0047200463004003026007343
B2120453730872N12153949WA0047300465004003029024007
B2120463730876N12153946WA0047500467004003027039027
B2120473730878N12153942WA0047500468004003027059045
B2120483730880N12153937WA0047600468004003027077060
B2120493730880N12153932WA0047600467004003030086078
B2120503730880N12153925WA0047500466005003036088090
B2120513730880N12153918WA0047400465004003036089102
B2120523730880N12153909WA0047500466004003043094111
B2120533730880N12153900WA0047700468004003045101118
B2120543730877N12153893WA0048000472004003039115129
B2120553730874N12153887WA0048300475004003039131136
B2120563730870N12153884WA0048500477004003034144146
B2120573730866N12153880WA0048700479004003034149163
B2120583730861N12153878WA0048900480004003033159170
B2120593730857N12153877WA0049000482004003030174179
B2121003730852N12153877WA0049200482004003030194197
B2121013730850N12153878WA0049300484004003025212218
B2121023730848N12153881WA0049200483004003017251236
B2121033730849N12153883WA0049200483004003015302269
B2121043730851N12153885WA0049200483004003018330308
B2121053730854N12153886WA0049300484004003020346331
B2121063730857N12153887WA0049500486004003020357340
B2121073730861N12153886WA0049600488004003023005343
B2121083730865N12153886WA0049800490005003028007330
B2121093730869N12153885WA0050000493004003028001325
B2121103730872N12153886WA0050300495004003025338318
B2121113730873N12153888WA0050400496004003018303311
B2121123730874N12153891WA0050500497004003017288293
B2121133730875N12153894WA0050500497004003020289290
B2121143730876N12153898WA0050500497004003020290298
B2121153730877N12153901WA0050500497005003019294307
B2121163730879N12153903WA0050400496004003017315319
B2121173730881N12153905WA0050300494005003020339334
B2121183730885N12153905WA0050100492004003024002347
B2121193730889N12153904WA0049900490004003024023003
B2121203730892N12153901WA0049700489004003027039023
B2121213730895N12153897WA0049700488004003027054048
B2121223730897N12153892WA0049500488004003029070061
B2121233730898N12153886WA0049400487005003035081072
B2121243730898N12153878WA0049200485004003035087078
B2121253730898N12153870WA0049100484004003042092071
B2121263730898N12153863WA0049100484004003037093062
B2121273730898N12153856WA0049100484005003037090083
B2121283730898N12153849WA0049000483004003037087082
B2121293730898N12153841WA0048900482004003040092086
B2121303730897N12153831WA0048900482004003050098083
B2121313730896N12153822WA0049100483004003050100075
B2121323730895N12153814WA0049400487004003047097082
B2121333730894N12153806WA0049700490004003042093098
B2121343730894N12153799WA0049900493005003042092093
B2121353730893N12153791WA0050200496004003042093116
B2121363730893N12153784WA0050500499004003040093103
B2121373730893N12153777WA0050700501004003038091112
B2121383730893N12153769WA0050900503004003038092121
B2121393730892N12153762WA0051100505004003039097113
B2121413730891N12153755WA0051300507004003039104111
B2121423730889N12153748WA0051500510004003037108113
B2121433730887N12153742WA0051700511004003036111127
B2121443730885N12153736WA0051900513004003033115141
B2121453730883N12153732WA0052000514004003033132159
B2121463730879N12153730WA0051900513004003027165170
B2121473730876N12153729WA0051800513004003026210205
B2121483730874N12153734WA0051800512005003026245242
B2121493730874N12153739WA0051800513004003026276270
B2121503730876N12153743WA0051900515004003026311293
B2121513730880N12153746WA0052100516004003026341316
B2121523730885N12153746WA0052300519004003029003337
B2121533730890N12153744WA0052500520004003033021356
B2121543730895N12153741WA0052700522004003038033012
B2121553730900N12153736WA0052900523004003040042024
B2121563730904N12153731WA0053000525004003040048034
B2121573730908N12153725WA0053300525004003041056044
B2121583730911N12153718WA0053500528004003041063052
B2121593730913N12153711WA0053700531004003039070057
B2122003730914N12153704WA0053900533004003039074049
B2122013730916N12153698WA0054000534004003037065036
B2122023730919N12153692WA0054100535004003035047031
B2122033730923N12153689WA0054200535004003035026014
B2122043730928N12153688WA0054300536004003032006352
B2122053730932N12153689WA0054400538004003032340338
B2122063730934N12153692WA0054500540004003026303320
B2122073730935N12153696WA0054700541005003020271294
B2122083730934N12153700WA0054800543005003020253268
B2122093730932N12153703WA0055000545005003021230254
B2122103730929N12153705WA0055200547005003025202238
B2122113730925N12153706WA0055300549004003025176213
B2122123730920N12153704WA0055500550004003031159188
B2122133730916N12153701WA0055700553004003033146162
B2122143730912N12153696WA0055900554005003037132143
B2122153730909N12153689WA0056100557004003042114120
B2122163730907N12153681WA0056200558004003042095100
B2122173730909N12153673WA0056400560004003042076078
B2122183730911N12153666WA0056600562004003041059059
B2122193730915N12153661WA0056800564005003036045041
B2122203730919N12153657WA0056900565004003036036028
B2122213730923N12153654WA0057000566004003032029019
B2122223730927N12153652WA0057100567004003030018010
B2122233730931N12153651WA0057200568004003029002359
B2122243730934N12153652WA0057300569005003025338345
B2122253730937N12153656WA0057400570005003025307323
B2122263730938N12153660WA0057500572004003024276300
B2122273730937N12153664WA0057700574004003024246277
B2122283730934N12153668WA0058000577004003024221254
B2122293730931N12153670WA0058200579005003025197234
B2122303730927N12153670WA0058400581004003027179214
B2122313730922N12153669WA0058500582004003027168191
B2122323730917N12153667WA0058600583004003030157177
B2122333730912N12153663WA0058700584005003035144162
B2122343730908N12153658WA0058900586004003043130143
B2122353730905N12153651WA0059100588004003043119120
B2122363730903N12153644WA0059200589004003041106112
B2122373730902N12153636WA0059300589004003041095093
B2122383730902N12153628WA0059300590004003042087076
B2122393730903N12153620WA0059400590004003043076065
B2122403730906N12153613WA0059400591004003043061054
B2122413730909N12153607WA0059500592004003040043039
B2122423730913N12153604WA0059600593004003035024023
B2122433730918N12153602WA0059700594004003030015004
B2122443730922N12153601WA0059800594004003027006354
B2122453730926N12153601WA0059900596004003027004346
B2122463730929N12153601WA0060100598004003024007342
B2122473730932N12153600WA0060300600004003022003344
B2122483730935N12153600WA0060500602004003022358335
B2122493730937N12153600WA0060700604004003015357328
B2122503730939N12153601WA0060800606004003015335321
B2122513730941N12153603WA0060900606004003012302309
B2122523730941N12153605WA0060900606004003012273289
B2122533730940N12153608WA0060800605005003013244273
B2122543730939N12153611WA0060800605004003022230252
B2122553730936N12153614WA0060900606004003026219232
B2122563730932N12153617WA0061000608004003026207218
B2122573730928N12153618WA0061200611005003027182206
B2122583730924N12153617WA0061500613005003029162184
B2122593730919N12153614WA0061600614004003034147169
B2123003730915N12153609WA0061800616004003037139148
B2123013730911N12153604WA0061900616004003037131132
B2123023730907N12153597WA0062000617005003042121123
B2123033730904N12153589WA0062100619004003044110111
B2123043730903N12153581WA0062200620004003041097094
B2123053730904N12153574WA0062300621004003041082083
B2123063730906N12153566WA0062300621004003041067065
B2123073730909N12153561WA0062400621004003039046047
B2123083730913N12153558WA0062400622004003035021027
B2123093730917N12153557WA0062500624004003030004002
B2123103730922N12153557WA0062800624004003030002340
B2123113730924N12153558WA0063000627005003030339338
B2123123730925N12153559WA0063200627004003012284321
B2123133730924N12153561WA0063200627005003012263276
B2123143730924N12153565WA0063200627004003023262268
B2123153730923N12153570WA0063300628004003024268275
B2123163730923N12153574WA0063600630004003023283275
B2123173730924N12153576WA0063800634004003017294288
B2123183730924N12153578WA0064100637004003011298300
B2123193730925N12153580WA0064300639004003013295292
B2123203730927N12153584WA0064700642004003013304278
B2123213730928N12153587WA0064800644004003014270260
B2123223730928N12153589WA0064900644004003014246243
B2123233730924N12153593WA0064900645004003032216221
B2123243730920N12153596WA0065100646004003043180198
B2123253730914N12153594WA0065300649004003043156172
B2123263730908N12153588WA0065600653004003043137150
B2123273730905N12153582WA0065800655004003041120131
B2123283730902N12153575WA0065900656004003039113113
B2123293730901N12153568WA0066000656004003040091104
B2123303730902N12153560WA0066000656005003040072077
B2123313730905N12153554WA0066100657005003040053056
B2123323730909N12153550WA0066200659004003036031034
B2123333730914N12153548WA0066300659004003027008011
B2123353730917N12153548WA0066400661004003027354346
B2123363730920N12153549WA0066600663004003023349333
B2123373730923N12153550WA0066800665004003020352326
B2123383730926N12153550WA0067000666004003016357316
B2123393730928N12153550WA0067200667004003016355313
B2123403730928N12153550WA0067200667004003007355314
B2123413730928N12153552WA0067200666004003007256303
B2123423730928N12153555WA0067100665004003021285275
B2123433730929N12153559WA0067000666004003024293277
B2123443730931N12153563WA0067200669004003021285271
B2123453730931N12153566WA0067400672005003019256267
B2123463730930N12153568WA0067500672005003020215250
B2123473730927N12153570WA0067500672005003029203223
B2123483730922N12153572WA0067600674005003029193213
B2123493730917N12153573WA0067900676005003034178201
B2123503730912N12153573WA0068200677004003030173196
B2123513730907N12153572WA0068400677004003030172206
B2123523730905N12153572WA0068600680004003019197217
B2123533730903N12153574WA0068700681004003019223241
B2123543730901N12153577WA0068800682004003020242258
B2123553730900N12153581WA0068900684004003020267276
B2123563730902N12153584WA0069100687004003020303293
B2123573730903N12153587WA0069200687004003020340311
B2123583730907N12153587WA0069400688004003020012335
B2123593730912N12153584WA0069400689004003028034355
B2124003730916N12153579WA0069500690005003040058021
B2124013730919N12153572WA0069700692004003044068055
B2124023730920N12153563WA0069900695004003043081070
B2124033730921N12153554WA0070000696004003043098086
B2124043730919N12153547WA0070100696005003041118104
B2124053730915N12153542WA0070200697005003040136129
B2124063730910N12153537WA0070300698005003040155151
B2124073730904N12153535WA0070200699005003039172172
B2124083730899N12153536WA0070300701004003035190189
B2124093730895N12153538WA0070400702004003031208208
B2124103730892N12153541WA0070500704004003023222226
B2124113730890N12153544WA0070700707004003023232241
B2124123730888N12153547WA0070800709004003019243248
B2124133730888N12153550WA0071000710004003017258258
B2124143730888N12153553WA0071000710004003017282270
B2124153730890N12153556WA0071000710004003020313285
B2124163730893N12153559WA0071100710004003024336305
B2124173730897N12153560WA0071200711004003024355322
B2124183730901N12153559WA0071300713004003027013336
B2124193730906N12153556WA0071400714004003029030353
B2124203730910N12153552WA0071400714004003036048011
B2124213730913N12153547WA0071600716004003036058033
B2124223730915N12153540WA0071700717004003036072045
B2124233730916N12153533WA0071800718004003036089061
B2124243730915N12153526WA0071900718004003037100089
B2124253730913N12153517WA0071900719004003047105108
B2124263730911N12153509WA0072100720004003047113117
B2124273730907N12153502WA0072300723005003046129127
B2124283730902N12153497WA0072500724005003040143144
B2124293730898N12153494WA0072600725004003038153159
B2124303730892N12153492WA0072600726004003038167171
B2124313730886N12153492WA0072700728004003038184189
B2124323730882N12153493WA0072900730004003035201204
B2124333730878N12153497WA0073100731005003031221220
B2124343730876N12153501WA0073200732004003028243238
B2124353730875N12153506WA0073300734004003024259256
B2124363730876N12153510WA0073400736005003024279269
B2124373730877N12153513WA0073600737005003020307283
B2124383730879N12153515WA0073600738004003020333300
B2124393730883N12153516WA0073700738004003020353318
B2124403730887N12153515WA0073700738004003032009332
B2124413730892N12153513WA0073800738005003035028352
B2124423730897N12153509WA0073800739004003035049012
B2124433730899N12153502WA0073900740004003038064033
B2124443730901N12153495WA0073900740004003038077051
B2124453730902N12153487WA0073900740004003041085072
B2124463730902N12153479WA0074000741004003044091085
B2124473730898N12153462WA0074100743005003044120113
B2124483730893N12153457WA0074200744005003044143130
B2124493730888N12153455WA0074400746004003037163156
B2124503730882N12153454WA0074600748004003037176181
B2124513730878N12153454WA0074700750005003033186195
B2124523730874N12153456WA0074700750005003029202207
B2124533730872N12153459WA0074700750005003025234223
B2124543730871N12153463WA0074700750004003023261251
B2124553730871N12153467WA0074800751004003023278274
B2124563730872N12153471WA0075000753004003022284283
B2124573730872N12153474WA0075100755005003019286294
B2124583730873N12153477WA0075200756004003017291302
B2124593730875N12153480WA0075300756004003019312312
B2125003730877N12153482WA0075300756004003022325322
B2125013730881N12153484WA0075300756004003022345335
B2125023730885N12153485WA0075400757004003028000346
B2125033730890N12153483WA0075400758004003032018359
B2125043730895N12153479WA0075500759004003037035013
B2125053730899N12153474WA0075600760005003037053029
B2125063730902N12153468WA0075700760004003037067046
B2125073730903N12153461WA0075800761004003038079059
B2125083730903N12153453WA0075800761005003039094075
B2125093730901N12153445WA0075900762005003044112094
B2125103730898N12153438WA0076000763004003044124121
B2125113730894N12153432WA0076100764005003042128137
B2125123730890N12153426WA0076200765005003041132148
B2125133730885N12153421WA0076300766004003041142157
B2125143730880N12153417WA0076300766004003038153171
B2125153730875N12153415WA0076400767005003038162177
B2125163730870N12153414WA0076500768005003036171191
B2125173730865N12153413WA0076600769004003032184200
B2125183730862N12153415WA0076700770004003028200211
B2125193730859N12153417WA0076800771004003025215231
B2125203730856N12153421WA0076800771004003025233242
B2125213730855N12153425WA0076800772004003025256259
B2125223730855N12153430WA0076900773005003026275279
B2125233730855N12153434WA0077000773004003026293298
B2125243730858N12153438WA0077200775005003023313310
B2125253730861N12153441WA0077300776004003025330323
B2125263730864N12153442WA0077300776004003025342331
B2125273730869N12153444WA0077300776004003028347341
B2125283730873N12153445WA0077300776004003030352354
B2125293730879N12153445WA0077300776004003034000000
B2125303730884N12153444WA0077300776004003038012012
B2125313730890N12153441WA0077400777004003038023020
B2125323730895N12153437WA0077500778004003040034030
B2125333730899N12153432WA0077600780004003040050040
B2125343730902N12153425WA0077700781004003041067052
B2125353730903N12153418WA0077900782004003041082070
B2125363730902N12153410WA0078000783004003040098086
B2125373730900N12153404WA0078100784005003039115104
B2125383730897N12153398WA0078100784004003039131126
B2125393730893N12153393WA0078200784004003038149144
B2125403730887N12153390WA0078200785005003038161168
B2125413730882N12153389WA0078200786004003038172183
B2125423730876N12153389WA0078300786004003038179197
B2125433730871N12153389WA0078400787005003037186211
B2125443730866N12153390WA0078500789005003029199219
B2125453730863N12153393WA0078600790005003029217233
B2125463730861N12153397WA0078600790004003026237245
B2125473730860N12153401WA0078700791004003024262260
B2125483730861N12153405WA0078700791004003024294277
B2125493730863N12153409WA0078800791004003026320300
B2125503730867N12153411WA0078800792004003028343320
B2125523730871N12153411WA0078800792004003028000337
B2125533730876N12153410WA0078800792004003029016357
B2125543730881N12153407WA0078800791004003038030015
B2125553730885N12153402WA0078700791004003044048035
B2125563730888N12153394WA0078700790004003044068057
B2125573730889N12153386WA0078700790004003044090076
B2125583730887N12153378WA0078800791005003043111098
B2125593730884N12153372WA0078800792004003041130123
B2126003730879N12153368WA0078800792005003041150146
B2126013730874N12153366WA0078900793004003037170167
B2126023730869N12153366WA0079000793004003033184191
B2126033730865N12153367WA0079000794004003030198207
B2126043730863N12153369WA0079000794004003021220225
B2126053730861N12153373WA0079000794004003021240247
B2126063730860N12153376WA0079000794004003021252258
B2126073730859N12153380WA0079100794004003021262266
B2126083730860N12153384WA0079100795004003020276279
B2126093730861N12153388WA0079100795004003023293293
B2126103730863N12153392WA0079200796004003024309309
B2126113730866N12153394WA0079300798004003024330328
B2126123730870N12153396WA0079500799004003026346344
B2126133730874N12153396WA0079600800004003027006354
B2126143730879N12153395WA0079600800004003033018007
B2126153730883N12153392WA0079700801004003035024019
B2126163730888N12153389WA0079700801005003035034035
B2126173730892N12153384WA0079800802004003037049048
B2126183730895N12153377WA0080000804005003038066064
B2126193730896N12153369WA0080200806004003041085081
B2126203730895N12153362WA0080300808004003041104101
B2126213730892N12153357WA0080400810004003036124119
B2126223730889N12153353WA0080500810004003032140142
B2126233730886N12153350WA0080500810004003029155163
B2126243730882N12153349WA0080500810004003026179183
B2126253730878N12153351WA0080500809004003026205212
B2126263730875N12153354WA0080600810004003026228228
B2126273730874N12153358WA0080700812004003025259258
B2126283730874N12153362WA0080900815004003022285275
B2126293730875N12153365WA0081100817005003019298286
B2126303730877N12153368WA0081300818004003021298297
B2126313730878N12153372WA0081500820004003021300302
B2126323730884N12153378WA0081700823004003024332302
B2126333730888N12153380WA0081800824004003028337296
B2126343730892N12153382WA0082000826004003028332302
B2126353730895N12153385WA0082200827004003028325292
B2126363730898N12153388WA0082300829004003026322289
B2126373730901N12153391WA0082400831004003025320280
B2126383730903N12153394WA0082600832004003023316311
B2126393730906N12153397WA0082600832004003023314312
B2126403730909N12153399WA0082700832004003023336332
B2126413730912N12153401WA0082600831005003026007347
B2126423730917N12153399WA0082500831005003033032010
B2126433730922N12153393WA0082500831004003038050029
B2126443730926N12153386WA0082400831004003038068049
B2126453730927N12153379WA0082400831004003037083071
B2126463730926N12153373WA0082300831004003033105090
B2126473730923N12153368WA0082300830004003033124115
B2126483730919N12153363WA0082300830004003035137143
B2126493730915N12153359WA0082300829005003035142159
B2126503730911N12153356WA0082200829004003034152172
B2126513730906N12153354WA0082100828004003033169191
B2126523730901N12153354WA0082000827004003033188209
B2126533730896N12153356WA0082100827004003034202222
B2126543730892N12153359WA0082100828004003034216242
B2126553730889N12153363WA0082200829004003033230257
B2126563730887N12153368WA0082300831004003031246270
B2126573730886N12153373WA0082400832004003027263270
B2126583730886N12153377WA0082500833005003025278284
B2126593730887N12153382WA0082600833004003027287277
B2127003730889N12153387WA0082600834004003027290265
B2127013730890N12153392WA0082700834004003027283239
B2127023730890N12153396WA0082900836004003026266238
B2127033730889N12153400WA0083000836004003022240245
B2127043730886N12153404WA0083000836004003029226237
B2127053730883N12153408WA0083100836004003029224222
B2127063730880N12153412WA0083200838004003029235230
B2127073730879N12153417WA0083300840004003028250250
B2127083730877N12153421WA0083400841004003025251259
B2127093730876N12153426WA0083500842004003025245234
B2127103730874N12153430WA0083600843004003025240236
B2127113730872N12153435WA0083600843004003027238230
B2127123730869N12153439WA0083700843004003030235220
B2127133730866N12153444WA0083700845004003033225213
B2127143730862N12153448WA0083900846005003034206204
B2127153730857N12153449WA0084000848004003034185192
B2127163730851N12153448WA0084200850004003035171178
B2127173730847N12153446WA0084400852004003035158166
B2127183730843N12153443WA0084700854004003031139153
B2127193730840N12153438WA0084800855004003031117135
B2127203730838N12153433WA0084700854004003031095109
B2127213730840N12153426WA0084600853004003032070082
B2127223730843N12153420WA0084600853004003036048052
B2127233730848N12153416WA0084600853004003037025030
B2127243730854N12153415WA0084700854004003037003007
B2127253730859N12153416WA0084800856004003035343348
B2127263730863N12153418WA0085000858004003033332329
B2127273730866N12153421WA0085200860005003030321320
B2127283730869N12153425WA0085300862004003024313306
B2127293730871N12153428WA0085400862004003024306296
B2127303730873N12153432WA0085400862004003024297288
B2127313730874N12153437WA0085300860004003025289279
B2127323730875N12153443WA0085200859004003030278267
B2127333730875N12153450WA0085100859004003036266258
B2127343730874N12153457WA0085000858004003036254246
B2127353730872N12153463WA0085000857004003035241240
B2127363730869N12153468WA0084900857004003035228235
B2127373730865N12153472WA0084800855004003035216225
B2127383730860N12153475WA0084700854004003037204218
B2127393730855N12153478WA0084600853005003038196209
B2127403730849N12153479WA0084600853004003038195204
B2127413730843N12153481WA0084600854004003039193198
B2127423730837N12153483WA0084700855004003040192193
B2127433730831N12153484WA0084800856004003041188193
B2127443730825N12153485WA0084900857004003041180185
B2127453730820N12153484WA0085000858004003038171174
B2127463730815N12153483WA0085100859004003035168172
B2127473730810N12153482WA0085100859004003034169174
B2127483730805N12153481WA0085100859004003034176180
B2127493730800N12153481WA0085100858004003035183173
B2127503730795N12153482WA0085000858004003035183168
B2127513730790N12153481WA0084900857004003035174164
B2127523730785N12153480WA0084800856005003031149156
B2127533730782N12153476WA0084600853004003032130139
B2127543730780N12153470WA0084300850005003034115121
B2127553730778N12153464WA0084100850005003032099105
B2127563730778N12153459WA0083900848004003031083089
B2127583730779N12153453WA0083700846004003028068073
B2127593730781N12153448WA0083500843004003031064056
B2128003730783N12153443WA0083300841004003031068056
B2128013730785N12153437WA0083100839004003033073055
B2128023730786N12153431WA0083000838004003031073055
B2128033730788N12153425WA0083000838004003033072049
B2128043730790N12153419WA0083000838004003032068063
B2128053730792N12153415WA0083000838004003032058050
B2128063730794N12153411WA0083000837004003026054052
B2128073730795N12153408WA0082900837004003023060056
B2128083730797N12153403WA0082700835004003029063053
B2128093730799N12153398WA0082600835004003029064046
B2128103730802N12153391WA0082600835004003034066048
B2128113730804N12153386WA0082600836004003034070065
B2128123730805N12153381WA0082700836004003028077059
B2128133730805N12153375WA0082700836004003029084065
B2128143730805N12153370WA0082600835004003029087057
B2128153730805N12153364WA0082600835004003031089061
B2128163730805N12153357WA0082600834004003033089061
B2128173730805N12153350WA0082600834004003035089066
B2128183730805N12153344WA0082700835004003035091062
B2128193730805N12153339WA0082800835004003032093094
B2128203730805N12153333WA0082900836004003029101090
B2128213730804N12153328WA0082900835004003029104117
B2128223730802N12153323WA0082800835004003032106097
B2128233730801N12153317WA0082700834004003032101080
B2128243730801N12153311WA0082500831004003031091074
B2128253730801N12153305WA0082400829004003031087061
B2128263730801N12153297WA0082200828004003037091065
B2128273730800N12153289WA0082100827004003042094076
B2128283730800N12153281WA0082100827004003042098067
B2128293730798N12153274WA0082100828004003040102072
B2128303730797N12153268WA0082100828005003037104076
B2128313730796N12153261WA0082100827004003036100081
B2128323730795N12153254WA0082000826004003037091077
B2128333730795N12153247WA0082000827004003039083071
B2128343730796N12153240WA0082000827005003037080066
B2128353730797N12153234WA0082100828004003036080066
B2128363730798N12153228WA0082200829004003033081066
B2128373730799N12153222WA0082200829004003034081068
B2128383730800N12153215WA0082200829005003037081064
B2128393730801N12153208WA0082300830004003037082061
B2128403730802N12153201WA0082400831004003037078072
B2128413730803N12153195WA0082400831005003034074059
B2128423730804N12153189WA0082300830004003038074058
B2128433730806N12153181WA0082200828004003043077062
B2128443730807N12153173WA0082200828004003043081069
B2128453730808N12153164WA0082200829004003046085076
B2128463730808N12153156WA0082400831004003046090071
B2128473730807N12153149WA0082500833004003039095079
B2128483730807N12153141WA0082600833004003039098089
B2128493730806N12153134WA0082600833004003039098086
B2128503730805N12153126WA0082700833004003041098082
B2128513730804N12153118WA0082700833004003042097078
B2128523730803N12153109WA0082700834004003047094098
B2128533730803N12153100WA0082800835004003047091088
B2128543730803N12153084WA0083100839004003043090102
B2128553730803N12153076WA0083300840004003042093091
B2128563730802N12153068WA0083400841004003048096097
B2128573730801N12153059WA0083500842004003050097109
B2128583730800N12153050WA0083700845004003048102135
B2128593730798N12153043WA0084100849004003045113136
B2129003730795N12153036WA0084400849005003038129139
B2129013730791N12153031WA0084800850005003038136134
B2129023730788N12153027WA0085200855005003038136162
B2129033730784N12153023WA0085500855005003032141151
B2129043730781N12153021WA0085700858005003026149170
B2129053730777N12153018WA0085900860004003026158163
B2129063730772N12153016WA0086000861004003036159194
B2129073730767N12153014WA0086200862005003036166191
B2129083730763N12153013WA0086500864004003031180205
B2129093730759N12153014WA0086700864004003024212215
B2129103730757N12153016WA0086900867004003019232232
B2129113730756N12153020WA0087000869004003022251253
B2129123730755N12153025WA0087200871004003023268262
B2129133730756N12153029WA0087400875004003023289292
B2129143730758N12153033WA0087800881004003023310314
B2129153730760N12153035WA0088200881004003020340323
B2129163730762N12153035WA0088500881004003020007319
B2129173730766N12153034WA0088500883004003023011317
B2129183730769N12153034WA0088500884004003023357317
B2129193730773N12153035WA0088500885004003023334308
B2129203730775N12153037WA0088600886004003022306295
B2129213730776N12153041WA0088600887005003017279283
B2129223730776N12153044WA0088700889004003021255271
B2129233730774N12153048WA0088900891004003021237250
B2129243730772N12153051WA0089000894004003021219242
B2129253730770N12153053WA0089200896004003020209228
B2129263730767N12153054WA0089300897004003020205226
B2129273730764N12153056WA0089300897004003022207227
B2129283730761N12153059WA0089500899004003022209236
B2129293730758N12153061WA0089600901004003022225240
B2129303730757N12153065WA0089700902004003022254269
B2129313730758N12153068WA0089700902004003021277263
B2129323730758N12153073WA0089700902005003025292300
B2129333730760N12153077WA0089700902004003025299296
B2129343730763N12153081WA0089700903005003026318329
B2129353730766N12153084WA0089700903004003026347342
B2129363730771N12153084WA0089700902004003034013002
B2129373730777N12153080WA0089600901004003042030022
B2129383730783N12153075WA0089600902004003042048039
B2129393730787N12153067WA0089700903005003044077051
B2129403730787N12153058WA0089800904004003044092081
B2129413730785N12153051WA0090000906004003041109103
B2129423730781N12153044WA0090100908004003041122126
B2129433730778N12153038WA0090200910004003040132144
B2129443730773N12153033WA0090300910004003039147155
B2129453730768N12153031WA0090400911004003036171178
B2129463730764N12153032WA0090400911004003029199200
B2129473730760N12153035WA0090500913004003029219229
B2129483730759N12153038WA0090600914004003024238239
B2129493730758N12153041WA0090600913004003018258255
B2129503730758N12153044WA0090400912004003018269272
B2129513730758N12153048WA0090300911004003023278276
B2129533730760N12153058WA0090200910004003026293286
B2129543730762N12153062WA0090200911005003024298292
B2129553730764N12153065WA0090300911004003024306282
B2129563730766N12153068WA0090300911004003022304299
B2129573730768N12153072WA0090300912004003026298270
B2129583730769N12153077WA0090400912004003025294288
B2129593730770N12153081WA0090500914004003025288278
B2130003730771N12153085WA0090600916004003022282298
B2130013730772N12153088WA0090800917004003017287294
B2130023730773N12153091WA0090900918004003017312323
B2130043730776N12153092WA0090900918004003017340311
B2130053730779N12153093WA0090900918004003020356342
B2130063730783N12153093WA0090900918004003028002318
B2130073730787N12153093WA0090900918004003028354307
B2130083730790N12153094WA0090900919004003023328305
B2130093730792N12153097WA0090900918004003019303290
B2130103730793N12153101WA0090800917004003019289280
B2130113730794N12153104WA0090800917005003020280268
B2130123730794N12153108WA0090700916004003020274262
B2130133730794N12153112WA0090600915004003019269255
B2130143730794N12153115WA0090600914004003019259245
B2130153730793N12153119WA0090400913004003020241237
B2130163730790N12153122WA0090300912005003025218228
B2130173730786N12153124WA0090200910004003028194214
B2130183730781N12153124WA0090100909004003028176200
B2130193730777N12153123WA0090000909004003032163188
B2130203730772N12153120WA0090000908004003032153175
B2130213730768N12153117WA0089800907004003032144167
B2130223730764N12153113WA0089700906004003037136158
B2130233730760N12153107WA0089500904004003037128147
B2130243730757N12153100WA0089400902004003041121138
B2130253730754N12153093WA0089300902004003041115129
B2130263730752N12153086WA0089300902004003039110121
B2130273730750N12153080WA0089200902004003039106117
B2130283730749N12153073WA0089200901004003039102111
B2130293730747N12153065WA0089100901004003039101106
B2130303730746N12153058WA0089100900004003039098101
B2130313730746N12153050WA0089000899004003042096098
B2130323730745N12153042WA0088900899004003043094090
B2130333730745N12153034WA0088900899004003043093087
B2130343730744N12153026WA0088900899004003043095080
B2130353730743N12153018WA0088900899004003042096088
B2130363730743N12153010WA0088900899004003041094085
B2130373730743N12153002WA0088900898004003042090088
B2130383730743N12152995WA0088800897004003041086088
B2130393730743N12152987WA0088700896004003041087089
B2130403730743N12152979WA0088600895004003041091085
B2130413730743N12152971WA0088500895004003043094081
B2130423730743N12152963WA0088600895004003043090070
B2130433730743N12152955WA0088600895004003043085079
B2130443730743N12152947WA0088600895004003041084065
B2130453730744N12152939WA0088600895004003041086081
B2130463730744N12152931WA0088600894005003044087088
B2130473730745N12152923WA0088600895004003044086068
B2130483730745N12152915WA0088600895005003043087066
B2130493730745N12152908WA0088600895004003039090060
B2130503730745N12152902WA0088600894004003035091081
B2130513730745N12152895WA0088400894004003040091076
B2130523730744N12152887WA0088300892004003042094079
B2130533730744N12152879WA0088100891004003042095094
B2130543730743N12152871WA0088100890005003044097103
B2130553730742N12152863WA0088000890004003044104133
B2130563730739N12152855WA0087900889004003043120136
B2130573730734N12152850WA0087800888004003043141165
B2130583730729N12152847WA0087800887004003042159188
B2130593730724N12152846WA0087900888004003039176207
B2131003730720N12152846WA0087900888004003029204222
B2131013730719N12152848WA0087800886004003018237239
B2131023730719N12152856WA0087600884004003019284267
B2131033730720N12152859WA0087600885005003019306275
B2131043730722N12152862WA0087700885004003019314289
B2131053730724N12152865WA0087800887004003020313294
B2131063730727N12152867WA0087800887004003024315296
B2131073730730N12152871WA0087900887004003024319300
B2131083730733N12152874WA0088000888004003025323287
B2131093730736N12152876WA0088100889004003025326280
B2131103730739N12152878WA0088200889004003021330274
B2131113730741N12152880WA0088100889004003021327291
B2131123730743N12152882WA0088000887004003019318293
B2131133730746N12152885WA0087800886004003019314292
B2131143730748N12152889WA0087600884004003023315286
B2131153730751N12152892WA0087500883004003025321283
B2131163730754N12152895WA0087500883004003025327282
B2131173730757N12152897WA0087400882004003024323295
B2131183730760N12152900WA0087200881004003024319293
B2131193730763N12152903WA0087200880004003024316298
B2131203730765N12152907WA0087100879004003026314297
B2131213730768N12152910WA0087000879004003026320284
B2131223730771N12152912WA0087100880004003025333281
B2131233730774N12152914WA0087200881004003024339289
B2131243730777N12152915WA0087200882004003021326294
B2131253730779N12152919WA0087200881004003029306296
B2131263730782N12152924WA0087300882004003032298282
B2131273730784N12152929WA0087400883004003029295281
B2131283730786N12152934WA0087500885004003029293281
B2131293730787N12152938WA0087700887004003026294280
B2131303730789N12152942WA0087900889004003023295292
B2131313730790N12152946WA0088000888004003023301273
B2131323730792N12152948WA0087900888004003018305278
B2131333730793N12152951WA0087900887004003017301277
B2131343730794N12152954WA0087700885004003017296272
B2131353730796N12152959WA0087600884004003027298269
B2131363730798N12152963WA0087600884004003027299275
B2131373730800N12152967WA0087500884004003027297270
B2131383730802N12152972WA0087500883004003026291273
B2131393730803N12152976WA0087500883004003025286270
B2131403730804N12152980WA0087400883004003022282269
B2131413730804N12152984WA0087400883004003022268264
B2131423730803N12152988WA0087400882005003020240258
B2131433730800N12152990WA0087300881005003020215247
B2131443730797N12152993WA0087300881004003024205232
B2131453730793N12152995WA0087300881004003026206239
B2131463730790N12152997WA0087300882004003026219245
B2131473730788N12153001WA0087300882004003024237250
B2131483730786N12153005WA0087400882004003024253259
B2131493730786N12153009WA0087400882004003024259270
B2131503730785N12153014WA0087600884004003022266270
B2131513730786N12153017WA0087700886004003022281278
B2131523730787N12153020WA0087800887004003019301285
B2131533730789N12153023WA0087800886004003019320300
B2131543730791N12153025WA0087800886004003019324309
B2131553730795N12153028WA0087700886004003029326315
B2131563730799N12153031WA0087800886004003033328320
B2131573730803N12153034WA0088100888004003029330320
B2131583730806N12153036WA0088300891005003028335309
B2131593730808N12153038WA0088500893005003021332315
B2132003730810N12153039WA0088600894004003014315302
B2132013730811N12153042WA0088700895004003018299293
B2132023730813N12153045WA0088800896005003018294283
B2132033730814N12153049WA0088900898004003018276266
B2132043730813N12153052WA0089100900004003018239243
B2132053730810N12153054WA0089300901004003022207222
B2132063730807N12153055WA0089500904004003027191207
B2132073730802N12153055WA0089700906005003027169183
B2132083730799N12153052WA0089900908004003028147165
B2132103730795N12153048WA0090100909004003034132150
B2132113730792N12153042WA0090200910004003038119132
B2132123730790N12153035WA0090300911004003038112117
B2132133730788N12153029WA0090400912004003038101089
B2132143730788N12153022WA0090400913004003036087077
B2132153730790N12153016WA0090500914004003033062062
B2132163730794N12153011WA0090500914004003038041034
B2132173730799N12153007WA0090700916004003038027012
B2132183730804N12153005WA0090800918004003038014349
B2132193730809N12153005WA0091100921004003036355341
B2132203730813N12153006WA0091300921004003023339320
B2132213730815N12153008WA0091500922005003023326304
B2132223730817N12153010WA0091500923005003020317295
B2132233730819N12153013WA0091600923005003020307287
B2132243730821N12153017WA0091600924005003021300288
B2132253730822N12153020WA0091600924004003023299287
B2132263730824N12153024WA0091700925004003023300277
B2132273730826N12153028WA0091700926004003023295264
B2132283730826N12153032WA0091800926004003022274250
B2132293730826N12153036WA0091800926004003021244242
B2132303730824N12153039WA0091900927004003024222227
B2132313730820N12153042WA0091900927004003028202212
B2132323730816N12153043WA0092000928004003028185194
B2132333730810N12153042WA0092000928004003032171181
B2132343730806N12153040WA0092000928004003033159170
B2132353730801N12153037WA0092000929004003032145159
B2132363730798N12153033WA0092100929004003032127145
B2132373730796N12153027WA0092100929004003032105127
B2132383730796N12153021WA0092000929004003032085105
B2132393730798N12153015WA0091900928004003033070080
B2132403730800N12153009WA0091800927004003035052059
B2132413730805N12153005WA0091800927004003035031039
B2132423730810N12153003WA0091900928004003035009014
B2132433730814N12153003WA0092100929004003034345351
B2132443730817N12153005WA0092300932004003028332329
B2132453730820N12153007WA0092600935004003019327313
B2132463730822N12153009WA0092800937004003020330306
B2132473730825N12153011WA0092900938004003020331306
B2132483730828N12153013WA0093000939004003020327305
B2132493730830N12153015WA0093000939004003021321295
B2132503730833N12153018WA0092900938004003023317294
B2132513730835N12153021WA0092900938004003024315290
B2132523730838N12153024WA0093000939004003023307294
B2132533730838N12153031WA0093200942004003018243250
B2132543730836N12153034WA0093300942004003021222239
B2132553730833N12153037WA0093300942004003025210212
B2132563730830N12153038WA0093200942004003025196192
B2132573730826N12153039WA0093200942004003026173172
B2132583730821N12153036WA0093100941004003028154160
B2132593730816N12153032WA0093100940004003041139148
B2133003730812N12153026WA0093100940004003043130132
B2133013730808N12153020WA0093000941004003041119121
B2133023730806N12153013WA0093100941004003041106110
B2133033730806N12153006WA0093100940004003039089098
B2133043730807N12152999WA0093000939004003037075081
B2133053730809N12152992WA0092900938004003037062064
B2133063730813N12152987WA0092800938004003037047050
B2133073730817N12152983WA0092800938004003036034033
B2133083730821N12152980WA0092900938004003034025018
B2133093730825N12152978WA0092900939004003028018008
B2133103730829N12152977WA0092900939004003028004357
B2133113730832N12152978WA0092900939004003025346344
B2133123730836N12152980WA0092900939004003025328321
B2133133730839N12152983WA0092900938004003026316302
B2133143730841N12152987WA0092900939004003023302291
B2133153730842N12152990WA0092900939004003023288278
B2133163730843N12152994WA0092900939004003022278275
B2133173730843N12152999WA0093000940004003022272260
B2133183730843N12153003WA0093000941004003023270260
B2133193730843N12153007WA0093100941004003019265253
B2133203730842N12153010WA0093100942004003019253253
B2133213730841N12153014WA0093200942004003019241245
B2133223730839N12153018WA0093300943004003022233237
B2133233730836N12153022WA0093300944004003026230244
B2133243730834N12153026WA0093400945004003026231251
B2133253730831N12153030WA0093600946004003026234254
B2133263730830N12153033WA0093700948004003022239269
B2133273730829N12153036WA0093700948005003019246277
B2133283730828N12153040WA0093700948004003019252271
B2133293730827N12153044WA0093800948004003023254267
B2133303730825N12153048WA0093900950004003025245245
B2133313730823N12153052WA0094000951004003025231222
B2133323730820N12153056WA0094100952004003027211199
B2133333730815N12153057WA0094200953004003030182184
B2133343730810N12153055WA0094300954004003039157166
B2133353730805N12153050WA0094300954004003041139147
B2133363730801N12153044WA0094400955004003041125135
B2133373730798N12153037WA0094500955004003041113117
B2133383730796N12153029WA0094500956004003041101108
B2133393730796N12153021WA0094500956005003043089095
B2133403730797N12153014WA0094700958004003043079082
B2133413730799N12153008WA0094800959004003039067068
B2133423730800N12153003WA0094800959004003032045055
B2133433730804N12153000WA0094700957004003029028024
B2133443730809N12152998WA0094700957004003033012001
B2133453730814N12152998WA0094600957004003033353343
B2133463730817N12153000WA0094700958004003032327329
B2133473730820N12153003WA0094800958005003025305305
B2133483730821N12153007WA0094900958005003021286291
B2133493730821N12153010WA0094900958004003018273276
B2133503730821N12153014WA0094900958004003022265266
B2133513730820N12153018WA0095000959004003020259254
B2133523730819N12153022WA0095100962004003020244247
B2133533730818N12153024WA0095200964004003017219226
B2133543730815N12153025WA0095300965004003021198213
B2133553730811N12153026WA0095400965004003026187199
B2133563730807N12153026WA0095600967005003026175183
B2133573730802N12153025WA0095700968004003031158165
B2133583730797N12153021WA0095800969004003035140139
B2133593730794N12153015WA0095900969004003040120120
B2134003730792N12153007WA0095800969004003042104102
B2134013730792N12152999WA0095800968004003042087084
B2134023730793N12152992WA0095700968004003042069065
B2134033730797N12152986WA0095700967004003040049045
B2134043730801N12152982WA0095600967004003034029025
B2134053730805N12152981WA0095600967004003034008003
B2134063730809N12152981WA0095600967004003030346344
B2134073730813N12152983WA0095600966005003025316323
B2134083730814N12152986WA0095500966005003019290297
B2134093730814N12152990WA0095500966005003020275276
B2134103730814N12152994WA0095700968005003020251263
B2134113730812N12152997WA0096000972005003019218242
B2134123730809N12152998WA0096300975004003019195221
B2134133730806N12152998WA0096500978004003019182214
B2134143730803N12152998WA0096700979005003021182214
B2134163730800N12152999WA0096900981004003021193214
B2134173730797N12153001WA0096900981004003021207225
B2134183730794N12153003WA0097000981004003022212233
B2134193730791N12153005WA0097000981004003025211232
B2134203730788N12153008WA0097100982005003026210232
B2134213730784N12153010WA0097100983004003026211221
B2134223730781N12153013WA0097200984004003027213217
B2134233730777N12153016WA0097300985004003028205200
B2134243730773N12153018WA0097400985004003027186176
B2134253730769N12153016WA0097500986004003029166163
B2134263730765N12153013WA0097500986004003029147154
B2134273730761N12153009WA0097600987004003032127138
B2134283730758N12153004WA0097500987004003035110119
B2134293730757N12152997WA0097500986005003034093101
B2134303730758N12152990WA0097600986004003037070084
B2134313730761N12152983WA0097600987004003037054055
B2134323730765N12152978WA0097700987004003037042034
B2134333730770N12152975WA0097800988004003035026018
B2134343730775N12152973WA0097900989004003035010000
B2134353730780N12152973WA0098000991004003035355341
B2134363730785N12152974WA0098200993004003032341326
B2134373730788N12152977WA0098300995004003029329312
B2134383730791N12152979WA0098500997004003025319302
B2134393730794N12152983WA0098600997004003025311290
B2134403730796N12152987WA0098600998004003026303280
B2134413730798N12152991WA0098600999004003025286267
B2134423730798N12152995WA0098801001004003024258256
B2134433730796N12152999WA0098901002004003023231240
B2134443730794N12153002WA0099001002004003028210223
B2134453730790N12153005WA0099101003004003031207217
B2134463730785N12153007WA0099101004004003031204204
B2134473730777N12153010WA0099201005004003030181181
B2134483730772N12153008WA0099201004004003035165165
B2134493730767N12153005WA0099101004004003037146144
B2134503730763N12153000WA0099101004004003037127130
B2134513730761N12152993WA0099101003004003038105114
B2134523730761N12152986WA0099101003004003038085096
B2134533730763N12152979WA0099101003004003037073074
B2134543730765N12152973WA0099101004004003037063062
B2134553730768N12152967WA0099101004004003034052050
B2134563730771N12152963WA0099101004004003034040037
B2134573730776N12152959WA0099201004004003036028023
B2134583730782N12152956WA0099201005004003039014010
B2134593730787N12152956WA0099301006004003039000357
B2135003730792N12152957WA0099401007004003038345344
B2135013730796N12152959WA0099601009004003034332330
B2135023730798N12152962WA0099601010004003025308318
B2135033730799N12152965WA0099601010004003020291296
B2135043730800N12152969WA0099601010005003022276281
B2135053730800N12152974WA0099701010005003022260272
B2135063730798N12152978WA0099801011004003023238260
B2135073730795N12152982WA0099801012004003026225244
B2135083730792N12152985WA0099901012004003029220231
B2135093730789N12152989WA0099901013004003029215226
B2135103730785N12152991WA0100001014004003027205223
B2135113730782N12152992WA0100001015004003026189215
B2135123730778N12152992WA0100201016004003026170202
B2135133730773N12152990WA0100201016004003031151187
B2135143730769N12152986WA0100201015004003036138165
B2135153730766N12152980WA0100101015004003036127150
B2135163730763N12152974WA0100101014004003039117138
B2135173730761N12152966WA0100001013004003041105124
B2135183730760N12152958WA0100001013004003044096110
B2135193730760N12152950WA0100001013004003044086099
B2135203730761N12152943WA0100001013005003040071086
B2135213730764N12152937WA0099901012004003038056068
B2135223730768N12152931WA0099801011004003038045049
B2135233730773N12152927WA0099801011004003039034036
B2135243730778N12152923WA0099701010004003039020023
B2135253730783N12152922WA0099701010004003038005008
B2135263730788N12152923WA0099701010004003035348352
B2135273730792N12152925WA0099801010004003031333334
B2135283730796N12152928WA0099701010004003030327320
B2135293730799N12152932WA0099701010004003030317313
B2135303730802N12152936WA0099701010004003030301305
B2135313730803N12152940WA0099701010004003026287292
B2135323730804N12152945WA0099701010004003024280281
B2135333730804N12152949WA0099701010004003023272275
B2135343730804N12152953WA0099701009005003023266268
B2135353730803N12152957WA0099701010004003021265264
B2135363730803N12152960WA0099801010005003018248263
B2135373730801N12152963WA0099901011004003018231252
B2135383730799N12152966WA0100001012005003023235239
B2135393730798N12152971WA0100301015004003024250240
B2135403730797N12152975WA0100501019004003023263247
B2135413730797N12152978WA0100901022005003021273238
B2135423730797N12152981WA0101301025004003017270248
B2135433730797N12152984WA0101501027004003014249244
B2135443730795N12152986WA0101601029004003020224236
B2135453730792N12152989WA0101801031004003020208226
B2135463730789N12152990WA0102101035004003020199215
B2135473730787N12152991WA0102401037004003019201206
B2135483730785N12152992WA0102501039004003014213197
B2135493730783N12152994WA0102701040004003019228214
B2135503730781N12152998WA0103001042004003019232222
B2135513730778N12153002WA0103201045004003024233232
B2135523730776N12153005WA0103601049004003024234228
B2135533730775N12153008WA0103901050004003010238232
B2135543730775N12153009WA0104201050004003010251239
B2135553730775N12153009WA0104301052004003005262249
B2135563730775N12153011WA0104301052004003005259254
B2135573730774N12153014WA0104301052004003012263253
B2135583730774N12153019WA0104201051004003025273272
B2135593730775N12153024WA0104001050005003027293292
B2136003730778N12153028WA0103901049005003027316307
B2136013730782N12153030WA0103901049004003027342322
B2136023730786N12153030WA0103901050004003027009341
B2136033730791N12153027WA0103801049004003035028003
B2136043730795N12153022WA0103801049004003037052027
B2136053730798N12153016WA0103701049004003037076053
B2136063730798N12153008WA0103701049004003038091081
B2136073730797N12153000WA0103901050004003042097099
B2136083730796N12152993WA0104101054004003036103105
B2136093730794N12152987WA0104301057004003036114118
B2136103730792N12152982WA0104601060004003031124132
B2136113730789N12152978WA0104801063004003028134155
B2136123730785N12152975WA0105001065004003028148162
B2136133730781N12152973WA0105201066004003034165182
B2136143730775N12152973WA0105601069004003034184195
B2136153730770N12152974WA0105801070004003034211213
B2136163730768N12152978WA0106001073004003031237234
B2136173730768N12152983WA0106301076004003027273254
B2136183730770N12152988WA0106501078004003026311278
B2136193730774N12152990WA0106601079005003029348307
B2136213730779N12152989WA0106801081004003029017337
B2136223730783N12152986WA0106801081004003031043004
B2136233730786N12152981WA0106901081004003034057034
B2136243730788N12152975WA0107001082004003041070057
B2136253730790N12152966WA0107201084004003041086074
B2136263730790N12152957WA0107401085004003046104096
B2136273730787N12152950WA0107601085004003046137115
B2136283730780N12152948WA0107801086004003042168151
B2136293730774N12152947WA0108001087004003042192183
B2136303730769N12152950WA0108401089004003037202204
B2136313730765N12152952WA0108701090004003026204213
B2136323730762N12152954WA0109001090005003024219221
B2136333730760N12152956WA0109201091005004023222236
B2136343730758N12152962WA0109401094004004024250241
B2136353730758N12152967WA0109601095004004024277259
B2136363730760N12152972WA0109801100004004025300278
B2136373730762N12152976WA0110001101005004026321296
B2136383730766N12152979WA0110301104005003027349311
B2136393730770N12152978WA0110401105004003028017335
B2136403730774N12152976WA0110301106005003028047002
B2136413730780N12152963WA0110201107006003038082062
B2136423730779N12152954WA0110201107005003046093084
B2136433730778N12152945WA0110201109004003048117097
B2136443730773N12152938WA0110301112005003048131127
B2136453730768N12152930WA0110701115004003048139142
B2136463730764N12152926WA0111101121004003038142151
B2136473730761N12152923WA0111501126004003026150157
B2136483730757N12152921WA0111701127004003026170171
B2136493730753N12152921WA0111801128004003026191190
B2136503730749N12152924WA0111801129004003030209208
B2136513730745N12152928WA0111901132004003032228222
B2136523730743N12152933WA0112101135004003027250237
B2136533730744N12152937WA0112201137004003027282255
B2136543730746N12152941WA0112401138004003024312279
B2136553730748N12152944WA0112501139005003024339301
B2136563730753N12152945WA0112601141004003026001322
B2136573730758N12152942WA0112801143004003036028343
B2136583730762N12152936WA0113001146004003040055015
B2136593730764N12152929WA0113201148004003040079047
B2137003730763N12152920WA0113401151004003044101077
B2137013730760N12152913WA0113601153004003044121104
B2137023730755N12152908WA0113901156004003039141129
B2137033730750N12152905WA0114101158004003039161152
B2137043730746N12152905WA0114301160004003033184174
B2137053730742N12152907WA0114401161004003030206198
B2137063730738N12152909WA0114501161004003029222219
B2137073730736N12152914WA0114601163004003026236233
B2137083730735N12152918WA0114701164004003026257244
B2137093730735N12152923WA0114801165004003024287261
B2137103730738N12152927WA0114901166004003024313282
B2137113730741N12152929WA0115001167004003026335302
B2137123730746N12152930WA0115101168004003033359320
B2137133730751N12152928WA0115201171004003035023344
B2137143730755N12152924WA0115501172004003035050008
B2137153730757N12152917WA0115601174004003037075038
B2137163730757N12152909WA0115801176004003041097070
B2137173730755N12152901WA0115901177005003043114098
B2137183730751N12152895WA0116001178005003043133120
B2137193730746N12152890WA0116101179005003043150146
B2137203730740N12152888WA0116301182005003041159162
B2137213730736N12152885WA0116601185004003036154159
B2137223730732N12152883WA0116701185004003029144155
B2137233730729N12152879WA0116701184004003034140160
B2137243730724N12152874WA0116601183004003034141160
B2137253730719N12152869WA0116601183004003041143167
B2137263730714N12152864WA0116701184004003041145162
B2137273730710N12152861WA0116701185005003031148162
B2137283730706N12152858WA0116501183004003031149151
B2137293730702N12152855WA0116301180004003031146149
B2137303730697N12152850WA0116001178004003036143161
B2137313730692N12152845WA0115901178004003041143165
B2137323730687N12152841WA0115901178004003034143169
B2137333730684N12152838WA0115801178004003034144160
B2137343730680N12152835WA0115601176004003029142164
B2137353730677N12152831WA0115401173004003029141157
B2137363730672N12152827WA0115201170004003033142157
B2137373730667N12152822WA0114901168004003040147153
B2137383730662N12152819WA0114701165004003040150173
B2137393730657N12152815WA0114501163004003039149179
B2137403730653N12152812WA0114301161004003036150158
B2137413730648N12152809WA0114001158004003035151162
B2137423730644N12152806WA0113701154004003037152158
B2137433730638N12152802WA0113301151004003040153165
B2137443730633N12152799WA0113001148004003039152154
B2137453730628N12152796WA0112901146004003039148135
B2137463730624N12152792WA0112601145004003034142141
B2137473730621N12152789WA0112201141004003029145159
B2137483730617N12152787WA0111901137004003031157170
B2137493730613N12152785WA0111501133004003031164178
B2137503730608N12152783WA0111101130004003031163165
B2137513730604N12152781WA0110701125004003030159166
B2137523730600N12152779WA0110401121004003032157172
B2137533730595N12152777WA0110001116004003033158172
B2137543730590N12152775WA0109601112004003033158188
B2137553730586N12152772WA0109201108004003034161198
B2137563730581N12152771WA0108801104004003034173204
B2137573730576N12152771WA0108401101004003034187217
B2137583730571N12152773WA0108101097004003034194217
B2137593730566N12152774WA0107801095004003034194214
B2138003730561N12152776WA0107601092004003032193206
B2138013730556N12152777WA0107301090004003032192220
B2138023730552N12152779WA0107101088004003032189220
B2138033730547N12152779WA0107001087004003032186208
B2138043730542N12152780WA0106801085004003031183210
B2138053730538N12152780WA0106701083004003031183197
B2138063730533N12152781WA0106501081004003032184210
B2138073730528N12152781WA0106401080004003031183209
B2138083730523N12152781WA0106201078004003031182207
B2138093730519N12152782WA0106001076004003031183217
B2138103730514N12152782WA0105901074004003031189204
B2138113730510N12152784WA0105701073004003030199215
B2138123730507N12152786WA0105501070004003028206201
B2138133730503N12152788WA0105301068004003028206197
B2138143730499N12152790WA0104901065004003026198189
B2138153730496N12152791WA0104701062004003026194194
B2138163730491N12152793WA0104501059004003028191187
B2138173730487N12152794WA0104201057004003031188186
B2138183730482N12152794WA0103901054004003033185187
B2138193730477N12152795WA0103701052004003033184185
B2138203730472N12152795WA0103501050004003033186176
B2138213730467N12152796WA0103401049004003032190214
B2138223730463N12152797WA0103201048004003029193179
B2138233730459N12152799WA0103001046004003029196192
B2138243730455N12152800WA0102801043004003029193191
B2138253730450N12152801WA0102601041004003030188187
B2138273730445N12152802WA0102401039004003033182186
B2138283730440N12152801WA0102301038005003033176202
B2138293730437N12152801WA0102201037004003029174201
B2138303730433N12152800WA0102001036004003026181197
B2138313730428N12152801WA0101801033004003029185202
B2138323730424N12152802WA0101501030004003032188195
B2138333730419N12152803WA0101201028004003032186177
B2138343730414N12152803WA0101101025004003032182173
B2138353730410N12152803WA0100801023004003032173171
B2138363730405N12152801WA0100501020004003030162156
B2138373730401N12152799WA0100301016004003030155156
B2138383730397N12152797WA0099901013004003030151153
B2138393730393N12152794WA0099601010004003031150153
B2138403730389N12152791WA0099401007004003031151148
B2138413730386N12152789WA0099201005004003027151160
B2138423730382N12152786WA0098901005004003028151150
B2138433730378N12152784WA0098601003004003028149166
B2138443730374N12152781WA0098301001004003032149164
B2138453730365N12152775WA0097900998004003033151156
B2138463730361N12152772WA0097700997004003033152149
B2138473730357N12152770WA0097500994004003030152161
B2138483730353N12152767WA0097300992004003029147150
B2138493730350N12152764WA0097000988004003029145149
B2138503730346N12152761WA0096800987004003033141160
B2138513730342N12152756WA0096600987004003033137154
B2138523730339N12152753WA0096500985004003031136159
B2138533730336N12152749WA0096300983004003030137159
B2138543730332N12152745WA0096200979004003030139166
B2138553730329N12152741WA0096100977004003032141163
B2138563730325N12152737WA0096000976004003033142155
B2138573730321N12152734WA0096000975004003033145148
B2138583730317N12152730WA0096000975004003033145144
B2138593730313N12152726WA0096000974004003033140131
B2139003730310N12152723WA0096000974005003028133133
B2139013730308N12152719WA0095900973005003028129133
B2139023730305N12152714WA0095900972004003028125128
B2139033730303N12152710WA0095700970004003028122130
B2139043730301N12152705WA0095500968004003029117134
B2139053730299N12152700WA0095300966004003030111133
B2139063730297N12152694WA0095100963004003031111118
B2139073730295N12152689WA0094900961004003031115121
B2139083730293N12152684WA0094700959004003031122135
B2139093730290N12152679WA0094600958004003030121131
B2139103730288N12152674WA0094500957004003029114128
B2139113730287N12152669WA0094400956004003030109118
B2139123730285N12152663WA0094200953004003030108128
B2139133730284N12152657WA0094000952004003034111132
B2139143730281N12152651WA0093900951004003034116129
B2139153730279N12152645WA0093900951004003032121139
B2139163730276N12152640WA0093800950004003032123132
B2139173730273N12152635WA0093700948004003032124137
B2139183730270N12152629WA0093600947004003036125142
B2139193730266N12152623WA0093600947004003040126135
B2139203730263N12152617WA0093700948004003034126135
B2139213730260N12152612WA0093600948004003034125137
B2139223730258N12152608WA0093600947005003029127133
B2139233730255N12152604WA0093400945005003027133143
B2139243730252N12152601WA0093200942004003027140140
B2139253730248N12152597WA0092900939004003032144135
B2139263730244N12152594WA0092600935004003034146135
B2139273730239N12152590WA0092200932004003034146133
B2139283730235N12152587WA0091900928004003034145138
B2139293730231N12152583WA0091600925004003035145138
B2139303730226N12152579WA0091300921004003036146146
B2139313730221N12152575WA0090900918004003038147154
B2139323730217N12152572WA0090600918004003038150154
B2139333730211N12152569WA0090400915004003038155147
B2139343730206N12152566WA0090300913005003039160145
B2139353730200N12152564WA0090100911004003038161133
B2139363730195N12152561WA0089900910004003038158142
B2139373730190N12152559WA0089800908004003036155154
B2139383730185N12152556WA0089500905004003036152149
B2139393730181N12152553WA0089300903005003034153149
B2139403730177N12152550WA0089100900004003032157150
B2139413730172N12152548WA0088800897005003033160156
B2139423730167N12152547WA0088600895004003033164160
B2139433730162N12152545WA0088400892004003034167166
B2139443730157N12152544WA0088200890005003034171171
B2139453730152N12152543WA0087900889004003033174177
B2139463730147N12152543WA0087700887004003034173182
B2139473730142N12152542WA0087600886004003034168182
B2139483730137N12152540WA0087500885004003034164177
B2139493730132N12152539WA0087400884004003033164175
B2139503730128N12152537WA0087400883004003029165175
B2139513730124N12152536WA0087200881005003029166181
B2139523730120N12152535WA0087000878004003027167175
B2139533730116N12152534WA0086600875005003027167181
B2139543730112N12152532WA0086400872005003027162182
B2139553730108N12152530WA0086200870004003032158165
B2139563730103N12152528WA0086000868005003033155177
B2139573730099N12152525WA0085900867004003032154169
B2139583730095N12152523WA0085800866004003031156173
B2139593730090N12152521WA0085700864004003031158179
B2140003730086N12152518WA0085500863004003035159181
B2140013730081N12152516WA0085300861004003038161186
B2140023730075N12152514WA0085100860005003038165196
B2140033730069N12152513WA0085100859005003039168196
B2140043730063N12152512WA0085000859004003039172205
B2140053730057N12152511WA0085000859005003042172212
B2140063730051N12152509WA0085100859004003042169198
B2140073730044N12152508WA0085100859005003042168207
B2140083730038N12152506WA0085100860004003042166212
B2140093730032N12152504WA0085200860004003042166202
B2140103730026N12152502WA0085300861004003041168203
B2140113730020N12152501WA0085400862004003041173198
B2140123730015N12152501WA0085400862004003037177206
B2140133730011N12152500WA0085400861004003032175206
B2140143730007N12152500WA0085300861004003029168200
B2140153730002N12152498WA0085200859004003033167195
B2140163729997N12152497WA0085100857004003036170195
B2140173729992N12152496WA0085000857004003033174194
B2140183729987N12152495WA0085000857005003033172206
B2140193729983N12152494WA0084900856004003028165205
B2140203729980N12152493WA0084800854005003026164195
B2140213729976N12152492WA0084600852004003029165196
B2140223729971N12152490WA0084400851004003029164200
B2140233729966N12152488WA0084500851004003033159186
B2140243729961N12152486WA0084600853004003034157184
B2140253729957N12152483WA0084700854004003032158183
B2140263729953N12152481WA0084800855004003032157182
B2140273729949N12152479WA0084900855004003030159190
B2140283729944N12152477WA0084900855005003030160186
B2140293729940N12152475WA0084900854005003031159190
B2140303729935N12152472WA0084900854004003034157188
B2140313729931N12152470WA0084900854005003034157196
B2140323729926N12152468WA0085000855004003034159210
B2140333729922N12152466WA0085000855004003031168201
B2140343729918N12152466WA0085000855004003029179210
B2140353729913N12152467WA0085100854004003031190222
B2140363729908N12152468WA0085000854004003031200224
B2140373729905N12152471WA0085000855004003031210227
B2140383729902N12152474WA0085000855004003022221239
B2140393729900N12152477WA0084900854004003022233246
B2140403729899N12152480WA0084800852004003021248255
B2140413729898N12152484WA0084700850004003021266264
B2140423729898N12152489WA0084500851004003024274275
B2140433729898N12152493WA0084600852004003024282280
B2140443729899N12152497WA0084700853004003020292283
B2140453729900N12152499WA0084800855005003017300294
B2140463729902N12152501WA0085000855004003014302285
B2140473729902N12152503WA0085200856005003012282298
B2140483729902N12152506WA0085300858005003014251276
B2140493729901N12152508WA0085500860004003013257264
B2140503729901N12152510WA0085600861005003013296269
B2140513729902N12152512WA0085600861004003010312294
B2140523729903N12152513WA0085700861004003012306286
B2140533729905N12152515WA0085800862004003016316311
B2140543729907N12152517WA0085800863004003016326306
B2140553729910N12152520WA0086000865004003021332294
B2140563729912N12152521WA0086200864004003021330302
B2140573729913N12152522WA0086200865005003007296284
B2140583729913N12152523WA0086200864004003010286280
B2140593729914N12152525WA0086200865004003010288284
B2141003729915N12152529WA0086200866005003016278296
B2141013729915N12152532WA0086500868004003017257282
B2141023729914N12152535WA0086700871004003017245268
B2141033729912N12152538WA0086900874005003017239283
B2141043729911N12152540WA0087200877005003016240291
B2141053729910N12152542WA0087400877004003013256311
B2141063729911N12152543WA0087500877004003010320322
B2141073729913N12152543WA0087400876004003028029342
B2141083729918N12152539WA0087500877005003043054037
B2141093729922N12152530WA0087600878004003043084064
B2141103729921N12152521WA0087700881004003046105097
B2141113729918N12152512WA0087800880005003047135120
B2141123729911N12152508WA0087900881005003049151153
B2141133729905N12152504WA0088100882005003049161170
B2141143729898N12152501WA0088300884005003047163181
B2141153729892N12152500WA0088600887004003043166185
B2141163729887N12152498WA0088700887004003035176190
B2141173729883N12152499WA0088700888004003027194204
B2141183729880N12152502WA0088800889004003027217228
B2141193729878N12152505WA0088800889004003024250246
B2141203729878N12152509WA0088800891004003021291268
B2141213729880N12152511WA0088900892005003018330295
B2141223729883N12152512WA0089100895004003018342314
B2141233729885N12152513WA0089200896004003018337306
B2141243729887N12152515WA0089300897004003016319305
B2141253729889N12152517WA0089300897005003016303310
B2141263729890N12152520WA0089400897005003017300318
B2141273729892N12152522WA0089300898005003016321321
B2141283729894N12152523WA0089400898005003017356333
B2141293729897N12152522WA0089300898004003017020346
B2141303729900N12152520WA0089300898004003023035356
B2141313729904N12152516WA0089300898004003027049010
B2141323729906N12152510WA0089300898004003036062025
B2141333729908N12152503WA0089400898004003041076044
B2141343729909N12152494WA0089400899004003041085060
B2141353729909N12152485WA0089600900004003047089070
B2141363729909N12152477WA0089800903004003047094077
B2141373729907N12152470WA0090100906004003038105086
B2141383729905N12152463WA0090200906005003038115096
B2141393729902N12152456WA0090300907005003038118114
B2141403729899N12152448WA0090300907004003042118126
B2141413729896N12152441WA0090500909004003045121133
B2141423729892N12152435WA0090800912004003039130142
B2141433729888N12152430WA0091000913004003039145153
B2141443729884N12152428WA0091100914004003032158170
B2141453729880N12152427WA0091200915004003028170191
B2141463729876N12152426WA0091200916004003027173205
B2141473729872N12152426WA0091300917004003026177214
B2141483729868N12152426WA0091400919004003026179215
B2141493729864N12152426WA0091500920004003026176221
B2141503729860N12152426WA0091600921005003026181233
B2141513729856N12152427WA0091700922004003025197245
B2141523729854N12152429WA0091900924004003020218259
B2141533729852N12152431WA0092100926005003020239271
B2141543729852N12152434WA0092200927004003014261275
B2141553729852N12152436WA0092200928004003012275294
B2141563729852N12152438WA0092300929005003012281301
B2141573729853N12152441WA0092300930004003013304322
B2141583729855N12152442WA0092400930004003013339330
B2141593729858N12152441WA0092400930004003013018344
B2142003729861N12152439WA0092500930004003022039350
B2142013729865N12152434WA0092500930004003029051020
B2142023729868N12152428WA0092500931004003039063031
B2142033729870N12152421WA0092500931004003041073051
B2142043729871N12152413WA0092500931004003041086063
B2142053729870N12152404WA0092500931004003043096078
B2142063729869N12152396WA0092500932004003045103091
B2142073729867N12152388WA0092500932004003044111101
B2142083729864N12152381WA0092600933005003044120112
B2142093729861N12152374WA0092600933005003043129124
B2142103729856N12152368WA0092700934004003041136138
B2142113729852N12152364WA0092800935004003039143148
B2142123729847N12152361WA0092800936004003031153159
B2142133729844N12152359WA0092800936004003031176180
B2142143729841N12152360WA0092700935004003021211206
B2142153729839N12152363WA0092500933004003021226243
B2142163729836N12152367WA0092400933005003022230248
B2142173729834N12152370WA0092400934004003023220251
B2142183729831N12152372WA0092500935005003023204235
B2142193729828N12152373WA0092500935004003023192215
B2142203729825N12152374WA0092500935004003023183213
B2142213729820N12152374WA0092400934004003024176205
B2142223729815N12152373WA0092300932004003037170197
B2142233729810N12152371WA0092200930004003039168199
B2142243729804N12152370WA0092100930005003037170190
B2142253729799N12152369WA0092000929004003036170194
B2142263729795N12152368WA0091900927005003033167194
B2142273729790N12152366WA0091600924004003036165186
B2142283729784N12152364WA0091300921004003042165186
B2142293729777N12152363WA0091100918004003042167177
B2142303729771N12152361WA0090800915004003042171168
B2142313729766N12152361WA0090500913004003039176204
B2142323729761N12152360WA0090300912004003033176197
B2142333729756N12152360WA0090200910004003033177221
B2142343729751N12152360WA0090100909004003033180214
B2142353729747N12152360WA0090100909004003031183222
B2142363729744N12152360WA0090000908004003026182223
B2142373729740N12152360WA0089900906004003023181233
B2142383729736N12152361WA0089600904004003027187230
B2142393729732N12152362WA0089400901004003027195235
B2142403729727N12152364WA0089300901004003031197242
B2142413729723N12152366WA0089300901004003030194231
B2142423729719N12152367WA0089400902004003030190224
B2142433729715N12152367WA0089500903004003027188223
B2142443729712N12152368WA0089500903004003024183232
B2142453729708N12152368WA0089500902004003024180228
B2142463729704N12152368WA0089400902004003029180225
B2142473729699N12152368WA0089400901004003032180223
B2142483729694N12152368WA0089400902004003032179228
B2142493729689N12152368WA0089500903004003032178223
B2142503729685N12152368WA0089600904004003031181232
B2142513729681N12152368WA0089600903004003029188234
B2142523729676N12152370WA0089500902004003031193236
B2142533729672N12152372WA0089400901004003031198241
B2142543729667N12152374WA0089400902005003033203248
B2142553729662N12152376WA0089400903004003033205256
B2142563729658N12152379WA0089600904004003030204256
B2142573729654N12152381WA0089700906005003030201241
B2142583729650N12152383WA0089900908005003029200243
B2142593729646N12152385WA0090000909004003028202235
B2143003729642N12152387WA0090100909004003028204250
B2143013729638N12152390WA0090200910004003033203232
B2143023729633N12152392WA0090200911004003034200221
B2143033729628N12152394WA0090300911004003033199213
B2143043729624N12152396WA0090300911004003033200203
B2143053729619N12152398WA0090400912004003033198210
B2143063729614N12152400WA0090500913004003037192208
B2143073729609N12152401WA0090600914004003037191236
B2143083729603N12152403WA0090800915004003037202261
B2143093729600N12152406WA0090900914004003032218273
B2143103729597N12152409WA0090900913005003027251283
B2143113729598N12152413WA0090800912004003018278287
B2143123729599N12152415WA0090700911004003018304307
B2143133729601N12152417WA0090600910004003017335315
B2143143729605N12152418WA0090500910004003017357329
B2143153729608N12152418WA0090400909004003022006339
B2143163729613N12152417WA0090400909004003028007341
B2143173729617N12152416WA0090400910004003028005338
B2143183729621N12152416WA0090500911004003027000326
B2143193729624N12152417WA0090500911004003024347313
B2143203729626N12152418WA0090400911004003020322304
B2143213729628N12152421WA0090400909004003019292290
B2143223729628N12152425WA0090300908005003023260281
B2143233729626N12152430WA0090200908004003023241260
B2143243729624N12152434WA0090300909004003026224246
B2143253729621N12152437WA0090400911004003026212237
B2143263729618N12152438WA0090500912005003019205231
B2143273729616N12152440WA0090500912004003019205225
B2143283729613N12152441WA0090400910005003019202234
B2143293729610N12152442WA0090200908004003021192220
B2143303729606N12152443WA0090000906004003025181212
B2143313729601N12152443WA0089800904004003032177228
B2143323729596N12152443WA0089600903004003032180232
B2143333729591N12152443WA0089500901004003032189232
B2143343729587N12152444WA0089300900004003030194232
B2143353729583N12152446WA0089200898005003028190228
B2143363729579N12152446WA0089000896004003027185225
B2143373729575N12152446WA0088700893004003030180216
B2143383729570N12152446WA0088500890004003030174220
B2143393729565N12152445WA0088300888004003034167230
B2143403729560N12152443WA0088200887004003034164214
B2143413729555N12152442WA0088000887004003032166214
B2143423729551N12152440WA0087800884004003033168208
B2143433729545N12152439WA0087600882004003033171203
B2143443729540N12152439WA0087300879004003036177209
B2143453729535N12152439WA0087200877004003036183216
B2143463729530N12152439WA0087000877004003031186219
B2143473729526N12152440WA0086700876004003031186221
B2143483729521N12152441WA0086400874004003031187225
B2143493729516N12152442WA0086200872004003033189228
E214350PEVBackground
B2143503729511N12152443WA0086200871004003033191227
B2143513729506N12152444WA0085800869005003033190240
B2143523729502N12152445WA0085700868004003033183217
B2143533729497N12152445WA0085600867004003033180218
B2143543729492N12152445WA0085600866004003032189218
B2143553729489N12152446WA0085600865004003025203242
B2143563729486N12152448WA0085600864004003023199219
B2143573729482N12152449WA0085500863004003026182207
B2143583729478N12152447WA0085300860004003026163205
B2143593729473N12152446WA0085200860004003031162231
B2144003729468N12152444WA0085100859004003032174241
B2144013729464N12152444WA0085100858004003026200240
B2144023729461N12152447WA0085000857004003026212229
B2144033729458N12152450WA0084900857004003024211223
B2144043729456N12152451WA0084900855004003022204229
B2144053729452N12152453WA0084800854004003022205239
B2144063729448N12152456WA0084700853004003032214234
B2144073729444N12152460WA0084800853004003032223234
B2144083729441N12152464WA0085000854004003029221231
B2144093729439N12152466WA0085200857005003024201221
B2144103729436N12152466WA0085400858004003022179217
B2144113729432N12152466WA0085400859004003027172220
B2144123729427N12152465WA0085500859004003034174227
B2144133729422N12152465WA0085700861004003033180234
B2144143729418N12152465WA0086000866004003033188241
B2144153729415N12152467WA0086400868004003025213250
B2144163729414N12152469WA0086500870004003016254242
B2144173729415N12152472WA0086600870004003019288240
B2144183729416N12152476WA0086900872004003019307241
B2144193729419N12152479WA0087100875004003023332240
B2144203729423N12152479WA0087300878004003024006193
B2144213729427N12152478WA0087500878004003033040199
B2144223729430N12152472WA0087600879004003039056203
B2144233729433N12152464WA0087700880004003039070207
B2144243729434N12152456WA0087800882004003043085209
B2144253729433N12152447WA0088000884004003045102211
B2144263729430N12152440WA0088100885004003041118210
B2144273729426N12152434WA0088300886004003041128209
B2144283729422N12152429WA0088400888004003039135214
B2144293729418N12152424WA0088600890004003039141222
B2144303729413N12152421WA0088800893004003037151242
B2144313729410N12152420WA0089000895004003020175243
B2144323729408N12152420WA0089000894004003020219241
B2144333729407N12152423WA0089000894004003016253241
B2144343729407N12152426WA0089000894005003016271231
B2144353729407N12152430WA0089000895004003018285231
B2144363729408N12152433WA0089000895004003018285226
B2144373729409N12152436WA0089100896005003019280221
B2144383729409N12152440WA0089300898004003019275221
B2144393729409N12152444WA0089500901005003019270219
B2144403729409N12152447WA0089700903004003018266218
B2144413729409N12152451WA0090000906004003020269217
B2144423729409N12152455WA0090300910005003020280217
B2144433729410N12152458WA0090700914004003019281216
B2144443729410N12152460WA0090900917005003015264215
B2144453729410N12152463WA0091300919004003016262214
B2144463729410N12152466WA0091500921005003016278214
B2144473729411N12152469WA0091600923004003016294214
B2144483729412N12152472WA0091700924004003016293214
B2144493729412N12152475WA0091900926005003016277213
B2144503729412N12152478WA0092000928004003018251213
B2144513729410N12152481WA0092200930005003025225214
B2144523729406N12152484WA0092400931004003025208215
B2144533729402N12152487WA0092600932005003030191214
B2144543729398N12152487WA0092900936004003030179212
B2144553729394N12152486WA0093200939004003024166207
B2144563729391N12152484WA0093400941004003025154202
B2144573729387N12152482WA0093500942004003025148201
B2144583729384N12152479WA0093600943004003027145205
B2144593729380N12152475WA0093700944004003030148221
B2145003729376N12152473WA0093900946004003025159240
B2145013729373N12152473WA0094100948004003025181243
B2145023729371N12152474WA0094200949004003020213244
B2145033729369N12152477WA0094300949004003019231243
B2145043729368N12152480WA0094200949004003019241242
B2145053729367N12152484WA0094100948004003025259244
B2145063729367N12152490WA0094100947004003030284244
B2145073729369N12152495WA0094000948005003030312243
B2145083729374N12152499WA0094000948004003037331183
B2145093729380N12152501WA0094100949004003040353193
B2145103729387N12152500WA0094200951004003040014199
B2145113729392N12152496WA0094300952004003041035203
B2145123729396N12152490WA0094400953004003041051206
B2145133729398N12152483WA0094500954004003041070209
E214514PEVForeground
B2145143729400N12152476WA0094600954004003040088210
B2145153729399N12152469WA0094700956004003036100080
B2145163729397N12152463WA0094800957004003036117095
B2145173729394N12152459WA0094900958004003031137120
B2145183729391N12152456WA0095000959004003027154152
B2145193729387N12152455WA0095100960004003026163181
B2145203729384N12152454WA0095300962004003022167193
B2145213729381N12152453WA0095400963005003022168205
B2145223729378N12152453WA0095500963005003017170211
B2145233729376N12152452WA0095400963004003017172223
B2145243729373N12152452WA0095400962005003017176219
B2145253729370N12152452WA0095300962004003023189229
B2145263729366N12152453WA0095300962004003023198237
B2145273729363N12152455WA0095400963004003023202230
B2145283729360N12152457WA0095500964005003023200217
B2145293729356N12152458WA0095600965004003023192225
B2145303729353N12152459WA0095600965004003028184207
B2145313729348N12152459WA0095600965004003028177222
B2145323729344N12152458WA0095700966005003028168208
B2145333729342N12152456WA0095800967004003024155221
B2145343729339N12152454WA0095800967004003022150196
B2145353729336N12152452WA0095800967004003024150194
B2145363729332N12152450WA0095700967004003024150188
B2145373729329N12152448WA0095700967004003024146193
B2145383729327N12152445WA0095700967004003023143216
B2145393729324N12152442WA0095800967005003023144243
B2145403729320N12152439WA0095800967005003028147237
B2145413729316N12152437WA0095700967004003028152224
B2145423729313N12152435WA0095700966004003028157213
B2145433729309N12152433WA0095600966004003026157211
B2145443729306N12152431WA0095600965004003026153206
B2145453729301N12152428WA0095500964004003032152201
B2145463729297N12152425WA0095500964005003035153191
B2145473729292N12152422WA0095500964004003035153187
B2145483729287N12152419WA0095600964004003036149185
B2145493729283N12152415WA0095600964004003036145181
B2145503729279N12152412WA0095400963004003034149171
B2145513729274N12152409WA0095200961004003034156178
B2145523729270N12152408WA0095000959004003032165186
B2145533729266N12152407WA0094800958004003027168197
B2145543729263N12152406WA0094600956004003023164204
B2145553729260N12152405WA0094400953004003024164206
B2145563729256N12152403WA0094200950004003025165198
B2145573729253N12152402WA0093900948004003024161182
B2145583729249N12152401WA0093700945004003024158183
B2145593729246N12152399WA0093500943004003024155181
B2146003729242N12152396WA0093200941004003029156186
B2146013729238N12152395WA0093100940004003029162180
B2146023729234N12152393WA0093000938004003028164188
B2146033729230N12152392WA0092800936004003026164189
B2146043729227N12152390WA0092600933004003026161192
B2146053729223N12152389WA0092300930004003028159192
B2146063729219N12152387WA0092000928004003029160190
B2146073729215N12152385WA0091900926005003029161190
B2146083729211N12152384WA0091800925004003029161192
B2146093729207N12152382WA0091600924004003028161191
B2146103729203N12152380WA0091400921004003026160193
B2146113729199N12152379WA0091100918004003028162196
B2146123729195N12152377WA0090900915004003028163194
B2146133729190N12152375WA0090700913004003033162196
B2146143729185N12152373WA0090500912004003033157190
B2146153729181N12152371WA0090300910004003029153181
B2146163729178N12152368WA0090100908004003029151179
B2146173729174N12152366WA0089900905004003027151176
B2146183729170N12152363WA0089600902004003027153176
B2146193729167N12152361WA0089300899004003027158181
B2146203729163N12152360WA0089100896004003027164187
B2146213729159N12152359WA0088700893004003028170194
B2146223729154N12152358WA0088500890004003028171199
B2146233729150N12152357WA0088200887004003029171201
B2146243729146N12152356WA0087900884004003030169199
B2146253729141N12152355WA0087700883005003029170198
B2146263729137N12152354WA0087600881004003029167199
B2146273729133N12152353WA0087400879004003028168198
B2146283729129N12152353WA0087100876004003028173201
B2146293729124N12152352WA0086900874004003030176205
B2146303729119N12152352WA0086700871004003033177206
B2146313729114N12152352WA0086400868004003036180204
B2146323729108N12152352WA0086200868004003036181204
B2146333729103N12152352WA0086000868004003036176205
B2146343729098N12152351WA0085900867004003036170201
B2146353729093N12152350WA0085800865005003033166195
B2146363729088N12152348WA0085600863004003033166194
B2146373729083N12152347WA0085400860004003033165194
B2146383729078N12152345WA0085200860004003034163193
B2146393729073N12152343WA0085000859004003038161189
B2146403729067N12152340WA0084800857004003036158183
B2146413729063N12152338WA0084600855004003036156182
B2146423729059N12152335WA0084500852004003033155179
B2146433729054N12152333WA0084100849004003031157182
B2146443729050N12152331WA0083900846004003031160185
B2146453729044N12152329WA0083600843004003038162188
B2146463729039N12152327WA0083400841004003039163185
B2146473729033N12152325WA0083300840005003038165186
B2146483729028N12152323WA0083400840004003037167189
B2146493729024N12152322WA0083400840005003029169191
B2146503729020N12152322WA0083300840004003029172201
B2146513729015N12152321WA0083300839004003029177204
B2146523729010N12152321WA0083200838004003031181208
B2146533729006N12152322WA0083300839004003027190207
B2146543729002N12152323WA0083300840004003027201214
B2146553729000N12152325WA0083400839004003020208226
B2146563728998N12152326WA0083300838005003019205234
B2146573728995N12152328WA0083300838005003019198236
B2146583728991N12152329WA0083300838004003027193233
B2146593728987N12152330WA0083400840004003027193221
B2147003728984N12152331WA0083600842004003026192221
B2147013728980N12152332WA0083800844005003024186223
B2147023728976N12152332WA0084000846005003023189221
B2147033728974N12152334WA0084200848004003023209229
B2147043728972N12152336WA0084300849004003019243247
B2147053728973N12152340WA0084400849005003019283270
B2147063728975N12152343WA0084500851005003020318286
B2147073728979N12152345WA0084700853004003027346317
B2147083728983N12152345WA0084900855004003032004339
B2147093728988N12152343WA0085100857004003032018355
B2147103728992N12152340WA0085300859004003034034018
B2147113728996N12152335WA0085500860004003035053036
B2147123728999N12152329WA0085500859004003041076057
B2147133728999N12152320WA0085400858004003046092084
B2147143728998N12152311WA0085400859004003046108107
B2147153728995N12152303WA0085400860004003046120123
B2147163728991N12152297WA0085600860004003044129142
B2147173728987N12152292WA0085900864004003032134151
B2147183728984N12152289WA0086100866004003032142163
B2147193728980N12152286WA0086300867004003029155175
B2147203728976N12152285WA0086500869004003028170200
B2147213728972N12152285WA0086600870004003027191213
B2147223728970N12152287WA0086800872004003020217233
B2147233728968N12152290WA0086900874004003020245261
B2147243728968N12152293WA0087100876004003018276264
B2147253728969N12152296WA0087300878004003018313293
B2147263728972N12152298WA0087400879004003018340317
B2147273728977N12152298WA0087600881004003031000343
B2147283728982N12152296WA0087700882004003038023012
B2147293728987N12152291WA0087900884004003038043035
B2147303728991N12152284WA0088100886004003043059058
B2147313728993N12152276WA0088200887004003046074078
B2147323728995N12152267WA0088200887004003045094093
B2147333728993N12152259WA0088200887005003045108118
B2147343728989N12152253WA0088300888004003042123142
B2147353728986N12152247WA0088500891005003039135154
B2147363728981N12152243WA0088700891005003037150172
B2147373728977N12152241WA0088900893005003032158181
B2147383728972N12152239WA0089000895004003032166187
B2147393728968N12152239WA0089200897004003027175179
B2147403728965N12152239WA0089300898004003025180171
B2147413728961N12152239WA0089400899004003025182177
B2147423728956N12152239WA0089500900004003029181189
B2147433728952N12152239WA0089600901004003029182193
B2147443728947N12152240WA0089700902004003029186192
B2147453728943N12152241WA0089700903005003029191197
B2147463728939N12152242WA0089800904004003028195197
B2147473728935N12152243WA0089900905004003028198190
B2147483728932N12152245WA0090100907004003028197210
B2147493728929N12152246WA0090200908004003025196234
B2147503728926N12152247WA0090200907004003019206200
B2147513728924N12152249WA0090200907004003017235205
B2147523728924N12152251WA0089900905004003016253224
B2147533728923N12152255WA0089600902005003022244235
B2147543728920N12152259WA0089300899004003022231231
B2147553728917N12152263WA0089000897004003027218228
B2147563728913N12152265WA0088900896004003027203223
B2147573728910N12152267WA0088900896004003023192215
B2147583728907N12152267WA0088900896004003023189213
B2147593728903N12152268WA0088800894004003023190212
B2148003728900N12152269WA0088600893004003023189213
B2148013728896N12152270WA0088500891004003025187214
B2148023728892N12152270WA0088400891004003025183212
B2148033728888N12152270WA0088400890004003025183208
B2148043728885N12152271WA0088200889004003023184210
B2148053728882N12152271WA0088000886004003022182212
B2148063728878N12152271WA0087800884004003022179212
B2148073728875N12152271WA0087600883004003025178211
B2148083728871N12152271WA0087600883004003025178207
B2148093728868N12152271WA0087600883004003023179207
B2148103728865N12152271WA0087600883005003020180209
B2148113728862N12152271WA0087500882004003020181214
B2148123728859N12152271WA0087400881004003024177214
B2148133728855N12152270WA0087300880004003026174207
B2148143728851N12152269WA0087300880004003025167202
B2148153728847N12152268WA0087200879005003025161198
B2148163728844N12152266WA0087200878004003025159193
B2148173728840N12152264WA0087100877004003031158191
B2148183728835N12152262WA0087000876004003032158185
B2148193728831N12152260WA0086900876004003031157183
B2148203728827N12152258WA0086900876004003030155184
B2148213728823N12152255WA0086900875004003030155182
B2148223728818N12152253WA0086800875005003033159178
B2148233728813N12152251WA0086700874004003036163175
B2148243728808N12152249WA0086700873004003035166180
B2148253728803N12152248WA0086700874004003035165176
B2148263728798N12152246WA0086700873004003035161172
B2148273728793N12152244WA0086600872004003034161178
B2148283728788N12152242WA0086500871004003034166199
B2148293728783N12152241WA0086500870004003034169205
B2148303728778N12152240WA0086400869004003035172208
B2148313728772N12152239WA0086300868004003035172200
B2148323728767N12152238WA0086200868005003035170199
B2148333728762N12152236WA0086200867004003036166198
B2148343728756N12152235WA0086100866004003036166201
B2148353728751N12152233WA0086000865004003038167203
B2148363728745N12152232WA0085900865004003038169205
B2148373728739N12152230WA0085900864004003039169215
B2148383728734N12152229WA0085900864004003039168195
B2148393728728N12152228WA0085800864004003037171218
B2148403728723N12152227WA0085700863004003036176208
B2148413728718N12152227WA0085700862004003036179219
B2148423728712N12152227WA0085600861004003035175200
B2148433728707N12152226WA0085500861004003035169200
B2148443728702N12152225WA0085400859005003035168204
B2148453728697N12152223WA0085300858004003035169218
B2148463728691N12152222WA0085200858004003038169224
B2148473728685N12152220WA0085300859004003037166219
B2148483728680N12152218WA0085300859004003037161206
B2148493728676N12152216WA0085300859004003034158199
B2148503728671N12152214WA0085200858004003034159197
B2148513728666N12152212WA0085100857004003035164200
B2148523728661N12152210WA0085000856004003034166201
B2148533728656N12152209WA0085000856004003034166198
B2148543728651N12152207WA0084900855004003033164203
B2148563728647N12152205WA0084800854004003032164203
B2148573728642N12152204WA0084600852004003032166208
B2148583728637N12152203WA0084400852004003033168209
B2148593728633N12152201WA0084300851004003033168212
B2149003728628N12152200WA0084200849004003033166209
B2149013728623N12152199WA0084000847004003032167201
B2149023728619N12152198WA0083900845004003033170195
B2149033728614N12152197WA0083700845004003035170201
B2149043728608N12152195WA0083600843004003034168180
B2149053728604N12152194WA0083500843004003034167201
B2149063728599N12152193WA0083400841004003032163195
B2149073728595N12152191WA0083100838004003033162184
B2149083728590N12152189WA0082900835004003036162201
B2149093728585N12152187WA0082700833004003036162190
B2149103728580N12152185WA0082600832004003036163189
B2149113728569N12152181WA0082200827004003037161176
B2149123728564N12152179WA0081900824004003037160172
B2149133728559N12152176WA0081700822004003036160175
B2149143728554N12152174WA0081500819004003035161177
B2149153728549N12152172WA0081300816004003034163183
B2149163728544N12152171WA0081100814004003033165185
B2149173728540N12152169WA0080900813004003033167186
B2149183728535N12152168WA0080700811004003032169184
B2149193728531N12152167WA0080500808004003031171179
B2149203728526N12152167WA0080400807004003030172191
B2149213728522N12152166WA0080300806004003027171180
B2149223728519N12152165WA0080200806004003027166182
B2149233728515N12152163WA0080100804004003026164190
B2149243728511N12152162WA0080000803004003026167193
B2149253728507N12152161WA0079800801004003027172216
B2149263728503N12152161WA0079700799004003029174208
B2149273728498N12152161WA0079500798004003031176207
B2149283728493N12152160WA0079400797004003031176205
B2149293728489N12152160WA0079400797004003031176187
B2149303728485N12152160WA0079300796004003030179208
B2149313728481N12152160WA0079200794004003025182191
B2149323728477N12152160WA0079000793004003025185187
B2149333728474N12152161WA0078900791004003025185184
B2149343728470N12152161WA0078700789004003026186189
B2149353728465N12152162WA0078500787004003027188187
B2149363728461N12152163WA0078400785004003029188190
B2149373728457N12152163WA0078200784004003029187187
B2149383728453N12152164WA0078100783004003029186189
B2149393728448N12152165WA0078000781004003029187194
B2149403728444N12152165WA0077900780004003029187193
B2149413728440N12152166WA0077700779004003028187192
B2149423728436N12152167WA0077600778004003029186188
B2149433728431N12152167WA0077500777004003029185191
B2149443728427N12152168WA0077400776004003030186193
B2149453728422N12152169WA0077300775004003031189196
B2149463728418N12152170WA0077300775004003030191189
B2149473728413N12152171WA0077300774004003030191183
B2149483728409N12152172WA0077200773004003030190182
B2149493728405N12152173WA0077000773005003030189189
B2149503728400N12152174WA0076900772004003031185191
B2149513728395N12152174WA0076800771004003033181190
B2149523728390N12152174WA0076800771004003033177189
B2149533728385N12152173WA0076700770004003032174190
B2149543728381N12152173WA0076700770004003031173191
B2149553728376N12152172WA0076600769004003031173187
B2149563728371N12152171WA0076600768004003031170188
B2149573728367N12152170WA0076500768004003031168188
B2149583728362N12152169WA0076400767004003031167187
B2149593728357N12152168WA0076400766004003031168188
B2150003728353N12152167WA0076400766004003031169186
B2150013728348N12152165WA0076300765004003032169188
B2150023728343N12152164WA0076200765004003032168188
B2150033728338N12152163WA0076200764004003032167188
B2150043728334N12152162WA0076100764004003032167189
B2150053728329N12152161WA0076100763004003032168190
B2150063728325N12152159WA0076000763004003031168191
B2150073728320N12152158WA0076000762004003031167192
B2150083728316N12152157WA0075900762004003031166192
B2150093728311N12152156WA0075800761004003031165191
B2150103728307N12152154WA0075800760004003031165190
B2150113728302N12152153WA0075700760004003030167190
B2150123728298N12152152WA0075600759004003030170188
B2150133728294N12152151WA0075500758004003030173191
B2150143728289N12152150WA0075500757004003030173194
B2150153728285N12152150WA0075400756004003030170194
B2150163728280N12152148WA0075200755004003029167193
B2150173728276N12152147WA0075100754004003029167192
B2150183728272N12152146WA0075000753004003029167192
B2150193728267N12152145WA0074900752004003030166192
B2150203728263N12152143WA0074800750004003030164191
B2150213728258N12152141WA0074700749004003031161190
B2150223728254N12152139WA0074600748004003031161187
B2150233728250N12152137WA0074500747004003031161187
B2150243728245N12152136WA0074400746004003031162187
B2150253728241N12152134WA0074300745004003031161188
B2150263728237N12152132WA0074200744004003030159188
B2150273728233N12152130WA0074100743004003031158186
B2150283728228N12152128WA0074000741004003031157185
B2150293728224N12152125WA0073900740004003031157184
B2150303728219N12152123WA0073800739004003031155183
B2150313728215N12152121WA0073700738004003031154182
B2150323728211N12152118WA0073600737004003031153181
B2150333728207N12152115WA0073500736004003031153180
B2150343728203N12152113WA0073400735004003031153180
B2150353728198N12152110WA0073300734004003031154180
B2150363728194N12152108WA0073200733004003031154180
B2150373728190N12152105WA0073100732004003032155180
B2150383728186N12152103WA0073000731004003031156181
B2150393728181N12152100WA0072900729004003031157182
B2150403728177N12152098WA0072800728004003031156183
B2150413728172N12152095WA0072700727004003033155183
B2150423728168N12152093WA0072600727004003033154181
B2150433728163N12152090WA0072400726004003033154179
B2150443728159N12152088WA0072400725004003033154179
B2150453728155N12152085WA0072300724004003032157177
B2150463728151N12152084WA0072200723004003030164178
B2150473728146N12152083WA0072000721004003030171184
B2150483728141N12152082WA0071900720004003030176186
B2150493728137N12152082WA0071800718004003031179187
B2150503728132N12152082WA0071700717004003031181187
B2150513728127N12152082WA0071600716004003031184189
B2150523728123N12152083WA0071500715004003031185186
B2150533728118N12152084WA0071400714004003031184184
B2150543728113N12152084WA0071300714004003031182188
B2150553728109N12152084WA0071100712004003031179189
B2150563728104N12152084WA0071000710004003033179188
B2150573728099N12152084WA0070900709004003034180186
B2150583728094N12152084WA0070800709004003033181182
B2150593728089N12152084WA0070700707004003033179179
B2151003728084N12152084WA0070600706004003032176183
B2151023728079N12152083WA0070400705004003032175183
B2151033728074N12152083WA0070300703004003033175181
B2151043728069N12152082WA0070200703004003033173186
B2151053728065N12152082WA0070100702004003033171184
B2151063728060N12152080WA0070000700004003033169183
B2151073728055N12152079WA0069900699004003034169186
B2151083728050N12152078WA0069800697004003034169182
B2151093728045N12152077WA0069600697004003034167182
B2151103728040N12152075WA0069600696004003034166183
B2151113728035N12152074WA0069400694004003033166183
B2151123728030N12152073WA0069300693004003033167184
B2151133728025N12152071WA0069200692004003033166177
B2151143728020N12152070WA0069100691004003033165174
B2151153728016N12152068WA0069000690004003033163175
B2151163728011N12152066WA0068900689004003032163174
B2151173728002N12152063WA0068700687004003031163172
B2151183727998N12152061WA0068600686004003031160162
B2151193727993N12152059WA0068500686004003031154155
B2151203727989N12152056WA0068400684004003031146153
B2151213727986N12152052WA0068300684004003033138150
B2151223727983N12152048WA0068200682004003032130146
B2151233727980N12152042WA0068100681004003032123139
B2151243727977N12152037WA0068000680004003032119131
B2151253727975N12152032WA0067900679004003033117127
B2151263727973N12152027WA0067800677004003033118122
B2151273727971N12152022WA0067700676004003032119120
B2151283727968N12152016WA0067600675004003031119118
B2151293727966N12152011WA0067500673004003031118118
B2151303727964N12152006WA0067300672004003032119116
B2151313727961N12152001WA0067200670004003032118115
B2151323727959N12151995WA0067100669004003032117113
B2151333727957N12151990WA0067000668004003032116114
B2151343727955N12151984WA0066900667004003032114115
B2151353727953N12151979WA0066800665004003031115116
B2151363727951N12151974WA0066700665004003032116114
B2151373727949N12151968WA0066500664004003032117112
B2151383727946N12151963WA0066400662004003032116106
B2151393727944N12151957WA0066300661004003032114109
B2151403727943N12151952WA0066200659004003032113105
B2151413727941N12151946WA0066100659004003032109105
B2151423727939N12151941WA0065900659004003032108105
B2151433727938N12151935WA0065800658004003032106105
B2151443727936N12151929WA0065700657005004031103105
B2151453727935N12151924WA0065600655006005028107103
B2151463727933N12151919WA0065400654006005029112101
B2151473727932N12151913WA0065300654007006029108102
B2151483727930N12151907WA0065100651005005030108108
B2151493727928N12151900WA0065000648004005033110109
B2151503727926N12151894WA0064900647004004032115111
B2151513727923N12151889WA0064800646004004032122107
B2151523727921N12151884WA0064700646004004032122110
B2151533727918N12151879WA0064500645004004032116116
B2151543727916N12151873WA0064400643004004032115117
B2151553727914N12151867WA0064300641004003032120121
B2151563727912N12151862WA0064200639004003033124118
B2151573727909N12151857WA0064100638004003033123116
B2151583727906N12151852WA0063900637004003033124113
B2151593727904N12151847WA0063800635004003033118119
B2152003727901N12151841WA0063700634004003034119118
B2152013727899N12151835WA0063500633004003035118114
B2152023727897N12151829WA0063400632004003034118112
B2152033727894N12151824WA0063300631004003034115106
B2152043727893N12151819WA0063200630004003032113104
B2152053727891N12151814WA0063100629004003032109106
B2152063727890N12151808WA0063000627004003032108108
B2152073727888N12151802WA0062800626004003032106111
B2152083727886N12151796WA0062700625004003033108111
B2152093727885N12151790WA0062600624004003033109110
B2152103727883N12151785WA0062500623005003033109108
B2152113727882N12151779WA0062400622004003033109108
B2152123727880N12151774WA0062200621004003033110104
B2152133727879N12151768WA0062100620004003033110110
B2152143727877N12151761WA0061900619005003035110103
B2152153727875N12151755WA0061800618005003035109105
B2152163727873N12151749WA0061700617005003035110106
B2152173727872N12151743WA0061700615004003034109103
B2152183727870N12151737WA0061600612004003034109115
B2152193727868N12151731WA0061400611004003034109111
B2152203727867N12151725WA0061300610005003035109115
B2152213727865N12151719WA0061200609005003034110122
B2152223727863N12151713WA0061100608004003034113120
B2152233727861N12151708WA0061000607004003033113124
B2152243727859N12151702WA0060900605004003032111120
B2152253727858N12151696WA0060800604004003033111117
B2152263727856N12151691WA0060700604004003033108109
B2152273727855N12151684WA0060600602004003033103106
B2152283727854N12151678WA0060500601004003033099108
B2152293727853N12151672WA0060400600004003033097110
B2152303727853N12151666WA0060300599004003033098110
B2152313727852N12151660WA0060200598004003033098109
B2152323727851N12151654WA0060100596005003034098099
B2152333727850N12151647WA0060000595005003035096098
B2152343727850N12151640WA0059900594005003035094096
B2152353727850N12151634WA0059800593005003035093100
B2152363727849N12151627WA0059700592005003035093099
B2152373727849N12151620WA0059600591005003036094100
B2152383727848N12151613WA0059500590004003036095101
B2152393727848N12151607WA0059400589004003035095100
B2152403727847N12151600WA0059200587005003036095094
B2152413727847N12151593WA0059100586005003036094095
B2152423727846N12151587WA0059000585004003036096098
B2152433727846N12151580WA0058900584005003036097102
B2152443727845N12151573WA0058800583005003035098103
B2152453727844N12151567WA0058700581005003035097100
B2152463727844N12151560WA0058600580005003034096102
B2152473727843N12151554WA0058500578005003034097106
B2152483727842N12151548WA0058300577005003034100112
B2152493727841N12151541WA0058200576005003033104108
B2152503727840N12151535WA0058100575005003033108114
B2152513727838N12151530WA0058100574004003033111117
B2152523727836N12151524WA0057900573005003033113122
B2152533727834N12151518WA0057800571004003033114121
B2152543727832N12151512WA0057600569005003035116129
B2152553727829N12151507WA0057500568004003036119131
B2152563727826N12151501WA0057400566005003035123133
B2152573727823N12151496WA0057200565004003035125134
B2152583727820N12151491WA0057100563004003034126139
B2152593727817N12151486WA0056900561004003035130153
B2153003727813N12151481WA0056700558004003037136161
B2153013727809N12151476WA0056500557004003037142159
B2153023727804N12151472WA0056300555004003037144165
B2153033727800N12151468WA0056300555004003036143146
B2153043727796N12151464WA0056300555004003034140154
B2153053727793N12151460WA0056300555004003034138156
B2153063727789N12151457WA0056200554004003031137152
B2153073727786N12151453WA0056100553004003031139165
B2153083727782N12151449WA0055900551004003033142169
B2153093727778N12151446WA0055800549004003034147175
B2153103727773N12151442WA0055700548004003034149173
B2153113727769N12151439WA0055600548004003034149166
B2153123727765N12151436WA0055500547004003031147168
B2153133727761N12151433WA0055400546004003031146168
B2153143727757N12151430WA0055300544004003031148177
B2153153727753N12151427WA0055200543004003031152184
B2153163727749N12151424WA0055100542004003030158186
B2153173727745N12151423WA0054900541004003030163182
B2153183727741N12151421WA0054800539004003030163178
B2153193727736N12151419WA0054700538004003030161180
B2153203727732N12151418WA0054500536004003031161184
B2153213727727N12151416WA0054400535004003031164186
B2153223727723N12151415WA0054200533004003031168194
B2153233727718N12151414WA0054100532004003031170192
B2153243727714N12151413WA0054000530004003030172194
B2153253727710N12151412WA0053800528004003030175193
B2153263727705N12151412WA0053700527004003030178200
B2153273727700N12151412WA0053500525004003032180200
B2153283727695N12151412WA0053400524004003031180201
B2153293727691N12151412WA0053300523004003031180198
B2153303727686N12151412WA0053200522004003031178200
B2153313727682N12151412WA0053100521004003031176191
B2153323727677N12151411WA0053000520004003032174189
B2153333727672N12151411WA0052900518004003033173208
B2153343727667N12151410WA0052700517004003033178216
B2153353727662N12151411WA0052600516004003033186233
B2153363727658N12151412WA0052500515004003028196233
B2153373727654N12151414WA0052400514004003028201231
B2153383727651N12151416WA0052200512004003026205237
B2153393727648N12151418WA0052100510004003024211244
B2153403727645N12151421WA0051900509004003024221256
B2153413727643N12151424WA0051700507005003025229261
B2153423727640N12151428WA0051600506004003025234261
B2153433727639N12151431WA0051400505004003024238265
B2153443727637N12151435WA0051200502004003024241266
B2153453727635N12151439WA0051000500004003024243273
B2153463727634N12151444WA0050700497004003026246274
B2153473727632N12151448WA0050500495004003027249276
B2153483727631N12151453WA0050400494004003026253278
B2153493727630N12151457WA0050300493004003025260279
B2153503727630N12151461WA0050100491004003022270291
B2153513727631N12151465WA0050000489004003020279301
B2153523727632N12151469WA0049800487004003022284302
B2153533727632N12151473WA0049600485004003022282289
B2153543727633N12151478WA0049500484004003025278289
B2153553727633N12151482WA0049400484004003025277277
B2153563727634N12151485WA0049400483004003019280283
B2153573727635N12151489WA0049300482004003019282289
B2153583727635N12151492WA0049200481004003018278287
B2153593727635N12151496WA0049100480004003018275284
B2154003727635N12151499WA0049000479004003017272291
B2154013727635N12151502WA0048800477004003018269284
B2154023727635N12151506WA0048700475004003021269291
B2154033727635N12151510WA0048600474004003021271284
B2154043727636N12151514WA0048500474004003021275288
B2154053727636N12151517WA0048500474004003019273288
B2154063727636N12151520WA0048500474004003015267287
B2154073727635N12151523WA0048400473005003015259279
B2154083727635N12151526WA0048400473005003015260282
B2154093727635N12151529WA0048400472004003015264288
B2154103727634N12151532WA0048400473005003016259277
B2154113727634N12151536WA0048400473005003021251286
B2154123727632N12151539WA0048500474005003023243287
B2154133727631N12151543WA0048500474004003023246260
B2154143727630N12151547WA0048400473004003023256278
B2154153727629N12151551WA0048400472004003021262292
B2154163727629N12151554WA0048300471004003020264274
B2154173727629N12151558WA0048200470004003020263276
B2154183727628N12151562WA0048000468004003020257290
B2154193727627N12151566WA0047900467004003020258281
B2154203727627N12151570WA0047900467004003021261298
B2154213727627N12151573WA0047900467004003018264289
B2154223727626N12151576WA0047900468004003018267301
B2154233727626N12151579WA0047900467004003015271304
B2154243727627N12151582WA0047800466004003015273302
B2154253727627N12151586WA0047700465004003017270298
B2154263727626N12151590WA0047700464005003025264290
B2154273727626N12151595WA0047700465005003025253282
B2154283727625N12151598WA0047800466004003024240264
B2154293727623N12151601WA0047800465004003018226266
B2154303727621N12151602WA0047700464004003015219262
B2154313727619N12151605WA0047500461004003020220257
B2154323727616N12151607WA0047200458004003026218253
B2154333727612N12151611WA0047000456004003026210245
B2154343727608N12151613WA0046900456004003031204242
B2154353727604N12151616WA0046800455004003031203233
B2154363727600N12151618WA0046600454004003027205231
B2154373727596N12151620WA0046500452004003027211234
B2154383727594N12151623WA0046400451004003025223238
B2154393727591N12151627WA0046200449004003025235246
B2154403727590N12151630WA0046100448005003024245253
B2154413727589N12151633WA0046100448004003017250259
B2154423727588N12151636WA0046100448004003017245264
B2154433727587N12151638WA0046000447004003015239263
B2154443727586N12151641WA0045900446004003015236267
B2154453727584N12151644WA0045800445004003018229263
B2154463727582N12151647WA0045700444004003020222259
B2154473727580N12151649WA0045600443004003020221253
B2154483727577N12151652WA0045500441004003020225251
B2154493727575N12151655WA0045400441004003021227253
B2154503727573N12151658WA0045400441004003022232252
B2154513727571N12151662WA0045400441004003022237252
B2154523727569N12151665WA0045400441004003022238257
B2154533727567N12151668WA0045400441004003022232256
B2154543727565N12151672WA0045400441004003022227252
B2154553727562N12151675WA0045400440004003024226248
B2154563727560N12151679WA0045300440004003024225246
B2154573727557N12151682WA0045300439004003024222245
B2154583727555N12151685WA0045200438004003022222243
B2154593727552N12151687WA0045100437004003022222244
B2155003727550N12151690WA0045000435004003022223243
B2155013727548N12151693WA0044800434004003020228244
B2155023727546N12151696WA0044700433004003020232249
B2155033727545N12151699WA0044600431004003019236251
B2155043727543N12151702WA0044400430004003019240254
B2155053727542N12151705WA0044200428004003019241256
B2155063727540N12151708WA0044100427004003019241257
B2155073727539N12151711WA0044000425004003019241257
B2155083727538N12151714WA0043900424004003019240257
B2155093727536N12151718WA0043700422004003020239256
B2155103727534N12151721WA0043500420004003022239255
B2155113727532N12151725WA0043400418004003024240254
B2155123727531N12151729WA0043300417004003024244254
B2155133727530N12151734WA0043200417004003024251256
B2155143727529N12151738WA0043100416004003024260261
B2155153727528N12151742WA0043100416004003020264267
B2155163727528N12151746WA0043000415004003021265270
B2155173727528N12151750WA0042900414004003021271271
B2155183727529N12151754WA0042800413004003022279274
B2155193727529N12151758WA0042700413004003022285279
B2155203727530N12151761WA0042700412004003018288283
B2155213727531N12151764WA0042600411004003018289284
B2155223727532N12151767WA0042500410004003018289285
B2155233727533N12151771WA0042300408004003018290285
B2155243727534N12151774WA0042200407004003021294286
B2155253727535N12151778WA0042200407004003021302289
B2155263727537N12151780WA0042100406004003018316293
B2155273727539N12151781WA0042100406004003016326301
B2155283727541N12151783WA0042000405004003014328305
B2155293727542N12151784WA0042000405004003014319303
B2155303727543N12151786WA0042000405004003011300297
B2155313727544N12151788WA0041900403004003011283291
B2155323727544N12151790WA0041800402004003014277292
B2155333727544N12151793WA0041700401004003014278287
B2155343727545N12151795WA0041600400004003013279282
B2155353727545N12151797WA0041400399004003012268281
B2155363727545N12151800WA0041200396004003016262276
B2155373727544N12151804WA0041000394004003020260275
B2155383727544N12151807WA0040900392004003020254268
B2155393727542N12151811WA0040700392004003020239257
B2155403727540N12151813WA0040700391004003021217251
B2155413727537N12151815WA0040500389004003023206250
B2155423727534N12151817WA0040300386004003023201237
B2155433727530N12151819WA0040100384004003026197248
B2155443727526N12151820WA0039800381004003028194242
B2155453727522N12151822WA0039600378004003030194236
B2155463727517N12151823WA0039300376004003030198246
B2155473727514N12151825WA0039200375004003030207252
B2155483727511N12151828WA0039100374004003026210253
B2155493727508N12151830WA0038900373004003021207251
B2155503727505N12151832WA0038800371004003022207247
B2155513727502N12151834WA0038600369004003022210253
B2155523727499N12151836WA0038400367004003025214257
B2155533727496N12151839WA0038300366004003025221259
B2155543727493N12151842WA0038200364004003022233260
B2155553727492N12151846WA0038000363004003022250264
B2155563727492N12151850WA0037900361004003020266272
B2155573727492N12151853WA0037800360004003019278280
B2155583727493N12151856WA0037600358004003019296288
B2155593727495N12151859WA0037400356004003020316297
B2156003727498N12151861WA0037200355004003021337307
B2156013727501N12151862WA0037100353004003021352320
B2156023727505N12151862WA0037000352004003023003329
B2156033727508N12151861WA0036900351004003023014338
B2156043727511N12151859WA0036700349004003024026346
B2156053727515N12151857WA0036600349004003027041002
B2156063727518N12151853WA0036300346004003027050021
B2156073727520N12151848WA0036100344004003030058031
B2156083727523N12151842WA0035900342004003032065045
B2156093727524N12151835WA0035700339004003035072058
B2156103727525N12151829WA0035500337004003036081070
B2156113727526N12151822WA0035200334004003036087072
B2156123727526N12151815WA0035000332004003037088064
B2156133727526N12151808WA0034800329004003037082051
B2156143727528N12151801WA0034600326004003038067042
B2156153727531N12151795WA0034300323004003040048025
B2156163727536N12151791WA0034100322004003039027007
B2156173727541N12151789WA0034000321004003039008347
B2156183727545N12151790WA0033900321004003033344334
B2156193727547N12151793WA0033900320004003017312316
B2156203727548N12151795WA0033700318004003017285294
B2156213727548N12151798WA0033600317004003016274280
B2156223727548N12151801WA0033500316004003015271270
B2156233727548N12151804WA0033300314004003015279275
B2156243727549N12151807WA0033100311004003015290289
B2156253727550N12151809WA0032900310004003017300290
B2156263727552N12151812WA0032800308004003017305283
B2156273727553N12151815WA0032700307004003017302280
B2156283727554N12151818WA0032600306004003017297278
B2156293727556N12151820WA0032500306004003016299281
B2156303727557N12151823WA0032400305004003016308290
B2156313727558N12151825WA0032400304004003015316285
B2156323727560N12151826WA0032200303004003014315285
B2156333727561N12151828WA0032000300004003014311294
B2156343727563N12151831WA0031900298004003019315300
B2156353727565N12151833WA0031600296004003020327312
B2156363727568N12151835WA0031500295004003020335305
B2156373727571N12151836WA0031400294004003020338306
B2156383727574N12151838WA0031200293004003021338295
B2156393727577N12151839WA0031100291004003023337294
B2156403727580N12151841WA0031000290004003023332290
B2156413727583N12151843WA0030800289004003021326284
B2156423727585N12151845WA0030700287004003020318283
B2156433727587N12151848WA0030500286004003018311282
B2156443727588N12151850WA0030400284004003018310283
B2156453727590N12151853WA0030300282004003018311277
B2156463727592N12151855WA0030100282004003017309270
B2156473727593N12151857WA0029900281004003016306274
B2156483727595N12151860WA0029800280004003016301277
B2156493727596N12151863WA0029600278004003018299278
B2156503727597N12151866WA0029500277004003018302283
B2156513727599N12151869WA0029400275004003018307284
B2156523727601N12151871WA0029300274004003019314293
B2156533727603N12151874WA0029200273004003019320287
B2156543727606N12151876WA0029100272004003022322281
B2156553727608N12151879WA0029000271004003022318289
B2156563727610N12151882WA0029000271004003022308271
B2156573727611N12151884WA0028900270004003018290260
B2156583727611N12151887WA0028800268004003016274272
B2156593727611N12151890WA0028700266004003017268264
B2157003727611N12151893WA0028500265004003017269262
B2157013727611N12151897WA0028400264004003017265241
B2157023727611N12151899WA0028300263004003017246234
B2157033727609N12151902WA0028200262004003017220223
B2157043727606N12151903WA0028100260004003021200209
B2157053727603N12151904WA0028100260004003024184197
B2157063727599N12151904WA0028100261004003024171187
B2157073727595N12151902WA0028200262004003026164185
B2157083727591N12151900WA0028300262004003027156186
B2157093727587N12151898WA0028300262004003027149180
B2157103727584N12151895WA0028200261004003029147163
B2157113727580N12151892WA0028100260004003029144156
B2157123727576N12151887WA0028100260004003033138156
B2157133727572N12151882WA0028100260004003037130144
B2157143727568N12151876WA0028100260004003037126149
B2157153727565N12151871WA0028000259004003037126164
B2157163727562N12151866WA0028000258004003034128166
B2157173727559N12151861WA0027900257004003034132172
B2157183727555N12151856WA0027800255004003035135182
B2157193727551N12151852WA0027700255004003035139176
B2157203727547N12151848WA0027600254004003035142183
B2157213727544N12151845WA0027500253004003031145181
B2157223727540N12151842WA0027300251004003029153185
B2157233727536N12151840WA0027100248004003029162194
B2157243727531N12151839WA0026900246004003030173206
B2157253727527N12151839WA0026700245004003030182212
B2157263727524N12151840WA0026600243004003024182228
B2157273727522N12151840WA0026500242004003018174212
B2157283727519N12151839WA0026300240004003019181227
B2157293727516N12151840WA0026100237004003021198224
B2157303727513N12151842WA0025900236004003021216244
B2157313727511N12151845WA0025800235004003021224238
B2157323727509N12151847WA0025700234004003014222261
B2157333727508N12151848WA0025700234004003014224260
B2157343727507N12151850WA0025500233004003011237265
B2157353727507N12151852WA0025400230004003011261262
B2157363727507N12151854WA0025200229004003014291265
B2157373727509N12151857WA0025100228004003015322295
B2157383727511N12151858WA0025000227004003014342286
B2157393727512N12151858WA0024900226004003013333273
B2157403727513N12151859WA0024700223004003010293268
B2157413727514N12151862WA0024500223004003018281260
B2157423727514N12151866WA0024300223004003018286263
B2157433727515N12151869WA0024300223004003018301266
B2157443727516N12151870WA0024300223004003012310302
B2157453727517N12151871WA0024200222004003012315267
B2157463727518N12151873WA0024200220004003012299264
B2157473727519N12151876WA0024100219004003012281257
B2157483727519N12151878WA0024000217004003015269251
B2157493727519N12151881WA0023900216004003015260248
B2157503727518N12151883WA0023800216004003014251255
B2157513727518N12151885WA0023800216004003012255263
B2157523727518N12151888WA0023800216004003012264272
B2157533727518N12151890WA0023800215004003014271260
B2157543727518N12151893WA0023800215004003014275270
B2157553727518N12151895WA0023700215004003014287287
B2157563727519N12151897WA0023800215004003012303315
B2157573727520N12151899WA0023900215004003012312312
B2157583727521N12151901WA0023800215004003012317311
B2157593727523N12151903WA0023800214004003014326309
B2158003727526N12151904WA0023800215004003019339308
B2158013727529N12151905WA0023900215004003019354320
B2158023727531N12151905WA0023900215004003019000324
B2158033727534N12151905WA0023900214004003019349324
B2158043727538N12151907WA0023800213004003024336312
B2158053727541N12151909WA0023800214004003024324302
B2158063727543N12151911WA0023900215004003024316275
B2158073727544N12151913WA0023900215004003017282271
B2158083727544N12151914WA0023900214004003010210259
B2158093727542N12151915WA0023700212004003018193247
B2158103727538N12151916WA0023500210004003024190224
B2158113727534N12151916WA0023400210004003024177233
B2158123727531N12151916WA0023400210004003024166221
B2158133727527N12151914WA0023300210004003023160222
B2158143727524N12151913WA0023200209004003023160206
B2158153727521N12151911WA0023100207004003023168199
B2158163727517N12151911WA0022900205004003023175203
B2158173727514N12151911WA0022900205004003023175212
B2158183727511N12151910WA0022800204004003023165217
B2158193727508N12151908WA0022500201004003021164222
B2158203727505N12151908WA0022300198004003021178225
B2158213727502N12151909WA0022000195004003021218235
B2158223727501N12151913WA0021800193004003021256251
B2158233727500N12151918WA0021900194004003021280265
B2158243727502N12151921WA0021900195004003015304278
B2158253727503N12151922WA0021900196004003015317275
B2158263727504N12151923WA0021900195004003008280290
B2158273727504N12151924WA0021600193004003008252266
B2158283727503N12151926WA0021400192004003009262263
B2158293727503N12151930WA0021200192004003020271273
B2158303727503N12151934WA0021100191004003020280277
B2158313727504N12151936WA0020900190004003017285272
B2158323727504N12151939WA0020900188004003013268265
B2158333727504N12151941WA0020800186004003013244255
B2158343727503N12151943WA0020600183004003016233251
B2158353727501N12151945WA0020400181004003016227242
B2158363727500N12151947WA0020200180004003015216248
B2158373727499N12151947WA0020200179004003010212250
B2158383727498N12151948WA0020200179004003007212252
B2158393727498N12151948WA0020100179004003000212271
B2158403727498N12151948WA0020100179004003000212263
B2158413727498N12151948WA0020100179004003000212264
B2158423727498N12151948WA0020100178004003002212262
B2158433727498N12151949WA0020100178004003002212255
B2158443727498N12151950WA0020100178004003002212264
B2158453727498N12151950WA0020100178005003003212252
B2158463727498N12151951WA0020100178004003002212253
B2158473727498N12151951WA0020100178004003002212258
B2158483727498N12151952WA0020100178005003002212258
B2158493727498N12151952WA0020100178005003002212252
B2158503727498N12151952WA0020100178005003002212245
B2158513727498N12151952WA0020100178005003002212252
B2158523727498N12151953WA0020100177004003002212253
B2158533727498N12151953WA0020100178004003002212257
B2158543727498N12151954WA0020100178004003000212253
B2158553727498N12151954WA0020200177004003001212256
B2158563727498N12151954WA0020200177004003001212253
B2158573727498N12151954WA0020100177004003002212255
B2158583727498N12151955WA0020100177004003003212262
B2158593727498N12151955WA0020100177004003003212254
B2159003727498N12151956WA0020100177004003003212262
B2159013727498N12151956WA0020100177004003003212256
B2159023727498N12151957WA0020100177004003003212247
B2159033727498N12151957WA0020100176004003003212246
B2159043727497N12151958WA0020100176004003002212264
B2159053727497N12151958WA0020200176004003002212261
B2159063727497N12151958WA0020200176004003002212262
B2159073727497N12151959WA0020200177004003002245255
B2159083727497N12151960WA0020200177004003004228256
B2159093727496N12151960WA0020100176004003003228255
B2159103727496N12151961WA0020100177004003006242261
B2159113727496N12151962WA0020100177004003003242256
GMuJU135M0Npi0cqHU4ycYCaH5rJCAb1fzN62KWbVmfe1ZEd109iflGTj2obBuY+H
GkdZda9NgNMtk5O4/3NMg86oMbp0stX6NUZs2TrpkUw0xt/09/tgo1aEH7Ve0AkAm
GQc7ylOy8I0nMY8Ra/5IMiDSN+DaGLhK7RNUTKz11308=
