AXFH000
HFDTE290826
HFPLTPILOT:KaranS
HFGTYGLIDERTYPE:Niviuk Hiko P
HFDTM100GPSDATUM:WGS84
HFRFWFIRMWAREVERSION:9.7.1
HFRHWHARDWAREVERSION:iPhone 17 Pro
HFFTYFRTYPE:Flyskyhy,9.7.1
HFGPS:Internal
HFPRSVARIO:XC Tracer
HFCCLCOMPETITIONCLASS:Paraglider,EN-B
HFTZNTIMEZONE:-7
HFSITSITE:Dunlap,US
I053638FXA3941VXA4244GSP4547CCO4850HDT
C290826184446290826000106TASK
C0000000N00000000ETAKEOFF
C3646164N11906086W00000000000400000000360000STARTAREA DNLNCH
C3646886N11907285W00000000000400000000360000TURNAREA 49917
C3644816N11904600W00000000000400000000360000TURNAREA SONTAG
C3647347N11907139W00000000001000000000360000TURNAREA DELILA
C3644411N11907767W00000000001200000000360000TURNAREA TURKEY
C3646164N11906086W00000000000400000000360000TURNAREA DNLNCH
C3642989N11908259W00000000001200000000360000TURNAREA AIRSTR
C3644153N11906287W00000000000400000000360000FINISHAREA DNLPLZ
C0000000N00000000ELANDING
B1845153645904N11905880WA0141301412002003001231325
B1845163645904N11905880WA0141201412002003000231321
B1845173645904N11905880WA0141201412002003000231310
B1845183645904N11905880WA0141201412002003000231296
B1845193645904N11905880WA0141201411002003000231307
B1845203645904N11905880WA0141201411002003000200350
B1845213645904N11905881WA0141201411002003001219345
B1845223645904N11905881WA0141201411003003000219330
B1845233645904N11905881WA0141201411002003002026330
B1845243645904N11905881WA0141201411002003002026317
B1845253645904N11905881WA0141201411002003000026321
B1845263645904N11905881WA0141201411002003000026322
B1845273645904N11905881WA0141201411002003000026331
B1845283645904N11905881WA0141201411002003000026313
B1845293645904N11905881WA0141201411002003001026307
B1845303645904N11905881WA0141201411002003000026316
B1845313645904N11905881WA0141201411002003000026327
B1845323645904N11905881WA0141201411001003000026326
B1845333645904N11905881WA0141201411002003000192344
B1845343645904N11905881WA0141101411002003000286357
B1845353645904N11905882WA0141101411003003002280293
B1845363645904N11905883WA0141101411003003003250126
B1845373645903N11905883WA0141001411003003004224138
B1845383645902N11905884WA0140801411003003004216181
B1845393645901N11905885WA0140701411003003005211154
B1845403645899N11905887WA0140501410003003010218135
B1845413645897N11905889WA0140301410003003011228207
B1845423645895N11905892WA0140201410004003011223221
B1845433645892N11905896WA0140501411004003014211214
B1845443645888N11905899WA0140901412004003019208260
B1845453645885N11905902WA0141001411003003019210229
B1845463645882N11905905WA0140801410003003019219241
B1845473645880N11905908WA0140601409003003020223215
B1845483645876N11905912WA0140401407004003030221227
B1845493645872N11905916WA0140401406004003030211189
B1845503645869N11905917WA0140301405004003028193176
B1845513645865N11905917WA0140201404004003023167162
B1845523645861N11905915WA0140001400004003029152160
B1845533645857N11905912WA0139801398004003032147149
B1845543645853N11905908WA0139601396004003032144153
B1845553645849N11905904WA0139501395004003033145137
B1845563645844N11905901WA0139401395004003032149140
B1845573645840N11905898WA0139501396004003032146145
B1845583645837N11905894WA0139701396004003031136141
B1845593645834N11905890WA0139701397004003031130150
B1846003645831N11905886WA0139701397004003030134170
B1846013645827N11905882WA0139601396004003030146170
B1846023645823N11905880WA0139501394004003030160169
B1846033645818N11905879WA0139301392004003031169180
B1846043645813N11905878WA0139201391004003029177172
B1846053645809N11905878WA0139101391004003029176169
B1846063645805N11905877WA0139101390004003029166155
B1846073645801N11905875WA0139101390004003029153161
B1846083645797N11905872WA0139101390004003032147164
B1846093645793N11905869WA0139201391004003032154184
B1846103645788N11905868WA0139201391004003031171192
B1846113645784N11905868WA0139301391004003030192210
B1846123645780N11905871WA0139301391004003027211226
B1846133645778N11905874WA0139301392004003027231235
B1846143645776N11905878WA0139201391004003024256246
B1846153645777N11905883WA0139101390004003024274258
B1846163645778N11905889WA0139101389004003033279261
B1846173645778N11905895WA0139101390004003034266255
B1846183645777N11905901WA0139101389004003033236238
B1846193645773N11905905WA0139101389004003033212221
B1846203645767N11905907WA0139101389004003034189201
B1846213645762N11905906WA0139001388004003036172180
B1846223645757N11905904WA0139001388004003036162162
B1846233645752N11905902WA0138901387004003036150149
B1846243645747N11905897WA0138901386004003038139146
B1846253645743N11905892WA0138901386004003038136157
B1846263645739N11905888WA0138801386004003037146162
B1846273645734N11905885WA0138801385004003035161178
B1846283645728N11905885WA0138801384004003040175184
B1846293645722N11905885WA0138701384004003042191200
B1846303645716N11905888WA0138801384004003040217212
B1846313645715N11905893WA0138901385004003036251233
B1846323645714N11905898WA0138901385004003020281262
B1846333645717N11905901WA0138901385004003024317277
B1846343645720N11905904WA0139001386004003023325308
B1846353645724N11905906WA0139001386004003024333315
B1846363645727N11905908WA0139001386004003025340336
B1846373645731N11905909WA0139101386004003028349355
B1846383645736N11905910WA0139101386004003028001004
B1846393645740N11905909WA0139101387004003029014001
B1846403645744N11905907WA0139201387004003028018003
B1846413645749N11905905WA0139201387004003028007346
B1846423645752N11905906WA0139101386004003025343327
B1846433645755N11905910WA0139101386004003025311308
B1846443645756N11905915WA0139001385004003030287287
B1846453645755N11905920WA0139001385004003030255269
B1846463645752N11905924WA0139101386004003029221248
B1846473645748N11905926WA0139101386004003029194223
B1846483645743N11905926WA0139101387004003032179194
B1846493645738N11905925WA0139201388004003032168174
B1846503645734N11905923WA0139201388004003031153163
B1846513645730N11905919WA0139201388004003030137144
B1846523645728N11905915WA0139201387004003030123136
B1846533645726N11905909WA0139101386004003032116132
B1846543645723N11905903WA0139101385004003032115129
B1846553645721N11905897WA0139001384004003036122139
B1846563645717N11905893WA0138901383004003032134139
B1846573645713N11905890WA0138901384004003032151148
B1846583645710N11905887WA0138901384004003030169166
B1846593645706N11905887WA0138901385004003028185184
B1847003645703N11905889WA0138901384004003022211198
B1847013645701N11905893WA0138901384004003022244230
B1847023645701N11905897WA0138901384004003022274268
B1847033645702N11905901WA0138801384004003023306298
B1847043645705N11905904WA0138701383004003024333324
B1847053645709N11905905WA0138601382004003029354347
B1847063645714N11905905WA0138601381004003031006353
B1847073645719N11905903WA0138501380004003031011352
B1847083645723N11905902WA0138501380004003032009343
B1847093645728N11905902WA0138501380004003032000345
B1847103645733N11905903WA0138401379004003030351341
B1847113645737N11905903WA0138401379004003031351346
B1847123645742N11905904WA0138401379004003030355350
B1847133645746N11905904WA0138501380004003030358353
B1847143645750N11905904WA0138501381004003026000339
B1847153645754N11905904WA0138501380004003026002348
B1847163645758N11905904WA0138501380004003026004339
B1847173645762N11905903WA0138501380004003027001341
B1847183645766N11905904WA0138501380004003029353341
B1847193645770N11905905WA0138601381004003029346340
B1847203645774N11905906WA0138701381004003028342345
B1847213645778N11905908WA0138701381004003026341354
B1847223645782N11905909WA0138701381004003025345345
B1847233645785N11905910WA0138701382004003025348329
B1847243645789N11905911WA0138701382004003025349336
B1847253645793N11905912WA0138701381004003027345334
B1847263645798N11905914WA0138701381004003029341336
B1847273645802N11905916WA0138701382004003033338332
B1847283645807N11905918WA0138801383004003034339338
B1847293645811N11905920WA0138901385004003033341330
B1847303645815N11905921WA0139101386004003031347321
B1847313645819N11905922WA0139201387004003026349304
B1847323645822N11905923WA0139201387004003023334314
B1847333645825N11905927WA0139201386004003029319309
B1847343645828N11905931WA0139201387004003029316316
B1847353645832N11905935WA0139301388004003031320318
B1847363645835N11905938WA0139401390004003031322319
B1847373645839N11905941WA0139501390004003025322308
B1847383645842N11905944WA0139501390004003025320298
B1847393645845N11905947WA0139501389004003025315299
B1847403645848N11905951WA0139401388004003028311287
B1847413645850N11905956WA0139301387004003028305298
B1847423645852N11905960WA0139201386004003028299291
B1847433645854N11905964WA0139101385004003027293286
B1847443645855N11905969WA0139001385004003027288281
B1847453645856N11905975WA0139001386004003031283275
B1847463645857N11905980WA0139201387004003031280280
B1847473645858N11905985WA0139301388004003029276264
B1847483645858N11905990WA0139501389004003025271274
B1847493645858N11905994WA0139601389004003021267287
B1847503645858N11905998WA0139501388004003021271281
B1847513645858N11906001WA0139301388004003021275289
B1847523645858N11906006WA0139101385004003021277289
B1847533645859N11906011WA0138901385004003027276289
B1847543645859N11906016WA0138801383004003028276283
B1847553645860N11906021WA0138601382004003028276288
B1847563645860N11906026WA0138501380004003028275273
B1847573645860N11906031WA0138401379004003028275274
B1847583645861N11906037WA0138201378004003028276282
B1847593645862N11906042WA0138101376004003028281289
B1848003645863N11906047WA0137901374004003027283278
B1848013645864N11906052WA0137801372004003029283286
B1848023645864N11906057WA0137601370004003029279274
B1848043645865N11906062WA0137401370004003029279279
B1848053645866N11906068WA0137301369004003030280285
B1848063645866N11906073WA0137301368004003028277288
B1848073645866N11906078WA0137301367004003028265281
B1848083645865N11906083WA0137201367004003028251279
B1848093645863N11906089WA0137201367004003030246284
B1848103645861N11906095WA0137201367004003034248267
B1848113645860N11906101WA0137301368004003034259303
B1848123645860N11906107WA0137501370004003033270277
B1848133645860N11906112WA0137601372004003029278279
B1848143645861N11906117WA0137801374004003027279283
B1848153645862N11906122WA0138001375004003027276265
B1848163645862N11906127WA0138001375004003027274252
B1848173645862N11906132WA0138001375004003027266273
B1848183645861N11906138WA0138101375004003032250256
B1848193645858N11906143WA0138101375004003033240270
B1848203645856N11906149WA0138101376004003032247278
B1848213645856N11906154WA0138201377004003031266279
B1848223645857N11906159WA0138201378004003028288293
B1848233645858N11906164WA0138301378004003028301316
B1848243645861N11906168WA0138301377004003028309325
B1848253645864N11906172WA0138301377004003029319324
B1848263645868N11906175WA0138301377004003032327328
B1848273645872N11906178WA0138301378004003032331336
B1848283645876N11906180WA0138401378004003031335327
B1848293645880N11906182WA0138401378004003028339326
B1848303645883N11906184WA0138401378004003027339300
B1848313645888N11906186WA0138201376004003030333310
B1848323645892N11906190WA0138101375004003030322313
B1848333645895N11906194WA0138101375004003033314311
B1848343645899N11906199WA0138101375004003034310306
B1848353645902N11906204WA0138101375004003034310296
B1848363645905N11906208WA0138101375004003033314291
B1848373645909N11906212WA0138101375004003031318305
B1848383645912N11906216WA0138101374004003031318293
B1848393645916N11906220WA0138001374004003032317300
B1848403645919N11906224WA0138001374004003032315293
B1848413645923N11906229WA0138001374004003032312294
B1848423645926N11906233WA0137901373004003034313285
B1848433645930N11906238WA0137901373004003035314301
B1848443645933N11906243WA0137901373004003035311297
B1848453645936N11906248WA0138001375004003035305294
B1848463645939N11906253WA0138101375004003033303286
B1848473645942N11906258WA0138301377004003033306300
B1848483645945N11906263WA0138401377004003033314311
B1848493645948N11906266WA0138501377004003030319293
B1848503645951N11906269WA0138601378004003027315281
B1848513645953N11906273WA0138701378004003028306271
B1848523645955N11906277WA0138701379004003027289259
B1848533645954N11906282WA0138801380004003026250249
B1848543645951N11906285WA0139001382004003026210227
B1848553645947N11906285WA0139101383004003027181198
B1848563645943N11906283WA0139101385004003027156174
B1848573645939N11906280WA0139201386004003029137149
B1848583645936N11906275WA0139301387004003033119125
B1848593645935N11906269WA0139401388004003034098108
B1849003645936N11906262WA0139601390004003034077083
B1849013645939N11906256WA0139701391004003035059064
B1849023645942N11906252WA0139801391004003034041045
B1849033645947N11906249WA0139701391004003035026026
B1849043645952N11906247WA0139701391004003035012011
B1849053645957N11906247WA0139701391004003035354358
B1849063645962N11906249WA0139701391004003033335342
B1849073645966N11906253WA0139601391004003033317324
B1849083645969N11906258WA0139701391004003033304308
B1849093645971N11906263WA0139701392004003033293296
B1849103645972N11906269WA0139901394004003030289281
B1849113645974N11906274WA0140001394004003030289277
B1849123645975N11906278WA0140101394004003028286274
B1849133645976N11906282WA0140101394004003025274268
B1849143645975N11906287WA0140001393004003028260259
B1849153645974N11906293WA0139901392004003031251242
B1849163645972N11906298WA0139801392004003031238251
B1849173645969N11906302WA0139901393004003031221237
B1849183645965N11906305WA0139901394004003027208211
B1849193645962N11906307WA0139901394004003027200215
B1849203645959N11906308WA0140001394004003022189200
B1849213645955N11906308WA0139901393004003022176184
B1849223645951N11906306WA0139801391004003032160163
B1849233645946N11906303WA0139701390004003039149146
B1849243645941N11906299WA0139601391004003038137126
B1849253645937N11906294WA0139701393004003038124109
B1849263645936N11906289WA0139901395004003029108098
B1849273645936N11906283WA0140001396004003029088079
B1849283645936N11906278WA0139901395004003029068067
B1849293645939N11906273WA0139701393004003031051046
B1849303645943N11906268WA0139601391004003037033029
B1849313645948N11906266WA0139401390004003037016013
B1849323645954N11906266WA0139301389004003037359356
B1849333645959N11906266WA0139301389004003034333340
B1849343645962N11906270WA0139301389004003027313315
B1849353645964N11906273WA0139301390004003027294300
B1849363645965N11906277WA0139301389004003021284289
B1849373645965N11906280WA0139301389004003018284274
B1849383645966N11906283WA0139201387004003016281284
B1849393645966N11906286WA0139001386004003018275274
B1849403645966N11906294WA0138701381004003021263270
B1849413645965N11906299WA0138501380004003023252263
B1849423645964N11906302WA0138401379004003022243252
B1849433645962N11906306WA0138301378004003022236253
B1849453645960N11906309WA0138201376004003022231258
B1849463645958N11906312WA0138001375004003022231253
B1849473645956N11906316WA0138001374004003023242270
B1849483645955N11906320WA0137901373004003024254270
B1849493645954N11906325WA0137801372004003024266274
B1849503645955N11906329WA0137701371004003024280277
B1849513645956N11906334WA0137601370004003028290290
B1849523645958N11906339WA0137501368004003034296295
B1849533645961N11906345WA0137301366004003034301295
B1849543645964N11906351WA0137201366004003036302292
B1849553645966N11906356WA0137201367004003036293266
B1849563645967N11906361WA0137201368004003028277280
B1849573645967N11906366WA0137301367004003028261258
B1849583645966N11906371WA0137301368004003027255273
B1849593645965N11906376WA0137301368004003027258268
B1850003645964N11906381WA0137301368004003026259279
B1850013645964N11906386WA0137301367004003026260280
B1850023645963N11906390WA0137201366004003026259277
B1850033645962N11906395WA0137101365004003026260273
B1850043645961N11906400WA0137001364004003027257260
B1850053645960N11906406WA0137001364004003029251263
B1850063645959N11906411WA0136901363004003029247270
B1850073645957N11906416WA0137001364004003031246259
B1850083645955N11906422WA0137101366004003028247262
B1850093645954N11906426WA0137301369004003028247239
B1850103645952N11906429WA0137401370004003023240238
B1850113645950N11906433WA0137601371004003023225205
B1850123645947N11906435WA0137601371004003026203189
B1850133645942N11906435WA0137701372004003027172169
B1850143645939N11906433WA0137801372004003027140146
B1850153645936N11906427WA0137801372004003030114126
B1850163645936N11906421WA0137801372004003035091099
B1850173645938N11906415WA0137801372004003038065076
B1850183645942N11906409WA0137701372004003038043051
B1850193645947N11906406WA0137801373004003040020030
B1850203645953N11906405WA0138001374004003037001007
B1850213645958N11906406WA0138101376004003037344348
B1850223645961N11906409WA0138201377004003032328333
B1850233645965N11906412WA0138301378004003030317313
B1850243645968N11906416WA0138301378004003028308302
B1850253645970N11906421WA0138301378004003028298292
B1850263645971N11906425WA0138301377004003027290277
B1850273645972N11906431WA0138201376004003027281269
B1850283645972N11906436WA0138201376004003030264259
B1850293645971N11906442WA0138201377004003030249235
B1850303645969N11906446WA0138301379004003029237218
B1850313645967N11906449WA0138501380004003025219214
B1850323645964N11906451WA0138601380004003021192201
B1850333645961N11906451WA0138701380004003023175186
B1850343645957N11906450WA0138701381004003023169178
B1850353645954N11906449WA0138801383004003024161163
B1850363645950N11906447WA0138901384004003025145148
B1850373645948N11906443WA0139001385004003027128142
B1850383645945N11906438WA0139101386004003027121149
B1850393645943N11906433WA0139301386004003029121160
B1850403645941N11906429WA0139501389004003027123159
B1850413645939N11906425WA0139701391004003027132160
B1850423645936N11906423WA0139801392004003022146165
B1850433645933N11906422WA0140001393004003022167178
B1850443645929N11906421WA0140101393004003028182190
B1850453645924N11906423WA0140101394004003030198203
B1850463645921N11906426WA0140101395004003029218215
B1850473645919N11906430WA0140201396004003029245231
B1850483645918N11906436WA0140301397004003029272252
B1850493645920N11906441WA0140401398004003031296273
B1850503645923N11906446WA0140501399004003031315295
B1850513645928N11906449WA0140601400004003034335312
B1850523645934N11906451WA0140601400004003041352332
B1850533645940N11906450WA0140701401004003041010351
B1850543645946N11906447WA0140701402004003041028010
B1850553645951N11906443WA0140801402004003039054029
B1850563645953N11906436WA0140901402004003037069058
B1850573645954N11906429WA0141001404004003037080074
B1850583645954N11906423WA0141201406004003036097087
B1850593645953N11906417WA0141401407004003033122105
B1851003645950N11906413WA0141701410004003026142132
B1851013645946N11906412WA0142001414004003026165153
B1851023645943N11906412WA0142301417004003023183174
B1851033645940N11906412WA0142401417004003021206189
B1851043645938N11906415WA0142501418004003019233209
B1851053645936N11906420WA0142601419004003028257234
B1851063645936N11906426WA0142701421004003028266255
B1851073645935N11906432WA0142901424004003034268266
B1851083645935N11906438WA0143201427004003029271272
B1851093645936N11906443WA0143501430004003029284280
B1851103645938N11906448WA0143801432004003029301295
B1851113645941N11906453WA0143901432004003029321308
B1851123645946N11906456WA0143901433004003039337327
B1851133645952N11906457WA0144101435004003039358344
B1851143645957N11906455WA0144201437004003039018002
B1851153645962N11906452WA0144401438004003036031022
B1851163645966N11906448WA0144501439004003036038034
B1851173645970N11906444WA0144501439004003038045042
B1851183645974N11906438WA0144601440004003037053050
B1851193645976N11906432WA0144601441004003037065060
B1851203645978N11906426WA0144601441004003035077073
B1851213645978N11906419WA0144701442004003035090086
B1851223645977N11906413WA0144901444004003034104100
B1851233645975N11906407WA0145101446004003034117114
B1851243645972N11906403WA0145301449004003028133128
B1851253645969N11906400WA0145601452004003028155145
B1851263645965N11906400WA0145901455004003025180165
B1851273645962N11906401WA0146101458004003023198187
B1851283645959N11906403WA0146401461004003023217201
B1851293645957N11906406WA0146601464004003024242220
B1851303645956N11906411WA0146901466004003024266240
B1851313645957N11906416WA0147101468004003026285260
B1851323645960N11906421WA0147301470004003030305276
B1851333645963N11906425WA0147501472004003035323298
B1851343645969N11906427WA0147701475004003035348317
B1851353645974N11906427WA0147901476004003036011343
B1851363645980N11906424WA0148101478004003039029008
B1851373645984N11906419WA0148301480004003039043029
B1851383645987N11906413WA0148401482004003039059046
B1851393645989N11906407WA0148501484004003037076065
B1851403645989N11906400WA0148701486004003036090084
B1851413645988N11906393WA0149001488004003036100103
B1851423645986N11906387WA0149101490004003036114114
B1851433645983N11906383WA0149201491004003032139128
B1851443645980N11906381WA0149401493004003027164152
B1851453645975N11906381WA0149601495004003028184175
B1851463645972N11906383WA0149801498004003027203192
B1851473645969N11906386WA0150101501004003026229206
B1851483645968N11906390WA0150201502004003026255228
B1851493645968N11906395WA0150401504004003027272254
B1851503645969N11906400WA0150701506004003027284274
B1851513645970N11906405WA0150801507004003027298284
B1851523645974N11906410WA0150901508004003028317297
B1851533645979N11906413WA0151001509004003040336314
B1851543645984N11906415WA0151201510004003041358336
B1851553645990N11906414WA0151401513004003040012358
B1851563645995N11906412WA0151601515004003037025012
B1851573645999N11906408WA0151801517004003033035026
B1851583646003N11906404WA0152001518004003036045038
B1851593646006N11906398WA0152101520004003036055050
B1852003646010N11906392WA0152301521004003036069061
B1852013646010N11906386WA0152601524004003035086078
B1852023646009N11906381WA0152901527004003027109096
B1852033646007N11906376WA0153101529004003028128125
B1852043646003N11906373WA0153301531004003028142147
B1852053646000N11906370WA0153501534004003028160159
B1852063645996N11906370WA0153601536004003028185175
B1852073645992N11906372WA0153801537004003028215195
B1852083645989N11906377WA0154101540004003028237218
B1852093645988N11906381WA0154301542004003028258235
B1852103645988N11906386WA0154401542004003027279254
B1852113645989N11906391WA0154501543004003027297271
B1852123645992N11906396WA0154601544004003032308289
B1852133645996N11906400WA0154701545004003036319301
B1852143646001N11906404WA0154801546004003036328312
B1852153646005N11906407WA0155001549004003036339321
B1852163646010N11906408WA0155101551004003033353333
B1852173646015N11906408WA0155201552004003034004346
B1852183646021N11906407WA0155301552004003034012359
B1852193646026N11906405WA0155201551004003035021008
B1852203646031N11906401WA0155201551004003040035019
B1852213646035N11906395WA0155101551004003041050036
B1852223646039N11906389WA0155201552004003041065054
B1852233646040N11906382WA0155301554004003041076070
B1852243646041N11906375WA0155601557004003033084083
B1852253646041N11906370WA0155701559004003033092093
B1852263646040N11906365WA0155901561004003028101102
B1852273646039N11906361WA0156101562004003025112114
B1852283646037N11906356WA0156101562004003026124126
B1852293646034N11906353WA0156101563004003027137137
B1852303646030N11906350WA0156201563004003027142150
B1852313646027N11906346WA0156401565004003029144159
B1852323646023N11906343WA0156501567004003029146160
B1852333646019N11906341WA0156701569004003029159165
B1852343646015N11906340WA0156801570004003027181173
B1852353646012N11906342WA0156901571004003027203191
B1852363646008N11906345WA0157001572004003027221208
B1852373646006N11906349WA0157101573004003028242223
B1852383646005N11906354WA0157201574004003028262239
B1852393646006N11906360WA0157301576004003028280256
B1852403646007N11906365WA0157401577004003030292271
B1852413646010N11906370WA0157501578004003031300283
B1852423646013N11906375WA0157601579004003031310290
B1852433646016N11906379WA0157701580004003032326300
B1852443646021N11906381WA0157801582004003036346316
B1852453646027N11906381WA0158001583004003036003339
B1852463646032N11906380WA0158201585004003036016357
B1852473646037N11906377WA0158301587004003035023012
B1852483646041N11906374WA0158501588004003035031021
B1852493646046N11906370WA0158501589004003037041031
B1852503646049N11906364WA0158601590004003037054043
B1852513646052N11906358WA0158701591004003038063058
B1852523646054N11906352WA0158801592004003033072069
B1852533646055N11906346WA0158901592004003033083080
B1852543646054N11906341WA0158901593004003031096092
B1852553646053N11906335WA0159001593004003031104107
B1852563646051N11906329WA0159001593004003034117115
B1852573646048N11906324WA0159101595004003034136127
B1852583646044N11906322WA0159201596004003030162145
B1852593646040N11906322WA0159301597004003028183170
B1853003646036N11906323WA0159301597004003029197188
B1853013646032N11906326WA0159301597004003031210200
B1853023646028N11906329WA0159401597004003031226210
B1853033646026N11906335WA0159401598004003032243224
B1853043646024N11906341WA0159501600004003032258239
B1853053646024N11906346WA0159601601004003032265251
B1853063646024N11906352WA0159701602004003030267258
B1853073646024N11906357WA0159801603004003028269259
B1853083646024N11906362WA0159801603004003029276261
B1853093646025N11906368WA0159801603004003033285268
B1853103646027N11906374WA0160001604004003033291277
B1853113646029N11906380WA0160101606004003034298283
B1853123646032N11906385WA0160301609004003032306289
B1853133646035N11906389WA0160501610004003032314296
B1853143646039N11906392WA0160601611004003029327304
B1853153646043N11906394WA0160601611004003029347316
B1853163646047N11906394WA0160501609004003033004338
B1853173646052N11906392WA0160401608004003035022359
B1853183646057N11906389WA0160401608004003035039020
B1853193646061N11906384WA0160401608004003035048040
B1853203646064N11906379WA0160401609004003033055051
B1853213646066N11906373WA0160401609004003033066060
B1853223646067N11906368WA0160401609004003030081073
B1853233646067N11906363WA0160401608004003029094090
B1853243646065N11906357WA0160401609004003029108104
B1853253646063N11906352WA0160401609004003030122119
B1853263646060N11906348WA0160401609004003030138132
B1853273646056N11906346WA0160501609004003030159148
B1853283646052N11906345WA0160501610004003027179166
B1853293646048N11906346WA0160601611004003028195184
B1853303646044N11906348WA0160701611004003028208198
B1853313646041N11906352WA0160701612004003030227209
B1853323646039N11906357WA0160801613004003030252225
B1853333646039N11906363WA0160801613004003031278246
B1853343646041N11906368WA0160901614004003031296270
B1853353646044N11906373WA0161001615004003031309286
B1853363646048N11906378WA0161001615004003034322300
B1853373646052N11906381WA0161101616004003035333313
B1853383646057N11906383WA0161101616004003035344325
B1853393646063N11906384WA0161201617004003036356337
B1853403646068N11906383WA0161201617004003035006351
B1853413646073N11906382WA0161201617004003035014003
B1853423646078N11906380WA0161201617004003034025012
B1853433646081N11906376WA0161101616004003032039024
B1853443646084N11906372WA0161001614004003032055041
B1853453646086N11906366WA0160901613004003035071059
B1853463646087N11906359WA0160801612004003035087077
B1853473646086N11906353WA0160801612004003035103095
B1853483646084N11906347WA0160801613004003033118111
B1853493646081N11906342WA0160801613004003033138127
B1853503646077N11906339WA0160901613004003031155146
B1853513646073N11906339WA0160901613004003029177162
B1853523646069N11906340WA0160801613004003028192182
B1853533646065N11906341WA0160801613004003030201194
B1853543646061N11906344WA0160901614004003030210202
B1853553646057N11906348WA0160901614004003031222210
B1853563646055N11906352WA0161001615004003031238220
B1853573646053N11906357WA0161101616004003028258235
B1853583646053N11906362WA0161101616004003028271252
B1853593646054N11906367WA0161201616004003028287263
B1854003646056N11906372WA0161201616004003028307278
B1854013646060N11906376WA0161001615004003031327298
B1854023646066N11906378WA0161001614004003039347319
B1854033646072N11906379WA0160901614004003039000344
B1854043646077N11906378WA0160901614004003039010358
B1854053646083N11906376WA0160901614004003038018009
B1854063646088N11906373WA0160901614004003037029018
B1854073646092N11906369WA0160801613004003038041029
B1854083646096N11906363WA0160701611004003041052043
B1854093646099N11906356WA0160601611004003041058055
B1854103646102N11906350WA0160601611004003041058064
B1854113646106N11906344WA0160601611004003040057066
E185411TPCWaypoint DNLNCH reached
B1854123646108N11906338WA0160601611004003037059066
B1854133646111N11906332WA0160601611004003037062068
B1854143646113N11906326WA0160601611004003036064072
B1854153646115N11906320WA0160601611004003035066074
B1854163646117N11906314WA0160501610004003033071086
B1854173646118N11906309WA0160501609004003031076088
B1854183646119N11906303WA0160401609004003031080091
B1854193646120N11906297WA0160401609004003030083104
B1854203646120N11906292WA0160301608004003030085102
B1854213646120N11906286WA0160201607004003030090109
B1854223646120N11906281WA0160101605004003030093112
B1854233646120N11906275WA0159901604004003032094124
B1854243646119N11906269WA0159801602004003032097115
B1854253646118N11906263WA0159701601004003032100127
B1854263646117N11906257WA0159601600004003032103129
B1854273646116N11906252WA0159401598004003030105115
B1854283646115N11906246WA0159301597004003032105133
B1854293646113N11906240WA0159201596004003032103132
B1854303646112N11906234WA0159201596004003034103134
B1854313646111N11906228WA0159201596004003034107152
B1854323646109N11906222WA0159201596004003030111143
B1854333646107N11906217WA0159101595004003030116141
B1854343646105N11906212WA0158901593004003030119144
B1854353646102N11906207WA0158701591004003031124142
B1854363646099N11906202WA0158601589004003033128144
B1854373646096N11906197WA0158401588004003033131144
B1854383646093N11906193WA0158201586004003035129147
B1854393646090N11906187WA0158101584004003035124151
B1854403646087N11906182WA0158001583004003035119142
B1854413646085N11906176WA0157801581004003033115135
B1854423646083N11906170WA0157601579004003033112129
B1854433646081N11906164WA0157301575004003033112131
B1854443646079N11906157WA0157001572004003037112128
B1854453646076N11906150WA0156901573004003046117132
B1854463646073N11906142WA0157001574004003046120136
B1854473646069N11906136WA0157201577004003043115145
B1854483646067N11906129WA0157401578004003040113148
B1854493646064N11906123WA0157401579004003038124139
B1854503646061N11906117WA0157401578004003038150159
B1854513646056N11906116WA0157401578004003038173175
B1854523646050N11906116WA0157301577004003036198192
B1854533646046N11906119WA0157201577004003032208207
B1854543646042N11906123WA0157101576004003032214213
B1854553646038N11906126WA0157001575004003031212220
B1854563646034N11906129WA0157001575004003031207214
B1854573646030N11906132WA0157001575004003032201208
B1854583646025N11906133WA0157001576004003033191206
B1854593646020N11906134WA0157001576004003033180186
B1855003646014N11906133WA0157001576004003034171182
B1855013646010N11906132WA0157001576004003034161182
B1855023646005N11906129WA0157001575004003035150179
B1855033646000N11906125WA0157001575004003035142175
B1855043645996N11906121WA0157001576004003035140169
B1855053645993N11906117WA0157101577004003031141161
B1855063645989N11906114WA0157201577004003031144186
B1855073645985N11906111WA0157301578004003029154195
B1855083645982N11906110WA0157201577004003027185202
B1855093645979N11906113WA0157101575004003030220223
B1855103645976N11906118WA0157001574004003033249238
B1855113645975N11906124WA0157001575004003030277265
B1855123645976N11906129WA0157201577004003029288278
B1855133645977N11906133WA0157301578004003026288291
B1855143645979N11906138WA0157301578004003028297293
B1855153645982N11906143WA0157201577004003028311303
B1855163645986N11906147WA0157201576004003032327311
B1855173645992N11906150WA0157101575004003038339325
B1855183645997N11906152WA0157001575004003038346336
B1855193646003N11906154WA0157001574004003038345330
B1855203646009N11906156WA0156901573004003039340332
B1855213646014N11906159WA0156801573004003043338324
B1855223646021N11906161WA0156901573004003043340342
B1855233646026N11906164WA0157001575004003043342315
B1855243646032N11906166WA0157001575004003040341320
B1855253646036N11906168WA0157101575004003033335309
B1855263646041N11906171WA0157001574004003034329309
B1855273646045N11906175WA0156801573004003034326313
B1855283646050N11906179WA0156801572004003037326312
B1855293646055N11906183WA0156801572005003036326306
B1855303646059N11906186WA0156801572004003036326321
B1855313646062N11906190WA0156801572004003033325306
B1855323646066N11906193WA0156801572004003028319311
B1855333646069N11906196WA0156801571004003029315301
B1855343646072N11906200WA0156801572004003032316298
B1855353646076N11906205WA0156801572004003032317314
B1855363646079N11906209WA0157001574004003032319296
B1855373646083N11906212WA0157101576004003029325311
B1855383646086N11906215WA0157301577004003029329299
B1855393646090N11906218WA0157401578004003029330301
B1855403646095N11906221WA0157501579004003032328287
B1855413646098N11906224WA0157701581004003031317270
B1855423646101N11906228WA0157801581004003031296260
B1855433646103N11906234WA0157901581004003025257241
B1855443646100N11906237WA0157901580004003025204218
B1855453646095N11906237WA0157901582004003029171180
B1855463646090N11906234WA0158101584004003029135157
B1855473646087N11906229WA0158201584004003029109130
B1855483646085N11906222WA0158401586004003032094107
B1855493646086N11906215WA0158501588004003037079092
B1855503646088N11906209WA0158701590004003037062076
B1855513646091N11906204WA0158801591004003037044058
B1855523646096N11906200WA0158801592004003037020038
B1855533646102N11906200WA0159001593004003037000012
B1855543646107N11906201WA0159101594004003037342351
B1855553646111N11906204WA0159201596004003035327333
B1855563646114N11906207WA0159301597004003030320318
B1855573646117N11906211WA0159301598004003029308309
B1855583646119N11906216WA0159501599004003029294298
B1855593646120N11906221WA0159601600004003029280285
B1856003646121N11906226WA0159701601004003028264272
B1856013646119N11906231WA0159801602004003027238258
B1856023646116N11906233WA0159901603004003023209236
B1856033646112N11906234WA0160001604004003025182211
B1856043646108N11906232WA0160101605004003025159188
B1856053646103N11906229WA0160201605004003029132168
B1856063646102N11906223WA0160301607004003032109141
B1856073646102N11906216WA0160501609004003036085116
B1856083646102N11906210WA0160701609004003036068090
B1856093646106N11906205WA0160801611004003033043071
B1856103646111N11906202WA0160901611004003033021042
B1856113646116N11906201WA0161001612004003034004017
B1856123646122N11906201WA0161001613004003039343358
B1856133646127N11906203WA0161101613004003039322337
B1856143646131N11906209WA0161201614004003037302315
B1856153646131N11906215WA0161201615004003034274295
B1856163646131N11906220WA0161301616004003030249269
B1856173646128N11906223WA0161301617004003023218246
B1856183646124N11906224WA0161401617004003025183219
B1856193646119N11906223WA0161401618004003025160190
B1856203646116N11906220WA0161501619004003027147169
B1856213646113N11906217WA0161601620004003027139156
B1856223646110N11906214WA0161701623004003023129145
B1856233646108N11906211WA0161901624004003024119137
B1856243646107N11906206WA0162001626004003024114124
B1856253646105N11906202WA0162201628004003026115125
B1856263646103N11906197WA0162401631004003029116132
B1856273646101N11906192WA0162601633004003026119127
B1856283646099N11906189WA0162801635004003026128146
B1856293646096N11906185WA0162901635004003026134150
B1856303646094N11906182WA0163001635004003026139169
B1856313646090N11906180WA0162901635004003026155181
B1856323646087N11906179WA0162901635004003023182195
B1856333646084N11906181WA0162801634004003026211209
B1856343646081N11906185WA0162801633004003026232234
B1856353646079N11906190WA0162701633004003029254253
B1856363646080N11906197WA0162701633005003031279270
B1856373646082N11906203WA0162801633004003036303290
B1856383646087N11906207WA0162801635004003037325308
B1856393646092N11906210WA0163001637004003037338326
B1856403646097N11906212WA0163201640004003037341335
B1856413646102N11906214WA0163501643004003036340335
B1856423646106N11906216WA0163801645004003033345341
B1856433646111N11906217WA0164001647004003034354342
B1856443646117N11906217WA0164101649004003034359003
B1856453646122N11906217WA0164301651004003036001011
B1856463646128N11906217WA0164501652004003036004017
B1856473646133N11906216WA0164601654004003033007020
B1856483646137N11906215WA0164701655004003033010015
B1856493646141N11906214WA0164701655004003030006005
B1856503646146N11906215WA0164701654004003030354341
B1856513646151N11906217WA0164701653004003035334324
B1856523646156N11906222WA0164601653004003040315304
B1856533646159N11906228WA0164701654004003040298290
B1856543646161N11906234WA0164701655004003037285275
B1856553646161N11906239WA0164801656004003032272263
B1856563646160N11906244WA0164801656004003023255252
B1856573646158N11906247WA0164701655004003023228236
B1856583646155N11906249WA0164601653004003023201217
B1856593646151N11906250WA0164501653004003026183196
B1857003646147N11906250WA0164601654004003024166180
B1857013646144N11906247WA0164701654004003024139168
B1857023646143N11906243WA0164601654004003024117141
B1857033646141N11906239WA0164601653004003025108125
B1857043646140N11906233WA0164501652004003030102118
B1857053646140N11906227WA0164501653004003032092103
B1857063646140N11906221WA0164501653004003032079082
B1857073646142N11906216WA0164601654004003033068073
B1857083646144N11906210WA0164601654004003035062064
B1857093646147N11906204WA0164701655004003035058050
B1857103646150N11906200WA0164801656004003033049051
B1857113646153N11906196WA0164801656004003031041048
B1857123646156N11906193WA0164801655004003030039050
B1857133646160N11906189WA0164601653004003033040055
B1857143646164N11906185WA0164401651004003033038042
B1857153646169N11906181WA0164301650004003035033019
B1857163646173N11906178WA0164201649004003034023014
B1857173646178N11906176WA0164101649004003034012003
B1857183646183N11906175WA0164001647004003033003358
B1857193646188N11906176WA0163801645004003033355358
B1857203646193N11906177WA0163601643004003037347346
B1857213646198N11906179WA0163501642004003038338328
B1857223646203N11906183WA0163401641004003037326311
B1857233646207N11906187WA0163201639004003036315297
B1857243646210N11906192WA0163201638004003033304290
B1857253646212N11906197WA0163001636004003034296282
B1857263646214N11906203WA0162901635004003035290278
B1857273646215N11906210WA0162701633004003035284281
B1857283646216N11906216WA0162601632004003035282295
B1857293646218N11906222WA0162501632004003032283277
B1857303646218N11906228WA0162401631004003032279271
B1857313646219N11906233WA0162301629004003030267262
B1857323646218N11906238WA0162101627004003030259275
B1857333646217N11906244WA0161901624004003032260282
B1857343646216N11906250WA0161701623004003033264282
B1857353646216N11906256WA0161601621004003032267274
B1857363646216N11906262WA0161401620004003032270273
B1857373646216N11906268WA0161301618004003029271266
B1857383646216N11906273WA0161101616004003030263266
B1857393646215N11906279WA0160901614004003030251259
B1857403646213N11906284WA0160701611004003030241250
B1857413646211N11906288WA0160501611004003030240251
B1857423646208N11906294WA0160301611004003030239229
B1857433646206N11906298WA0160001608004003030235216
B1857443646203N11906303WA0159801606004003031224195
B1857453646198N11906306WA0159601603004003032207184
B1857463646194N11906306WA0159401601004003032182181
B1857473646189N11906305WA0159201599004003031164178
B1857483646185N11906302WA0159101598004003031150167
B1857493646181N11906299WA0158901596004003028146176
B1857503646178N11906296WA0158801595004003028148176
B1857513646174N11906294WA0158601592004003028151172
B1857523646170N11906291WA0158401590004003029152176
B1857533646166N11906288WA0158201588004003031151167
B1857543646162N11906285WA0157901585004003031147165
B1857553646159N11906282WA0157701583004003031144162
B1857563646155N11906279WA0157501582004003031142151
B1857573646152N11906275WA0157401580004003032136168
B1857583646148N11906270WA0157301579004003034132151
B1857593646145N11906265WA0157201579004003034136148
B1858003646141N11906262WA0157201579004003034143151
B1858013646138N11906259WA0157201579004003028141158
B1858023646135N11906255WA0157201578004003029135161
B1858033646131N11906251WA0157101577004003029136172
B1858043646127N11906247WA0157001576004003033141167
B1858053646123N11906243WA0156901575004003036145163
B1858063646118N11906239WA0156901575004003036144145
B1858073646114N11906235WA0156901575004003036139148
B1858083646110N11906230WA0156901575004003036136156
B1858093646106N11906225WA0156901575004003037136159
B1858103646102N11906220WA0156901575004003039138178
B1858113646097N11906216WA0157001577004003039141169
B1858123646093N11906211WA0157101578004003039138165
B1858133646089N11906207WA0157301580004003037132164
B1858143646086N11906202WA0157401581004003034129154
B1858153646083N11906197WA0157401581004003031131157
B1858163646080N11906193WA0157401581004003031136157
B1858173646076N11906190WA0157401581004003031144161
B1858183646072N11906187WA0157401580004003030150161
B1858193646068N11906185WA0157301579004003029156168
B1858203646065N11906183WA0157201578004003027160173
B1858213646061N11906182WA0157101577004003028167186
B1858223646057N11906180WA0156901577004003028174190
B1858233646052N11906180WA0156701576004003029178192
B1858243646048N11906180WA0156501573004003029181193
B1858253646044N11906181WA0156301571004003028181198
B1858263646039N11906181WA0156001568004003028179187
B1858273646035N11906180WA0155701565004003028174175
B1858283646031N11906179WA0155501561004003030163167
B1858293646026N11906176WA0155101558004003032150162
B1858303646021N11906172WA0154901555004003037140157
B1858313646017N11906168WA0154701553004003037135160
B1858323646014N11906163WA0154501552004003035130157
B1858333646011N11906158WA0154301549004003033126148
B1858343646009N11906153WA0154101547004003032123154
B1858353646006N11906148WA0153901544004003034120155
B1858363646004N11906143WA0153601541004003034116148
B1858373646002N11906137WA0153401539004003034108154
B1858383646000N11906130WA0153301538004003035105139
B1858393645999N11906124WA0153201537004003035107136
B1858403645997N11906119WA0153201537004003029110132
B1858413645996N11906114WA0153201536004003029108132
B1858423645995N11906109WA0153101535004003029104152
B1858433645994N11906104WA0152901534004003029104135
B1858443645992N11906099WA0152801532004003029113144
B1858453645990N11906094WA0152701531004003030121137
B1858463645988N11906089WA0152601531004003030121148
B1858473645986N11906085WA0152601531004003029119150
B1858483645984N11906081WA0152601531004003025114148
B1858493645983N11906078WA0152601530004003022112142
B1858503645982N11906075WA0152401528004003018117138
B1858513645980N11906072WA0152301526004003020125142
B1858523645978N11906069WA0152001524004003020130145
B1858533645976N11906066WA0151801521004003022129148
B1858543645974N11906061WA0151601519004003025123147
B1858553645971N11906057WA0151501518004003030118147
B1858563645969N11906052WA0151401517004003030118141
B1858573645968N11906047WA0151301517004003028117148
B1858583645966N11906043WA0151301516004003026114137
B1858593645964N11906038WA0151101514004003026115140
B1859003645962N11906033WA0151001513004003031117146
B1859013645960N11906028WA0150901512004003033117141
B1859023645958N11906022WA0150801511004003033115144
B1859033645956N11906017WA0150801511004003033111133
B1859043645954N11906012WA0150701510004003031110141
B1859053645953N11906006WA0150501508004003031108140
B1859063645951N11906000WA0150401507004003033106138
B1859073645950N11905994WA0150301505004003033105134
B1859083645949N11905988WA0150201504004003033103136
B1859093645948N11905983WA0150101504004003033101141
B1859103645947N11905977WA0150101503004003031100137
B1859113645946N11905971WA0150001503004003031103133
B1859123645945N11905966WA0150001502004003031107134
B1859133645943N11905960WA0150001502004003030113139
B1859143645941N11905955WA0150001502004003030117136
B1859153645939N11905951WA0150001503004003031122139
B1859163645936N11905946WA0150101504004003031128143
B1859173645933N11905942WA0150301506004003031140150
B1859183645929N11905940WA0150601508004003028157158
B1859193645926N11905940WA0150801510004003025181172
B1859203645922N11905941WA0150901512004003024200189
B1859213645920N11905943WA0150901512004003025219204
B1859223645917N11905947WA0151001513004003025231218
B1859233645915N11905952WA0151101514004003027242227
B1859243645914N11905957WA0151101514004003033259238
B1859253645914N11905964WA0151201516004003035276254
B1859263645916N11905970WA0151401518004003033301269
B1859273645919N11905974WA0151501517004003032329293
B1859283645923N11905977WA0151401516004003034345324
B1859293645928N11905978WA0151301515004003034348348
B1859303645933N11905978WA0151201514004003034358358
B1859313645937N11905977WA0151001512004003033019009
B1859323645942N11905973WA0150801509004003038042033
B1859333645945N11905967WA0150601506004003041062055
B1859343645948N11905959WA0150401506004003038084075
B1859353645948N11905952WA0150401507004003038104096
B1859363645946N11905947WA0150501508004003033117116
B1859373645943N11905943WA0150601509004003025126128
B1859383645941N11905940WA0150601510004003026130144
B1859393645938N11905936WA0150701510004003026127147
B1859403645936N11905931WA0150801511004003027123149
B1859413645933N11905927WA0150901512004003029123147
B1859423645931N11905922WA0151001513004003029126150
B1859433645928N11905918WA0151101515004003029135155
B1859443645924N11905916WA0151201515004003028155164
B1859453645920N11905915WA0151101514004003028173176
B1859463645916N11905915WA0151001513004003030182191
B1859473645911N11905916WA0150901512004003030186198
B1859483645907N11905917WA0150901511004003030197203
B1859493645903N11905919WA0150701510004003027218210
B1859503645901N11905923WA0150401507004003031238226
B1859513645900N11905930WA0150301505004003036260240
B1859523645899N11905937WA0150301506004003036278261
B1859533645900N11905944WA0150301507004003036292271
B1859543645902N11905950WA0150501508004003035293296
B1859553645904N11905955WA0150501509004003029290286
B1859563645906N11905960WA0150501508004003033288285
B1859573645908N11905967WA0150501507004003033290292
B1859583645910N11905973WA0150501508004003038297292
B1859593645913N11905979WA0150601509004003038307316
B1900003645916N11905982WA0150701510004003028321315
B1900013645919N11905985WA0150701509004003028334325
B1900023645923N11905987WA0150601508004003025335318
B1900033645926N11905989WA0150301506004003025331300
B1900043645931N11905992WA0150101503004003035327291
B1900053645935N11905996WA0149901502004003035319280
B1900063645939N11906000WA0149801501004003035300275
B1900073645941N11906005WA0149701500004003030279263
B1900083645940N11906010WA0149501498004003025254246
B1900093645938N11906014WA0149301495004003026234230
B1900103645935N11906017WA0149101493004003026211214
B1900113645931N11906019WA0148901490004003026187197
B1900123645926N11906018WA0148701488004003028164180
B1900133645922N11906015WA0148501487004003032147162
B1900143645918N11906011WA0148401486004003032133149
B1900153645916N11906006WA0148201485004003032121138
B1900163645914N11906001WA0148201483004003031113122
B1900173645912N11905996WA0148101482004003031110113
B1900183645911N11905990WA0147901480004003032108111
B1900193645909N11905984WA0147801479004003034107113
B1900203645907N11905978WA0147701477004003034106110
B1900213645906N11905972WA0147501475004003035108121
B1900223645904N11905966WA0147401474004003035114117
B1900233645901N11905961WA0147301474004003032119140
B1900243645899N11905956WA0147201472004003032122138
B1900253645896N11905951WA0147201471004003032125121
B1900263645893N11905945WA0147101471004003033126122
B1900273645890N11905940WA0147001470004003036123111
B1900283645887N11905934WA0147001470004003038119108
B1900293645884N11905928WA0147001470004003038119109
B1900303645881N11905922WA0147101470004003037118118
B1900313645879N11905915WA0147101471004003037116125
B1900323645876N11905909WA0147201471004003038117135
B1900333645873N11905902WA0147201472004003040124148
B1900343645869N11905897WA0147301473004003040135164
B1900353645864N11905893WA0147401474004003038148168
B1900363645859N11905890WA0147501475004003036156166
B1900373645854N11905888WA0147601476004003036155184
B1900383645850N11905885WA0147701477004003035150153
B1900393645845N11905881WA0147701477004003037148150
B1900403645840N11905877WA0147701477004003037148147
B1900413645835N11905873WA0147801478004003040149154
B1900423645829N11905869WA0148001480004003040146117
B1900433645825N11905865WA0148101482004003038140121
B1900443645821N11905860WA0148301483004003038131134
B1900453645818N11905855WA0148401483004003035128150
B1900463645815N11905850WA0148401483004003034134147
B1900473645811N11905846WA0148301483004003033141131
B1900483645807N11905843WA0148301483004003033141121
B1900493645804N11905838WA0148201482004003035132122
B1900503645800N11905833WA0148101481004003035126117
B1900513645797N11905826WA0148201482004003039122118
B1900523645794N11905820WA0148301483004003041119120
B1900533645791N11905813WA0148501485004003039114112
B1900543645789N11905806WA0148801488004003039111104
B1900553645787N11905800WA0149001491004003038109105
B1900563645785N11905793WA0149301493004003038105102
B1900573645784N11905787WA0149601496004003038105123
B1900583645782N11905781WA0149801498004003030115127
B1900593645780N11905777WA0149901497004003030128145
B1901003645778N11905773WA0149801497004003030143161
B1901013645773N11905770WA0149901497004003032150177
B1901023645768N11905767WA0149901498004003034157189
B1901033645763N11905765WA0150001500004003033169203
B1901043645759N11905765WA0150201503004003033187212
B1901053645755N11905767WA0150301503004003027207229
B1901063645754N11905770WA0150301501004003020267232
B1901073645755N11905774WA0150201500004003020292270
B1901083645757N11905778WA0150101500004003028306292
B1901093645760N11905782WA0150201501004003029327318
B1901103645764N11905784WA0150501505004003028349346
B1901113645768N11905784WA0150801505004003027027004
B1901123645773N11905781WA0150901505004003027049044
B1901133645775N11905775WA0150901505004003036063074
B1901143645777N11905767WA0150901505004003040078091
B1901153645777N11905759WA0150901505004003040088102
B1901163645776N11905751WA0150901506004003043096108
B1901173645775N11905742WA0151101508004003045101113
B1901183645773N11905734WA0151201510004003045104118
B1901193645772N11905726WA0151501513004003045103117
B1901203645770N11905720WA0151701513004003039107115
B1901213645769N11905714WA0151701513004003035113119
B1901223645766N11905708WA0151501512004003033124125
B1901233645763N11905704WA0151301512004003035132138
B1901243645759N11905699WA0151301513004003036135150
B1901253645755N11905694WA0151301514004003035134151
B1901263645752N11905690WA0151401515004003035131153
B1901273645749N11905686WA0151501516004003031133150
B1901283645746N11905682WA0151501516004003029138156
B1901293645742N11905679WA0151601516004003032141162
B1901303645738N11905675WA0151501516004003032140158
B1901313645734N11905671WA0151501516004003034138159
B1901323645730N11905666WA0151501516004003034134169
B1901333645727N11905662WA0151501515004003034129164
B1901343645724N11905656WA0151501516004003034128163
B1901353645720N11905652WA0151701518004003034131162
B1901363645717N11905648WA0151901520004003032136162
B1901373645714N11905644WA0152101522004003031139160
B1901383645710N11905640WA0152301524004003031140162
B1901393645707N11905637WA0152501526004003031148167
B1901403645704N11905636WA0152501526004003026162170
B1901413645701N11905635WA0152501526004003022178179
B1901423645697N11905636WA0152401525004003022185189
B1901433645693N11905636WA0152401525004003026179192
B1901443645689N11905635WA0152501526004003028166172
B1901453645685N11905633WA0152601528004003028156166
B1901463645681N11905631WA0152701528004003028147163
B1901473645677N11905627WA0152801530004003030140157
B1901483645674N11905623WA0153001532004003032135164
B1901493645671N11905619WA0153101533004003032134162
B1901503645668N11905615WA0153201534004003030136172
B1901513645664N11905611WA0153201534004003030136162
B1901523645661N11905607WA0153301535004003030132160
B1901533645658N11905602WA0153401535004003036128152
B1901543645654N11905596WA0153401535004003038128154
B1901553645650N11905591WA0153401534004003037132168
B1901563645646N11905586WA0153201533004003037137177
B1901573645643N11905582WA0153101532004003035141169
B1901583645639N11905579WA0153001531004003031143168
B1901593645635N11905575WA0152801529004003031144168
B1902003645631N11905572WA0152601527004003031145170
B1902013645627N11905568WA0152501525004003034146173
B1902023645622N11905565WA0152401525004003034149155
B1902033645618N11905562WA0152301524004003031150175
B1902043645614N11905559WA0152301523004003031149182
B1902053645610N11905557WA0152101521004003029151194
B1902063645607N11905555WA0151901518004003028162196
B1902073645603N11905554WA0151601516004003028177193
B1902083645598N11905555WA0151401514004003030188198
B1902093645594N11905556WA0151301513004003030192206
B1902103645590N11905557WA0151201513004003029187208
B1902113645586N11905557WA0151201512004003026179197
B1902123645582N11905557WA0151101511004003026176190
B1902133645578N11905556WA0151001509004003031170184
B1902143645573N11905554WA0150801507004003035160184
B1902153645568N11905551WA0150601506004003035152180
B1902163645563N11905548WA0150601505004003038151184
B1902173645558N11905544WA0150501505004003038152184
B1902183645553N11905541WA0150501505004003036151178
B1902193645549N11905538WA0150501505004003036148162
B1902203645544N11905534WA0150501505004003035145187
B1902213645540N11905530WA0150401503004003034142174
B1902223645536N11905527WA0150301502004003034144171
B1902233645531N11905523WA0150001499004003038146165
B1902243645526N11905519WA0149901497004003042145171
B1902253645521N11905514WA0149801496004003041142167
B1902263645517N11905509WA0149601496004003041140171
B1902273645512N11905505WA0149601494004003039138162
B1902283645508N11905500WA0149401493004003038138161
B1902293645504N11905496WA0149201491004003038139155
B1902303645499N11905491WA0149101490004003038140166
B1902313645495N11905487WA0149101490004003038141156
B1902323645491N11905483WA0149101490004003036148171
B1902333645487N11905481WA0149001489004003030156166
B1902343645483N11905478WA0148901487004003030157185
B1902353645479N11905476WA0148701485004003030150177
B1902363645475N11905472WA0148401482004003030142169
B1902373645471N11905468WA0148201479004003033138167
B1902383645467N11905464WA0148001477004003036139168
B1902393645463N11905460WA0147801476004003036143165
B1902403645459N11905456WA0147701475004003034148160
B1902413645455N11905454WA0147601474004003030149160
B1902423645451N11905451WA0147501472004003029145163
B1902433645447N11905447WA0147301470004003033143158
B1902443645443N11905443WA0147101468004003038143168
B1902453645438N11905439WA0147001469004003038145164
B1902463645433N11905435WA0147101470004003038146180
B1902473645429N11905431WA0147101471004003038145171
B1902483645425N11905428WA0147201471004003033143166
B1902493645421N11905424WA0147101470004003035142171
B1902503645416N11905420WA0147001468004003035142171
B1902513645411N11905415WA0146901467004003038140162
B1902523645407N11905410WA0146801466004003039139159
B1902533645403N11905406WA0146701465004003037139138
B1902543645399N11905402WA0146601465004003037138172
B1902553645396N11905398WA0146601464004003032138182
B1902563645392N11905395WA0146501463004003029140165
B1902573645389N11905391WA0146401462004003029141178
B1902583645385N11905388WA0146301461004003031141166
B1902593645381N11905384WA0146201460004003032142166
B1903003645377N11905380WA0146101459004003032143164
B1903013645373N11905376WA0146101458004003034140162
B1903023645369N11905372WA0146001458004003035134164
B1903033645366N11905367WA0146001457004003036131165
B1903043645362N11905362WA0145901456004003036133167
B1903053645359N11905357WA0145801455004003034133163
B1903063645356N11905353WA0145701454004003034130161
B1903073645352N11905348WA0145501452004003034129160
B1903083645349N11905343WA0145301450004003036131162
B1903093645345N11905338WA0145101448004003037134165
B1903103645341N11905333WA0144901446004003037135152
B1903113645337N11905327WA0144701443004003038134158
B1903123645332N11905322WA0144501442004003040133163
B1903133645328N11905317WA0144401440004003038136181
B1903143645324N11905313WA0144301439004003038142162
B1903153645320N11905309WA0144101439004003034147171
B1903163645316N11905306WA0144001437004003034142172
B1903173645312N11905301WA0143901435004003036135170
B1903183645307N11905295WA0143801435004003039135164
B1903193645303N11905291WA0143801436004003039139165
B1903203645299N11905286WA0143901437004003038137149
B1903213645295N11905280WA0144201439004003038129144
B1903223645291N11905274WA0144401441004003041127147
B1903233645288N11905269WA0144601443004003037132166
B1903243645284N11905265WA0144801445004003037144173
B1903253645279N11905262WA0144901446004003034162183
B1903263645274N11905262WA0144901448004003032185199
B1903273645270N11905263WA0145101448004003030215218
B1903283645269N11905267WA0145301450004003023244237
B1903293645269N11905272WA0145501452004003024269258
B1903303645269N11905276WA0145701452004003024282274
B1903313645271N11905281WA0145901454004003025301291
B1903323645274N11905284WA0146101456004003025328305
B1903333645278N11905286WA0146201457004003030350320
B1903343645283N11905286WA0146201457004003032359344
B1903353645288N11905286WA0146301458004003032000355
B1903363645293N11905286WA0146401460004003033007008
B1903373645298N11905283WA0146501462004003036027021
B1903383645303N11905278WA0146701463004003042049041
B1903393645305N11905270WA0146801464004003046069063
B1903403645306N11905262WA0146901465004003046087082
B1903413645305N11905253WA0147001467004003046101099
B1903423645303N11905246WA0147201469004003044111115
B1903433645300N11905240WA0147301470004003036124126
B1903443645296N11905235WA0147401471004003036143143
B1903453645291N11905233WA0147401471004003035165162
B1903463645286N11905233WA0147501472004003035184186
B1903473645282N11905235WA0147701475004003034200202
B1903483645278N11905236WA0147801475004003026209216
B1903493645276N11905239WA0147901474004003026232227
B1903503645275N11905244WA0147901475004003026254244
B1903513645275N11905249WA0148001476004003026272260
B1903523645276N11905255WA0148101477004003028292273
B1903533645279N11905259WA0148201478004003027314288
B1903543645283N11905262WA0148301479004003028332304
B1903553645287N11905264WA0148401480004003028340318
B1903563645292N11905265WA0148401481004003030354325
B1903573645297N11905264WA0148501482004003034015338
B1903583645302N11905260WA0148601483004003040035359
B1903593645306N11905254WA0148701485004003041053022
B1904003645309N11905247WA0148901486004003041068043
B1904013645310N11905239WA0149101488004003043080061
B1904023645310N11905231WA0149201490004003043092077
B1904033645309N11905223WA0149401492004003042107095
B1904043645306N11905216WA0149601494004003042113118
B1904053645303N11905209WA0149801496004003041114134
B1904063645301N11905202WA0150001496004003041118131
B1904073645298N11905197WA0150201499004003038129140
B1904083645294N11905193WA0150301500004003033150154
B1904093645289N11905192WA0150401500004003033172173
B1904103645284N11905192WA0150401500004003032191197
B1904113645281N11905195WA0150401501004003028211215
B1904123645278N11905198WA0150401500004003024223234
B1904133645276N11905201WA0150401501004003025232246
B1904143645274N11905205WA0150501502004003025241248
B1904153645273N11905209WA0150601504004003025247247
B1904163645271N11905213WA0150701505004003022247244
B1904173645270N11905217WA0150801505004003022243259
B1904183645268N11905220WA0150801505004003023238248
B1904193645267N11905224WA0150701504004003023243260
B1904203645265N11905228WA0150601503004003023251278
B1904213645265N11905232WA0150501502004003023262279
B1904223645265N11905237WA0150501502004003025279286
B1904233645266N11905241WA0150501502004003025297285
B1904243645268N11905245WA0150501502004003024309290
B1904253645270N11905248WA0150501503004003022306274
B1904263645272N11905251WA0150501502004003022295282
B1904273645273N11905255WA0150501502004003026286277
B1904283645274N11905260WA0150401503004003026287302
B1904293645275N11905263WA0150501503004003024300306
B1904303645277N11905266WA0150501503004003021316309
B1904313645280N11905269WA0150401502004003021324301
B1904323645283N11905272WA0150301502004003026321302
B1904333645286N11905275WA0150301501004003026316293
B1904343645289N11905278WA0150301501004003025320311
B1904353645292N11905281WA0150301501004003024328309
B1904363645295N11905282WA0150301502004003023335336
B1904373645298N11905284WA0150301501004003022343343
B1904383645301N11905284WA0150201500004003026355013
B1904393645306N11905284WA0150101499004003026010022
B1904403645311N11905282WA0150001499004003032027030
B1904413645316N11905278WA0150001499004003041038040
B1904423645321N11905272WA0150001499004003042051050
B1904433645325N11905265WA0150101500004003042059059
B1904443645327N11905258WA0150301503004003041064063
B1904453645329N11905251WA0150401504004003039070067
B1904463645330N11905244WA0150601506004003039080075
B1904473645330N11905236WA0150701508004003039096086
B1904483645328N11905229WA0150901510004003040117106
B1904493645323N11905224WA0151201512004003039138131
B1904503645319N11905220WA0151401513004003039158155
B1904513645314N11905218WA0151701515004003036167175
B1904523645310N11905218WA0151801517004003028180189
B1904533645306N11905219WA0151901519004003028188205
B1904543645303N11905220WA0152001519004003024192205
B1904553645300N11905221WA0152001519004003023190202
B1904563645296N11905222WA0151901519004003023186197
B1904573645291N11905222WA0151801518004003030178187
B1904583645287N11905221WA0151801518004003032166174
B1904593645282N11905218WA0151701517004003032152162
B1905003645277N11905215WA0151701516004003034140151
B1905013645273N11905209WA0151601515004003037133149
B1905023645269N11905203WA0151501514004003042127156
B1905033645266N11905197WA0151401514004003042124141
B1905043645262N11905191WA0151301513004003042127158
B1905053645258N11905184WA0151201512004003042130155
B1905063645254N11905179WA0151101511004003042129142
B1905073645250N11905173WA0151101511004003041126141
B1905083645246N11905166WA0151001510004003041124139
B1905093645243N11905160WA0150901509004003040122149
B1905103645240N11905154WA0150801507004003039123150
B1905113645236N11905148WA0150601506004003039125152
B1905123645233N11905142WA0150501505004003040126136
B1905133645229N11905136WA0150401503004003040127144
B1905143645226N11905130WA0150301502004003040127142
B1905153645222N11905125WA0150101501004003039125132
B1905163645219N11905118WA0149901498004003039118127
B1905173645216N11905111WA0149701496004003044112123
B1905183645214N11905103WA0149501494004003044109126
B1905193645212N11905096WA0149401493004003043106126
B1905203645211N11905088WA0149201491004003042106131
B1905213645209N11905081WA0149001488004003041105128
B1905223645207N11905074WA0148801486004003040107119
B1905233645205N11905067WA0148601484004003043109130
B1905243645203N11905059WA0148401482004003043107131
B1905253645201N11905050WA0148201480004003045104129
B1905263645199N11905042WA0148101478004003046103131
B1905273645198N11905034WA0147901476004003046105129
B1905283645196N11905026WA0147701474004003046107123
B1905293645193N11905017WA0147501472004003046109144
B1905303645191N11905009WA0147401471004003046112142
B1905313645188N11905002WA0147201470004003046119157
B1905323645184N11904996WA0147101468004003040129155
B1905333645180N11904991WA0146901467004003040140157
B1905343645175N11904987WA0146801465004003038144155
B1905353645171N11904983WA0146701464004003037143162
B1905363645167N11904979WA0146601463004003035142156
B1905373645163N11904975WA0146501462004003033142164
B1905383645159N11904972WA0146401461004003033144166
B1905393645155N11904968WA0146301460004003032142172
B1905403645152N11904965WA0146201459004003031139165
B1905413645148N11904961WA0146101458004003031137161
B1905423645145N11904957WA0146001456004003032137159
B1905433645141N11904953WA0145801454004003035137154
B1905443645137N11904948WA0145501451004003035136157
B1905453645132N11904942WA0145301449004003040133146
B1905463645128N11904936WA0145101447004003042128146
B1905473645125N11904930WA0145101447004003040125156
B1905483645122N11904924WA0145001447004003040123140
B1905493645119N11904919WA0145001446004003037122150
B1905503645116N11904913WA0145001446004003036121143
B1905513645113N11904908WA0144901445004003035123144
B1905523645110N11904902WA0144801444004003036124143
B1905533645107N11904897WA0144701443004003037123144
B1905543645104N11904891WA0144601442004003037124147
B1905553645101N11904885WA0144501441004003037126146
B1905563645097N11904880WA0144401439004003037127141
B1905573645094N11904874WA0144201438004003036126139
B1905583645091N11904869WA0144101436004003036124142
B1905593645088N11904863WA0143901435004003036124147
B1906003645085N11904857WA0143801433004003037124142
B1906013645082N11904852WA0143601431004003037124142
B1906023645079N11904846WA0143501430004003037122145
B1906033645076N11904840WA0143401429004003037120151
B1906043645073N11904835WA0143301427004003036121157
B1906053645070N11904829WA0143101426004003035126160
B1906063645067N11904824WA0143001424004003035131165
B1906073645063N11904820WA0142801423004003033135164
B1906083645060N11904816WA0142701422004003033140168
B1906093645056N11904813WA0142601421004003031146166
B1906103645052N11904810WA0142501420004003030152166
B1906113645048N11904807WA0142501420004003030152177
B1906123645043N11904804WA0142701421004003035141163
B1906133645039N11904799WA0142901423004003035132175
B1906143645036N11904794WA0143001426004003035123163
B1906153645034N11904789WA0143201427004003034127162
B1906163645030N11904784WA0143401428004003033135172
B1906173645026N11904780WA0143501429004003034140167
B1906183645022N11904776WA0143601431004003036142171
B1906193645018N11904772WA0143701432004003036141170
B1906203645014N11904768WA0143801433004003036141175
B1906213645010N11904764WA0143901433004003035145165
B1906223645005N11904762WA0143901434004003031157179
B1906233645001N11904760WA0143901434004003031161178
B1906243644997N11904758WA0144001435004003031157177
B1906253644993N11904755WA0144101436004003030152185
B1906263644989N11904753WA0144101436004003028150182
B1906273644985N11904751WA0144101436004003028155179
B1906283644982N11904749WA0144101435004003028168192
B1906293644977N11904749WA0144001435004003028181201
B1906303644973N11904750WA0144001435004003028189240
B1906313644969N11904751WA0144101436004003028195250
B1906323644966N11904752WA0144101436004003024202243
B1906333644963N11904754WA0144001435004003023209234
B1906343644960N11904757WA0143901433004003023212231
B1906353644956N11904759WA0143801433004003030204216
B1906363644952N11904761WA0143801434004003031188195
B1906373644947N11904760WA0143901435004003031170185
B1906383644943N11904758WA0144001435004003031154174
B1906393644939N11904755WA0143901434004003030140171
B1906403644936N11904751WA0143801433004003031134160
B1906413644933N11904747WA0143701432004003033131162
B1906423644929N11904742WA0143601430004003033128151
B1906433644926N11904736WA0143501429004003036125150
B1906443644923N11904730WA0143301427004003039123154
B1906453644919N11904723WA0143201426004003042121134
B1906463644916N11904716WA0143001424004003043117139
B1906473644913N11904709WA0142901423004003043115139
B1906483644910N11904701WA0142901423004003044116152
B1906493644908N11904695WA0142901423004003044119155
B1906503644905N11904689WA0142801422004003034123151
B1906513644902N11904684WA0142601421004003034130155
B1906523644898N11904680WA0142301418004003034140161
B1906533644894N11904676WA0142001415004003034150174
B1906543644889N11904673WA0141801415004003036155184
B1906553644884N11904670WA0141601413004003036155182
B1906563644879N11904668WA0141501412004003036154181
B1906573644875N11904665WA0141501412004003033150189
B1906583644872N11904662WA0141401411004003031144178
B1906593644868N11904659WA0141301410004003029141186
B1907003644865N11904655WA0141201408004003031144177
B1907013644860N11904652WA0141101407004003032149177
B1907023644856N11904649WA0141001406004003032151185
B1907033644852N11904646WA0140901405004003032146174
B1907043644848N11904643WA0140801403004003032144187
B1907053644845N11904639WA0140601401004003031147188
B1907063644840N11904637WA0140401399004003032156187
B1907073644836N11904635WA0140301398004003032163191
B1907083644831N11904634WA0140201397004003032166198
B1907093644827N11904632WA0140101396004003030167195
B1907103644823N11904632WA0140001395004003026173206
B1907113644820N11904632WA0139801393004003026185220
B1907123644816N11904633WA0139701391004003025203236
B1907133644813N11904636WA0139401389004003025223245
B1907143644811N11904640WA0139301388004003025243251
B1907153644810N11904644WA0139301388004003021257263
B1907163644810N11904647WA0139301388004003021265267
B1907173644810N11904650WA0139201387004003018268277
B1907183644810N11904654WA0139101386004003018272268
B1907193644810N11904657WA0139001385004003018281278
B1907203644811N11904661WA0138901384004003019291282
B1907213644812N11904664WA0138901383004003019298298
B1907223644814N11904667WA0138701381004003019298304
B1907233644815N11904670WA0138601380004003019294303
B1907243644816N11904674WA0138401378004003019291279
B1907253644817N11904677WA0138301378004003019288302
B1907263644818N11904680WA0138201378004003019287269
B1907273644819N11904683WA0138201377004003018289269
B1907283644819N11904686WA0138101376004003018284244
B1907293644820N11904690WA0137901374004003019272258
B1907303644819N11904694WA0137801372004003024260250
B1907313644818N11904699WA0137601371004003025254262
B1907323644817N11904703WA0137501370004003025253266
B1907333644817N11904708WA0137501369004003025259268
B1907343644816N11904712WA0137401369004003023270272
B1907353644817N11904716WA0137401368004003022275286
B1907363644817N11904720WA0137301367004003022279294
B1907373644818N11904724WA0137301367004003022285285
B1907383644819N11904728WA0137201366004003022291280
B1907393644821N11904732WA0137201366004003023297277
B1907403644822N11904735WA0137201365004003022300267
B1907413644824N11904739WA0137101364004003022299272
B1907423644825N11904742WA0136901362004003022297269
B1907433644827N11904746WA0136801361004003022293254
B1907443644828N11904750WA0136701359004003022287266
B1907453644828N11904754WA0136601358004003022279259
B1907463644829N11904758WA0136501357004003023278269
B1907473644830N11904762WA0136401357004003023287286
B1907483644831N11904766WA0136401357004003023302299
B1907493644834N11904769WA0136401357004003023317293
B1907503644837N11904772WA0136401356004003023328296
B1907513644840N11904774WA0136301356004003025333300
B1907523644844N11904776WA0136201355004003025334305
B1907533644848N11904778WA0136201354004003028335311
B1907543644852N11904781WA0136201354004003029336306
B1907553644856N11904783WA0136101353004003029335302
B1907563644860N11904785WA0136001352004003029333290
B1907573644863N11904788WA0135801350004003028327287
B1907583644866N11904791WA0135601348004003027313289
B1907593644868N11904795WA0135401346004003027297275
B1908003644869N11904799WA0135301344004003025280264
B1908013644869N11904804WA0135201343004003025267259
B1908023644868N11904809WA0135101342004003025255254
B1908033644867N11904813WA0134901341004003025243247
B1908043644865N11904816WA0134801340004003025229242
B1908053644862N11904820WA0134701338004003028220231
B1908063644858N11904823WA0134501336004003031216228
B1908073644854N11904827WA0134401335004003031215225
B1908083644850N11904830WA0134301335004003031213228
B1908093644847N11904832WA0134301335004003030211225
B1908103644844N11904835WA0134301334004003026211226
B1908113644840N11904837WA0134201333004003026208235
B1908123644837N11904839WA0134201333004003026205221
B1908133644833N11904841WA0134101332004003025206218
B1908143644830N11904844WA0134001331004003025216225
B1908153644827N11904848WA0133901329004003030229243
B1908163644825N11904853WA0133801328004003031236266
B1908173644822N11904858WA0133701327004003030238270
B1908183644820N11904862WA0133601327004003030242257
B1908193644819N11904867WA0133601326004003028250251
B1908203644818N11904871WA0133501325004003025259257
B1908213644817N11904876WA0133401324004003026262261
B1908223644816N11904881WA0133301323004003026260258
B1908233644816N11904886WA0133401323004003027266263
B1908243644816N11904891WA0133401324004003027281276
B1908253644818N11904896WA0133501325004003025293294
B1908263644819N11904900WA0133401325004003025295277
B1908273644821N11904904WA0133401324004003025293277
B1908283644822N11904908WA0133301323004003025292276
B1908293644824N11904913WA0133201322004003027291281
B1908303644825N11904918WA0133101322004003026289260
B1908313644826N11904922WA0133101321004003026285272
B1908323644827N11904926WA0132901319004003023283265
B1908333644828N11904930WA0132701319004003023280283
B1908343644828N11904935WA0132401318004003026275267
B1908353644828N11904940WA0132301315004003026271267
B1908363644829N11904944WA0132101314004003026274270
B1908373644829N11904949WA0132001312004003024283282
B1908383644830N11904953WA0131701309004003023292281
B1908393644832N11904957WA0131501307004003026293293
B1908403644833N11904962WA0131301305004003027290284
B1908413644834N11904966WA0131201304004003026286286
B1908423644835N11904971WA0131101302004003025287271
B1908433644837N11904974WA0130901300004003022293272
B1908443644838N11904978WA0130801298004003022297269
B1908453644840N11904981WA0130601296004003023298265
B1908463644841N11904986WA0130401294004003023293259
B1908473644843N11904990WA0130201292004003025286269
B1908483644844N11904996WA0130101291004003028285274
B1908493644845N11905001WA0130101292004003029291289
B1908503644847N11905006WA0130301294004003029297264
B1908513644849N11905010WA0130401295004003027302274
B1908523644850N11905013WA0130501296004003023300272
B1908533644852N11905017WA0130501296004003023291294
B1908543644853N11905023WA0130601296004003028285311
B1908553644854N11905027WA0130601296004003028286283
B1908563644855N11905031WA0130701297004003024292269
B1908573644857N11905035WA0130601296004003022295280
B1908583644858N11905039WA0130501294004003022295277
B1908593644860N11905043WA0130301292004003027296277
B1909003644862N11905048WA0130101291004003029298270
B1909013644864N11905052WA0130001290004003029300265
B1909023644866N11905057WA0130001289004003029299265
B1909033644868N11905061WA0129901288004003027291264
B1909043644869N11905065WA0129801288004003022280255
B1909053644869N11905069WA0129801287004003022272259
B1909063644869N11905073WA0129701285004003020272257
B1909073644869N11905077WA0129601285004003020275259
B1909083644870N11905081WA0129501285004003022283269
B1909093644871N11905085WA0129501285004003022291280
B1909103644872N11905088WA0129501284004003024300296
B1909113644875N11905092WA0129501284004003024309297
B1909123644878N11905096WA0129501284004003026319305
B1909133644881N11905099WA0129501284004003028325301
B1909143644885N11905102WA0129501284004003029330301
B1909153644889N11905104WA0129601286004003029335315
B1909163644893N11905106WA0129801287004003028340284
B1909173644896N11905107WA0129801287004003026341298
B1909183644900N11905109WA0129901287004003024335301
B1909193644903N11905111WA0130001288004003025327298
B1909203644906N11905114WA0130001288004003025316290
B1909213644907N11905117WA0130101289004003022296288
B1909223644907N11905119WA0130101290004003016273278
B1909233644907N11905122WA0130101290004003016271268
B1909243644908N11905125WA0130101289004003017279268
B1909253644908N11905129WA0130201290004003017276269
B1909263644908N11905132WA0130201290004003017259259
B1909273644907N11905135WA0130201290004003017241246
B1909283644905N11905138WA0130201290004003019232248
B1909293644903N11905141WA0130201290004003024225256
B1909303644900N11905145WA0130301291004003026223249
B1909313644897N11905148WA0130401293004003026227251
B1909323644894N11905152WA0130601295004003026226254
B1909333644892N11905155WA0130801297004003025216259
B1909343644889N11905157WA0130901297004003020208236
B1909353644887N11905159WA0130901297004003022213243
B1909363644884N11905161WA0130901297004003022216250
B1909373644881N11905164WA0131001298004003025219256
B1909383644878N11905168WA0131101299004003026231265
B1909393644876N11905172WA0131201299004003025257280
B1909403644877N11905177WA0131201299004003027281297
B1909413644879N11905181WA0131201299004003027310314
B1909423644883N11905184WA0131101298004003027336319
B1909433644886N11905185WA0131101299004003026356336
B1909443644890N11905185WA0131201300004003024359339
B1909453644893N11905185WA0131301301004003024000355
B1909463644897N11905184WA0131301301004003023013359
B1909473644900N11905182WA0131301301004003023034019
B1909483644904N11905178WA0131201300004003027049030
B1909493644907N11905172WA0131301301004003043054047
B1909503644911N11905165WA0131401302004003043056068
B1909513644914N11905159WA0131601303004003040063081
B1909523644916N11905153WA0131801302004003035089084
B1909533644915N11905148WA0131701302004003035109104
B1909543644912N11905141WA0131701302004003038120129
B1909553644908N11905136WA0131701303004003039134147
B1909563644903N11905132WA0131701304004003038149163
B1909573644899N11905130WA0131801305004003035171174
B1909583644895N11905131WA0131801304004003029195192
B1909593644891N11905134WA0131701304004003028214217
B1910003644888N11905138WA0131801305004003028229236
B1910013644886N11905141WA0131901307004003027239247
B1910023644884N11905145WA0132001308004003023246237
B1910033644883N11905149WA0132101309004003021248250
B1910043644882N11905152WA0132101308004003021245249
B1910053644880N11905156WA0132001307004003022245245
B1910063644879N11905160WA0131901306004003022250256
B1910073644878N11905165WA0131801306004003024257277
B1910083644877N11905170WA0131801305004003025265271
B1910093644877N11905174WA0131701304004003025275266
B1910103644878N11905179WA0131601303004003026282272
B1910113644879N11905184WA0131501303004003026279274
B1910123644879N11905189WA0131501302004003027271259
B1910133644879N11905194WA0131401301004003027259263
B1910143644877N11905199WA0131301300004003030253254
B1910153644876N11905204WA0131201299004003030253265
B1910163644875N11905209WA0131201299004003029254268
B1910173644874N11905214WA0131101299004003025252250
B1910183644872N11905218WA0130901297004003025245243
B1910193644870N11905222WA0130801295004003026241241
B1910203644868N11905226WA0130701294004003027239258
B1910213644866N11905231WA0130601294004003026238272
B1910223644865N11905234WA0130501293004003025240260
B1910233644863N11905238WA0130401292004003021247272
B1910243644862N11905241WA0130301290004003020253276
B1910253644862N11905245WA0130101288004003022256280
B1910263644861N11905249WA0129901286004003022257272
B1910273644860N11905253WA0129801284004003023261271
B1910283644860N11905258WA0129601283004003023261255
B1910293644859N11905262WA0129501281004003022255239
B1910303644858N11905266WA0129301280004003023246222
B1910313644856N11905270WA0129201278004003023234222
B1910323644853N11905273WA0129001277004003026220215
B1910333644848N11905276WA0128901276004003030202209
B1910343644843N11905277WA0128901275004003034183205
B1910353644838N11905276WA0128801275004003034172193
B1910363644834N11905276WA0128701274004003034173200
B1910373644829N11905275WA0128601272004003034178200
B1910383644823N11905275WA0128501271004003036180206
B1910393644818N11905275WA0128401271004003038177208
B1910403644812N11905275WA0128401271004003037174205
B1910413644807N11905274WA0128401270004003037173201
B1910423644801N11905273WA0128301269004003037173201
B1910433644796N11905272WA0128201267004003039174208
B1910443644789N11905272WA0128001266004003039174196
B1910453644784N11905271WA0127901264004003039172214
B1910463644778N11905270WA0127801263004003036174209
B1910473644773N11905270WA0127501261004003036178208
B1910483644768N11905270WA0127301259004003035186211
B1910493644763N11905271WA0127201257004003035193212
B1910503644757N11905273WA0127001255004003037197213
B1910513644752N11905275WA0126801253004003037197212
B1910523644747N11905277WA0126701252004003036197219
B1910533644742N11905279WA0126501250004003035198223
B1910543644737N11905281WA0126301248004003034198224
B1910553644732N11905283WA0126101246004003036198221
B1910563644727N11905286WA0125901243004003036199223
B1910573644722N11905288WA0125701241004003036198222
B1910583644717N11905290WA0125501239004003036196219
B1910593644712N11905292WA0125201236004003037196220
B1911003644706N11905294WA0125001234004003037197223
B1911013644701N11905296WA0124801232004003036196223
B1911023644696N11905298WA0124601230004003035196225
B1911033644692N11905299WA0124301227004003035197225
B1911043644687N11905302WA0124101225004003033199232
B1911053644682N11905304WA0123901223004003033200232
B1911063644678N11905306WA0123701221004003033200231
B1911073644673N11905308WA0123601219004003032199226
B1911083644669N11905310WA0123401217004003032197224
B1911093644664N11905311WA0123201216004003031194205
B1911103644660N11905312WA0123101214004003031193210
B1911113644656N11905314WA0122901212004003030193218
B1911123644651N11905315WA0122701209004003030194209
B1911133644646N11905317WA0122401206004003031194213
B1911143644642N11905318WA0122101204004003034193214
B1911153644636N11905320WA0121901201004003035193204
B1911163644631N11905321WA0121701199004003035192206
B1911173644626N11905322WA0121501197004003035187212
B1911183644622N11905322WA0121301194004003033182210
B1911193644617N11905322WA0121001192004003032180198
B1911203644612N11905322WA0120701189004003034179199
B1911213644606N11905322WA0120501186004003034179209
B1911223644601N11905322WA0120301184004003036180202
B1911233644595N11905323WA0120101182004003037181215
B1911243644590N11905323WA0119901181004003034182207
B1911253644585N11905323WA0119801179004003034181207
B1911263644581N11905323WA0119501177004003030180196
B1911273644577N11905323WA0119301173004003030180189
B1911283644572N11905323WA0119001170004003030182200
B1911293644567N11905324WA0118701167004003035185206
B1911303644561N11905325WA0118401165004003035190218
B1911313644557N11905326WA0118201163004003034195222
B1911323644552N11905328WA0118101161004003033199230
B1911333644548N11905330WA0117901159004003032199228
B1911343644543N11905332WA0117601157004003033197229
B1911353644538N11905334WA0117501155004003033192221
B1911363644533N11905335WA0117301153004003033189212
B1911373644528N11905336WA0117201151004003033189212
B1911383644523N11905337WA0117001150004003033191221
B1911393644519N11905338WA0116901149004003033193216
B1911403644514N11905340WA0116801148004003033194223
B1911413644510N11905341WA0116701147004003031192214
B1911423644506N11905342WA0116601146004003028190206
B1911433644501N11905343WA0116401144004003028190205
B1911443644497N11905344WA0116201142004003032189203
B1911453644492N11905345WA0116101140004003033188207
B1911463644487N11905346WA0116001139004003033186212
B1911473644482N11905346WA0115901139004003033185208
B1911483644478N11905347WA0115901138004003031185194
B1911493644474N11905347WA0115701135004003027186204
B1911503644470N11905348WA0115501133004003031192226
B1911513644464N11905350WA0115201130004003031202233
B1911523644459N11905354WA0114901128004003038207237
B1911533644453N11905357WA0114901129004003040206235
B1911543644448N11905360WA0114901129004003035203209
B1911553644444N11905362WA0114901129004003035201225
B1911563644440N11905364WA0114901128004003031199219
B1911573644435N11905366WA0114701128004003031199218
B1911583644430N11905368WA0114601127004003032201212
B1911593644425N11905371WA0114601126004003032201211
B1912003644421N11905373WA0114501126004003032200213
B1912013644417N11905375WA0114601126004003031200221
B1912023644413N11905376WA0114501126004003029199224
B1912033644409N11905378WA0114501125004003028200223
B1912043644405N11905380WA0114401124004003028199226
B1912053644401N11905381WA0114301123004003028194225
B1912063644397N11905383WA0114201122004003028192216
B1912073644393N11905384WA0114101120004003030191222
B1912083644388N11905385WA0113901118004003030194210
B1912093644384N11905387WA0113801116004003031202223
B1912103644377N11905393WA0113501114004003029216229
B1912113644374N11905396WA0113301112004003027215218
B1912123644370N11905398WA0113001109004003027210213
B1912133644366N11905401WA0112801106004003029203205
B1912143644362N11905402WA0112601103004003030197208
B1912153644358N11905404WA0112301101004003029191193
B1912163644354N11905405WA0112101099004003029187196
B1912173644349N11905405WA0111901097004003029183185
B1912183644345N11905405WA0111701094004003029178187
B1912193644340N11905404WA0111401091004003030172185
B1912203644336N11905403WA0111101088004003030168183
B1912213644331N11905402WA0110901085004003032166185
B1912223644326N11905400WA0110701084004003033163183
B1912233644322N11905398WA0110501083004003032158181
B1912243644317N11905396WA0110401081004003032152173
B1912253644313N11905393WA0110301080004003031151184
B1912263644309N11905390WA0110201078004003030152188
B1912273644305N11905388WA0110001077004003030155187
B1912283644301N11905386WA0109901075004003031156184
B1912293644297N11905383WA0109801074004003031153192
B1912303644293N11905380WA0109601072004003030150185
B1912313644289N11905378WA0109401070004003028158191
B1912323644285N11905377WA0109201068004003028170199
B1912333644280N11905377WA0109001066004003031178206
B1912343644276N11905377WA0108901065004003031181207
B1912353644271N11905377WA0108801064004003031180209
B1912363644266N11905377WA0108701063004003031178208
B1912373644262N11905377WA0108701063004003031176213
B1912383644257N11905376WA0108701062004003029176211
B1912393644253N11905376WA0108701063004003029175207
B1912403644249N11905376WA0108801064004003029179218
B1912423644244N11905376WA0108801065004003029189218
B1912433644240N11905378WA0109001066004003027205248
B1912443644237N11905381WA0109201068004003027224261
B1912453644235N11905384WA0109301070004003025238267
B1912463644234N11905387WA0109501072004003020247267
B1912473644234N11905390WA0109601073004003016258283
B1912483644234N11905393WA0109601073004003017284282
B1912493644236N11905396WA0109701072004003017306297
B1912503644238N11905399WA0109601072004003020325298
B1912513644241N11905401WA0109501072004003020332288
B1912523644243N11905403WA0109401071004003021318294
B1912533644245N11905406WA0109301069004003021296284
B1912543644245N11905411WA0109101067004003023275273
B1912553644244N11905416WA0109001065004003025252265
B1912563644242N11905419WA0108901064004003025230251
B1912573644239N11905423WA0108701063004003025218234
B1912583644236N11905425WA0108601062004003024211233
B1912593644233N11905427WA0108501060004003025205232
B1913003644229N11905429WA0108401059004003026204228
B1913013644225N11905431WA0108201058004003026203227
B1913023644221N11905433WA0108201057004003029203226
B1913033644217N11905435WA0108101056004003029203233
B1913043644214N11905437WA0108101056004003029202237
B1913053644210N11905439WA0108101056004003027203236
B1913063644206N11905441WA0108001055004003027202225
B1913073644202N11905443WA0108001055004003029200221
B1913083644198N11905445WA0107901055004003030196223
B1913093644193N11905446WA0107901055004003030191237
B1913103644189N11905448WA0107901054004003031191236
B1913113644184N11905449WA0107801053004003033195231
B1913123644179N11905451WA0107801053004003033201221
B1913133644175N11905453WA0107701053004003032201212
B1913143644171N11905455WA0107701053004003031193213
B1913153644166N11905456WA0107701052004003030187222
B1913163644162N11905456WA0107601052004003031190228
B1913173644157N11905458WA0107501051004003031199233
B1913183644153N11905461WA0107401050004003031209238
B1913193644149N11905464WA0107401050004003030217239
B1913203644146N11905467WA0107401050004003027221249
B1913213644144N11905469WA0107301049004003022225249
B1913223644142N11905473WA0107201047004003022233260
B1913233644141N11905476WA0107101046004003021241259
B1913243644140N11905479WA0106901044004003021253267
B1913253644139N11905483WA0106801042004003021258267
B1913263644138N11905487WA0106601041004003023257251
B1913273644138N11905492WA0106501040004003024254242
B1913283644136N11905496WA0106301039004003024249247
B1913293644135N11905501WA0106301038004003025243243
B1913303644133N11905505WA0106201038004003025239254
B1913313644131N11905508WA0106201038004003023239254
B1913323644129N11905512WA0106101037004003023241255
B1913333644128N11905516WA0106101036004003022244252
B1913343644127N11905519WA0106001036004003022245253
B1913353644125N11905523WA0106001035004003022243240
B1913363644123N11905527WA0106001035004003022241247
B1913373644122N11905530WA0105901034004003022239249
B1913383644120N11905533WA0105901034004003021240254
B1913393644119N11905537WA0105801032004003021242254
B1913403644118N11905541WA0105701032004003022246256
B1913413644116N11905544WA0105701032004003021243254
B1913423644115N11905548WA0105801032004003021237249
B1913433644113N11905551WA0105901033004003021240243
B1913443644112N11905555WA0105901034004003022250263
B1913453644111N11905559WA0105901034004003022257260
B1913463644110N11905563WA0105801033004003024257268
B1913473644109N11905568WA0105801032004003025254253
B1913483644108N11905572WA0105801032004003025253287
B1913493644107N11905577WA0105701032004003025258279
B1913503644107N11905581WA0105801032004003023275291
B1913513644108N11905584WA0105701031004003019298306
B1913523644110N11905587WA0105601031004003020315315
B1913533644113N11905589WA0105601030004003020326331
B1913543644116N11905591WA0105501029004003022330321
B1913553644119N11905593WA0105501029004003023331312
B1913563644122N11905595WA0105401028004003022328288
B1913573644125N11905598WA0105401028004003022320286
B1913583644126N11905601WA0105301027004003021304278
B1913593644128N11905605WA0105201025004003021289277
B1914003644129N11905609WA0105001024004003023282273
B1914013644129N11905614WA0104901023004003027276276
B1914023644129N11905619WA0104901022004003027271269
B1914033644129N11905624WA0104801022004003026265273
B1914043644128N11905628WA0104701021004003025263257
B1914053644128N11905633WA0104601019004003025265260
B1914063644128N11905638WA0104401017004003028268261
B1914073644128N11905644WA0104301016004003029269268
B1914083644128N11905649WA0104201016004003028268270
B1914093644128N11905653WA0104201016004003027268262
B1914103644128N11905658WA0104101015004003025268260
B1914113644128N11905663WA0104001013004003026267254
B1914123644127N11905668WA0103901011004003028265251
B1914133644127N11905673WA0103801010004003028263254
B1914143644126N11905678WA0103601009004003028259253
B1914153644125N11905683WA0103501008004003028255244
B1914163644124N11905688WA0103401007004003028252242
B1914173644122N11905693WA0103301005004003029250237
B1914183644121N11905699WA0103201004004003029245237
B1914193644119N11905704WA0103101003004003030241229
B1914203644116N11905709WA0103001002004003031239227
B1914213644114N11905713WA0102901001004003030237226
B1914223644111N11905718WA0102901001004003030234226
B1914233644108N11905722WA0102801000004003030230224
B1914243644105N11905726WA0102700998004003030226220
B1914253644102N11905730WA0102600997004003030224216
B1914263644099N11905734WA0102400996004003031222218
B1914273644095N11905738WA0102300994004003032218219
B1914283644091N11905742WA0102200993004003032216226
B1914293644087N11905745WA0102100992004003032216236
B1914303644084N11905749WA0102000991004003032221244
B1914313644081N11905753WA0102000991004003025231262
B1914323644080N11905756WA0101900990004003025246270
B1914333644079N11905760WA0101800989004003021257271
B1914343644078N11905764WA0101700989004003021256263
B1914353644077N11905768WA0101700989004003023254256
B1914363644076N11905772WA0101700989004003025251255
B1914373644075N11905777WA0101800990004003025248272
B1914383644074N11905781WA0101800991004003024246252
B1914393644072N11905785WA0101800991004003024244255
B1914403644070N11905789WA0101800990004003024242259
B1914413644068N11905793WA0101800990004003026239266
B1914423644066N11905797WA0101800990004003026235272
B1914433644064N11905801WA0101700989004003026234268
B1914443644062N11905805WA0101600988004003026236277
B1914453644060N11905810WA0101600987004003026239265
B1914463644058N11905814WA0101500986004003027246269
B1914473644056N11905819WA0101400986004003027257277
B1914483644056N11905824WA0101300985004003026263282
B1914493644056N11905829WA0101200984004003026266270
B1914503644056N11905834WA0101100982004003027266259
B1914513644055N11905839WA0101000981004003027265255
B1914523644055N11905843WA0100900981004003026262242
B1914533644054N11905848WA0100900980004003025261245
B1914543644054N11905852WA0100800979004003023255247
B1914553644052N11905856WA0100700979004003022242266
B1914563644051N11905859WA0100700978004003022237266
B1914573644049N11905863WA0100600977004003022237257
B1914583644047N11905866WA0100500975004003022238259
B1914593644045N11905870WA0100400975004003022236252
B1915003644043N11905873WA0100300974004003022237256
B1915013644042N11905876WA0100300973004003021238252
B1915023644040N11905880WA0100200972004003021236245
B1915033644038N11905883WA0100000971004003021228230
B1915043644036N11905885WA0099900970004003021218230
B1915053644033N11905887WA0099700968004003021209238
B1915063644030N11905890WA0099600966004003023210242
B1915073644027N11905892WA0099400965004003025214252
B1915083644024N11905895WA0099400964004003025216244
B1915093644022N11905897WA0099300963004003022217252
B1915103644020N11905899WA0099200962004003019218263
B1915113644018N11905901WA0099000960004003016232279
B1915123644017N11905904WA0098800957004003019257286
B1915133644018N11905909WA0098500954004003019279291
B1915143644018N11905913WA0098400955004003025298299
B1915153644021N11905917WA0098300955004003025316318
B1915163644024N11905919WA0098300954004003022332323
B1915173644027N11905920WA0098200953004003023342332
B1915183644031N11905921WA0098000950004003023346330
B1915193644035N11905923WA0097800948004003025348340
B1915203644039N11905923WA0097600946004003028351351
B1915213644044N11905924WA0097500945004003030000358
B1915223644048N11905923WA0097400944004003030011014
B1915233644051N11905921WA0097300943004003028022009
B1915243644055N11905919WA0097100941004003028026007
B1915253644060N11905916WA0097000939004003028026016
B1915263644064N11905913WA0096900938004003034027009
B1915273644068N11905910WA0096900939004003034027017
B1915283644073N11905908WA0096900939004003032024023
B1915293644075N11905906WA0096900938004003025024014
B1915303644078N11905905WA0096700936004003021027009
B1915313644081N11905903WA0096300935004003027033349
B1915323644085N11905899WA0096000932004003033032012
B1915333644089N11905896WA0095900932004003031021356
B1915343644093N11905895WA0095900932004003031009342
B1915353644097N11905895WA0095900931004003028358350
B1915363644101N11905895WA0095900930004003023001000
B1915373644104N11905895WA0095800929004003023007355
B1915383644108N11905894WA0095700927004003023010008
B1915393644111N11905893WA0095500925004003024013358
B1915403644115N11905892WA0095400923004003026016349
B1915413644120N11905890WA0095200922004003030018345
B1915423644124N11905889WA0095000920004003031010343
B1915433644129N11905888WA0094900919004003031357328
B1915443644134N11905889WA0094900919004003031349339
B1915453644138N11905891WA0094900919004003031347342
B1915463644142N11905892WA0094800918004003026349356
B1915473644145N11905892WA0094800917004003026354328
B1915483644149N11905892WA0094600915004003024000346
B1915493644153N11905892WA0094400912004003024001338
B1915503644157N11905892WA0094100909004003026357333
B1915513644162N11905893WA0093900907004003031354339
B1915523644166N11905893WA0093700905004003031355343
B1915533644170N11905893WA0093500904004003029357334
B1915543644174N11905894WA0093400902004003027353311
B1915553644178N11905895WA0093200899004003025340303
B1915563644181N11905898WA0092900896004003028323298
B1915573644184N11905902WA0092600893004003031308293
B1915583644186N11905907WA0092400891004003031297287
B1915593644188N11905912WA0092300890004003031284281
B1916003644188N11905917WA0092100888004003028273276
B1916013644188N11905921WA0091900886004003025260269
B1916023644187N11905926WA0091600883004003027247258
B1916033644185N11905931WA0091400880004003027235246
B1916043644182N11905935WA0091100878004003028225233
B1916053644178N11905938WA0090900875004003029217223
B1916063644174N11905941WA0090700873004003032209222
B1916073644170N11905944WA0090600871004003032201210
B1916083644165N11905945WA0090400870004003031197198
B1916093644161N11905947WA0090200868004003031196196
B1916103644156N11905949WA0090100866004003032197196
B1916113644152N11905951WA0089900864004003032195204
B1916123644147N11905952WA0089700862004003032191208
B1916133644142N11905953WA0089500860004003032190213
B1916143644137N11905954WA0089200859004003032194209
B1916153644133N11905956WA0089000857004003031200214
B1916163644129N11905958WA0088800854004003031204217
B1916173644125N11905961WA0088600852004003031206219
B1916183644121N11905963WA0088400850004003031206216
B1916193644117N11905966WA0088200847004003031206219
B1916203644112N11905968WA0088000847004003030205224
B1916213644108N11905971WA0087800846004003030209232
B1916223644105N11905974WA0087600844004003030214240
B1916233644101N11905977WA0087400842004003030223248
B1916243644099N11905981WA0087300840004003029232259
B1916253644096N11905985WA0087100839004003028240262
B1916263644095N11905990WA0086900837004003028248259
B1916273644094N11905995WA0086800837004003028250262
B1916283644092N11906000WA0086600835004003027249255
B1916293644091N11906004WA0086400833004003027248264
B1916303644090N11906009WA0086300831004003026249258
B1916313644088N11906013WA0086200829004003027251255
B1916323644087N11906018WA0086000828004003027254254
B1916333644086N11906023WA0085800827004003027253261
B1916343644085N11906029WA0085700826004003027249251
B1916353644083N11906033WA0085600825004003027246247
B1916363644081N11906038WA0085400823004003026247244
B1916373644080N11906042WA0085200822004003026247245
B1916383644078N11906046WA0085100818004003024241237
B1916393644076N11906049WA0084800815004003024234235
B1916403644074N11906053WA0084600812004003024228229
B1916413644071N11906057WA0084500810004003028226233
B1916423644068N11906061WA0084300808004003029228229
B1916433644065N11906065WA0084100806004003028231258
B1916443644063N11906069WA0084000805004003028234255
B1916453644061N11906073WA0083800804004003025241273
B1916463644059N11906077WA0083600803004003024248280
B1916473644058N11906081WA0083500802004003024256286
B1916483644058N11906085WA0083400801004003024268300
B1916493644058N11906089WA0083400800004003024290299
B1916503644060N11906093WA0083300799004003022321311
B1916513644063N11906095WA0083300798004003024339332
B1916523644067N11906096WA0083300797004003026350345
B1916533644072N11906097WA0083200796004003024359351
B1916543644076N11906096WA0083000795004003026009000
B1916553644080N11906095WA0082900793004003029016012
B1916563644084N11906093WA0082800793004003031027022
B1916573644088N11906090WA0082700792004003030037027
B1916583644092N11906086WA0082600792004003031042022
B1916593644095N11906082WA0082500789004003031041018
B1917003644099N11906078WA0082300787004003031038016
B1917013644103N11906074WA0082100786004003031038019
B1917023644106N11906070WA0081900785004003031036013
B1917033644110N11906067WA0081700783004003031034002
B1917043644114N11906064WA0081500782004003029031007
B1917053644117N11906061WA0081300781004003029029003
B1917063644121N11906059WA0081100779004003029029358
B1917073644125N11906056WA0080900779004003029029353
B1917083644129N11906053WA0080700778004003029025352
B1917093644133N11906052WA0080500775004003029013347
B1917103644137N11906051WA0080400772004003029007352
B1917113644142N11906051WA0080200770004003028003345
B1917123644145N11906050WA0080100769004003027001339
B1917133644150N11906051WA0079900767004003028357335
B1917143644154N11906051WA0079700765004003028352336
B1917153644158N11906052WA0079600764004003028349337
B1917163644162N11906053WA0079500762004003029349337
B1917173644167N11906054WA0079400761004003029347319
B1917183644171N11906056WA0079300759004003028340310
B1917193644175N11906058WA0079100757004003028331309
B1917203644179N11906061WA0078900756004003028324298
B1917213644182N11906065WA0078800753004003028314302
B1917223644185N11906070WA0078600751004003032301294
B1917233644187N11906076WA0078500749004003032294287
B1917243644189N11906081WA0078500749004003032294291
B1917253644190N11906086WA0078400748004003032291284
B1917263644191N11906090WA0078400747004003022288287
B1917273644192N11906094WA0078400746004003023293294
B1917283644194N11906098WA0078300744004003023303311
B1917293644198N11906102WA0078200743004003026317329
B1917303644202N11906105WA0078200743004003032331327
B1917313644206N11906108WA0078200743004003030342324
B1917323644210N11906109WA0078300743004003030342301
B1917333644214N11906111WA0078300741004003027335310
B1917343644217N11906113WA0078200741004003027330315
B1917353644221N11906115WA0078200740004003027336318
B1917363644225N11906117WA0078200741004003029346326
B1917373644229N11906118WA0078300740004003029352330
B1917383644233N11906118WA0078300740004003026348324
B1917393644237N11906120WA0078300740004003026334308
B1917403644240N11906122WA0078300739004003026326310
B1917413644243N11906126WA0078300740004003026318297
B1917423644246N11906129WA0078300740004003026299291
B1917433644247N11906133WA0078300739004003023282279
B1917443644247N11906138WA0078200739004003023266266
B1917453644246N11906142WA0078200739004003024248256
B1917463644243N11906145WA0078200738004003023218241
B1917473644240N11906147WA0078100738004003024194219
B1917483644236N11906148WA0078200739004003024171199
B1917493644232N11906147WA0078200740004003025164176
B1917503644228N11906145WA0078300739004003025154171
B1917513644224N11906142WA0078300739004003029149163
B1917523644220N11906139WA0078300739004003029138161
B1917533644218N11906134WA0078400740004003029129145
B1917543644215N11906130WA0078400741004003029126139
B1917553644212N11906126WA0078500741004003029128143
B1917563644209N11906122WA0078500740004003028135168
B1917573644206N11906120WA0078500740004003028148162
B1917583644202N11906118WA0078500740004003026165170
B1917593644198N11906118WA0078500740004003026173151
B1918003644194N11906116WA0078400740004003027159142
B1918013644190N11906112WA0078400739004003034135124
B1918023644188N11906105WA0078300737004003041105105
B1918033644189N11906097WA0078200737004003041079081
B1918043644192N11906090WA0078200738004003041055058
B1918053644195N11906085WA0078300738004003040039035
B1918063644198N11906082WA0078400739004003027014022
B1918073644203N11906082WA0078300738004003028004357
B1918083644208N11906082WA0078300738004003028359346
B1918093644214N11906083WA0078300739004003031357335
B1918103644219N11906083WA0078300739004003032355332
B1918113644224N11906084WA0078300739004003031351329
B1918123644229N11906085WA0078300739004003031350336
B1918133644233N11906086WA0078300739004003030348326
B1918143644237N11906087WA0078300739004003030345315
B1918153644241N11906089WA0078200739004003026342322
B1918163644245N11906090WA0078100737004003027339323
B1918173644248N11906092WA0078100737004003029339327
B1918183644252N11906094WA0078000737004003028336327
B1918193644256N11906097WA0078000737004003028328304
B1918203644259N11906099WA0077900736004003026322294
B1918213644262N11906102WA0077900735004003025320298
B1918223644265N11906106WA0077800734004003028318299
B1918233644268N11906109WA0077600734004003028319309
B1918243644272N11906113WA0077600734004003030321300
B1918253644276N11906117WA0077600735004003030324295
B1918263644279N11906120WA0077700735004003026323272
B1918273644281N11906122WA0077700734004003026309262
B1918283644282N11906125WA0077700733004003018279253
B1918293644281N11906128WA0077600731004003018243238
B1918303644279N11906131WA0077400731004003018211221
B1918313644275N11906133WA0077300731004003031188207
B1918323644270N11906132WA0077200730004003032175187
B1918333644265N11906131WA0077200730004003031164185
B1918343644261N11906129WA0077200729004003029157181
B1918353644257N11906127WA0077200729004003029152167
B1918363644253N11906124WA0077200730004003029152159
B1918373644249N11906122WA0077200730004003029151156
B1918383644245N11906119WA0077300730004003028148166
B1918393644242N11906117WA0077300730004003027147177
B1918403644239N11906114WA0077300730004003027154188
B1918413644234N11906113WA0077200730004003031166198
B1918423644229N11906112WA0077200729004003031171205
B1918433644225N11906111WA0077100729004003031171212
B1918443644220N11906110WA0077100729004003030171214
B1918453644216N11906110WA0077000728004003028181218
B1918463644213N11906111WA0076800726004003027190219
B1918473644209N11906112WA0076800724004003027194220
B1918483644205N11906113WA0076600724004003027193209
B1918493644201N11906114WA0076600724004003027192212
B1918503644198N11906115WA0076500723004003025188206
B1918513644194N11906116WA0076500723004003025184205
B1918523644190N11906116WA0076400722004003026186210
B1918533644186N11906116WA0076300720004003026188211
B1918543644182N11906117WA0076200720004003027186204
B1918553644178N11906117WA0076200719004003027183202
B1918563644174N11906118WA0076100718004003028181216
B1918573644170N11906118WA0075900715004003028185220
B1918583644165N11906119WA0075700715004003028200237
B1918593644158N11906124WA0075400712004003029222250
B1919003644156N11906127WA0075300711004003022234252
B1919013644154N11906131WA0075100710004003022240255
B1919023644153N11906135WA0075000709004003022243256
B1919033644151N11906139WA0074900707004003024245248
B1919043644150N11906143WA0074900707004003023246252
B1919053644149N11906147WA0074800706004003023243246
B1919063644148N11906150WA0074800705004003021244241
B1919073644146N11906153WA0074600704004003019245247
B1919083644145N11906157WA0074500703004003021244238
B1919093644144N11906160WA0074300701004003022238234
B1919103644142N11906163WA0074200699004003022229224
B1919113644139N11906167WA0074000699004003024221226
B1919133644136N11906170WA0073900698004003025215227
B1919143644133N11906172WA0073700696004003025216236
B1919153644130N11906175WA0073600695004003025221255
B1919163644128N11906178WA0073500693004003024232264
B1919173644126N11906182WA0073400691004003025246270
B1919183644126N11906187WA0073200688004003029260275
B1919193644125N11906193WA0073100688004003029281288
B1919203644126N11906198WA0073000688004003029306300
B1919213644129N11906202WA0072800687004003028329313
B1919223644133N11906203WA0072800686004003028350329
B1919233644137N11906203WA0072700686004003027005341
B1919243644142N11906201WA0072700685004003027025354
B1919253644146N11906198WA0072700684004003028028012
B1919263644150N11906196WA0072600684004003028025012
B1919273644153N11906194WA0072500683004003026022009
B1919283644157N11906192WA0072400680004003026023005
B1919293644161N11906190WA0072300680004003030021009
B1919303644165N11906188WA0072200679004003030015008
B1919313644170N11906187WA0072100677004003029013358
B1919323644174N11906185WA0071900677004003028016354
B1919333644178N11906184WA0071700676004003028015337
B1919343644181N11906183WA0071500675004003030000336
B1919353644186N11906184WA0071400674004003030351331
B1919363644191N11906185WA0071300673004003030347324
B1919373644195N11906186WA0071300671004003027342302
B1919383644199N11906188WA0071200670004003027326288
B1919393644200N11906192WA0071000666004003025293276
B1919403644200N11906198WA0070700662004003025263253
B1919413644199N11906202WA0070500662004003029230232
B1919423644195N11906206WA0070300661004003031197213
B1919433644190N11906208WA0070200660004003030170195
B1919443644185N11906206WA0070100659004003030169187
B1919453644180N11906205WA0070100657004003028177193
B1919463644175N11906205WA0070000656004003028187190
B1919473644171N11906206WA0069900654004003027187177
B1919483644167N11906206WA0069700654004003027177183
B1919493644162N11906206WA0069600652004003029172195
B1919503644158N11906205WA0069400650004003029181219
B1919513644154N11906207WA0069200647004003029199215
B1919523644151N11906210WA0069000644004003029222222
B1919533644148N11906214WA0068800642004003030239243
B1919543644147N11906219WA0068600640004003030248249
B1919553644146N11906224WA0068500639004003027251257
B1919563644144N11906229WA0068400638004003027252255
B1919573644143N11906233WA0068200636004003027252256
B1919583644142N11906239WA0068100633004003027254260
B1919593644141N11906244WA0067900632004003029256257
B1920003644140N11906250WA0067800630004003030258257
B1920013644139N11906255WA0067700629004003030253246
B1920023644138N11906259WA0067600628004003028243236
B1920033644136N11906262WA0067500628004003024240236
B1920043644135N11906265WA0067500628004003017253224
B1920053644136N11906266WA0067500628004003008271249
B1920063644136N11906268WA0067500628004003008270246
B1920073644136N11906269WA0067500628004003008271256
B1920083644136N11906270WA0067500628004003008271236
B1920093644136N11906270WA0067500628004003003271244
B1920103644136N11906269WA0067500628004003001271245
B1920113644136N11906269WA0067500628004003001271260
B1920123644136N11906269WA0067500627004003000271257
B1920133644136N11906269WA0067500627004003000271258
B1920143644136N11906269WA0067500627004003000271271
B1920153644136N11906269WA0067500627004003000271255
B1920163644136N11906269WA0067500627004003000271250
B1920173644136N11906269WA0067500627004003000271232
B1920183644136N11906269WA0067500627004003000271247
B1920193644136N11906269WA0067500627004003000271235
B1920203644136N11906269WA0067500627004003000271239
B1920213644136N11906269WA0067500627004003000271240
B1920223644136N11906269WA0067500627004003000271241
B1920233644136N11906269WA0067500627004003001271250
B1920243644136N11906269WA0067500627004003000271254
B1920253644136N11906269WA0067500627004003000271249
B1920263644136N11906269WA0067500627005003000271247
B1920273644136N11906269WA0067500627004003000271247
B1920283644136N11906269WA0067500627004003000271247
B1920293644136N11906269WA0067500627004003000271245
B1920303644136N11906269WA0067500627004003001271225
B1920313644135N11906269WA0067500627004003001271225
B1920323644136N11906269WA0067500627004003001271235
B1920333644136N11906269WA0067500627004003000271248
B1920343644135N11906269WA0067500627004003000271239
B1920353644135N11906269WA0067500627004003001271254
B1920363644135N11906269WA0067500627004003001271266
B1920373644136N11906270WA0067500627004003001271272
B1920383644136N11906270WA0067500627004003001271277
B1920393644136N11906270WA0067500627004003001271266
B1920403644136N11906271WA0067500627004003001271267
GGASf6WT9haFnkYoMy9FBbe6k5T6BdNvtfQZ4IWu0Y1aw30RYT2yNfBW+AJaelhZ+
GGHG/cJ5+hTitvSlqzWHQc0lZMNWCbpijmzp3GLsXGMz0iUjjtMm/TXPI3aTZ8Dlc
GdcFHjp7A5IZTxn848Bz2rKC93FhEUmxsR6Ib8HslAGI=
