AXFH000
HFDTE080826
HFPLTPILOT:KaranS
HFGTYGLIDERTYPE:Niviuk Hiko P
HFDTM100GPSDATUM:WGS84
HFRFWFIRMWAREVERSION:9.7
HFRHWHARDWAREVERSION:iPhone 17 Pro
HFFTYFRTYPE:Flyskyhy,9.7
HFGPS:Internal
HFPRSVARIO:XC Tracer
HFCCLCOMPETITIONCLASS:Paraglider
HFTZNTIMEZONE:-7
HFSITSITE:Pacifica (Dumps- San Francisco),US
I053638FXA3941VXA4244GSP4547CCO4850HDT
C080826213717080826000109TASK
C0000000N00000000ETAKEOFF
C3645907N11905878W00010009999999000000360000STARTAREA DNLNCH
C3646886N11907285W00000000000400000000360000TURNAREA 49917
C3644816N11904600W00000000001000000000360000TURNAREA SONTAG
C3646886N11907285W00000000000400000000360000TURNAREA 49917
C3644411N11907767W00000000001500000000360000TURNAREA TURKEY
C3645907N11905878W00000000000400000000360000TURNAREA DNLNCH
C3643790N11908069W00000000001500000000360000TURNAREA GRNY
C3644227N11904779W00000000001000000000360000TURNAREA LASTCH
C3646886N11907285W00000000000400000000360000TURNAREA 49917
C3644153N11906286W00000000002000000000360000TURNAREA DNLPLZ
C3644153N11906286W00000000000400000000360000FINISHAREA DNLPLZ
C0000000N00000000ELANDING
B2137463740321N12229663WA0004500045001003000101035
B2137473740321N12229663WA0004500045001003000101033
B2137483740321N12229663WA0004500045001003000101030
B2137493740321N12229663WA0004500045001003000101026
B2137503740321N12229663WA0004500045001003000101022
B2137513740321N12229663WA0004500045001003000101007
B2137523740321N12229663WA0004500045001003000101358
B2137533740321N12229663WA0004500045001003000101357
B2137543740321N12229663WA0004500045001003000101003
B2137553740321N12229663WA0004500045001003000101020
B2137563740321N12229663WA0004500045001003000101029
B2137573740321N12229664WA0004500045001003002252028
B2137583740321N12229664WA0004500045002003001252056
B2137593740321N12229664WA0004500045002003002076047
B2138003740321N12229662WA0004500045003003006083024
B2138013740321N12229660WA0004500045002003006100207
B2138023740321N12229659WA0004500045003003006147220
B2138033740321N12229660WA0004400044002003006268180
B2138043740321N12229661WA0004400044002003006272185
B2138053740321N12229662WA0004500044002003006267181
B2138063740321N12229663WA0004400044002003006262183
B2138073740321N12229665WA0004400044002003006276197
B2138083740321N12229666WA0004400044001003007294170
B2138093740322N12229668WA0004300043001003008307231
B2138103740324N12229670WA0004400044001003008308291
B2138113740325N12229672WA0004500044002003009306275
B2138123740326N12229674WA0004500044002003011297287
B2138133740327N12229677WA0004400043002003012294280
B2138143740328N12229680WA0004400043002003012293283
B2138153740329N12229684WA0004400043002003013292287
B2138163740330N12229687WA0004500044002003014289279
B2138173740331N12229691WA0004500044003003015290299
B2138183740332N12229694WA0004600045003003015292289
B2138193740333N12229697WA0004600045002003015299287
B2138203740335N12229699WA0004700046002003015305303
B2138213740337N12229702WA0004700047002003016309308
B2138223740338N12229704WA0004800047002003016318321
B2138233740340N12229706WA0004800047002003016330337
B2138243740343N12229707WA0004800047002003016339323
B2138253740347N12229709WA0004800047002003017342326
B2138263740351N12229710WA0004700046004003027340321
B2138273740354N12229712WA0004700046004003028338330
B2138283740358N12229714WA0004800046004003027342341
B2138293740362N12229715WA0004800047004003027352347
B2138303740367N12229715WA0004800048004003027002343
B2138313740371N12229714WA0004800048004003031004320
B2138323740376N12229714WA0004800047004003031353337
B2138333740381N12229716WA0004700047004003031346347
B2138343740386N12229717WA0004700047004003033352348
B2138353740392N12229717WA0004700048004003036003354
B2138363740397N12229716WA0004800049004003034002325
B2138373740401N12229717WA0004900049004003034350333
B2138383740405N12229718WA0004900050004003026344341
B2138393740408N12229719WA0004800049004003025352355
B2138403740413N12229719WA0004700047004003025359347
B2138413740418N12229719WA0004700047004003036002343
B2138423740424N12229719WA0004600047004003036001337
B2138433740429N12229719WA0004600047004003036358346
B2138443740434N12229719WA0004600047004003035000351
B2138453740439N12229718WA0004700048004003035004349
B2138463740445N12229718WA0004700048004003035005348
B2138473740450N12229717WA0004800049004003035005003
B2138483740455N12229717WA0004900050004003034006003
B2138493740459N12229716WA0004900050004003033008006
B2138503740464N12229715WA0005000051004003033009354
B2138513740470N12229714WA0005000051004003038009354
B2138523740476N12229713WA0005000051004003039009000
B2138533740482N12229712WA0005100052004003039007005
B2138543740487N12229711WA0005300054004003039006001
B2138553740493N12229710WA0005400055004003038006345
B2138563740498N12229709WA0005500056004003034007350
B2138573740503N12229708WA0005600057004003035007001
B2138583740508N12229707WA0005700059004003035007000
B2138593740513N12229706WA0005800060004003035008359
B2139003740518N12229705WA0006000062004003034009355
B2139013740523N12229704WA0006100063004003033010001
B2139023740528N12229703WA0006200064004003033010011
B2139033740532N12229702WA0006400065004003032009001
B2139043740537N12229701WA0006500067004003030007355
B2139053740541N12229701WA0006600067004003028003348
B2139063740545N12229701WA0006600067004003028358354
B2139073740549N12229701WA0006600068004003030358002
B2139083740554N12229701WA0006700069004003030002001
B2139093740558N12229701WA0006800070004003031005004
B2139103740563N12229700WA0006900071004003031008339
B2139113740567N12229699WA0007000072004003028006333
B2139123740571N12229699WA0007100073005003028359335
B2139133740576N12229699WA0007200073004003028352342
B2139143740580N12229700WA0007300074005003029350347
B2139153740585N12229701WA0007400076004003030350342
B2139163740589N12229702WA0007600078004003030351349
B2139173740594N12229703WA0007800080004003030354332
B2139183740598N12229703WA0008000082004003029359331
B2139193740602N12229703WA0008200084005003027004329
B2139203740606N12229702WA0008300085004003026004335
B2139213740609N12229702WA0008500087004003026003331
B2139223740613N12229702WA0008600088004003026001327
B2139233740617N12229702WA0008800089004003026359329
B2139243740621N12229702WA0008900090004003026356325
B2139253740625N12229703WA0009000091004003026352333
B2139263740630N12229704WA0009100092004003030351329
B2139273740634N12229705WA0009200094004003030355331
B2139283740638N12229705WA0009400096004003029359319
B2139293740642N12229705WA0009600097004003027357327
B2139303740646N12229705WA0009700098004003025352331
B2139313740649N12229706WA0009700099004003026350334
B2139323740653N12229707WA0009900100004003027350331
B2139333740657N12229708WA0010000102004003026348326
B2139343740661N12229709WA0010200104004003025346321
B2139353740664N12229710WA0010400106004003021348325
B2139363740667N12229711WA0010500106004003022348336
B2139373740670N12229712WA0010500107004003025346326
B2139383740674N12229713WA0010600107004003025341331
B2139393740678N12229715WA0010600108004003026336324
B2139403740681N12229717WA0010800110004003026339347
B2139413740685N12229719WA0011000110004003028353349
B2139423740689N12229719WA0011200112004003029358321
B2139433740694N12229719WA0011200113004003028351323
B2139443740697N12229721WA0011400114004003027337335
B2139453740701N12229723WA0011500115004003027338337
B2139463740705N12229725WA0011600115004003032354338
B2139473740710N12229724WA0011800117004003032359308
B2139483740715N12229725WA0012000119004003032350303
B2139493740718N12229727WA0012000119004003027328310
B2139503740721N12229729WA0012100120004003023318308
B2139513740723N12229732WA0012200121004003024329317
B2139523740727N12229734WA0012400123004003024339317
B2139533740730N12229735WA0012400124004003024339306
B2139543740733N12229737WA0012500125004003022330316
B2139553740736N12229740WA0012600126004003024325326
B2139563740740N12229742WA0012700127004003027337338
B2139573740744N12229743WA0012800128004003027349342
B2139583740749N12229744WA0012900129004003031353317
B2139593740753N12229745WA0013000130004003027345325
B2140003740756N12229747WA0013100131004003027341322
B2140013740760N12229748WA0013200132004003027346335
B2140023740765N12229749WA0013200133004003028351332
B2140033740770N12229750WA0013300133004003032350313
B2140043740774N12229751WA0013500134004003032343313
B2140053740777N12229753WA0013500135004003028335316
B2140063740780N12229755WA0013600137004003024334321
B2140073740783N12229757WA0013700138004003024337322
B2140083740787N12229758WA0013700138004003025339311
B2140093740790N12229760WA0013800139004003024334306
B2140103740793N12229762WA0013900139004003022325309
B2140113740795N12229764WA0013900140004003019320309
B2140123740797N12229766WA0013900140004003019320306
B2140133740799N12229769WA0014000141004003019321305
B2140143740802N12229771WA0014000141004003020318297
B2140153740804N12229774WA0014100142004003019313295
B2140163740805N12229776WA0014100142004003019308302
B2140173740807N12229779WA0014200143004003017309299
B2140183740809N12229781WA0014200144004003017319321
B2140193740811N12229783WA0014200144004003019331305
B2140203740814N12229784WA0014300145004003020343338
B2140213740817N12229785WA0014400146004003020003357
B2140223740820N12229784WA0014500146004003021017019
B2140233740826N12229781WA0014400144004003039023024
B2140243740832N12229778WA0014300143004003046026019
B2140253740838N12229774WA0014300144004003046027002
B2140263740844N12229770WA0014400146004003046025002
B2140273740849N12229767WA0014500147004003042025006
B2140283740854N12229764WA0014600148004003036025006
B2140293740859N12229761WA0014600147004003037023352
B2140303740865N12229758WA0014600146004003037019356
B2140313740871N12229756WA0014600146004003042016339
B2140323740878N12229754WA0014600147004003043013344
B2140333740883N12229752WA0014600148004003038010353
B2140343740889N12229751WA0014700149004003038014008
B2140353740894N12229748WA0014800149004003038021353
B2140363740899N12229745WA0014800150004003038023358
B2140373740905N12229743WA0014800150004003038020345
B2140383740910N12229740WA0014900150004003036017353
B2140393740915N12229739WA0014900151004003036015349
B2140403740920N12229737WA0015000151004003034013348
B2140413740924N12229736WA0015000151004003032011346
B2140423740929N12229735WA0015000151004003031009343
B2140433740933N12229734WA0015000152004003031007341
B2140443740938N12229734WA0015000152004003031006336
B2140453740943N12229733WA0015000152004003031005340
B2140463740947N12229733WA0015000152004003031005335
B2140473740952N12229732WA0015100152004003031005332
B2140483740957N12229732WA0015100152004003030005334
B2140493740961N12229731WA0015100152004003030005335
B2140503740966N12229731WA0015100151005003030005332
B2140513740970N12229730WA0015000151004003031003318
B2140523740975N12229730WA0015000151004003031356319
B2140533740978N12229731WA0015000151004003023346325
B2140543740981N12229733WA0015000151004003023340329
B2140553740985N12229734WA0015000151004003023341329
B2140563740988N12229735WA0015000151004003024346328
B2140573740993N12229736WA0015000151004003028351329
B2140583740997N12229737WA0015000152004003030353337
B2140593741002N12229737WA0015100152004003030353326
B2141003741006N12229738WA0015100153004003029349320
B2141013741010N12229740WA0015200153004003029344320
B2141023741014N12229741WA0015300154004003029342322
B2141033741019N12229743WA0015400156004003028344324
B2141043741022N12229744WA0015500157004003028345322
B2141053741026N12229746WA0015600159004003027345319
B2141063741030N12229747WA0015800160004003026344317
B2141073741033N12229748WA0015900161004003024344311
B2141083741036N12229749WA0016000163004003022340316
B2141093741039N12229751WA0016100163004003022333311
B2141103741042N12229753WA0016200164004003022329314
B2141113741045N12229756WA0016200164005003022330318
B2141123741048N12229758WA0016300165004003024332318
B2141133741051N12229760WA0016400166004003023332315
B2141143741055N12229762WA0016500166004003023333322
B2141153741058N12229764WA0016500167004003023338324
B2141163741061N12229765WA0016600167004003025339323
B2141173741065N12229767WA0016600168004003026338325
B2141183741069N12229769WA0016700168004003026338315
B2141193741073N12229771WA0016800169004003027340326
B2141203741076N12229772WA0016800170004003026341316
B2141213741080N12229774WA0016900170004003026342318
B2141223741083N12229775WA0016900171004003025341318
B2141233741087N12229777WA0017000171004003025339316
B2141243741091N12229779WA0017000171004003027338324
B2141253741095N12229781WA0017000172004003027338320
B2141263741099N12229783WA0017100172004003029339319
B2141273741103N12229784WA0017200173004003029340322
B2141283741107N12229786WA0017200173005003026342314
B2141293741110N12229787WA0017300174004003026342317
B2141303741114N12229789WA0017300173004003024344332
B2141313741118N12229790WA0017200173004003024347330
B2141323741122N12229791WA0017200172004003027348322
B2141333741127N12229792WA0017200171004003030345319
B2141343741131N12229794WA0017100171004003030343331
B2141353741135N12229795WA0017000171004003030352345
B2141363741140N12229795WA0017000170004003030004340
B2141373741145N12229794WA0016900169004003031001299
B2141383741149N12229795WA0016800169004003022334293
B2141393741151N12229798WA0016700168004003022299314
B2141403741152N12229801WA0016700168004003018312319
B2141413741154N12229803WA0016800169004003018345331
B2141423741158N12229802WA0016800169004003020006335
B2141433741163N12229801WA0016800169004003030010338
B2141443741167N12229801WA0016800169004003030004338
B2141453741171N12229800WA0016800169005003028359348
B2141463741175N12229800WA0016800169004003028000346
B2141473741180N12229800WA0016800169004003029006345
B2141483741185N12229799WA0016800170004003032007334
B2141493741189N12229799WA0016800170004003032004338
B2141503741194N12229799WA0016900171005003030001338
B2141513741198N12229798WA0017000172004003029001336
B2141523741202N12229798WA0017000172004003029003339
B2141533741207N12229798WA0017000172004003031000336
B2141543741212N12229798WA0017000172004003032355328
B2141553741217N12229799WA0017100173004003032354332
B2141563741221N12229799WA0017100173004003032356334
B2141573741226N12229800WA0017200174004003031357329
B2141583741231N12229800WA0017200174004003030356324
B2141593741235N12229801WA0017300174004003030354329
B2142003741240N12229801WA0017200174004003030351330
B2142013741245N12229803WA0017200174004003031349334
B2142023741250N12229804WA0017300174004003035349332
B2142033741255N12229805WA0017400175004003035352333
B2142043741260N12229805WA0017500176004003035355330
B2142053741264N12229806WA0017500176004003032353327
B2142063741269N12229807WA0017400175004003029348318
B2142073741273N12229808WA0017400175004003030347334
B2142083741278N12229809WA0017400175004003030351338
B2142093741282N12229810WA0017400175004003031352313
B2142103741286N12229811WA0017300175004003027344308
B2142113741290N12229813WA0017300174004003027331321
B2142123741293N12229815WA0017200174004003026338347
B2142133741297N12229816WA0017200173004003026350352
B2142143741303N12229817WA0017100172004003034354304
B2142153741307N12229818WA0017000172004003034341303
B2142163741310N12229820WA0016800170004003029317310
B2142173741312N12229824WA0016800170004003023317335
B2142183741315N12229826WA0016800171004003023351324
B2142193741319N12229825WA0016800171004003030006333
B2142203741324N12229825WA0016900172004003030004328
B2142213741328N12229825WA0016900172004003028352337
B2142223741331N12229826WA0016900171004003026339335
B2142233741335N12229828WA0016900171004003026341336
B2142243741340N12229829WA0017000172004003030350330
B2142253741344N12229830WA0017100173004003030358325
B2142263741348N12229830WA0017100173004003029358328
B2142273741352N12229830WA0017100173004003027351336
B2142283741356N12229831WA0017100172004003026344334
B2142293741360N12229833WA0017100172004003028344332
B2142303741364N12229834WA0017100173004003028349330
B2142313741368N12229835WA0017100173004003028354328
B2142323741372N12229835WA0017200174004003028356327
B2142333741376N12229835WA0017200174004003028354335
B2142343741381N12229836WA0017100173004003031352334
B2142353741386N12229837WA0017100173004003034352335
B2142363741391N12229838WA0017100173004003034353335
B2142373741397N12229838WA0017200173004003034354332
B2142383741401N12229839WA0017200173004003034354338
B2142393741406N12229839WA0017100172004003030356349
B2142403741411N12229839WA0017100171004003035002354
B2142413741417N12229839WA0017000170004003035004323
B2142423741422N12229839WA0016800169005003035353318
B2142433741426N12229841WA0016700168004003035341322
B2142443741430N12229842WA0016700167004003029347346
B2142453741435N12229842WA0016600166005003034003353
B2142463741441N12229841WA0016500166005003034009310
B2142473741446N12229841WA0016500167004003034002331
B2142483741450N12229842WA0016500166004003034343338
B2142493741453N12229843WA0016500167004003021335345
B2142503741456N12229845WA0016500167004003026348346
B2142513741461N12229845WA0016500167004003026000357
B2142523741466N12229844WA0016600168004003033007344
B2142533741471N12229843WA0016700169005003034005356
B2142543741476N12229843WA0016700170004003032001345
B2142553741481N12229843WA0016800170005003033000354
B2142563741486N12229843WA0016800170004003033003342
B2142573741492N12229842WA0016900170004003036004334
B2142583741498N12229842WA0017000171004003036003317
B2142593741502N12229841WA0017100173005003029000326
B2143003741506N12229842WA0017100173004003029356328
B2143013741510N12229842WA0017100173004003024353331
B2143023741513N12229843WA0017100173004003024348333
B2143033741517N12229844WA0017100172004003024344326
B2143043741520N12229845WA0017100172004003024342327
B2143053741523N12229847WA0017100172004003024343317
B2143063741527N12229848WA0017100173004003023345322
B2143073741530N12229849WA0017200173004003022345318
B2143083741533N12229850WA0017200173004003022345323
B2143093741536N12229851WA0017200173004003024345324
B2143103741540N12229852WA0017200173004003025346320
B2143113741544N12229853WA0017200174005003025348321
B2143123741547N12229854WA0017300174005003025346320
B2143133741551N12229855WA0017300175004003024344312
B2143143741554N12229856WA0017300175004003021344318
B2143153741557N12229858WA0017300175004003022342338
B2143163741560N12229859WA0017300174004003022339333
B2143173741564N12229861WA0017300174004003024338347
B2143183741568N12229863WA0017300174004003027342345
B2143193741572N12229864WA0017300174004003029347350
B2143203741576N12229865WA0017300175004003029352354
B2143213741581N12229865WA0017400175004003029356354
B2143223741585N12229866WA0017400175004003030358351
B2143233741590N12229866WA0017400176005003031359347
B2143243741595N12229865WA0017500176004003034002354
B2143253741600N12229865WA0017500176005003034005353
B2143263741605N12229864WA0017500176005003034007358
B2143273741611N12229863WA0017600177004003035009344
B2143283741617N12229862WA0017600177004003037009346
B2143293741622N12229860WA0017700178004003034009340
B2143303741627N12229859WA0017700178004003034008350
B2143313741632N12229858WA0017700178005003034008352
B2143323741638N12229857WA0017600178004003035009349
B2143333741643N12229856WA0017700178004003038011342
B2143343741649N12229855WA0017700178005003037010335
B2143353741654N12229853WA0017700179004003037010341
B2143363741658N12229852WA0017700179005003033011339
B2143373741662N12229851WA0017700178004003029012340
B2143383741666N12229850WA0017600177004003027009340
B2143393741670N12229850WA0017500176004003027002340
B2143403741674N12229850WA0017400175004003027356337
B2143413741678N12229850WA0017300174005003026355336
B2143423741681N12229851WA0017200173004003024356339
B2143433741684N12229851WA0017200172004003022356340
B2143443741688N12229851WA0017100171004003023355340
B2143453741691N12229852WA0017000170004003023352340
B2143463741694N12229852WA0016900170004003022349337
B2143473741697N12229853WA0016800169004003022350330
B2143483741701N12229854WA0016800168004003021352327
B2143493741704N12229854WA0016700168004003021354326
B2143503741707N12229854WA0016600167004003021353330
B2143513741710N12229855WA0016500165004003021352331
B2143523741714N12229855WA0016400164005003022351330
B2143533741717N12229856WA0016300163004003024352328
B2143543741721N12229857WA0016200162004003025353324
B2143553741725N12229857WA0016000161005003025355322
B2143563741728N12229857WA0015900159004003024356326
B2143573741732N12229858WA0015800158004003024354323
B2143583741736N12229858WA0015700157004003024350322
B2143593741739N12229859WA0015600157004003023343322
B2144003741742N12229860WA0015500156004003023342321
B2144013741745N12229862WA0015400156004003022344320
B2144023741748N12229862WA0015300155004003021346318
B2144033741751N12229863WA0015200154004003020346319
B2144043741754N12229864WA0015100153004003019344321
B2144053741756N12229865WA0015000152005003019345327
B2144063741759N12229866WA0014900151004003019351325
B2144073741763N12229866WA0014700151004003021355321
B2144083741766N12229867WA0014600149004003023351321
B2144093741769N12229868WA0014500148004003023347328
B2144103741773N12229868WA0014400147004003023348328
B2144113741776N12229869WA0014400146004003023353327
B2144123741780N12229869WA0014200145004003024355318
B2144133741783N12229870WA0014100143004003024354323
B2144143741787N12229870WA0014000142004003023352325
B2144153741790N12229871WA0014000141004003023353323
B2144163741794N12229871WA0013900140004003023354319
B2144173741797N12229872WA0013800139004003024355319
B2144183741801N12229872WA0013700138004003024354317
B2144193741804N12229873WA0013600137004003023352316
B2144203741807N12229873WA0013400137004003022351315
B2144213741811N12229874WA0013300135004003022347315
B2144223741814N12229875WA0013200134004003021344311
B2144233741817N12229876WA0013100133004003021342311
B2144243741819N12229877WA0013000132004003020343314
B2144253741822N12229878WA0012900131004003020346319
B2144263741825N12229879WA0012700129004003019347320
B2144273741828N12229880WA0012600128004003021344322
B2144283741831N12229881WA0012400126004003023341318
B2144293741834N12229883WA0012300125005003023339311
B2144303741837N12229884WA0012300124004003023339304
B2144313741840N12229885WA0012300124004003021343315
B2144323741843N12229886WA0012300125005003018346308
B2144333741845N12229887WA0012300125004003019350323
B2144343741849N12229888WA0012200124004003019345314
B2144353741852N12229889WA0012200124004003021339315
B2144363741855N12229891WA0012200124004003022339296
B2144373741858N12229892WA0012200124004003021343302
B2144383741861N12229893WA0012300124004003021343299
B2144393741863N12229894WA0012300125004003020338301
B2144403741865N12229895WA0012200124004003015322307
B2144413741866N12229896WA0012200124004003011301303
B2144423741866N12229898WA0012200124004003008291287
B2144433741866N12229899WA0012200123005003008286277
B2144443741867N12229901WA0012100122004003008275277
B2144453741866N12229903WA0012100122004003009263267
B2144463741866N12229904WA0012100122004003009250270
B2144473741866N12229905WA0012100122004003005244265
B2144483741866N12229906WA0012100122004003006232264
B2144493741865N12229907WA0012100122004003006222270
B2144503741864N12229908WA0012100122004003008213269
B2144513741863N12229909WA0012200122004003009215276
B2144523741862N12229910WA0012200123004003009228273
B2144533741861N12229911WA0012300124004003009243270
B2144543741861N12229912WA0012400124004003007255278
B2144553741861N12229913WA0012400125004003006265268
B2144563741861N12229914WA0012400125004003006266269
B2144573741860N12229916WA0012500125004003008258268
B2144583741860N12229917WA0012500125004003008260267
B2144593741860N12229919WA0012500126004003008262276
B2145003741860N12229920WA0012500126004003008258275
B2145013741859N12229922WA0012500126004003009247272
B2145023741858N12229924WA0012600127004003011236274
B2145033741857N12229925WA0012700128004003011228271
B2145043741856N12229927WA0012800129004003010224277
B2145053741856N12229928WA0012800129004003008226272
B2145063741855N12229928WA0012800128004003006230272
B2145073741855N12229929WA0012700127004003006240272
B2145083741854N12229931WA0012600127004003007241273
B2145093741854N12229932WA0012600127004003006232277
B2145103741853N12229933WA0012500127004003007222279
B2145113741852N12229934WA0012500126004003007231277
B2145123741851N12229935WA0012400126004003010239279
B2145133741851N12229937WA0012400125004003010247263
B2145143741850N12229938WA0012400125004003010244260
B2145153741850N12229940WA0012400125004003008233266
B2145163741849N12229941WA0012300124004003008228269
B2145173741848N12229942WA0012200123005003010233271
B2145183741847N12229944WA0012100122006003011245272
B2145193741847N12229946WA0012000121004003011247265
B2145203741846N12229947WA0012000121004003011238275
B2145213741845N12229949WA0012000121004003010225260
B2145223741844N12229950WA0012100122004003007221270
B2145233741843N12229951WA0012100123004003007226257
B2145243741843N12229951WA0012200123004003005226264
B2145253741843N12229952WA0012200123004003004256266
B2145263741843N12229953WA0012200123004003004254268
B2145273741843N12229954WA0012200123004003009246273
B2145283741842N12229956WA0012200123004003009239277
B2145293741842N12229957WA0012200123004003007236272
B2145303741841N12229957WA0012200123004003006243272
B2145313741841N12229959WA0012200121004003006252263
B2145323741840N12229961WA0012100121004003013248264
B2145333741839N12229963WA0012100121004003013238256
B2145343741838N12229965WA0012200122004003012223258
B2145353741837N12229966WA0012200122005003009202254
B2145363741836N12229967WA0012200122004003009207261
B2145373741834N12229968WA0012100121004003013213250
B2145383741832N12229969WA0012100120004003014213261
B2145393741830N12229971WA0012000120004003014210253
B2145403741829N12229972WA0012000120004003014203267
B2145413741827N12229973WA0012000120004003012210261
B2145423741826N12229974WA0012000120004003012211263
B2145433741824N12229975WA0012000120004003012209256
B2145443741823N12229976WA0012000120004003011208256
B2145453741821N12229976WA0012000120004003011206252
B2145463741820N12229977WA0011900120004003011205255
B2145473741818N12229978WA0011900119004003013204246
B2145483741816N12229980WA0011800119004003014205244
B2145493741814N12229981WA0011800119004003014199242
B2145503741812N12229981WA0011800119004003015190233
B2145513741809N12229981WA0011800119004003015189258
B2145523741807N12229982WA0011800119004003015190228
B2145533741805N12229982WA0011800119004003015192258
B2145543741802N12229983WA0011700118004003015189229
B2145553741800N12229983WA0011700118004003015187244
B2145563741797N12229984WA0011600117004003018191238
B2145573741795N12229985WA0011700118004003016190222
B2145583741792N12229985WA0011600118004003016181221
B2145593741790N12229985WA0011600117004003016171239
B2146003741787N12229984WA0011600117004003019172236
B2146013741784N12229984WA0011500116004003019181249
B2146023741781N12229984WA0011400115004003017187235
B2146033741779N12229984WA0011400115004003017184238
B2146043741776N12229984WA0011300114004003017172231
B2146053741774N12229984WA0011300114004003017165233
B2146063741771N12229983WA0011300114004003017167235
B2146073741770N12229982WA0011200114004003015168216
B2146083741767N12229981WA0011200114004003017162205
B2146093741764N12229979WA0011200114004003017141169
B2146103741761N12229975WA0011100113005003025119148
B2146113741758N12229967WA0010900112004003038101107
B2146123741757N12229956WA0010700112004003062083075
B2146133741759N12229944WA0010600112005003062068056
B2146143741763N12229933WA0010600112004003061057030
B2146153741767N12229925WA0010700113005003055051023
B2146163741772N12229920WA0010700112004003042047016
B2146173741777N12229914WA0010600111004003042042016
B2146183741782N12229909WA0010500110004003042033359
B2146193741788N12229905WA0010400108005003046027352
B2146203741795N12229902WA0010400107004003046020335
B2146213741802N12229900WA0010400107004003041018332
B2146223741808N12229898WA0010400108004003041019334
B2146233741813N12229896WA0010500108004003036021334
B2146243741818N12229893WA0010500108004003032016334
B2146253741823N12229892WA0010500107004003030009332
B2146263741827N12229892WA0010500106005003028001324
B2146273741831N12229893WA0010500107004003028355318
B2146283741835N12229893WA0010600107004003026358306
B2146293741839N12229893WA0010600108004003024000305
B2146303741842N12229893WA0010600108004003022353303
B2146313741845N12229894WA0010700107004003020343308
B2146323741848N12229896WA0010700107004003022336314
B2146333741851N12229898WA0010800108004003021338306
B2146343741854N12229899WA0010900108004003021343278
B2146353741856N12229900WA0010900110004003017345270
B2146363741857N12229901WA0011000109004003010329276
B2146373741858N12229902WA0010900108004003012303285
B2146383741859N12229905WA0010800107004003012290283
B2146393741860N12229908WA0010800108004003016291309
B2146403741861N12229910WA0010900109004003016296292
B2146413741862N12229912WA0011000111005003011298293
B2146423741862N12229914WA0011100110004003011292293
B2146433741863N12229916WA0011100110004003011281281
B2146443741863N12229919WA0011100109004003012283292
B2146453741864N12229922WA0011000110004003016296279
B2146463741866N12229925WA0011100111004003019310288
B2146473741868N12229928WA0011200112004003019323289
B2146483741870N12229929WA0011200113004003017332301
B2146493741873N12229931WA0011200113004003017340308
B2146503741876N12229932WA0011200112005003020342309
B2146513741880N12229934WA0011200112005003029339311
B2146523741884N12229936WA0011200112004003029331306
B2146533741887N12229939WA0011300113004003028320305
B2146543741889N12229941WA0011500114004003023322316
B2146553741892N12229943WA0011600116005003020338311
B2146563741895N12229944WA0011700116004003023350314
B2146573741898N12229945WA0011800116005003027355315
B2146583741903N12229945WA0011800116004003027354323
B2146593741908N12229946WA0011800116004003030353323
B2147003741913N12229947WA0011800117004003033351314
B2147013741917N12229948WA0011900118004003031349310
B2147023741922N12229949WA0011900119004003031349310
B2147033741926N12229950WA0011900119004003027350319
B2147043741930N12229951WA0011900119004003027348325
B2147053741934N12229952WA0011900119004003029344317
B2147063741939N12229954WA0011900120004003033343313
B2147073741943N12229956WA0011900121004003033341317
B2147083741947N12229957WA0012000121004003029341312
B2147093741951N12229959WA0012000121004003025345324
B2147103741954N12229960WA0012100121005003025350322
B2147113741958N12229960WA0012100121004003027353328
B2147123741963N12229961WA0012100121005003029355328
B2147133741967N12229961WA0012100121004003029357330
B2147143741972N12229961WA0012100122004003031001329
B2147153741976N12229961WA0012100122004003031001330
B2147163741981N12229960WA0012100122004003031001332
B2147173741986N12229960WA0012100122004003031002331
B2147183741991N12229960WA0012100121004003031002336
B2147193741995N12229960WA0012000121004003032002325
B2147203742000N12229959WA0011900121004003032358328
B2147213742005N12229960WA0011800119004003031355316
B2147223742010N12229961WA0011700118004003032351321
B2147233742014N12229962WA0011600118004003031347320
B2147243742019N12229963WA0011600118004003031345319
B2147253742023N12229965WA0011500117004003030345327
B2147263742027N12229966WA0011500117004003028347320
B2147273742031N12229967WA0011500117004003028347320
B2147283742035N12229968WA0011500116004003027344311
B2147293742039N12229970WA0011400116004003027340315
B2147303742043N12229971WA0011400116004003027338320
B2147313742046N12229973WA0011400116004003028341324
B2147323742050N12229975WA0011500116004003028347320
B2147333742055N12229976WA0011400116004003028349322
B2147343742059N12229977WA0011400116004003028348321
B2147353742063N12229978WA0011400115004003028346310
B2147363742067N12229979WA0011400115004003027343292
B2147373742070N12229981WA0011400116004003027338297
B2147383742073N12229983WA0011400116004003023332302
B2147393742076N12229985WA0011300115004003022330310
B2147403742079N12229987WA0011300114004003022333300
B2147413742082N12229989WA0011300114004003022333287
B2147423742085N12229991WA0011400115004003022324291
B2147433742086N12229993WA0011300114004003017313299
B2147443742088N12229995WA0011300114004003017318307
B2147453742091N12229998WA0011300114004003020324290
B2147463742093N12230000WA0011300115004003019321287
B2147473742095N12230002WA0011300115004003019302283
B2147483742095N12230005WA0011400115004003014293297
B2147493742096N12230007WA0011400116005003014311296
B2147503742098N12230009WA0011500116005003014320287
B2147513742100N12230010WA0011500116005003011307282
B2147523742100N12230012WA0011400116004003013287277
B2147533742101N12230015WA0011400116004003013295287
B2147543742102N12230017WA0011500116005003013313283
B2147553742103N12230018WA0011400116005003013318281
B2147563742104N12230019WA0011400116004003011309276
B2147573742105N12230021WA0011300115004003011303289
B2147583742106N12230023WA0011300115004003011321293
B2147593742108N12230024WA0011200115004003012335291
B2148003742110N12230026WA0011200114005003014330283
B2148013742112N12230027WA0011100113004003014314281
B2148023742113N12230029WA0011100113004003014315293
B2148033742114N12230030WA0011100113004003010342297
B2148043742116N12230030WA0011000112004003010340290
B2148053742118N12230031WA0010900110004003013333288
B2148063742121N12230033WA0010800109004003021333289
B2148073742124N12230035WA0010700109004003023341296
B2148083742127N12230036WA0010700109004003022347298
B2148093742131N12230037WA0010700108004003022349302
B2148103742134N12230037WA0010600107004003021346305
B2148113742137N12230038WA0010500106004003022342308
B2148123742140N12230040WA0010400105004003024343307
B2148133742144N12230041WA0010400105004003024346310
B2148143742148N12230042WA0010400106004003024353315
B2148153742151N12230042WA0010400106004003024357317
B2148163742155N12230042WA0010300105004003024358317
B2148173742159N12230042WA0010300104004003026358320
B2148183742163N12230042WA0010200103004003026355332
B2148193742167N12230043WA0010100103004003027357331
B2148203742171N12230042WA0010100102004003029002335
B2148213742176N12230042WA0010000102004003032008329
B2148223742181N12230041WA0010100102004003032009328
B2148233742186N12230040WA0010100102004003034008327
B2148243742191N12230039WA0010100103004003034007328
B2148253742195N12230038WA0010200103004003030007339
B2148263742200N12230037WA0010200103004003031008336
B2148273742204N12230036WA0010200103004003031010331
B2148283742209N12230035WA0010200103004003032008333
B2148293742214N12230034WA0010200103005003033006321
B2148303742219N12230034WA0010200103004003031003328
B2148313742223N12230034WA0010200104004003031003340
B2148323742227N12230033WA0010200103004003028006334
B2148333742231N12230032WA0010100103004003028011347
B2148343742236N12230031WA0010100102004003029015347
B2148353742241N12230029WA0010000102004003035019344
B2148363742246N12230026WA0009900101004003036021353
B2148373742251N12230024WA0009900101004003036021349
B2148383742256N12230021WA0009900100004003037021350
B2148393742262N12230018WA0009800100004003037021334
B2148403742267N12230016WA0009900100004003036020337
B2148413742271N12230014WA0009900100004003036016319
B2148423742275N12230013WA0009800100004003032009305
B2148433742279N12230012WA0009800099004003025355296
B2148443742281N12230013WA0009700098004003019338278
B2148453742282N12230015WA0009600097004003010303259
B2148463742282N12230017WA0009500096004003010229236
B2148473742280N12230018WA0009400095004003010186215
B2148483742277N12230017WA0009400096004003016160224
B2148493742273N12230015WA0009400096004003024153234
B2148503742270N12230013WA0009300095004003021155222
B2148513742267N12230011WA0009300094004003021164217
B2148523742264N12230010WA0009200094004003021167215
B2148533742261N12230009WA0009200093004003022164215
B2148543742257N12230008WA0009200094004003024158224
B2148553742254N12230006WA0009200094004003023154221
B2148563742251N12230004WA0009200094004003023154213
B2148573742248N12230002WA0009200093004003022154214
B2148583742245N12230000WA0009100093004003022154214
B2148593742241N12229998WA0009100092004003023154218
B2149003742238N12229996WA0009000091004003026155219
B2149013742234N12229994WA0009000091004003026156216
B2149023742231N12229992WA0009000091004003026156214
B2149033742227N12229990WA0009000091004003026154218
B2149043742224N12229988WA0009000091004003026151206
B2149053742220N12229985WA0009100092004003026150200
B2149063742217N12229983WA0009100092004003026147196
B2149073742214N12229980WA0009100093004003026141201
B2149083742211N12229976WA0009200094004003027137214
B2149093742208N12229973WA0009300095004003027136220
B2149103742205N12229970WA0009400096004003022141220
B2149113742202N12229968WA0009500097004003022151215
B2149123742200N12229967WA0009600097004003018161210
B2149133742198N12229966WA0009600098004003017165227
B2149143742195N12229965WA0009600098004003017171227
B2149153742193N12229965WA0009600098004003016172245
B2149163742191N12229965WA0009700098004003016177232
B2149173742189N12229965WA0009700099004003014184236
B2149183742187N12229965WA0009700099004003013186235
B2149193742185N12229965WA0009800099005003012179243
B2149203742183N12229965WA0009800099004003012174245
B2149213742182N12229965WA0009800099004003012176242
B2149223742180N12229965WA0009700099005003012187244
B2149233742179N12229965WA0009700098004003010196244
B2149243742177N12229966WA0009700098004003010197244
B2149253742176N12229967WA0009600097004003012196242
B2149263742174N12229967WA0009600097004003013193247
B2149273742172N12229968WA0009600098005003012189249
B2149283742170N12229968WA0009600098004003012186250
B2149293742168N12229968WA0009600097004003012191250
B2149303742166N12229969WA0009500096004003014197244
B2149313742164N12229970WA0009500096004003016198244
B2149323742162N12229971WA0009500096004003016193247
B2149333742160N12229971WA0009500096004003016189250
B2149343742157N12229972WA0009500097004003015189246
B2149353742155N12229972WA0009500097004003013190242
B2149363742153N12229972WA0009500096004003014187234
B2149373742151N12229973WA0009500095004003014184229
B2149383742148N12229973WA0009400095004003017182224
B2149393742145N12229973WA0009400094004003019180244
B2149403742142N12229973WA0009300094004003020176237
B2149413742139N12229973WA0009300095004003020176241
B2149423742137N12229972WA0009400095004003018176230
B2149433742134N12229972WA0009400095004003017173227
B2149443742132N12229972WA0009400095004003017169232
B2149453742129N12229971WA0009400095004003018168231
B2149463742126N12229970WA0009400095004003018169234
B2149473742124N12229970WA0009400095004003018169227
B2149483742121N12229969WA0009400096005003017168233
B2149493742119N12229968WA0009500096004003017169232
B2149503742116N12229968WA0009500096004003017171234
B2149513742114N12229968WA0009500096004003017174239
B2149523742112N12229967WA0009500096004003015176233
B2149533742110N12229967WA0009500096005003014175241
B2149543742108N12229967WA0009500096005003014176232
B2149553742106N12229967WA0009500096004003014177226
B2149563742103N12229967WA0009600096004003015172226
B2149573742101N12229966WA0009500096004003015166230
B2149583742098N12229965WA0009500096004003017165229
B2149593742096N12229965WA0009500095004003018174231
B2150003742093N12229964WA0009500095005003021177213
B2150013742089N12229964WA0009500095004003024169195
B2150023742085N12229962WA0009500095004003024156186
B2150033742081N12229959WA0009500095004003029146205
B2150043742077N12229956WA0009500095004003031145210
B2150053742074N12229953WA0009500094004003029149207
B2150063742070N12229950WA0009400094005003030150201
B2150073742066N12229947WA0009400094004003030145198
B2150083742061N12229942WA0009300094005003034142215
B2150093742057N12229939WA0009300093004003034148219
B2150103742052N12229936WA0009200093004003029163215
B2150113742049N12229936WA0009200093004003029170206
B2150123742044N12229934WA0009300094004003029161209
B2150133742040N12229932WA0009500096004003030150218
B2150143742036N12229929WA0009700098004003030153218
B2150153742033N12229928WA0009700099005003019166209
B2150163742031N12229928WA0009800099004003019177215
B2150173742029N12229927WA0009900100004003016169212
B2150183742026N12229927WA0009900101005003016163218
B2150193742023N12229926WA0010000101004003018165227
B2150203742021N12229925WA0010100102004003015168241
B2150213742019N12229924WA0010200104005003015158240
B2150223742019N12229924WA0010300105005003009161231
B2150233742018N12229924WA0010300104004003009210235
B2150243742016N12229925WA0010300103005003012209241
B2150253742015N12229926WA0010400104005003012161256
B2150263742014N12229925WA0010500106004003006122242
B2150273742014N12229924WA0010400105004003006115244
B2150283742013N12229924WA0010300102004003004115247
B2150293742013N12229926WA0010200100004003014241250
B2150303742012N12229928WA0010200101004003014232256
B2150313742011N12229928WA0010300103004003008232250
B2150323742011N12229928WA0010300102004003003232255
B2150333742011N12229927WA0010200101004003003222256
B2150343742010N12229929WA0010100099004003011231258
B2150353742009N12229930WA0010100100004003011220268
B2150363742009N12229930WA0010100102005003006220265
B2150373742008N12229930WA0010100101004003001220261
B2150383742008N12229930WA0010000100004003002245260
B2150393742007N12229932WA0009900099004003011239253
B2150403742007N12229933WA0009900099004003011219247
B2150413742006N12229934WA0009900100004003008172233
B2150423742005N12229933WA0009900101004003008136228
B2150433742003N12229932WA0009900100004003008149235
B2150443742002N12229931WA0009800098004003014175237
B2150453741999N12229932WA0009700097004003017190241
B2150463741997N12229932WA0009700097004003015192252
B2150473741995N12229933WA0009700098004003015177254
B2150483741993N12229932WA0009800099005003014155240
B2150493741991N12229930WA0009800099004003016147230
B2150503741988N12229929WA0009700099004003019155220
B2150513741986N12229928WA0009700098004003019168223
B2150523741982N12229927WA0009700097004003021173225
B2150533741979N12229927WA0009700098004003021169237
B2150543741977N12229926WA0009700099004003016163234
B2150553741975N12229925WA0009800100004003016164238
B2150563741973N12229925WA0009800099004003013175237
B2150573741972N12229925WA0009800099005003011205247
B2150583741972N12229926WA0009800099004003007268259
B2150593741974N12229927WA0009800098004003016332276
B2151003741977N12229928WA0009800098004003028358302
B2151013741982N12229927WA0009700098005003028015325
B2151023741987N12229924WA0009800099004003036022330
B2151033741992N12229922WA0009800099005003036016337
B2151043741996N12229921WA0009800098005003020352331
B2151053741998N12229923WA0009700097004003020318296
B2151063741998N12229925WA0009700097004003015275275
B2151073741998N12229927WA0009800099004003012231254
B2151083741996N12229927WA0009900100004003008184239
B2151093741995N12229927WA0010000101004003007163226
B2151103741995N12229927WA0010000101004003007181226
B2151113741993N12229927WA0010000100005003007202222
B2151123741992N12229928WA0010000100004003010203228
B2151133741990N12229929WA0010000101004003013197222
B2151143741988N12229930WA0010100102005003013194233
B2151153741986N12229931WA0010200103004003013201228
B2151163741984N12229932WA0010300103004003011210231
B2151173741983N12229933WA0010300103004003011215222
B2151183741981N12229934WA0010300104005003013210211
B2151193741979N12229936WA0010400105004003015202206
B2151203741977N12229936WA0010500105004003016191195
B2151213741974N12229936WA0010600106004003016175195
B2151223741972N12229936WA0010600107005003016169204
B2151233741970N12229936WA0010600106004003016175209
B2151243741967N12229936WA0010500105005003019185206
B2151253741964N12229936WA0010400104004003022190210
B2151263741960N12229937WA0010400104004003021189217
B2151273741958N12229937WA0010400105004003021182210
B2151283741955N12229938WA0010400105005003019181218
B2151293741952N12229938WA0010400105004003016195230
B2151303741950N12229940WA0010400104004003017213229
B2151313741948N12229942WA0010500104004003017222218
B2151323741946N12229944WA0010600106004003019217206
B2151333741943N12229946WA0010700107004003019205204
B2151343741941N12229947WA0010700108004003017199224
B2151353741939N12229948WA0010800109005003017207226
B2151363741937N12229950WA0010800109004003017223238
B2151373741935N12229953WA0010900109004003017229222
B2151383741933N12229955WA0010900110004003017219243
B2151393741932N12229956WA0010900111004003013210250
B2151403741930N12229958WA0010900111004003013209236
B2151413741929N12229959WA0011000111004003011214221
B2151423741927N12229960WA0010900111004003011211202
B2151433741925N12229962WA0010900110004003014204213
B2151443741921N12229963WA0010800109004003024202222
B2151453741918N12229965WA0010900110004003024206233
B2151463741916N12229967WA0011000111004003023206245
B2151473741914N12229968WA0011000112004003016200229
B2151483741913N12229968WA0011000111004003012195204
B2151493741911N12229969WA0010900109005003016200211
B2151503741908N12229970WA0010800108004003022202196
B2151513741904N12229972WA0010700107004003022194187
B2151523741900N12229972WA0010700108004003025181178
B2151533741897N12229971WA0010700109004003025169181
B2151543741893N12229970WA0010800109004003025162180
B2151553741890N12229968WA0010800109004003027160184
B2151563741886N12229967WA0010700108004003027161179
B2151573741881N12229965WA0010600107004003029161179
B2151583741876N12229963WA0010600108005003032160172
B2151593741872N12229960WA0010600108004003033157187
B2152003741867N12229958WA0010600109004003033155178
B2152013741863N12229956WA0010600108004003031156189
B2152023741859N12229953WA0010600108004003030157175
B2152033741855N12229951WA0010500107005003030157173
B2152043741850N12229948WA0010500107005003035154176
B2152053741845N12229945WA0010500108004003035151186
B2152063741841N12229943WA0010500108004003034151196
B2152073741837N12229940WA0010500107004003031154193
B2152083741834N12229938WA0010400107004003028157186
B2152093741830N12229937WA0010400107004003028163196
B2152103741826N12229935WA0010400106004003028169208
B2152113741822N12229935WA0010400106004003028175221
B2152123741818N12229935WA0010300107004003025181223
B2152133741815N12229935WA0010300106004003022184207
B2152143741813N12229935WA0010300106004003020181202
B2152153741809N12229936WA0010200105004003022181198
B2152163741806N12229936WA0010100105004003022184219
B2152173741802N12229936WA0010100105004003025184195
B2152183741798N12229936WA0010100105004003026178199
B2152193741794N12229935WA0010100105004003027164193
B2152203741790N12229933WA0010100106004003029151193
B2152213741786N12229930WA0010100105004003029144186
B2152223741782N12229926WA0010100105004003031143180
B2152233741778N12229923WA0010000104004003033146187
B2152243741773N12229919WA0010000103004003035151189
B2152253741769N12229916WA0009900102004003035157194
B2152263741764N12229914WA0009900102004003033158201
B2152273741760N12229913WA0009900102004003029160198
B2152283741756N12229911WA0009900101004003029162180
B2152293741752N12229909WA0009800100004003031163193
B2152303741747N12229908WA0009700099004003032166186
B2152313741743N12229907WA0009700099004003032168187
B2152323741738N12229905WA0009700100004003032166188
B2152333741734N12229904WA0009700100004003031161192
B2152343741729N12229901WA0009700100004003031158195
B2152353741725N12229899WA0009700099004003031158190
B2152363741721N12229897WA0009600099004003031159192
B2152373741716N12229895WA0009600098004003031160186
B2152383741712N12229893WA0009500098004003030163204
B2152393741708N12229892WA0009500097004003030169202
B2152403741703N12229891WA0009600098004003030171204
B2152413741699N12229890WA0009600098004003030170192
B2152423741694N12229890WA0009700099004003030171196
B2152433741690N12229889WA0009800100004003029171204
B2152443741685N12229888WA0009900101004003029167199
B2152453741681N12229887WA0010000102004003029164204
B2152463741677N12229885WA0010000102005003029165198
B2152473741674N12229884WA0010000102004003027171211
B2152483741670N12229884WA0010000102004003027179208
B2152493741666N12229884WA0009900101004003028182212
B2152503741661N12229884WA0009900101004003028180210
B2152513741657N12229884WA0009900101004003028177216
B2152523741654N12229884WA0009900102005003026181219
B2152533741651N12229885WA0009900101004003022189215
B2152543741647N12229886WA0009900100004003023190205
B2152553741644N12229886WA0009800100004003023186204
B2152563741640N12229887WA0009800100004003025185206
B2152573741636N12229887WA0009900100004003025189216
B2152583741633N12229888WA0009900101004003021192209
B2152593741630N12229889WA0009900101004003021190207
B2153003741627N12229889WA0009900101004003021186199
B2153013741623N12229890WA0009900101004003021186203
B2153023741620N12229890WA0009900101004003023188202
B2153033741616N12229891WA0009900101004003023190204
B2153043741613N12229892WA0009900101004003023188203
B2153053741609N12229892WA0009900101005003023186205
B2153063741606N12229893WA0009900101004003023185211
B2153073741603N12229893WA0009900101004003023187182
B2153083741599N12229894WA0009900101004003023183181
B2153093741596N12229894WA0009900101004003025175198
B2153103741592N12229893WA0009900100004003025171177
B2153113741588N12229892WA0009800100004003027172179
B2153123741583N12229892WA0009800100005003028175187
B2153133741579N12229891WA0009800100005003029174171
B2153143741574N12229890WA0009800100004003031167169
B2153153741570N12229888WA0009800100004003031159175
B2153163741565N12229886WA0009800100004003032161193
B2153173741561N12229885WA0009700099005003032167181
B2153183741557N12229883WA0009700099004003030164158
B2153193741552N12229881WA0009600098004003035154171
B2153203741547N12229877WA0009700098005003035145182
B2153213741543N12229873WA0009700100004003035144195
B2153223741539N12229870WA0009800101004003035148186
B2153233741536N12229868WA0009900101004003024158190
B2153243741532N12229867WA0009900101004003024170198
B2153253741529N12229867WA0009800100004003023177201
B2153263741525N12229867WA0009800100004003023179195
B2153273741521N12229867WA0009700099004003025179198
B2153283741517N12229867WA0009700099004003027182202
B2153303741513N12229868WA0009700100004003027188213
B2153313741510N12229869WA0009700100004003025192201
B2153323741506N12229869WA0009700100004003023190201
B2153333741503N12229870WA0009800100004003024185205
B2153343741499N12229870WA0009800100004003025185207
B2153353741496N12229871WA0009800101004003025186203
B2153363741492N12229872WA0009900101004003025186194
B2153373741488N12229872WA0009900101005003025184195
B2153383741484N12229872WA0009900101004003027185198
B2153393741480N12229873WA0009800101005003028187204
B2153403741476N12229874WA0009900101005003027189208
B2153413741472N12229874WA0009900101005003026187203
B2153423741468N12229875WA0009900101004003026183209
B2153433741464N12229875WA0009900101004003026180194
B2153443741460N12229875WA0009900101004003027181196
B2153453741456N12229875WA0009900101004003027183199
B2153463741452N12229875WA0009900102004003027182196
B2153473741448N12229875WA0009900102004003027181199
B2153483741444N12229876WA0009900102004003026181195
B2153493741440N12229876WA0009900102004003027182196
B2153503741436N12229876WA0010000102004003026182197
B2153513741432N12229876WA0010000102004003027181194
B2153523741428N12229876WA0010000102005003027180194
B2153533741424N12229876WA0010000103005003028181202
B2153543741420N12229876WA0010000103004003028180192
B2153553741416N12229876WA0010100103004003028177200
B2153563741412N12229876WA0010000103004003027175202
B2153573741408N12229875WA0010000103005003027175208
B2153583741404N12229875WA0010000103005003026175197
B2153593741400N12229875WA0010000102004003027175198
B2154003741395N12229874WA0009900101005003027176199
B2154013741391N12229874WA0009900101004003029179206
B2154023741387N12229874WA0009900101004003029181201
B2154033741383N12229874WA0009900102005003026181201
B2154043741379N12229874WA0009900102004003026180196
B2154053741375N12229874WA0010000102005003025181203
B2154063741372N12229875WA0009900102005003024181202
B2154073741368N12229875WA0009900101005003024182198
B2154083741364N12229875WA0009900101005003027181199
B2154093741360N12229875WA0009900101004003027184202
B2154103741356N12229876WA0009900101005003026186208
B2154113741352N12229876WA0009900102005003025186203
B2154123741349N12229877WA0009900102005003025186197
B2154133741344N12229877WA0009900102004003028185204
B2154143741340N12229878WA0009900102004003028186199
B2154153741336N12229878WA0010000103004003027185192
B2154163741333N12229879WA0010100103004003026184196
B2154173741329N12229879WA0010100104004003025185197
B2154183741325N12229880WA0010200105004003023187191
B2154193741322N12229880WA0010300106004003023185195
B2154203741319N12229880WA0010400107004003022183197
B2154213741316N12229880WA0010400107004003021178199
B2154223741313N12229880WA0010400107004003020177190
B2154233741310N12229880WA0010400107005003021179195
B2154243741306N12229880WA0010300106004003022182193
B2154253741303N12229881WA0010300106004003022182189
B2154263741300N12229881WA0010300106005003022179188
B2154273741296N12229880WA0010300106004003022175191
B2154283741293N12229880WA0010200106004003021175190
B2154293741290N12229880WA0010200105005003022177191
B2154303741286N12229880WA0010100104004003022179189
B2154313741283N12229880WA0010100103004003023180181
B2154323741279N12229880WA0010000103004003023178182
B2154333741276N12229879WA0010000102004003024174171
B2154343741272N12229879WA0010000102004003025170171
B2154353741268N12229877WA0009900102004003025165165
B2154363741264N12229876WA0009900102004003026160159
B2154373741260N12229874WA0009900102004003029156159
B2154383741256N12229871WA0009900101004003030152157
B2154393741252N12229868WA0009900101004003030148162
B2154403741248N12229865WA0009900101004003031146162
B2154413741244N12229862WA0009800101004003031146166
B2154423741241N12229859WA0009800100004003031147158
B2154433741237N12229855WA0009700100004003032145147
B2154443741233N12229852WA0009700099004003032143148
B2154453741229N12229847WA0009600099004003033139141
B2154463741225N12229842WA0009600098004003035135149
B2154473741221N12229838WA0009500098004003036135157
B2154483741217N12229833WA0009500098004003036137162
B2154493741213N12229829WA0009500098004003035139163
B2154503741209N12229824WA0009500098004003034139163
B2154513741205N12229821WA0009500099004003034143182
B2154523741201N12229818WA0009500099004003031152181
B2154533741197N12229816WA0009500099004003031159176
B2154543741193N12229814WA0009500099004003030159170
B2154553741189N12229811WA0009600100004003030155174
B2154563741185N12229809WA0009700100005003030157182
B2154573741181N12229808WA0009700101004003028163183
B2154583741177N12229806WA0009700101004003028167176
B2154593741173N12229805WA0009800101004003028167174
B2155003741168N12229804WA0009800101004003029167176
B2155013741164N12229803WA0009900102004003029168181
B2155023741160N12229802WA0009900102004003028169179
B2155033741156N12229801WA0009900103004003028168182
B2155043741152N12229800WA0010000103004003027169177
B2155053741148N12229799WA0010000104004003027170184
B2155063741144N12229798WA0010100104004003027172182
B2155073741140N12229798WA0010100105004003026176201
B2155083741136N12229798WA0010200105004003026182202
B2155093741133N12229799WA0010200105004003024186194
B2155103741129N12229799WA0010200105004003024185192
B2155113741126N12229799WA0010200106004003024183190
B2155123741122N12229800WA0010300106004003024185199
B2155133741118N12229800WA0010300106004003024190198
B2155143741115N12229801WA0010300106004003024192194
B2155153741112N12229802WA0010300106004003023191194
B2155163741108N12229803WA0010400107004003023187196
B2155173741105N12229804WA0010400108004003021182205
B2155183741102N12229803WA0010500108004003021175207
B2155193741099N12229803WA0010500108004003019174197
B2155203741096N12229803WA0010400107004003019178190
B2155213741092N12229803WA0010400106005003021181187
B2155223741088N12229803WA0010400106004003029177195
B2155233741084N12229802WA0010400107004003029172194
B2155243741080N12229801WA0010400108004003027166189
B2155253741077N12229800WA0010500108004003025163186
B2155263741073N12229799WA0010400107005003025166183
B2155273741068N12229798WA0010400106004003031171184
B2155283741064N12229797WA0010400106005003033175186
B2155293741059N12229797WA0010400107004003031177196
B2155303741055N12229796WA0010500108004003030171201
B2155313741051N12229795WA0010600109004003026164192
B2155323741048N12229794WA0010600109004003025163185
B2155333741044N12229792WA0010600109004003029165184
B2155343741039N12229791WA0010600108005003029165187
B2155353741035N12229790WA0010600108004003031167190
B2155363741030N12229789WA0010600109004003031169195
B2155373741026N12229788WA0010600109004003028168191
B2155383741022N12229786WA0010600109004003028167190
B2155393741018N12229785WA0010600109004003028167192
B2155403741014N12229784WA0010600108005003028172192
B2155413741009N12229784WA0010500108004003028174188
B2155423741005N12229783WA0010500108004003028173189
B2155433741001N12229783WA0010600108004003028170186
B2155443740997N12229782WA0010600108004003027171191
B2155453740994N12229781WA0010500108004003025173191
B2155463740990N12229781WA0010500107004003025175193
B2155473740986N12229781WA0010400106004003028176192
B2155483740981N12229780WA0010300105004003028178195
B2155493740977N12229780WA0010300105004003028179194
B2155503740973N12229780WA0010300105004003028180198
B2155513740969N12229780WA0010300105004003027179194
B2155523740966N12229780WA0010200104005003026178197
B2155533740962N12229780WA0010200104004003026175189
B2155543740958N12229779WA0010200104004003026174192
B2155553740954N12229779WA0010200104004003026174196
B2155563740950N12229778WA0010300105004003026173196
B2155573740947N12229778WA0010300105004003022169190
B2155583740943N12229777WA0010300105005003023168192
B2155593740940N12229776WA0010200104004003023173197
B2156003740936N12229776WA0010100103005003024178195
B2156013740933N12229776WA0010100103005003024179196
B2156023740929N12229776WA0010100103004003023178190
B2156033740926N12229776WA0010100103004003023176195
B2156043740922N12229775WA0010000102004003023178192
B2156053740919N12229775WA0010000102005003023180189
B2156063740915N12229775WA0010000102005003023179184
B2156073740912N12229775WA0010000102004003025175182
B2156083740908N12229774WA0010000102004003025173187
B2156093740904N12229774WA0009900101004003025172187
B2156103740900N12229773WA0009900101004003026174192
B2156113740896N12229773WA0009900101004003026174187
B2156123740893N12229772WA0009900101004003026169180
B2156133740889N12229771WA0010000102004003026163180
B2156143740885N12229769WA0010000102004003026161182
B2156153740881N12229768WA0010000102004003026162186
B2156163740878N12229767WA0010000102004003025162183
B2156173740874N12229765WA0010000102004003026156178
B2156183740871N12229763WA0010000102004003027152181
B2156193740867N12229760WA0010000103004003027152193
B2156203740863N12229758WA0010000103004003027159202
B2156213740860N12229757WA0010100103004003026163197
B2156223740857N12229756WA0010100104004003023158182
B2156233740854N12229754WA0010200105004003023152199
B2156243740851N12229752WA0010200105005003023155198
B2156253740848N12229751WA0010200105004003022167209
B2156263740845N12229750WA0010200105004003021176188
B2156273740842N12229750WA0010300106004003020171190
B2156283740839N12229749WA0010400107004003020163195
B2156293740836N12229748WA0010500108004003020161210
B2156303740834N12229747WA0010600109004003018167216
B2156313740832N12229747WA0010600109004003016181221
B2156323740830N12229748WA0010600109005003014194213
B2156333740827N12229749WA0010600109005003016204209
B2156343740825N12229750WA0010600108004003016201198
B2156353740822N12229751WA0010700108005003019195206
B2156363740819N12229752WA0010700109005003020192214
B2156373740817N12229753WA0010800110004003017196221
B2156383740814N12229754WA0010900111004003017205222
B2156393740812N12229755WA0010900112005003016207208
B2156403740810N12229757WA0010900112005003016203212
B2156413740807N12229758WA0011000112005003018199207
B2156423740805N12229759WA0011000112005003020202218
B2156433740802N12229761WA0011000113004003020204211
B2156443740799N12229762WA0011100113005003018202206
B2156453740797N12229763WA0011100114004003018197201
B2156463740794N12229764WA0011100114004003020194201
B2156473740791N12229765WA0011100114004003020195202
B2156483740788N12229766WA0011100114004003020197200
B2156493740785N12229767WA0011200115005003020190186
B2156503740782N12229768WA0011300115004003020181186
B2156513740779N12229767WA0011300115004003021175194
B2156523740776N12229767WA0011300115004003021176195
B2156533740773N12229767WA0011200115004003021178203
B2156543740769N12229767WA0011200114004003022178203
B2156553740766N12229766WA0011100114004003022177191
B2156563740763N12229766WA0011100114004003022176203
B2156573740760N12229766WA0011100114004003022176195
B2156583740756N12229766WA0011200115004003022176194
B2156593740753N12229765WA0011200115004003021175191
B2157003740750N12229765WA0011100114004003022174181
B2157013740746N12229765WA0011100114004003024171183
B2157023740743N12229764WA0011100114004003024168182
B2157033740739N12229762WA0011100114004003025164182
B2157043740735N12229761WA0011200115004003025164194
B2157053740732N12229760WA0011200115004003022164190
B2157063740729N12229759WA0011200115004003022167197
B2157073740726N12229758WA0011200115004003022169197
B2157083740723N12229758WA0011200115004003022171198
B2157093740720N12229757WA0011300116004003021168199
B2157103740717N12229756WA0011300116004003020165191
B2157113740714N12229755WA0011400116004003020166199
B2157123740711N12229754WA0011400116004003020166197
B2157133740708N12229754WA0011400116004003020168199
B2157143740705N12229753WA0011400116004003021168196
B2157153740702N12229752WA0011400117004003020171208
B2157163740699N12229752WA0011400117005003020173203
B2157173740696N12229751WA0011400117004003019174205
B2157183740693N12229751WA0011400117004003019175202
B2157193740690N12229751WA0011500117004003019175208
B2157203740687N12229751WA0011500118004003019177208
B2157213740684N12229751WA0011500118005003019181205
B2157223740681N12229751WA0011500118005003019183204
B2157233740678N12229751WA0011500118005003020183204
B2157243740676N12229752WA0011600118004003020184197
B2157253740673N12229752WA0011600119004003015180190
B2157263740671N12229751WA0011600119005003015172186
B2157273740668N12229751WA0011600119004003015164181
B2157283740665N12229749WA0011600119004003018158181
B2157293740662N12229747WA0011600118004003023152166
B2157303740658N12229745WA0011600118004003027149167
B2157313740655N12229742WA0011600118004003028145169
B2157323740651N12229738WA0011600119004003028142173
B2157333740647N12229735WA0011600119004003029142175
B2157343740644N12229731WA0011600119004003030143181
B2157353740640N12229728WA0011600119004003029144177
B2157363740637N12229725WA0011700120004003029144178
B2157373740633N12229722WA0011700120004003028143182
B2157383740630N12229719WA0011800120004003028144182
B2157393740626N12229716WA0011800121004003028144181
B2157403740623N12229713WA0011900122004003028145180
B2157413740619N12229710WA0012000123004003028145187
B2157423740616N12229707WA0012100124004003028145183
B2157433740613N12229704WA0012200125004003026145185
B2157443740610N12229702WA0012300125004003025147187
B2157453740607N12229699WA0012300126004003024149193
B2157463740604N12229697WA0012400126004003024152192
B2157473740600N12229695WA0012400126004003024156198
B2157483740597N12229694WA0012500127004003024159198
B2157493740594N12229693WA0012600128005003024164209
B2157503740591N12229692WA0012600129004003020168212
B2157513740588N12229692WA0012700129004003020173206
B2157523740585N12229691WA0012800130004003019175207
B2157533740582N12229691WA0012900131004003019175210
B2157543740580N12229691WA0013000132005003019177223
B2157553740577N12229691WA0013100133004003015183222
B2157563740575N12229691WA0013100134004003015191225
B2157573740574N12229692WA0013200135005003014198222
B2157583740572N12229693WA0013300135005003013206223
B2157593740570N12229694WA0013400135004003012208226
B2158003740568N12229695WA0013400136004003013207228
B2158013740567N12229697WA0013500136004003014209227
B2158023740565N12229698WA0013600137004003013209221
B2158033740564N12229699WA0013600138005003012204217
B2158043740562N12229700WA0013600138004003012203211
B2158053740560N12229701WA0013700138004003015202209
B2158063740558N12229702WA0013700138004003017199209
B2158073740555N12229703WA0013700139004003017195212
B2158083740552N12229704WA0013800140004003018192216
B2158093740550N12229704WA0013900141005003018190215
B2158103740548N12229705WA0013900141004003016190217
B2158113740545N12229706WA0014000142004003016196212
B2158123740543N12229707WA0014000142005003016202218
B2158133740540N12229708WA0014100143005003017202214
B2158143740538N12229709WA0014200144004003017198220
B2158153740537N12229710WA0014300145005003013193216
B2158163740535N12229710WA0014300145005003013192214
B2158173740532N12229711WA0014200145004003013193209
B2158183740530N12229712WA0014200144004003016193215
B2158193740527N12229712WA0014300144004003019193219
B2158203740524N12229713WA0014300145004003018194222
B2158213740522N12229714WA0014400146004003018193220
B2158223740520N12229715WA0014500147004003016191218
B2158233740517N12229715WA0014500148004003016189224
B2158243740515N12229716WA0014600147004003016190222
B2158253740513N12229717WA0014600147004003018196214
B2158263740510N12229718WA0014700147005003021198214
B2158273740506N12229719WA0014700148004003021196204
B2158283740503N12229720WA0014800150004003022192209
B2158293740500N12229721WA0015000151004003022187221
B2158303740497N12229721WA0015200153004003018190224
B2158313740495N12229722WA0015300154004003018195210
B2158323740493N12229723WA0015300155004003016195210
B2158333740490N12229724WA0015400155004003016193205
B2158343740487N12229725WA0015500156004003019191205
B2158353740484N12229725WA0015500156004003020190219
B2158363740482N12229726WA0015600156004003020192217
B2158373740479N12229727WA0015600157004003019196219
B2158383740476N12229728WA0015600157004003018198209
B2158393740474N12229729WA0015700157004003018196205
B2158403740471N12229730WA0015700158004003020191206
B2158413740468N12229731WA0015700158005003020187209
B2158423740465N12229731WA0015700157004003019190213
B2158433740463N12229732WA0015600157004003019194208
B2158443740459N12229733WA0015600157004003019194208
B2158453740456N12229734WA0015600156005003023191216
B2158463740453N12229735WA0015600157004003023191221
B2158473740450N12229736WA0015600157004003022193226
B2158483740447N12229737WA0015600157004003020195220
B2158493740444N12229738WA0015600156005003018196217
B2158503740442N12229739WA0015500156004003020197219
B2158513740439N12229740WA0015500155004003020197217
B2158523740436N12229741WA0015500155004003020196217
B2158533740433N12229742WA0015500156004003020194213
B2158543740430N12229743WA0015400156005003018192209
B2158553740428N12229743WA0015400155004003019191205
B2158563740425N12229744WA0015400155004003019191206
B2158573740422N12229745WA0015400154004003019189210
B2158583740419N12229745WA0015300154004003020186211
B2158593740416N12229746WA0015300154005003021185218
B2159003740413N12229746WA0015300154004003021188217
B2159013740410N12229747WA0015300154004003020190208
B2159023740407N12229747WA0015200154004003020186201
B2159033740404N12229748WA0015200153004003020183203
B2159043740401N12229748WA0015100153005003021185199
B2159053740398N12229748WA0015100152004003021185205
B2159063740394N12229748WA0015000151004003021183201
B2159073740391N12229748WA0014900150005003022180210
B2159083740388N12229749WA0014900150004003023183214
B2159093740384N12229749WA0014800150004003021186217
B2159103740381N12229750WA0014800149004003021189205
B2159113740378N12229750WA0014700148004003020186197
B2159123740375N12229750WA0014700148004003020181195
B2159133740372N12229750WA0014600147005003022181197
B2159143740368N12229750WA0014600146004003023182197
B2159153740365N12229750WA0014500146004003025178196
B2159163740361N12229750WA0014500146004003025172205
B2159173740357N12229749WA0014400145004003026170203
B2159183740353N12229749WA0014300144004003027176203
B2159193740349N12229748WA0014300145004003027177192
B2159203740345N12229748WA0014300145004003027172184
B2159213740341N12229747WA0014300145004003027163193
B2159223740337N12229745WA0014200144004003027160191
B2159233740333N12229743WA0014100143004003028164194
B2159243740329N12229742WA0014100142004003027168180
B2159253740325N12229741WA0013900142004003028165183
B2159263740321N12229739WA0013900142004003028155181
B2159273740317N12229736WA0013800141004003029154211
B2159283740313N12229734WA0013800141004003029162202
B2159293740309N12229733WA0013700140004003025172189
B2159303740305N12229733WA0013600139004003025170182
B2159313740301N12229731WA0013600138004003025159173
B2159323740298N12229729WA0013500138004003027152193
B2159333740294N12229727WA0013500137004003027156200
B2159343740290N12229725WA0013400136004003025164193
B2159353740287N12229724WA0013300136004003025167180
B2159363740283N12229723WA0013300135004003025160175
B2159373740280N12229721WA0013200135005003024158193
B2159383740276N12229720WA0013100134005003024163191
B2159393740273N12229719WA0013100133004003026171197
B2159403740269N12229718WA0013000132005003026173201
B2159413740265N12229718WA0013000132004003024172180
B2159423740262N12229717WA0013000132004003023167168
B2159433740259N12229715WA0013000132004003023153153
B2159443740256N12229712WA0013000132004003028141146
B2159453740252N12229708WA0012900131004003033133144
B2159463740249N12229702WA0012800130005003033128134
B2159473740245N12229697WA0012700130004003037124142
B2159483740242N12229690WA0012700130004003039120137
B2159493740239N12229683WA0012700130004003039118142
B2159503740237N12229677WA0012700130004003039117137
B2159513740234N12229670WA0012700130004003039117141
B2159523740231N12229663WA0012700130004003039119139
B2159533740228N12229657WA0012700130004003040120144
B2159543740225N12229650WA0012700130005003039120142
B2159553740222N12229644WA0012700130004003039120141
B2159563740219N12229638WA0012600130004003039120141
B2159573740216N12229631WA0012600129005003039121149
B2159583740213N12229625WA0012600129005003039124161
B2159593740210N12229619WA0012500129005003038130171
B2200003740206N12229614WA0012500129004003038135179
B2200013740202N12229611WA0012500129004003036142183
B2200023740198N12229607WA0012500129004003033148181
B2200033740194N12229605WA0012500128004003031154183
B2200043740190N12229603WA0012500128004003029161187
B2200053740186N12229602WA0012400127004003029164191
B2200063740182N12229600WA0012400127005003027165194
B2200073740179N12229599WA0012500128005003026165196
B2200083740175N12229598WA0012500127005003024167196
B2200093740172N12229597WA0012500127005003023169202
B2200103740169N12229597WA0012400127005003023172202
B2200113740165N12229597WA0012400126005003022175209
B2200123740162N12229596WA0012300126005003022177216
B2200133740159N12229596WA0012300126005003021180205
B2200143740156N12229597WA0012200125005003020185216
B2200153740153N12229597WA0012200125005003020187214
B2200163740151N12229597WA0012200124005003020187223
B2200173740148N12229598WA0012100124005003018187217
B2200183740146N12229598WA0012000123005003017191219
B2200193740143N12229599WA0012000122005003018197220
B2200203740141N12229600WA0011900122005003018201225
B2200213740138N12229602WA0011800121005003018202241
B2200223740136N12229603WA0011800121004003016200241
B2200233740135N12229603WA0011800121004003014202243
B2200243740133N12229604WA0011700121005003010210228
B2200253740132N12229606WA0011600120005003012223232
B2200263740130N12229607WA0011600119004003012223240
B2200273740129N12229609WA0011500118004003014223229
B2200283740127N12229611WA0011500118004003014222231
B2200293740126N12229613WA0011500118005003013222227
B2200303740124N12229615WA0011500118004003013220226
B2200313740123N12229616WA0011500118005003013215223
B2200323740121N12229618WA0011500117004003014214223
B2200333740119N12229620WA0011400116004003015213222
B2200343740116N12229621WA0011400116004003017205229
B2200353740114N12229622WA0011400116005003017198223
B2200363740112N12229623WA0011300115005003017199227
B2200373740110N12229624WA0011300115004003016203229
B2200383740108N12229626WA0011200114005003015209232
B2200393740106N12229627WA0011200114005003014219237
B2200403740105N12229629WA0011200113005003015224235
B2200413740103N12229631WA0011200113005003014226239
B2200423740102N12229633WA0011100113004003014223240
B2200433740100N12229634WA0011100113005003013213228
B2200443740099N12229635WA0011200113005003011212230
B2200453740098N12229636WA0011100113005003011217225
B2200463740096N12229638WA0011100112005003011223230
B2200473740095N12229640WA0011000111005003012227237
B2200483740094N12229641WA0011000111005003013224232
B2200493740092N12229643WA0011000111004003013220236
B2200503740091N12229645WA0010900111005003013218233
B2200513740089N12229646WA0010900110004003012218229
B2200523740088N12229648WA0010800110005003012220229
B2200533740086N12229649WA0010800109005003013212225
B2200543740084N12229651WA0010800109005003015209232
B2200553740082N12229652WA0010800109005003015205231
B2200563740080N12229653WA0010700108005003014208233
B2200573740078N12229655WA0010600107005003014214229
B2200583740076N12229657WA0010600107005003016219234
B2200593740074N12229659WA0010600107004003016218248
B2201003740073N12229660WA0010700108004003016215244
B2201013740071N12229662WA0010700109004003013221246
B2201023740070N12229663WA0010700108005003011226233
B2201033740069N12229665WA0010700108004003011227226
B2201043740068N12229667WA0010700108004003014224227
B2201053740066N12229669WA0010700108004003014220229
B2201063740065N12229670WA0010700108005003014215229
B2201073740063N12229671WA0010700108004003012212229
B2201083740062N12229672WA0010700108005003011220221
B2201093740061N12229673WA0010700108005003010220220
B2201103740059N12229675WA0010700108005003011213220
B2201113740058N12229676WA0010600107004003011212226
B2201123740056N12229677WA0010600107004003011219251
B2201133740055N12229679WA0010600107005003011228247
B2201143740054N12229680WA0010600107004003012237238
B2201153740053N12229683WA0010500107004003013242225
B2201163740052N12229685WA0010500107004003013231220
B2201173740051N12229686WA0010500107005003013216218
B2201183740049N12229688WA0010600107005003015203223
B2201193740046N12229689WA0010600107004003019196226
B2201203740043N12229690WA0010600107004003019191221
B2201213740040N12229691WA0010600107004003019191222
B2201223740038N12229692WA0010600107004003018197210
B2201233740035N12229693WA0010600107004003018202225
B2201243740032N12229694WA0010600107005003019197221
B2201253740030N12229695WA0010600107005003019192221
B2201263740027N12229696WA0010600108004003018190217
B2201273740025N12229696WA0010600108004003015193214
B2201283740023N12229697WA0010600108004003014190214
B2201293740021N12229697WA0010600107004003017189222
B2201303740018N12229698WA0010600107005003017191215
B2201313740016N12229699WA0010600107004003017198218
B2201323740014N12229700WA0010600108004003017203214
B2201333740011N12229701WA0010600108004003016203215
B2201343740009N12229702WA0010600108004003016198210
B2201353740007N12229703WA0010500107004003017194219
B2201363740004N12229703WA0010500107004003017188212
B2201373740002N12229704WA0010500107004003017189211
B2201383739999N12229704WA0010500107005003017195205
B2201393739997N12229705WA0010400106004003017197201
B2201403739994N12229706WA0010400106005003018194197
B2201413739991N12229707WA0010400106005003018191205
B2201423739988N12229707WA0010400106004003019187201
B2201433739986N12229708WA0010400106004003019182204
B2201443739983N12229708WA0010400106004003019180201
B2201453739980N12229707WA0010400106004003020174193
B2201463739977N12229707WA0010500106005003020168195
B2201473739974N12229706WA0010500106005003021166188
B2201483739970N12229705WA0010400106005003022172195
B2201493739966N12229705WA0010300105004003026175195
B2201503739962N12229704WA0010400105004003028172195
B2201513739958N12229703WA0010500106004003027165207
B2201523739954N12229701WA0010500107004003027164211
B2201533739951N12229701WA0010500108004003025169201
B2201543739948N12229700WA0010500108004003021173188
B2201553739945N12229699WA0010500107004003023168178
B2201563739941N12229698WA0010500107004003023164190
B2201573739937N12229697WA0010600107004003026162196
B2201583739933N12229695WA0010600108004003026161191
B2201593739930N12229694WA0010600108004003024161189
B2202003739927N12229692WA0010600108004003024162190
B2202013739923N12229691WA0010600108004003024164185
B2202023739920N12229690WA0010600108004003024162191
B2202033739916N12229688WA0010600108004003025159190
B2202043739912N12229686WA0010600109004003026158197
B2202053739909N12229685WA0010700109005003026158192
B2202063739905N12229683WA0010800110004003024164186
B2202073739902N12229682WA0010800110004003022167182
B2202083739899N12229682WA0010900111004003022166182
B2202093739896N12229680WA0011000112004003023161200
B2202103739892N12229679WA0011100112004003023160193
B2202113739889N12229678WA0011100113004003023161195
B2202123739886N12229676WA0011200113004003023163179
B2202133739883N12229675WA0011200113004003023159184
B2202143739879N12229673WA0011200114004003026152180
B2202153739875N12229670WA0011300114004003027147183
B2202163739872N12229667WA0011300115004003026145185
B2202173739869N12229664WA0011400116004003026143177
B2202183739866N12229661WA0011400116004003026142172
B2202193739862N12229658WA0011500116004003028143175
B2202203739859N12229655WA0011500117004003028145176
B2202213739856N12229652WA0011600117004003028146175
B2202223739852N12229649WA0011700118004003028146178
B2202233739849N12229646WA0011700119004003027144177
B2202243739846N12229644WA0011800119004003027144178
B2202253739842N12229641WA0011800119004003027146182
B2202263739839N12229638WA0011900120004003027148182
B2202273739835N12229635WA0011900120004003027148185
B2202283739832N12229633WA0011900121004003026146184
B2202293739829N12229630WA0012000121004003023147183
B2202303739826N12229628WA0012000121004003024151184
B2202313739823N12229626WA0012000121004003024154184
B2202323739820N12229625WA0012000122004003024158191
B2202333739816N12229623WA0012100122004003023160185
B2202343739813N12229622WA0012100122004003021157180
B2202353739810N12229620WA0012100123004003023156176
B2202363739807N12229618WA0012200123004003023155177
B2202373739803N12229616WA0012200123004003025155180
B2202383739800N12229614WA0012300124004003025152185
B2202393739797N12229612WA0012300125005003024151179
B2202403739794N12229610WA0012400125004003024153180
B2202413739790N12229608WA0012400125004003024159202
B2202423739787N12229607WA0012400125003003024167212
B2202433739784N12229607WA0012400126004003022180223
B2202443739781N12229607WA0012500126004003016194224
B2202453739779N12229608WA0012500126004003016200221
B2202463739778N12229609WA0012500126004003013209220
B2202473739777N12229610WA0012500126004003011213216
B2202483739775N12229612WA0012500126004003011217219
B2202493739773N12229613WA0012500126004003013215220
B2202503739772N12229615WA0012600127005003013211227
B2202513739771N12229616WA0012600127005003011210224
B2202523739767N12229618WA0012600127004003013214220
B2202533739765N12229620WA0012700128004003014210218
B2202543739764N12229621WA0012700129004003014202221
B2202553739762N12229622WA0012800129004003012192219
B2202563739760N12229622WA0012800129004003012195225
B2202573739758N12229623WA0012700129005003012200229
B2202583739756N12229624WA0012700129004003014205229
B2203003739755N12229625WA0012700129004003014205223
B2203013739753N12229626WA0012800129005003013201213
B2203023739751N12229627WA0012700129004003013196208
B2203033739748N12229627WA0012700128004003019189208
B2203043739745N12229628WA0012700128004003020185209
B2203053739743N12229628WA0012700128004003019179213
B2203063739740N12229628WA0012600128004003019173211
B2203073739737N12229627WA0012600128005003018170205
B2203083739735N12229627WA0012500127005003018175205
B2203093739732N12229627WA0012500126005003019178207
B2203103739729N12229627WA0012400125004003019178208
B2203113739726N12229626WA0012300125004003019178206
B2203123739723N12229626WA0012200124004003018182208
B2203133739721N12229627WA0012200123004003019185206
B2203143739718N12229627WA0012100122004003020184203
B2203153739715N12229627WA0012000122004003020183205
B2203163739712N12229627WA0011900121005003020182205
B2203173739708N12229628WA0011900121004003020183210
B2203183739705N12229628WA0011800120004003021183205
B2203193739702N12229628WA0011800120004003021181206
B2203203739700N12229628WA0011800119004003019182197
B2203213739697N12229628WA0011700119004003019182205
B2203223739694N12229629WA0011700118004003019182201
B2203233739690N12229629WA0011700118004003022181201
B2203243739687N12229629WA0011700119004003022179198
B2203253739684N12229629WA0011800119004003022179199
B2203263739681N12229629WA0011800120004003021183222
B2203273739679N12229629WA0011900120005003018195217
B2203283739677N12229631WA0011900120005003016209230
B2203293739675N12229633WA0011900120004003018219207
B2203303739673N12229635WA0012000121004003018220229
B2203313739670N12229637WA0012100122004003018216210
B2203323739668N12229639WA0012200123004003018208216
B2203333739666N12229640WA0012200124005003016203209
B2203343739663N12229642WA0012200123005003017202212
B2203353739661N12229643WA0012200123005003017205205
B2203363739658N12229645WA0012100123004003018203203
B2203373739656N12229646WA0012100123004003019198208
B2203383739653N12229647WA0012100123004003019195195
B2203393739650N12229648WA0012100123004003019196198
B2203403739648N12229648WA0012100123005003018193185
B2203413739645N12229649WA0012100123004003018185194
B2203423739642N12229649WA0012100123004003018181196
B2203433739639N12229649WA0012100123004003020182210
B2203443739636N12229649WA0012000122004003020185201
B2203453739633N12229650WA0012000122004003019187202
B2203463739631N12229650WA0011900122004003018187193
B2203473739628N12229650WA0011900122005003018184188
B2203483739625N12229651WA0011800121004003019181190
B2203493739622N12229651WA0011800121004003020181194
B2203503739619N12229651WA0011800121004003020181194
B2203513739616N12229651WA0011800121004003020181210
B2203523739614N12229651WA0011800120004003019181200
B2203533739611N12229651WA0011700120004003018185204
B2203543739608N12229652WA0011600119004003019185201
B2203553739605N12229652WA0011600119004003019185206
B2203563739602N12229652WA0011600118004003020184204
B2203573739599N12229652WA0011600118004003021181202
B2203583739596N12229652WA0011500118004003020175195
B2203593739593N12229652WA0011500118004003021174201
B2204003739590N12229651WA0011500117004003021175198
B2204013739586N12229651WA0011400116004003023178198
B2204023739583N12229651WA0011300115004003024178197
B2204033739579N12229651WA0011300115004003023177202
B2204043739576N12229650WA0011300115004003023175192
B2204053739573N12229650WA0011200115004003022171187
B2204063739570N12229649WA0011200115004003021170183
B2204073739566N12229649WA0011100114004003021171185
B2204083739563N12229648WA0011100113004003023173187
B2204093739559N12229647WA0011000113004003023173196
B2204103739556N12229647WA0011000113004003023172196
B2204113739553N12229647WA0010900112004003022172200
B2204123739550N12229646WA0010900112004003021175207
B2204133739547N12229646WA0010800112004003019185219
B2204143739545N12229647WA0010800111004003019196215
B2204153739543N12229648WA0010800110004003017207206
B2204163739540N12229649WA0010700109004003016199185
B2204173739538N12229650WA0010700109004003016176169
B2204183739534N12229648WA0010600108004003027157162
B2204193739530N12229645WA0010500107004003033143150
B2204203739526N12229640WA0010400106004003033129135
B2204213739523N12229633WA0010300106004003038113120
B2204223739522N12229625WA0010200105004003042096104
B2204233739524N12229616WA0010100103004003048076084
B2204243739526N12229607WA0010100103004003048057063
B2204253739530N12229602WA0010100104004003046044043
B2204263739535N12229598WA0010000104004003040036029
B2204273739539N12229595WA0010000104004003035027019
B2204283739544N12229592WA0010000104004003030013009
B2204293739548N12229592WA0010000103003003030005349
B2204303739552N12229592WA0010000103004003029000335
B2204313739556N12229592WA0010000103004003027001322
B2204323739560N12229592WA0010000103004003026003318
B2204333739563N12229591WA0010000103004003022003321
B2204343739567N12229592WA0010000103004003022355318
B2204353739570N12229593WA0009900102004003022348310
B2204363739573N12229593WA0009900102004003023347307
B2204373739577N12229594WA0009900102004003023349304
B2204383739580N12229595WA0009900102004003021351303
B2204393739583N12229596WA0009900102005003022351304
B2204403739587N12229596WA0009900102004003022351303
B2204413739590N12229597WA0009900102004003023352301
B2204423739594N12229597WA0010000102004003023352297
B2204433739597N12229598WA0010000102004003022351301
B2204443739600N12229599WA0010000102004003022349295
B2204453739603N12229600WA0010000102005003021348300
B2204463739606N12229600WA0010000102004003021348303
B2204473739610N12229601WA0010000102004003022350304
B2204483739613N12229602WA0010000102004003023351307
B2204493739616N12229602WA0009900102004003023351313
B2204503739624N12229603WA0010000102004003023356330
B2204513739628N12229603WA0010000102004003025006339
B2204523739632N12229602WA0010000102004003030016342
B2204533739636N12229600WA0010000102004003033020351
B2204543739641N12229597WA0010000102004003033024350
B2204553739646N12229594WA0010000102004003035027355
B2204563739651N12229590WA0010000102004003038028352
B2204573739656N12229587WA0010000102004003037028344
B2204583739661N12229584WA0010000102004003037027334
B2204593739666N12229581WA0010000102004003037024337
B2205003739671N12229578WA0010000102004003036020329
B2205013739676N12229576WA0010000102004003034014330
B2205023739680N12229575WA0009900101004003031008325
B2205033739685N12229575WA0009900101004003031001319
B2205043739689N12229575WA0009900101004003030355316
B2205063739693N12229576WA0009900101004003028350311
B2205073739696N12229577WA0009900101004003023347305
B2205083739700N12229578WA0009800100004003023345297
B2205093739703N12229579WA0009800099004003021341295
B2205103739706N12229581WA0009800099004003021334299
B2205113739709N12229583WA0009700098004003022330290
B2205123739712N12229585WA0009700099004003022331285
B2205133739714N12229587WA0009800100004003022336282
B2205143739717N12229588WA0009800100004003020343283
B2205153739719N12229589WA0009800100004003018346288
B2205163739722N12229590WA0009800100004003020344300
B2205173739726N12229591WA0009800099005003023340299
B2205183739729N12229593WA0009800099004003023337290
B2205193739732N12229594WA0009800099004003025339280
B2205203739736N12229596WA0009900100004003025342277
B2205213739738N12229597WA0009900101004003018345281
B2205223739741N12229598WA0010000101004003018339292
B2205233739743N12229599WA0010000101004003017333290
B2205243739746N12229601WA0010000100004003017330291
B2205253739748N12229602WA0010000100004003018330285
B2205263739750N12229604WA0010000100004003018331286
B2205273739752N12229606WA0010000100004003018332286
B2205283739755N12229607WA0010000100004003018331285
B2205293739757N12229609WA0009900100004003019332286
B2205303739760N12229611WA0009900100004003020333282
B2205313739763N12229612WA0009900100004003019333284
B2205323739765N12229614WA0010000101004003019332288
B2205333739768N12229616WA0010000101004003018331294
B2205343739770N12229617WA0010000101004003018330290
B2205353739772N12229619WA0010000100004003019327292
B2205363739775N12229621WA0010000100004003019326293
B2205373739777N12229623WA0010000100004003019328295
B2205383739779N12229625WA0010000101004003019332302
B2205393739782N12229626WA0010000101004003019333306
B2205403739785N12229628WA0010000101004003019336311
B2205413739788N12229629WA0010000101004003021339312
B2205423739791N12229630WA0010000101004003022342316
B2205433739794N12229631WA0010000101004003022346311
B2205443739797N12229632WA0010000101004003022346306
B2205453739800N12229633WA0010000101004003021343303
B2205463739803N12229634WA0010000101004003018339293
B2205473739805N12229636WA0010000101004003018336290
B2205483739808N12229637WA0010000101004003018331279
B2205493739810N12229639WA0010100101004003017323283
B2205503739811N12229641WA0010100102004003015317284
B2205513739813N12229643WA0010200102004003014318277
B2205523739815N12229644WA0010200103004003016325283
B2205533739817N12229646WA0010300103004003016328273
B2205543739819N12229648WA0010300104004003017327284
B2205553739821N12229650WA0010300103004003017323276
B2205563739823N12229651WA0010300103004003016323286
B2205573739825N12229653WA0010300104004003017326289
B2205583739828N12229655WA0010300104004003017332288
B2205593739830N12229656WA0010300104004003018336285
B2206003739832N12229658WA0010300104004003018330273
B2206013739835N12229660WA0010300103004003019320278
B2206023739837N12229663WA0010300104004003021313285
B2206033739839N12229665WA0010400105004003021322302
B2206043739842N12229667WA0010400106004003021337299
B2206053739845N12229668WA0010500107004003021348295
B2206063739848N12229669WA0010500106004003021349285
B2206073739851N12229670WA0010500106004003023343294
B2206083739855N12229672WA0010400106004003023338295
B2206093739859N12229674WA0010500106004003026337304
B2206103739862N12229676WA0010500107004003028338295
B2206113739866N12229678WA0010600108004003026339295
B2206123739870N12229679WA0010700109004003026342299
B2206133739873N12229680WA0010800110004003024345307
B2206143739877N12229681WA0010900111004003024348300
B2206153739881N12229682WA0010900111004003027350300
B2206163739885N12229683WA0010900111004003028349286
B2206173739889N12229684WA0011000111004003028348283
B2206183739893N12229685WA0011000112004003027346293
B2206193739897N12229687WA0011000112004003027342293
B2206203739900N12229688WA0011100113004003024338300
B2206213739903N12229690WA0011100113004003021337306
B2206223739905N12229691WA0011200113004003021340310
B2206233739908N12229692WA0011200114004003020342306
B2206243739911N12229693WA0011200113004003020341304
B2206253739914N12229695WA0011200113004003020336306
B2206263739917N12229696WA0011200113004003019336305
B2206273739919N12229698WA0011200114004003019336299
B2206283739921N12229699WA0011200114004003018332293
B2206293739923N12229700WA0011200114004003015325290
B2206303739925N12229702WA0011200113004003015317294
B2206313739926N12229704WA0011200113004003017314298
B2206323739928N12229706WA0011200113004003017317297
B2206333739930N12229708WA0011200114004003017321297
B2206343739932N12229710WA0011300114004003016320297
B2206353739934N12229713WA0011300114004003016314300
B2206363739935N12229715WA0011400115004003017314303
B2206373739937N12229717WA0011400115004003018320306
B2206383739939N12229719WA0011400116004003017330309
B2206393739942N12229720WA0011500116004003017331306
B2206403739944N12229722WA0011500117004003017331315
B2206413739946N12229723WA0011600117004003020334313
B2206423739949N12229725WA0011600117004003022339324
B2206433739953N12229726WA0011600118004003022346319
B2206443739956N12229727WA0011600118004003023349321
B2206453739960N12229728WA0011700118004003024351324
B2206463739964N12229728WA0011700118004003027354329
B2206473739968N12229729WA0011700118004003028358328
B2206483739972N12229729WA0011700119004003028359327
B2206493739976N12229729WA0011800119004003028357323
B2206503739979N12229729WA0011700119004003025354325
B2206513739983N12229729WA0011700118004003023355328
B2206523739987N12229730WA0011600118004003026355332
B2206533739991N12229730WA0011600117004003026356331
B2206543739995N12229730WA0011500117004003027000336
B2206553739999N12229730WA0011500116004003028004340
B2206563740008N12229728WA0011400116004003029010339
B2206573740012N12229727WA0011400116004003029010330
B2206583740016N12229726WA0011400115004003029008322
B2206593740020N12229726WA0011300115004003027003311
B2207003740024N12229726WA0011200114004003026358297
B2207013740028N12229726WA0011100112004003029352311
B2207023740033N12229727WA0011100113004003029348301
B2207033740037N12229728WA0011000113004003029350313
B2207043740041N12229729WA0011100113004003029354303
B2207053740044N12229729WA0011000113004003024357309
B2207063740048N12229729WA0010900112004003025355307
B2207073740052N12229730WA0010800111004003025350313
B2207083740057N12229731WA0010800110004003028349315
B2207093740061N12229732WA0010800110004003031351315
B2207103740066N12229733WA0010800110004003028355309
B2207123740069N12229733WA0010800110004003028358308
B2207133740073N12229733WA0010700110004003025356317
B2207143740077N12229734WA0010700109004003025353330
B2207153740082N12229734WA0010600108004003031355340
B2207163740087N12229734WA0010600108004003031001340
B2207173740091N12229734WA0010600109004003031003338
B2207183740095N12229733WA0010600109004003029003333
B2207193740099N12229733WA0010600108004003027000331
B2207203740103N12229733WA0010600108004003028358335
B2207213740108N12229733WA0010600108004003028358335
B2207223740112N12229733WA0010600108004003028359327
B2207233740116N12229733WA0010500108004003028000325
B2207243740120N12229733WA0010500107004003029000320
B2207253740125N12229734WA0010500106004003031356311
B2207263740130N12229734WA0010400105004003031353318
B2207273740135N12229735WA0010300105004003033353315
B2207283740140N12229736WA0010400106004003034354327
B2207293740145N12229736WA0010500106004003033356311
B2207303740150N12229736WA0010600107004003033359319
B2207313740155N12229736WA0010700108004003031000315
B2207323740159N12229737WA0010700107004003031356309
B2207333740164N12229737WA0010600107004003032353319
B2207343740169N12229738WA0010600107004003033355311
B2207353740174N12229738WA0010600107004003033002316
B2207363740179N12229737WA0010600107004003033006305
B2207373740183N12229737WA0010500107004003031002307
B2207383740187N12229737WA0010400105004003029356322
B2207393740192N12229737WA0010400104004003031356325
B2207403740197N12229737WA0010300104004003033002334
B2207413740202N12229736WA0010300104004003032006322
B2207423740207N12229736WA0010200104004003032005316
B2207433740211N12229735WA0010200104004003030002324
B2207443740215N12229735WA0010200103004003030001325
B2207453740220N12229735WA0010100102004003031003334
B2207463740225N12229734WA0010100102004003031006329
B2207473740230N12229733WA0010000102004003032008329
B2207483740234N12229733WA0010000102004003032007329
B2207493740239N12229732WA0010000102004003030006335
B2207503740243N12229731WA0010000102004003030006332
B2207513740247N12229730WA0010000102004003029007328
B2207523740251N12229730WA0010000101004003027007326
B2207533740255N12229729WA0009900101004003027008325
B2207543740259N12229728WA0009800100004003027006330
B2207553740263N12229728WA0009700099004003028004328
B2207563740268N12229728WA0009700098004003028001336
B2207573740272N12229727WA0009600098004003028001330
B2207583740276N12229727WA0009600097004003027002330
B2207593740280N12229727WA0009500097004003027003329
B2208003740284N12229726WA0009400097004003027002327
B2208013740288N12229726WA0009400096004003027000329
B2208023740292N12229726WA0009300096004003027000325
B2208033740296N12229726WA0009300095004003027001332
B2208043740299N12229726WA0009200095004003025003327
B2208053740303N12229726WA0009200095004003025003327
B2208063740307N12229725WA0009100094004003025002327
B2208073740311N12229725WA0009100094004003025359323
B2208083740314N12229726WA0009100094004003025357320
B2208093740318N12229726WA0009100094004003023358324
B2208103740321N12229726WA0009100094004003023001323
B2208113740325N12229726WA0009100093004003023005329
B2208123740328N12229725WA0009100093004003023008332
B2208133740332N12229724WA0009000092004003025009340
B2208143740337N12229723WA0009000092004003031011345
B2208153740341N12229722WA0009100093004003031013343
B2208163740345N12229721WA0009100093004003030014331
B2208173740349N12229720WA0009100093004003028012338
B2208183740354N12229718WA0009100093004003028012330
B2208193740358N12229717WA0009100093004003030012322
B2208203740362N12229716WA0009200094004003030008328
B2208213740367N12229716WA0009200094004003029003322
B2208223740371N12229716WA0009300095004003028358322
B2208233740374N12229716WA0009400096004003027356325
B2208243740378N12229716WA0009500097004003025003318
B2208253740382N12229716WA0009500097005003026010327
B2208263740386N12229715WA0009500097004003026012328
B2208273740390N12229714WA0009500096004003027010326
B2208283740395N12229713WA0009400096004003029008326
B2208293740399N12229712WA0009400096004003030007324
B2208303740403N12229711WA0009400096004003030007322
B2208313740408N12229710WA0009400096004003029007327
B2208323740412N12229710WA0009400096004003028004330
B2208333740416N12229709WA0009400096004003028000323
B2208343740421N12229710WA0009400096004003031359318
B2208353740426N12229710WA0009400096004003031357315
B2208363740430N12229710WA0009500096004003031356320
B2208373740435N12229711WA0009500097004003031359328
B2208383740439N12229710WA0009600097004003030003326
B2208393740443N12229710WA0009700097004003027007329
B2208403740447N12229709WA0009700098004003028008320
B2208413740452N12229708WA0009700098004003028007326
B2208423740456N12229707WA0009700098005003028006326
B2208433740460N12229707WA0009800099004003028003321
B2208443740465N12229707WA0009800099004003029000313
B2208453740469N12229707WA0009800100004003029357313
B2208463740473N12229708WA0009800100004003029354316
B2208473740478N12229708WA0009800100004003029354318
B2208483740482N12229709WA0009900100004003031356308
B2208493740487N12229709WA0009900101004003028356305
B2208503740491N12229710WA0009900100004003028353305
B2208513740495N12229710WA0009900100004003027351314
B2208523740499N12229711WA0009900100004003027350314
B2208533740503N12229712WA0009900100004003029351297
B2208543740511N12229715WA0010000102004003027341286
B2208553740514N12229716WA0010100102004003023336296
B2208563740517N12229718WA0010100102004003023332294
B2208573740520N12229720WA0010100102004003023328296
B2208583740524N12229723WA0010100102004003028326293
B2208593740527N12229726WA0010100103004003028331303
B2209003740530N12229728WA0010100103004003026340316
B2209013740534N12229729WA0010100103004003026344297
B2209023740538N12229730WA0010100103004003025343303
B2209033740542N12229732WA0010100102004003028339315
B2209043740546N12229734WA0010100102004003031343315
B2209053740551N12229736WA0010100102005003031347318
B2209063740556N12229737WA0010100102004003031348311
B2209073740560N12229738WA0010100103004003031348309
B2209083740564N12229739WA0010100103004003029346310
B2209093740569N12229740WA0010100102004003031346307
B2209103740573N12229742WA0010100102004003031346313
B2209113740578N12229743WA0010000102004003032346303
B2209123740583N12229745WA0010100103004003032345303
B2209133740587N12229746WA0010100103004003030346299
B2209143740591N12229747WA0010100103004003030347304
B2209153740596N12229749WA0010100102004003030345304
B2209163740600N12229750WA0010000102004003030344315
B2209183740605N12229752WA0010000102005003031346321
B2209193740609N12229753WA0010000102004003032352317
B2209203740614N12229753WA0009900101004003032357313
B2209213740620N12229753WA0009800101004003034356311
B2209223740625N12229754WA0009700099004003035351298
B2209233740631N12229755WA0009600099004003038344305
B2209243740636N12229757WA0009500099004003038345308
B2209253740641N12229759WA0009500099004003038350315
B2209263740647N12229760WA0009500098004003036352321
B2209273740652N12229761WA0009500098004003036348307
B2209283740657N12229762WA0009500098004003036340306
B2209293740662N12229765WA0009600099004003036339312
B2209303740667N12229767WA0009700100004003035343315
B2209313740671N12229768WA0009800101004003032350304
B2209323740676N12229769WA0009800101004003032356325
B2209333740681N12229769WA0009800101004003032357325
B2209343740686N12229770WA0009700100004003033357316
B2209353740692N12229770WA0009700099004003035356322
B2209363740698N12229770WA0009600099004003040357329
B2209373740704N12229770WA0009600098004003040000330
B2209383740711N12229770WA0009600098004003040001330
B2209393740717N12229770WA0009600098004003040004325
B2209403740723N12229769WA0009600098004003040005325
B2209413740729N12229768WA0009600098004003043005328
B2209423740736N12229768WA0009600098004003043005328
B2209433740742N12229767WA0009600098004003043007333
B2209443740748N12229765WA0009600098004003043010333
B2209453740754N12229764WA0009700098004003043010329
B2209463740761N12229763WA0009700098004003043007322
B2209473740767N12229762WA0009700099004003043005326
B2209483740774N12229761WA0009700099004003043005321
B2209493740780N12229760WA0009800099004003044005325
B2209503740787N12229759WA0009800099004003044005329
B2209513740793N12229759WA0009800098004003043005327
B2209523740800N12229758WA0009800098004003043005320
B2209533740806N12229757WA0009800098004003043005331
B2209543740813N12229756WA0009800099004003044005323
B2209553740820N12229755WA0009900099004003044004331
B2209563740826N12229755WA0009900100004003042004330
B2209573740832N12229754WA0009900100004003044006332
B2209583740839N12229753WA0009900099004003044008333
B2209593740847N12229751WA0010000099004003048007321
B2210003740855N12229751WA0010000100004003051004323
B2210013740863N12229750WA0010200101004003051006346
B2210023740869N12229748WA0010400104004003051013000
B2210033740875N12229746WA0010600106004003045019334
B2210043740880N12229743WA0010600106004003038016324
B2210053740885N12229742WA0010600105004003035009324
B2210063740891N12229741WA0010600104004003038005319
B2210073740897N12229741WA0010600105004003038004316
B2210083740902N12229741WA0010600106004003038001313
B2210093740907N12229741WA0010700107004003035359314
B2210103740912N12229741WA0010700107004003033000323
B2210113740917N12229740WA0010800108004003034004324
B2210123740922N12229740WA0010900108004003034006314
B2210133740927N12229739WA0010900109004003034006317
B2210143740932N12229738WA0010900109004003034006316
B2210153740937N12229738WA0010900109004003034005306
B2210163740942N12229737WA0010900109004003033003311
B2210173740946N12229737WA0010900109004003033001308
B2210183740951N12229737WA0011000110004003032001318
B2210193740956N12229737WA0011000110004003032004314
B2210203740961N12229736WA0011000110004003033004308
B2210213740966N12229736WA0011100111004003031001312
B2210223740970N12229736WA0011100112004003031357308
B2210233740975N12229736WA0011200112004003029355314
B2210243740979N12229737WA0011300113004003029355311
B2210253740984N12229737WA0011300113004003030356300
B2210263740988N12229738WA0011400114004003029355302
B2210273740992N12229738WA0011400115004003029354302
B2210283740996N12229739WA0011500115004003027352305
B2210293741000N12229740WA0011500115004003027350301
B2210303741004N12229741WA0011500115004003027348297
B2210313741008N12229742WA0011500116004003027347292
B2210323741012N12229743WA0011600117004003027349294
B2210333741015N12229744WA0011600117004003026350296
B2210343741019N12229744WA0011700118004003026349295
B2210353741023N12229745WA0011700118004003026347295
B2210363741027N12229747WA0011800118004003027345298
B2210373741031N12229748WA0011800119004003027346305
B2210383741035N12229749WA0011900121004003027348303
B2210393741039N12229750WA0012100122004003027348294
B2210403741043N12229751WA0012200123004003026349302
B2210413741047N12229752WA0012200124004003028350305
B2210423741051N12229753WA0012300124005003030352307
B2210433741056N12229753WA0012400125004003030353298
B2210443741060N12229754WA0012500127004003030351297
B2210453741064N12229755WA0012700128004003029350299
B2210463741069N12229756WA0012800130004003028350300
B2210473741073N12229757WA0013000131004003029352312
B2210483741082N12229758WA0013200133004003031355316
B2210493741087N12229758WA0013300134004003032354299
B2210503741092N12229759WA0013500136004003030352302
B2210513741096N12229760WA0013600137004003030354310
B2210523741101N12229760WA0013700138004003030356304
B2210533741106N12229760WA0013900140004003031358310
B2210543741111N12229761WA0014000140004003033358310
B2210553741115N12229761WA0014200142004003032357306
B2210563741120N12229761WA0014300143004003032356302
B2210573741124N12229762WA0014500145004003029354303
B2210583741128N12229762WA0014600147004003028351290
B2210593741132N12229764WA0014800148004003027343286
B2211003741134N12229765WA0015000150004003018325284
B2211013741136N12229768WA0015100152004003018307281
B2211023741137N12229770WA0015300153004003016299283
B2211033741139N12229773WA0015400155004003016305287
B2211043741141N12229776WA0015600157004003018313284
B2211053741143N12229778WA0015800159004003017324287
B2211063741145N12229779WA0016000161004003017332294
B2211073741147N12229781WA0016200163004003016335303
B2211083741149N12229782WA0016300164004003016337299
B2211093741152N12229783WA0016400165004003018339297
B2211103741155N12229785WA0016500166004003023340299
B2211113741159N12229787WA0016600166004003025339304
B2211123741162N12229788WA0016600167004003025342309
B2211133741166N12229789WA0016700168004003026345313
B2211143741170N12229790WA0016800169004003026351315
B2211153741174N12229791WA0016900170004003026355318
B2211163741178N12229791WA0016900170004003028356319
B2211173741183N12229791WA0016900170004003028354319
B2211183741188N12229792WA0016900169004003032353318
B2211193741193N12229793WA0016900170004003033356318
B2211203741197N12229793WA0017000171004003031359316
B2211213741202N12229793WA0017000171004003031359315
B2211223741207N12229793WA0017000170004003031359310
B2211243741212N12229793WA0016900169004003032357311
B2211253741217N12229794WA0016800168004003035355301
B2211263741222N12229794WA0016800167004003035353297
B2211273741227N12229795WA0016700167004003033350296
B2211283741231N12229796WA0016700167004003030348298
B2211293741235N12229797WA0016600166004003029347298
B2211303741240N12229799WA0016500165004003029344294
B2211313741244N12229801WA0016400164004003029339291
B2211323741247N12229803WA0016300163004003029333298
B2211333741251N12229805WA0016300163004003027333308
B2211343741254N12229807WA0016300164004003027337299
B2211353741258N12229809WA0016300164004003025337283
B2211363741261N12229811WA0016300164004003024328279
B2211373741263N12229813WA0016300163004003021320282
B2211383741266N12229816WA0016200162004003022321310
B2211393741269N12229818WA0016100161004003022333320
B2211403741273N12229820WA0016100161004003025340303
B2211413741277N12229822WA0016000161004003026336291
B2211423741280N12229824WA0016000160004003023326300
B2211433741283N12229827WA0015900160004003025332334
B2211443741287N12229829WA0015800160004003025351344
B2211453741293N12229829WA0015700158004003033001294
B2211463741299N12229828WA0015700158004003036358288
B2211473741302N12229830WA0015800159004003023337300
B2211483741305N12229832WA0015800159004003023316306
B2211493741307N12229834WA0015800159004003020331308
B2211503741311N12229835WA0015800159004003020351313
B2211513741316N12229835WA0015800159004003030005311
B2211523741321N12229833WA0015900160004003035013324
B2211533741326N12229832WA0016000161004003035015324
B2211543741331N12229830WA0016000161004003033010325
B2211553741336N12229830WA0016000161004003033003322
B2211563741341N12229830WA0016000161004003033358317
B2211573741346N12229830WA0016100162004003031355317
B2211583741350N12229831WA0016100163004003031352316
B2211593741355N12229832WA0016200163004003030353308
B2212003741359N12229832WA0016200164004003029353305
B2212013741363N12229833WA0016200163004003029347304
B2212023741368N12229835WA0016200163004003031341309
B2212033741372N12229837WA0016300164004003033344311
B2212043741377N12229838WA0016300165004003033350312
B2212053741382N12229839WA0016500166004003033353297
B2212063741387N12229839WA0016600168004003032351298
B2212073741391N12229840WA0016700167005003030346307
B2212083741396N12229842WA0016800168004003031344314
B2212093741401N12229843WA0016700168004003031347323
B2212103741406N12229845WA0016700168004003034353311
B2212113741412N12229845WA0016700167004003036357297
B2212123741417N12229845WA0016700167004003032351306
B2212133741421N12229846WA0016800168004003032346317
B2212143741426N12229847WA0016900169004003030353335
B2212153741431N12229847WA0016900169004003030003327
B2212163741436N12229846WA0016900169004003035006302
B2212173741442N12229846WA0016900169004003033357291
B2212183741446N12229847WA0016900169004003033344310
B2212193741449N12229849WA0016800169004003027347339
B2212203741454N12229848WA0016900170004003027006316
B2212213741459N12229847WA0017000170004003029016328
B2212223741464N12229845WA0017000171004003034011308
B2212233741468N12229845WA0017100171004003034359314
B2212243741473N12229845WA0017200172004003031352310
B2212253741477N12229846WA0017300174004003029350306
B2212263741480N12229847WA0017500176004003026349307
B2212273741483N12229848WA0017600177004003019347305
B2212283741485N12229849WA0017700178004003020344297
B2212293741489N12229850WA0017800179004003020346300
B2212303741492N12229851WA0017900180004003021351289
B2212313741495N12229851WA0018000180004003021353289
B2212323741497N12229851WA0018100181004003013353275
B2212333741499N12229852WA0018100180004003013267265
B2212343741497N12229853WA0018100179004003011207244
B2212353741495N12229854WA0018100180004003011187231
B2212363741492N12229854WA0018200182004003013173247
B2212373741491N12229854WA0018300182004003004164242
B2212383741492N12229854WA0018400181004003009343252
B2212393741496N12229855WA0018400180004003009346285
B2212403741500N12229856WA0018300181004003023348279
B2212413741503N12229857WA0018400182004003024353301
B2212423741506N12229857WA0018500184004003021358305
B2212433741509N12229857WA0018600185004003021356305
B2212443741513N12229858WA0018600184004003021348302
B2212453741516N12229859WA0018600184004003022345299
B2212463741520N12229860WA0018600184004003025344298
B2212473741524N12229862WA0018600185004003026346293
B2212483741527N12229863WA0018600185004003026348290
B2212493741531N12229863WA0018600184004003025348283
B2212503741534N12229864WA0018500183004003024347304
B2212513741537N12229865WA0018400182004003023346306
B2212523741541N12229866WA0018200182004003024347300
B2212533741545N12229867WA0018000181005003026348292
B2212543741548N12229868WA0017900180004003024347287
B2212553741551N12229870WA0017700178004003024339286
B2212563741556N12229873WA0017400175004003018328290
B2212573741558N12229875WA0017300174004003020336296
B2212583741561N12229876WA0017100173004003020340289
B2212593741564N12229877WA0016900171004003020333276
B2213003741566N12229879WA0016700168004003019313276
B2213013741567N12229882WA0016500166004003017308290
B2213023741569N12229884WA0016300164004003021326296
B2213033741573N12229886WA0016100162004003021344291
B2213043741578N12229887WA0015900161004003029346278
B2213053741581N12229889WA0015800159004003029328273
B2213063741582N12229891WA0015700157004003018297293
B2213073741584N12229895WA0015500157004003021315305
B2213083741586N12229897WA0015500157004003021001307
B2213093741593N12229894WA0015400156005003039016328
B2213103741601N12229891WA0015500157004003043017334
B2213113741607N12229889WA0015600156004003034004337
B2213123741611N12229890WA0015600157004003034349334
B2213133741614N12229891WA0015800158004003027352325
B2213143741618N12229891WA0015800158004003027001328
B2213153741623N12229891WA0015800157004003028007322
B2213163741628N12229890WA0015800157004003034006319
B2213173741633N12229890WA0015800157004003034356324
B2213183741638N12229891WA0015800157004003032350322
B2213193741641N12229891WA0015800158004003027353318
B2213203741644N12229891WA0015800159004003023000315
B2213213741648N12229891WA0015800159004003026002317
B2213223741652N12229891WA0015800158004003028001312
B2213233741657N12229891WA0015800157004003028000317
B2213243741661N12229891WA0015800157004003029000309
B2213253741665N12229891WA0015800158004003029002305
B2213263741669N12229890WA0015800158004003025000305
B2213273741672N12229891WA0015700157004003025348300
B2213283741675N12229892WA0015700156004003021329297
B2213303741677N12229894WA0015600156004003018318288
B2213313741679N12229897WA0015600157004003016323279
B2213323741681N12229898WA0015600157004003016336273
B2213333741683N12229899WA0015600157004003015337266
B2213343741684N12229900WA0015500156004003014324265
B2213353741686N12229902WA0015500155004003013309264
B2213363741687N12229904WA0015500155004003011309274
B2213373741688N12229905WA0015500156004003011323272
B2213383741689N12229906WA0015500156004003009334271
B2213393741690N12229906WA0015500155004003008330259
B2213403741691N12229907WA0015400155004003009311253
B2213413741691N12229909WA0015400154004003009293243
B2213423741692N12229910WA0015300154004003008264236
B2213433741691N12229911WA0015300154004003006238237
B2213443741690N12229911WA0015300153004003006198218
B2213453741689N12229911WA0015200153004003012166218
B2213463741687N12229910WA0015200152004003015164231
B2213473741685N12229910WA0015100151004003013169244
B2213483741684N12229910WA0015000151004003013206251
B2213493741684N12229911WA0015000150004003005287258
B2213503741685N12229912WA0014900149004003014341274
B2213513741688N12229912WA0014800148004003021358294
B2213523741692N12229911WA0014700148004003021008314
B2213533741696N12229910WA0014700147004003026013306
B2213543741700N12229909WA0014700147004003028013311
B2213553741704N12229908WA0014600147004003025007322
B2213563741707N12229908WA0014500146004003025356308
B2213573741710N12229908WA0014500146004003022345301
B2213583741712N12229909WA0014400145004003018338296
B2213593741714N12229911WA0014400144004003015333299
B2214003741716N12229912WA0014300143004003016328294
B2214013741718N12229914WA0014200142004003019327300
B2214023741721N12229915WA0014200142004003017331295
B2214033741723N12229917WA0014200142004003017336291
B2214043741724N12229917WA0014200142004003013338289
B2214053741725N12229918WA0014200142004003007323282
B2214063741725N12229919WA0014100140004003008303281
B2214073741726N12229921WA0014000139004003008291280
B2214083741726N12229922WA0014000139004003008287276
B2214093741727N12229923WA0013900139004003007288278
B2214103741727N12229924WA0013900139004003005292268
B2214113741727N12229925WA0013800138004003005296264
B2214123741727N12229926WA0013800138004003005285257
B2214133741728N12229927WA0013800138004003008280273
B2214143741728N12229929WA0013800138004003008286272
B2214153741729N12229930WA0013800138004003008302271
B2214163741730N12229931WA0013800139004003009314275
B2214173741731N12229933WA0013800139004003009320275
B2214183741732N12229934WA0013800138004003011328277
B2214193741734N12229935WA0013800138004003013333278
B2214203741737N12229937WA0013800138004003016335281
B2214213741739N12229938WA0013900139004003017337290
B2214223741741N12229939WA0013900139004003017339296
B2214233741744N12229940WA0013900139004003017339299
B2214243741747N12229942WA0013900139004003017340299
B2214253741749N12229943WA0014000140004003020344306
B2214263741752N12229943WA0014000141004003020349302
B2214273741755N12229944WA0014100141004003019348298
B2214283741757N12229945WA0014100141004003019342293
B2214293741759N12229946WA0014100141004003017334285
B2214303741761N12229947WA0014100141004003011328283
B2214313741762N12229948WA0014100141004003011322280
B2214323741763N12229949WA0014000141004003011304275
B2214333741764N12229951WA0013900139004003011294275
B2214343741765N12229954WA0013800138004003013285275
B2214353741765N12229957WA0013700138004003014282273
B2214363741765N12229959WA0013700138004003014278271
B2214373741766N12229960WA0013700138004003010293281
B2214383741766N12229961WA0013700137004003006305281
B2214393741767N12229962WA0013600137004003006303282
B2214403741767N12229963WA0013500135004003010295279
B2214413741768N12229965WA0013400135004003012290280
B2214423741768N12229967WA0013300135004003010293284
B2214433741769N12229968WA0013300135004003010308281
B2214443741769N12229969WA0013300134004003006322283
B2214453741770N12229970WA0013300133004003007327286
B2214463741771N12229971WA0013200132004003009315286
B2214473741772N12229972WA0013100132004003009310283
B2214483741773N12229973WA0013000131004003009306280
B2214493741774N12229974WA0013000131004003009305283
B2214503741774N12229975WA0012900130004003007309283
B2214513741775N12229976WA0012900129004003007309286
B2214523741776N12229978WA0012800129004003007316283
B2214533741777N12229979WA0012800128004003007316280
B2214543741778N12229980WA0012700127004003008316283
B2214553741779N12229981WA0012600126004003009314285
B2214563741780N12229982WA0012500125004003009311290
B2214573741782N12229985WA0012400123004003010325288
B2214583741783N12229986WA0012300123004003011325283
B2214593741785N12229987WA0012200123004003011324280
B2215003741786N12229988WA0012100122004003011315281
B2215013741787N12229989WA0012000122004003009315284
B2215023741788N12229990WA0011900122004003009315291
B2215033741789N12229992WA0011900121004003009312293
B2215043741790N12229993WA0011800119004003012318296
B2215053741791N12229995WA0011700119004003014325294
B2215063741793N12229996WA0011700118004003014338298
B2215073741796N12229997WA0011600118004003016347297
B2215083741799N12229997WA0011600118004003018354298
B2215093741802N12229997WA0011600117004003022359301
B2215103741806N12229997WA0011500117004003024003310
B2215113741809N12229997WA0011500116004003024004321
B2215123741813N12229996WA0011500116004003024003320
B2215133741817N12229996WA0011400115004003025003324
B2215143741821N12229996WA0011400115004003026002324
B2215153741825N12229995WA0011300114004003027004331
B2215163741829N12229995WA0011300114004003027006328
B2215173741833N12229994WA0011300114004003028008329
B2215183741837N12229993WA0011300113004003028006325
B2215193741841N12229993WA0011200113004003026004325
B2215203741845N12229993WA0011200113004003026002322
B2215213741849N12229993WA0011100112004003025000321
B2215223741852N12229993WA0011100111004003024000324
B2215233741856N12229993WA0011000111004003024358323
B2215243741860N12229993WA0011000110004003025359326
B2215253741863N12229993WA0010900110004003025001327
B2215263741867N12229993WA0010900109004003024002329
B2215273741871N12229992WA0010800109004003024003333
B2215283741874N12229992WA0010800108004003024006338
B2215293741878N12229991WA0010700108004003026005332
B2215303741882N12229991WA0010700108004003027005337
B2215313741886N12229990WA0010600107004003027005333
B2215323741890N12229990WA0010600107004003027005336
B2215333741894N12229989WA0010500107004003027006339
B2215343741898N12229988WA0010500106004003028005342
B2215363741902N12229988WA0010500106004003029006343
B2215373741907N12229987WA0010400106004003029007344
B2215383741911N12229986WA0010400106004003030009343
B2215393741916N12229985WA0010400106004003031012356
B2215403741920N12229983WA0010400106004003031016353
B2215413741925N12229982WA0010400105004003031019354
B2215423741930N12229979WA0010400105004003033018355
B2215433741935N12229977WA0010400105004003036018003
B2215443741940N12229975WA0010300104004003038019008
B2215453741946N12229972WA0010400104004003038021359
B2215463741951N12229969WA0010400104004003038022355
B2215473741956N12229967WA0010400104004003037022348
B2215483741961N12229964WA0010400104004003037019339
B2215493741966N12229963WA0010400105004003036016340
B2215503741971N12229961WA0010400105004003034014338
B2215513741975N12229960WA0010400105004003030011340
B2215523741980N12229959WA0010500105004003030007333
B2215533741984N12229958WA0010500105004003028005337
B2215543741988N12229958WA0010500105004003027006335
B2215553741991N12229957WA0010500105004003027008331
B2215563741995N12229956WA0010500105004003025008321
B2215573741999N12229956WA0010500105004003025005324
B2215583742003N12229956WA0010400105004003023002324
B2215593742006N12229956WA0010400104004003023000315
B2216003742009N12229956WA0010300104004003023359316
B2216013742013N12229956WA0010300104004003022358314
B2216023742016N12229956WA0010300104004003022358316
B2216033742019N12229956WA0010300104004003022356316
B2216043742022N12229957WA0010300104004003021356316
B2216053742025N12229957WA0010300103004003021354320
B2216063742028N12229957WA0010300103004003021355318
B2216073742031N12229957WA0010300103004003021354323
B2216083742034N12229958WA0010300103004003021354322
B2216093742037N12229958WA0010300103004003021354324
B2216103742040N12229959WA0010300103004003020353316
B2216113742043N12229959WA0010300103004003020351319
B2216123742046N12229960WA0010300103004003020350316
B2216133742049N12229960WA0010300103004003019349313
B2216143742052N12229961WA0010300104004003019348303
B2216153742054N12229962WA0010400103004003018346294
B2216163742057N12229963WA0010400103004003017343283
B2216173742059N12229964WA0010400103004003017333265
B2216183742060N12229965WA0010400103004003013283233
B2216193742059N12229966WA0010400102004003013187217
B2216203742056N12229966WA0010300102004003014164192
B2216213742051N12229963WA0010200102004003036140175
B2216223742047N12229957WA0010200103004003041119154
B2216233742044N12229949WA0010300105004003040110156
B2216243742042N12229941WA0010400105004003040111174
B2216253742040N12229936WA0010500104004003036120173
B2216263742037N12229931WA0010500103004003029138187
B2216273742034N12229929WA0010400102004003029161207
B2216283742032N12229930WA0010300101004003022199220
B2216293742031N12229931WA0010300101004003013276241
B2216303742032N12229933WA0010200101004003012330270
B2216313742034N12229934WA0010200101004003014351284
B2216323742037N12229934WA0010200101004003015356295
B2216333742039N12229934WA0010200101004003015349304
B2216343742042N12229935WA0010200100004003016340305
B2216353742045N12229937WA0010100099004003020338311
B2216363742049N12229938WA0010100099004003026341312
B2216373742053N12229940WA0010200101004003026346324
B2216383742056N12229940WA0010200103004003025357327
B2216393742060N12229940WA0010300103004003025002326
B2216403742065N12229939WA0010400103004003026004333
B2216413742070N12229939WA0010400103004003033004332
B2216423742075N12229938WA0010400103004003035003324
B2216433742080N12229938WA0010400103004003033003313
B2216443742085N12229938WA0010400104004003033359308
B2216453742089N12229938WA0010400104004003029352315
B2216463742092N12229939WA0010500104004003025349319
B2216473742096N12229940WA0010500104004003026352316
B2216483742100N12229941WA0010500104004003026355309
B2216493742104N12229941WA0010500105004003026353302
B2216503742107N12229942WA0010500105004003025348296
B2216513742110N12229942WA0010600105004003019348317
B2216523742113N12229943WA0010600105004003021350309
B2216533742116N12229944WA0010600105004003021350324
B2216543742120N12229945WA0010600105004003023348304
B2216553742123N12229945WA0010700106004003023346306
B2216563742125N12229946WA0010700106004003019347312
B2216573742128N12229947WA0010800107004003019351319
B2216583742131N12229947WA0010800108004003019355315
B2216593742134N12229947WA0010900108004003020357309
B2217003742137N12229948WA0010900109004003020356306
B2217013742140N12229948WA0011000109004003018356315
B2217023742143N12229948WA0011000109004003019356316
B2217033742145N12229948WA0011000109004003019358319
B2217043742148N12229948WA0011000110004003020358311
B2217053742151N12229948WA0011100110004003020000307
B2217063742154N12229948WA0011100110004003019000311
B2217073742157N12229948WA0011100110004003019359308
B2217083742160N12229949WA0011100110004003019354312
B2217093742166N12229950WA0011200111004003020347315
B2217103742169N12229951WA0011300112004003020349308
B2217113742172N12229951WA0011400112004003020353312
B2217123742174N12229952WA0011500113004003019355300
B2217133742176N12229952WA0011500114004003017353287
B2217143742178N12229952WA0011500114004003015341282
B2217153742180N12229953WA0011500114004003012326275
B2217163742181N12229955WA0011500114004003012310320
B2217173742182N12229957WA0011500114004003012303327
B2217183742183N12229958WA0011600115004003010312312
B2217193742184N12229959WA0011600115004003009316300
B2217203742184N12229960WA0011600115004003005297289
B2217213742184N12229961WA0011600115004003008235280
B2217223742183N12229963WA0011600115004003008230272
B2217233742182N12229964WA0011700116004003009225270
B2217243742181N12229965WA0011700116004003009220262
B2217253742180N12229966WA0011700116004003008243263
B2217263742180N12229968WA0011700116004003011268265
B2217273742180N12229970WA0011700116004003011278271
B2217283742181N12229972WA0011700116004003011284274
B2217293742181N12229974WA0011700117004003011296275
B2217303742182N12229975WA0011800117004003010319280
B2217313742184N12229977WA0011800117004003012328286
B2217323742185N12229978WA0011800117004003012325290
B2217333742187N12229980WA0011800117004003013313288
B2217343742188N12229982WA0011800117004003013299284
B2217353742189N12229984WA0011900118004003012296278
B2217363742189N12229986WA0011900119004003012295275
B2217373742190N12229987WA0012000120004003010285275
B2217383742190N12229989WA0012100121004003009269269
B2217393742190N12229990WA0012100121004003008247263
B2217403742189N12229992WA0012100121004003008238255
B2217423742188N12229993WA0012100120004003010252252
B2217433742188N12229995WA0012100120004003010268256
B2217443742188N12229998WA0012000120004003011265262
B2217453742188N12230000WA0012100120004003010245261
B2217463742187N12230001WA0012100121004003010230254
B2217473742186N12230002WA0012100120004003009234248
B2217483742186N12230004WA0012000120004003009245250
B2217493742185N12230006WA0012000119004003009245254
B2217503742184N12230007WA0012000118004003012233254
B2217513742183N12230009WA0011900118004003013218248
B2217523742181N12230010WA0011900119004003013213241
B2217533742180N12230012WA0011900118004003013219238
B2217543742179N12230013WA0012000118004003011237241
B2217553742178N12230015WA0011900118004003011255250
B2217563742178N12230017WA0011900117004003011274257
B2217573742178N12230019WA0011800117004003011292265
B2217583742180N12230021WA0011800117004003012313272
B2217593742182N12230023WA0011800117004003017328281
B2218003742184N12230024WA0011700116004003020336294
B2218013742191N12230027WA0011600116004003023349307
B2218023742194N12230028WA0011600115004003024349314
B2218033742198N12230028WA0011600115004003023346317
B2218043742201N12230030WA0011600115004003023344314
B2218053742204N12230031WA0011500114004003023344312
B2218063742208N12230032WA0011500113004003023341312
B2218073742211N12230034WA0011400113004003024337310
B2218083742214N12230036WA0011400113004003023333307
B2218093742217N12230038WA0011400113004003023334304
B2218103742220N12230039WA0011400113004003022337305
B2218113742223N12230041WA0011400113004003022337306
B2218123742226N12230043WA0011400112004003021332305
B2218133742229N12230045WA0011400112004003021327302
B2218143742231N12230047WA0011300112004003021325298
B2218153742234N12230049WA0011300112004003020326297
B2218163742236N12230051WA0011300112004003019328297
B2218173742239N12230052WA0011300112004003019335297
B2218183742242N12230054WA0011200111004003023344301
B2218193742245N12230055WA0011200110004003025345310
B2218203742249N12230056WA0011100109004003025337314
B2218213742252N12230059WA0011100109004003025328308
B2218223742255N12230061WA0011000109004003024332302
B2218233742258N12230062WA0010900108004003026344303
B2218243742263N12230063WA0010900107004003029350313
B2218253742267N12230064WA0010900107004003028349320
B2218263742271N12230065WA0010800106004003028347319
B2218273742275N12230066WA0010700106004003028351318
B2218283742279N12230066WA0010600105004003031358320
B2218293742285N12230066WA0010500103004003035000329
B2218303742290N12230067WA0010400102004003035356336
B2218313742295N12230068WA0010400102004003035349333
B2218323742300N12230069WA0010500103004003035351328
B2218333742305N12230069WA0010600104004003031359328
B2218343742309N12230069WA0010600105004003031005331
B2218353742313N12230068WA0010700106004003028001334
B2218363742316N12230069WA0010700106004003024343332
B2218373742318N12230070WA0010700105004003019332331
B2218383742321N12230072WA0010700106004003020340326
B2218393742324N12230073WA0010800106004003023350323
B2218403742328N12230073WA0010800107004003023356325
B2218413742331N12230073WA0010800108004003024355328
B2218423742335N12230074WA0010900108004003024346331
B2218433742338N12230075WA0010900108004003023342330
B2218443742341N12230077WA0011000109004003024345326
B2218453742345N12230077WA0011000110004003023354323
B2218463742348N12230078WA0011100111004003022357325
B2218473742351N12230078WA0011200111004003021355323
B2218483742354N12230078WA0011200111004003021355320
B2218493742357N12230078WA0011200112004003021356320
B2218503742360N12230079WA0011200112004003020358319
B2218513742363N12230078WA0011200112004003020003320
B2218523742366N12230078WA0011200112004003019010327
B2218533742369N12230077WA0011200111004003019008331
B2218543742372N12230077WA0011100110004003020001334
B2218553742375N12230077WA0011000109004003020351330
B2218563742378N12230078WA0010900109004003020348323
B2218573742380N12230079WA0010900109004003019349320
B2218583742383N12230079WA0010900108004003016350319
B2218593742385N12230080WA0010800108004003016349312
B2219003742388N12230081WA0010700107004003016346311
B2219013742390N12230082WA0010600106004003018343308
B2219023742393N12230083WA0010600105004003019341308
B2219033742396N12230084WA0010500104004003018341307
B2219043742398N12230085WA0010400104004003018339305
B2219053742401N12230086WA0010300104004003018334305
B2219063742403N12230088WA0010300103004003019335301
B2219073742406N12230089WA0010200103004003019338303
B2219083742409N12230090WA0010200102004003019342304
B2219093742411N12230092WA0010100101004003020341305
B2219103742414N12230093WA0010000100004003020337306
B2219113742417N12230095WA0010000099004003020334303
B2219123742420N12230096WA0009900099004003020336302
B2219133742422N12230097WA0009900099004003019340303
B2219143742425N12230098WA0009800098004003019342304
B2219153742428N12230099WA0009800098004003019342305
B2219163742431N12230101WA0009700097004003020340305
B2219173742434N12230102WA0009600096004003021340305
B2219183742437N12230103WA0009500096004003022345306
B2219193742440N12230104WA0009400095004003023351310
B2219203742444N12230104WA0009400094004003023356316
B2219213742448N12230104WA0009300093004003025000319
B2219223742452N12230104WA0009200092004003027004324
B2219233742457N12230103WA0009100091004003030006333
B2219243742461N12230103WA0009000090004003030002341
B2219253742465N12230103WA0008900090004003029356340
B2219263742469N12230103WA0008900089004003028356342
B2219273742473N12230103WA0008800088004003027358337
B2219283742477N12230103WA0008800088004003027355337
B2219293742481N12230104WA0008700087004003027348337
B2219303742485N12230105WA0008700087004003026343334
B2219313742489N12230107WA0008700088004003024345340
B2219323742492N12230108WA0008700088004003024349335
B2219333742496N12230108WA0008700087004003025352331
B2219343742499N12230109WA0008700087004003025350327
B2219353742503N12230110WA0008600086004003024345331
B2219363742506N12230111WA0008500085004003024343325
B2219373742510N12230112WA0008500085004003023345329
B2219383742513N12230113WA0008500085004003022350328
B2219393742516N12230113WA0008500085004003022356325
B2219403742519N12230113WA0008400085005003022358327
B2219413742523N12230113WA0008400084005003023358326
B2219423742526N12230114WA0008400084004003023355325
B2219433742530N12230114WA0008300084004003023354323
B2219443742533N12230115WA0008300083004003023352320
B2219453742536N12230115WA0008300083004003022351319
B2219463742539N12230116WA0008300083004003020348316
B2219473742542N12230117WA0008300082004003020346312
B2219483742545N12230118WA0008300082004003020347309
B2219493742547N12230118WA0008300082004003018348311
B2219503742549N12230119WA0008300083004003017348314
B2219513742551N12230119WA0008300083004003008343299
B2219523742551N12230120WA0008200082004003008217271
B2219533742549N12230120WA0008000079004003008182240
B2219543742545N12230119WA0007900077004003016161223
B2219553742540N12230115WA0007800077004003038144212
B2219563742535N12230110WA0007900078004003038131203
B2219573742532N12230105WA0007900078004003036130197
B2219583742529N12230100WA0007900078004003033131193
B2219593742526N12230096WA0007900077004003032133188
B2220003742523N12230092WA0007800077004003033136186
B2220013742519N12230088WA0007800076004003033138185
B2220023742515N12230084WA0007700077004003034139186
B2220033742511N12230079WA0007700077004003035137184
B2220043742507N12230075WA0007700077004003035135181
B2220053742504N12230070WA0007700077004003035133179
B2220063742500N12230065WA0007700077004003035133177
B2220083742497N12230061WA0007700077004003033136177
B2220093742493N12230056WA0007700077004003033139180
B2220103742490N12230053WA0007700077004003031142183
B2220113742486N12230050WA0007700077004003031143187
B2220123742483N12230047WA0007800077004003029146189
B2220133742479N12230044WA0007800077004003029148193
B2220143742476N12230042WA0007800077004003027151195
B2220153742472N12230040WA0007800077004003025154199
B2220163742469N12230038WA0007700077004003025155203
B2220173742465N12230035WA0007700077004003026153203
B2220183742462N12230033WA0007700077004003026150201
B2220193742459N12230031WA0007800078004003026147199
B2220203742455N12230028WA0007800078004003027145197
B2220213742452N12230025WA0007800078004003028144195
B2220223742448N12230022WA0007800077004003028146193
B2220233742445N12230019WA0007800078004003029148194
B2220243742441N12230016WA0007900078004003028148194
B2220253742438N12230013WA0007900079004003028145195
B2220263742435N12230010WA0008000079004003026144193
B2220273742432N12230008WA0007900079004003024146196
B2220283742429N12230006WA0007900079004003023153201
B2220293742426N12230004WA0007900079004003023158205
B2220303742423N12230003WA0008000079004003023159207
B2220313742420N12230002WA0008000080004003021159209
B2220323742418N12230000WA0008000080004003016161211
B2220333742415N12230000WA0008100080004003016168219
B2220343742413N12229999WA0008100080004003016175221
B2220353742411N12229999WA0008200081004003015179225
B2220363742409N12229999WA0008200081004003014175226
B2220373742407N12229999WA0008200082004003013170227
B2220383742405N12229998WA0008300082004003014172228
B2220393742403N12229998WA0008300082004003014179227
B2220403742401N12229999WA0008300082004003014192229
B2220413742399N12230000WA0008300082004003014203233
B2220423742397N12230001WA0008300083004003014204236
B2220433742395N12230002WA0008400083004003014198236
B2220443742393N12230003WA0008400084004003014195234
B2220453742391N12230003WA0008500084004003014193233
B2220463742389N12230004WA0008500085004003013194233
B2220473742388N12230004WA0008600085004003013194233
B2220483742386N12230005WA0008700086004003013199234
B2220493742385N12230006WA0008700087004003011211236
B2220503742384N12230007WA0008800087004003008230241
B2220513742383N12230008WA0008800087004003008233249
B2220523742382N12230009WA0008800087004003010229249
B2220533742381N12230011WA0008800086004003013230247
B2220543742380N12230013WA0008800087004003013229246
B2220553742379N12230015WA0008800087004003014232246
B2220563742377N12230017WA0008800087004003014230246
B2220573742376N12230019WA0008800087004003012223246
B2220583742375N12230020WA0008700087004003014217244
B2220593742373N12230022WA0008700086004003014219241
B2221003742371N12230024WA0008600085004003016219241
B2221013742369N12230026WA0008600085004003016216240
B2221023742367N12230027WA0008500085004003015201239
B2221033742365N12230028WA0008500085004003015190234
B2221043742362N12230028WA0008400084004003015199230
B2221053742361N12230030WA0008200082004003015214234
B2221063742359N12230032WA0008000080004003015215239
B2221073742356N12230033WA0007900078004003020199239
B2221083742353N12230034WA0007800078004003021191229
B2221093742350N12230035WA0007900079005003020196224
B2221103742349N12230036WA0007900080004003015225228
B2221113742349N12230037WA0007900080004003008226245
B2221123742348N12230038WA0007900079004003013190249
B2221133742345N12230038WA0007900078004003021175243
B2221143742342N12230037WA0007800078004003021171240
B2221153742338N12230037WA0007800078004003021172230
B2221163742335N12230036WA0007700077004003021170229
B2221173742332N12230035WA0007700077004003021167224
B2221183742329N12230034WA0007700077004003023166221
B2221193742325N12230033WA0007700077005003023169219
B2221203742322N12230032WA0007800077005003023173219
B2221213742318N12230032WA0007800077005003022175220
B2221223742316N12230032WA0007800077004003019176221
B2221233742313N12230032WA0007800078004003019176224
B2221243742310N12230032WA0007800077004003019181223
B2221253742308N12230032WA0007800077004003018187225
B2221263742305N12230032WA0007800077004003018187227
B2221273742303N12230033WA0007800078004003015181227
B2221283742301N12230033WA0007800078004003016178228
B2221293742298N12230033WA0007800078004003016177226
B2221303742293N12230032WA0007800079004003017170223
B2221313742290N12230031WA0007800079004003019170221
B2221323742288N12230031WA0007900079005003020171219
B2221333742284N12230030WA0007900079005003020170218
B2221343742281N12230029WA0007900079004003021165217
B2221353742278N12230028WA0007900080004003022162213
B2221363742275N12230027WA0008000080004003022166210
B2221373742272N12230026WA0008000080004003022174212
B2221383742269N12230026WA0008100080004003020182216
B2221393742267N12230027WA0008200081004003016198222
B2221403742266N12230028WA0008200082004003011207233
B2221413742265N12230029WA0008300083004003009215241
B2221423742264N12230030WA0008300083004003011220244
B2221433742262N12230031WA0008300082004003011220244
B2221443742261N12230033WA0008300083004003012215244
B2221453742259N12230034WA0008300084004003012209241
B2221463742258N12230035WA0008400084004003009207239
B2221473742257N12230036WA0008400084004003009216242
B2221483742256N12230037WA0008400084004003009227244
B2221493742255N12230039WA0008500084004003011236247
B2221503742253N12230041WA0008500085004003013240249
B2221513742253N12230044WA0008600086004003014246250
B2221533742252N12230046WA0008800087004003014242252
B2221543742251N12230048WA0008900088004003013227250
B2221553742250N12230049WA0009000089004003010224245
B2221563742249N12230051WA0009000090004003011230246
B2221573742248N12230053WA0009100090004003012235247
B2221583742247N12230055WA0009100091004003012237248
B2221593742246N12230057WA0009200092004003012248249
B2222003742245N12230059WA0009300093004003012255253
B2222013742245N12230062WA0009400094004003011255255
B2222023742245N12230063WA0009500095004003011246255
B2222033742244N12230064WA0009600095004003007252252
B2222043742244N12230066WA0009600094004003007255254
B2222053742243N12230068WA0009600094004003011252255
B2222063742242N12230071WA0009600094004003018239254
B2222073742241N12230074WA0009600095004003018231248
B2222083742239N12230076WA0009700096004003016228245
B2222093742239N12230077WA0009700096004003011240244
B2222103742238N12230079WA0009700094004003011247250
B2222113742237N12230081WA0009600093004003016233253
B2222123742235N12230083WA0009500091004003018220246
B2222133742233N12230085WA0009300091004003017217240
B2222143742231N12230088WA0009200090004003017236239
B2222153742231N12230090WA0009100089004003014262247
B2222163742230N12230092WA0008900087004003015251259
B2222173742229N12230095WA0008700085004003018220255
B2222183742225N12230096WA0008600083004003018200257
B2222193742223N12230098WA0008400082004003018205251
B2222203742222N12230099WA0008300082005003018255246
B2222213742222N12230101WA0008300082004003008270260
B2222223742221N12230102WA0008200081004003009227258
B2222233742219N12230103WA0008100079004003009189246
B2222243742215N12230103WA0008000078004003019175246
B2222253742211N12230102WA0008000079004003027159232
B2222263742207N12230099WA0008000080004003027148214
B2222273742204N12230096WA0008000079004003029141210
B2222283742200N12230092WA0007900079004003029141201
B2222293742196N12230088WA0007800077004003033144201
B2222303742191N12230084WA0007700077004003037146194
B2222313742186N12230079WA0007700078004003037145194
B2222323742182N12230076WA0007800079004003037142190
B2222333742178N12230072WA0007900079004003034140188
B2222343742174N12230068WA0007900079004003033142187
B2222353742170N12230064WA0007900079004003033146190
B2222363742165N12230061WA0007900079004003035147191
B2222373742161N12230057WA0007900079004003035149190
B2222383742157N12230054WA0007900080004003034148191
B2222393742153N12230051WA0007900080004003031146190
B2222403742150N12230048WA0008000080004003030147191
B2222413742146N12230046WA0007900079004003026150193
B2222423742143N12230044WA0007900079004003026154200
B2222433742140N12230042WA0007900078004003025157202
B2222443742136N12230040WA0007800078004003025160205
B2222453742133N12230039WA0007800078004003025160207
B2222463742129N12230037WA0007800078004003025156206
B2222473742126N12230035WA0007700076004003025155204
B2222483742122N12230033WA0007600075004003025161204
B2222493742119N12230032WA0007500074004003024170207
B2222503742115N12230031WA0007400073004003024170212
E222250PEVBackground
B2222513742112N12230030WA0007300073004003026165212
B2222523742108N12230029WA0007300073004003027161212
B2222533742104N12230027WA0007300073004003026163212
B2222543742100N12230026WA0007200073004003027164212
B2222553742097N12230025WA0007200072004003027167212
B2222563742093N12230024WA0007100071004003028166212
B2222573742089N12230022WA0007100070004003028158212
B2222583742085N12230020WA0007100070004003027150212
B2222593742082N12230017WA0007000070004003026148212
B2223003742079N12230015WA0007000069004003026156212
B2223013742075N12230014WA0006900068004003026163212
B2223023742071N12230013WA0006900068004003026168212
B2223033742068N12230012WA0006900068004003023166212
B2223043742066N12230011WA0006900068004003020161212
B2223053742063N12230009WA0006800067004003020159212
B2223063742060N12230008WA0006800067004003022163212
B2223073742056N12230007WA0006700067004003022167212
B2223083742053N12230006WA0006700066004003022171212
B2223093742050N12230006WA0006700066004003021174212
B2223103742047N12230006WA0006700067004003019175212
B2223113742045N12230005WA0006700067004003017174212
B2223123742042N12230005WA0006700067004003018175212
B2223133742039N12230005WA0006800067004003018174212
B2223143742036N12230004WA0006800067004003019171212
B2223153742033N12230003WA0006800067004003020165212
B2223163742030N12230002WA0006800068004003021158215
B2223173742027N12230000WA0006800067004003022153216
B2223183742024N12229998WA0006800067004003022149220
B2223193742021N12229995WA0006800067004003025146224
B2223203742017N12229992WA0006800067004003029144226
B2223213742013N12229989WA0006800067004003031146225
B2223223742009N12229986WA0006800068004003031148222
B2223233742006N12229983WA0006900069004003029150222
B2223243742002N12229981WA0007000069004003027152218
B2223253741996N12229977WA0007100070004003023155217
B2223263741993N12229975WA0007100071004003023155217
B2223273741990N12229973WA0007200071004003023155215
B2223283741987N12229972WA0007200071004003021157215
B2223293741984N12229970WA0007200071004003020161214
B2223303741981N12229969WA0007200071004003019163214
B2223313741979N12229968WA0007200072004003019163213
B2223323741976N12229967WA0007300072004003018160213
B2223333741974N12229966WA0007300073004003018155213
B2223343741971N12229965WA0007300073004003018156213
B2223353741968N12229963WA0007400073004003018162213
B2223363741966N12229963WA0007400073004003018172213
B2223373741964N12229963WA0007400073004003016186213
B2223383741963N12229963WA0007400074004003011199212
B2223393741962N12229964WA0007500075005003009214212
B2223403741961N12229965WA0007600075005003008217212
B2223413741960N12229966WA0007600076004003008214212
B2223423741959N12229967WA0007700076004003008212212
B2223433741958N12229967WA0007700076004003007205212
B2223443741957N12229968WA0007700076004003007201212
B2223453741956N12229969WA0007700076004003009200212
B2223463741955N12229969WA0007700076005003011199212
B2223473741953N12229970WA0007700076005003011196212
B2223483741951N12229971WA0007700076004003012196212
B2223493741949N12229971WA0007700077004003013192212
B2223503741947N12229971WA0007700077004003014186212
B2223513741945N12229972WA0007700077004003015184212
B2223523741943N12229972WA0007700076004003015190212
B2223533741940N12229973WA0007700076004003017194212
B2223543741937N12229974WA0007700076004003019195212
B2223553741934N12229975WA0007700076004003020189212
B2223563741931N12229975WA0007700076004003020182212
B2223573741928N12229975WA0007700076004003019178212
B2223593741925N12229975WA0007600075004003019178212
B2224003741923N12229975WA0007500073004003020186212
B2224013741919N12229975WA0007400072004003023185212
B2224023741916N12229976WA0007400072004003023180212
B2224033741912N12229975WA0007400073004003024174212
B2224043741909N12229975WA0007400074004003024173212
B2224053741905N12229974WA0007400073004003022175212
B2224063741902N12229974WA0007400073004003023174212
B2224073741898N12229974WA0007300072004003023173212
B2224083741895N12229973WA0007300072004003024172212
B2224093741891N12229972WA0007300072004003025172212
B2224103741887N12229972WA0007300072004003025171212
B2224113741884N12229971WA0007200072004003024171212
B2224123741880N12229970WA0007200071004003024170212
B2224133741876N12229969WA0007200071004003024167212
B2224143741873N12229968WA0007200071004003027164212
B2224153741869N12229966WA0007200071004003027163212
B2224163741865N12229965WA0007100071004003027163212
B2224173741861N12229964WA0007100070004003027163212
B2224183741857N12229962WA0007100070004003027162212
B2224193741853N12229960WA0007100069004003027162212
B2224203741849N12229959WA0007100069004003028163212
B2224213741845N12229957WA0007100069004003027162212
B2224223741842N12229956WA0007100070004003027159212
B2224233741838N12229954WA0007100069004003026156212
B2224243741834N12229952WA0007000069004003026157212
B2224253741831N12229950WA0006900068004003026161212
B2224263741827N12229949WA0006900067004003026163212
B2224273741823N12229947WA0006900067004003026160212
B2224283741820N12229945WA0006800067004003026158212
B2224293741816N12229944WA0006800066004003026158212
B2224303741812N12229942WA0006700066004003026160212
B2224313741809N12229940WA0006700065004003026165212
B2224323741805N12229939WA0006700065004003025168212
B2224333741801N12229938WA0006700065004003025166212
B2224343741798N12229937WA0006800066004003024165212
B2224353741794N12229936WA0006800066004003024165212
B2224363741791N12229935WA0006800066004003023167212
B2224373741787N12229934WA0006800066004003023172212
B2224383741783N12229934WA0006700066004003024172212
B2224393741779N12229933WA0006800067004003027170212
B2224403741775N12229932WA0006800068004003027166212
B2224413741772N12229931WA0007000069004003026163212
B2224423741769N12229929WA0007000069004003025161212
B2224433741765N12229928WA0007000069004003023165212
B2224443741762N12229927WA0007000069004003024171212
B2224453741758N12229926WA0007100069004003027171212
B2224463741754N12229926WA0007200070004003026168212
B2224473741751N12229925WA0007300072004003026167212
B2224483741748N12229924WA0007400073004003021170212
B2224493741746N12229924WA0007400073004003018168212
B2224503741743N12229923WA0007400072004003023167212
B2224513741739N12229922WA0007400072004003023170212
B2224523741734N12229921WA0007400073004003028177212
B2224533741730N12229921WA0007500074004003028175212
B2224543741726N12229920WA0007600076004003028164212
B2224553741722N12229918WA0007800077004003028156212
B2224563741718N12229916WA0008000078004003028159212
B2224573741715N12229915WA0008000079004003027169212
B2224583741711N12229914WA0008000079004003026169212
B2224593741707N12229912WA0008200080004003029155213
B2225003741703N12229910WA0008300082004003029145214
B2225013741700N12229907WA0008300083004003029149213
B2225023741697N12229905WA0008300082004003023171213
B2225033741694N12229905WA0008300082004003018179212
B2225043741692N12229905WA0008400083004003019175209
B2225053741689N12229905WA0008400083004003021164206
B2225063741686N12229903WA0008500085004003021156212
B2225073741683N12229902WA0008700086004003021156222
B2225083741681N12229901WA0008800087004003016173233
B2225093741680N12229901WA0008800086004003006214233
B2225103741680N12229902WA0008800086004003006256227
B2225113741681N12229904WA0008800086004003006291221
B2225123741681N12229906WA0008800087004003010283220
B2225133741681N12229908WA0008800087004003010263218
B2225143741681N12229909WA0008800087004003007239218
B2225153741680N12229910WA0008800087004003008222222
B2225163741679N12229911WA0008800087004003008207221
B2225173741677N12229912WA0008800087004003010201220
B2225183741675N12229913WA0008800087004003012202222
B2225193741674N12229914WA0008900088004003010207233
B2225203741673N12229915WA0008900089004003010215230
B2225213741672N12229916WA0009000089004003008213236
B2225223741670N12229917WA0009000089004003008213226
B2225233741669N12229918WA0009000089004003010214224
B2225243741668N12229919WA0009100090004003010213219
B2225253741667N12229920WA0009100090004003010203222
B2225263741665N12229920WA0009100090004003010191222
B2225273741663N12229921WA0009100090004003011190221
B2225283741659N12229921WA0009100090004003013184228
B2225293741657N12229922WA0009100090004003013178230
B2225303741655N12229921WA0009100090004003011179224
B2225313741654N12229921WA0009100090004003011182222
B2225323741652N12229922WA0009100089004003012188228
B2225333741650N12229922WA0009100088004003011189230
B2225343741649N12229922WA0009000088004003011190237
B2225353741647N12229923WA0009000088004003010191227
B2225363741646N12229923WA0009000087004003008191232
B2225373741645N12229923WA0008900087004003008189224
B2225383741643N12229924WA0008800086004003011190221
B2225393741641N12229924WA0008800085004003013188220
B2225403741639N12229924WA0008700085004003013186219
B2225413741637N12229924WA0008700084004003013182217
B2225423741635N12229924WA0008600083004003013177211
B2225433741633N12229924WA0008600084004003015172207
B2225443741631N12229923WA0008500084004003017163196
B2225453741628N12229922WA0008500084004003017157197
B2225463741625N12229920WA0008500084004003021155193
B2225473741622N12229918WA0008500084004003023149201
B2225483741619N12229915WA0008500084004003024143196
B2225493741616N12229912WA0008500084004003024142198
B2225503741613N12229910WA0008400083004003024147197
B2225513741609N12229907WA0008400083004003025152203
B2225523741606N12229905WA0008400083004003026155192
B2225533741602N12229903WA0008400084004003025155213
B2225543741599N12229901WA0008500085004003025151193
B2225553741597N12229899WA0008500085004003021147191
B2225563741594N12229897WA0008500084004003021148186
B2225573741590N12229895WA0008500084004003024152200
B2225583741587N12229893WA0008500084004003025156196
B2225593741583N12229891WA0008500085004003025158187
B2226003741580N12229889WA0008600086004003025151193
B2226013741577N12229887WA0008700086004003023143199
B2226023741575N12229885WA0008700086004003022145197
B2226033741572N12229883WA0008700086004003020163205
B2226053741569N12229882WA0008700086004003022174194
B2226063741565N12229882WA0008800087004003021171207
B2226073741563N12229881WA0008900089004003021165215
B2226083741561N12229880WA0009000090004003015159216
B2226093741559N12229879WA0009100090004003015162218
B2226103741557N12229879WA0009100091004003015171226
B2226113741554N12229879WA0009100091004003014179228
B2226123741552N12229879WA0009200091003003014187231
B2226133741550N12229880WA0009300092004003014188224
B2226143741549N12229880WA0009300092004003013189224
B2226153741547N12229880WA0009400093003003013192219
B2226163741545N12229881WA0009400094004003013196223
B2226173741543N12229882WA0009500094003003013194217
B2226183741541N12229882WA0009600095004003013185217
B2226193741539N12229882WA0009700095004003013173209
B2226203741537N12229882WA0009800096004003014173213
B2226213741534N12229882WA0009800097004003014174203
B2226223741532N12229881WA0009900097004003015175214
B2226233741530N12229881WA0010000099004003015179219
B2226243741528N12229882WA0010100100004003013189242
B2226253741527N12229882WA0010200100004003011211235
B2226263741527N12229883WA0010200101004003008249246
B2226273741526N12229885WA0010300101004003008273232
B2226283741527N12229887WA0010300102004003009287235
B2226293741527N12229888WA0010300102004003009286226
B2226303741528N12229890WA0010400103004003010284224
B2226313741528N12229892WA0010500104004003010293222
B2226323741529N12229894WA0010500104004003008299221
B2226333741529N12229895WA0010600104004003008301219
B2226343741530N12229896WA0010600104004003008299218
B2226353741530N12229898WA0010600104004003008293217
B2226363741531N12229899WA0010500104004003009293216
B2226373741532N12229901WA0010500104004003008292215
B2226383741532N12229902WA0010500104004003008280219
B2226393741532N12229904WA0010500104004003008266221
B2226403741532N12229905WA0010400104004003008252216
B2226413741531N12229907WA0010400104004003008223212
B2226423741530N12229907WA0010400103004003010195210
B2226433741528N12229907WA0010400103004003013181210
B2226443741526N12229907WA0010400103004003013179221
B2226453741524N12229907WA0010400103004003013185220
B2226463741522N12229908WA0010300102004003013194222
B2226473741520N12229909WA0010300102004003013196221
B2226483741518N12229909WA0010300102003003013196216
B2226493741517N12229910WA0010300103004003012192212
B2226503741515N12229910WA0010300103004003012183208
B2226513741513N12229910WA0010300102004003013182212
B2226523741510N12229910WA0010300102004003015180209
B2226533741508N12229910WA0010300103003003015179216
B2226543741506N12229910WA0010300103004003015174214
B2226553741504N12229909WA0010300102004003015173213
B2226563741501N12229909WA0010300102004003016174212
B2226573741499N12229909WA0010300102004003016177206
B2226583741496N12229909WA0010200102004003016180211
B2226593741494N12229909WA0010200102004003016180211
B2227003741491N12229909WA0010200102004003016180212
B2227013741489N12229909WA0010200102004003016180212
B2227023741487N12229909WA0010200101004003015176211
B2227033741484N12229908WA0010200101003003015175210
B2227043741482N12229908WA0010200101004003015176211
B2227053741480N12229908WA0010200101004003015173210
B2227063741478N12229907WA0010200101004003015172207
B2227073741475N12229907WA0010200101004003016173207
B2227083741473N12229907WA0010100101004003016177204
B2227093741471N12229907WA0010100100004003016175197
B2227103741468N12229906WA0010100100004003016171185
B2227113741465N12229905WA0010100100004003018162184
B2227123741462N12229904WA0010000100004003021156185
B2227133741460N12229902WA0010000100004003021154187
B2227143741456N12229900WA0009900099004003021157189
B2227153741453N12229899WA0009900099004003022158197
B2227163741450N12229897WA0009900099004003022157199
B2227173741448N12229896WA0009900099004003019155202
B2227183741445N12229895WA0009800099004003019156197
B2227193741442N12229894WA0009800098004003019162200
B2227203741440N12229893WA0009700097004003020165200
B2227213741437N12229892WA0009700097004003020167208
B2227223741434N12229891WA0009700098004003017166203
B2227233741432N12229891WA0009700098004003017165204
B2227243741430N12229890WA0009700097004003016165203
B2227253741427N12229889WA0009700097004003016166208
B2227263741425N12229888WA0009700097004003016169208
B2227273741423N12229888WA0009700097004003015173205
B2227283741421N12229888WA0009700097004003015170202
B2227293741419N12229887WA0009700097004003014166192
B2227303741417N12229886WA0009600097004003014159194
B2227313741415N12229885WA0009600097004003014152204
B2227323741413N12229884WA0009600096004003013151202
B2227333741411N12229883WA0009600096004003013155199
B2227343741409N12229882WA0009500096004003013156192
B2227353741407N12229881WA0009500096004003014155186
B2227363741405N12229879WA0009500096004003016156185
B2227373741402N12229878WA0009500096004003019157185
B2227383741400N12229876WA0009500095004003021154186
B2227393741397N12229874WA0009500096004003019145195
B2227403741393N12229871WA0009500095004003017148198
B2227413741391N12229869WA0009500095004003019162197
B2227423741387N12229868WA0009400094004003021168198
B2227433741384N12229868WA0009400094004003021169196
B2227443741381N12229867WA0009400094004003022169200
B2227453741378N12229866WA0009400095004003022165197
B2227463741375N12229865WA0009500095004003019160195
B2227473741373N12229863WA0009500095004003019155185
B2227483741370N12229862WA0009500095004003019158210
B2227493741367N12229861WA0009500095004003019167202
B2227503741364N12229861WA0009600095004003019176214
B2227513741362N12229860WA0009600095004003017176207
B2227523741359N12229860WA0009600096004003018173202
B2227533741356N12229860WA0009700096004003018168207
B2227543741354N12229859WA0009700096004003019169215
B2227553741351N12229858WA0009700096004003019172214
B2227563741348N12229858WA0009700096004003016177210
B2227573741346N12229858WA0009700096004003016181202
B2227583741344N12229858WA0009700096004003016182201
B2227593741341N12229858WA0009700096004003017179197
B2228003741338N12229858WA0009700096004003017174194
B2228013741336N12229857WA0009700097004003018167193
B2228023741333N12229857WA0009800097004003019165203
B2228033741330N12229856WA0009800097004003019167201
B2228043741327N12229855WA0009800097004003019167213
B2228053741324N12229854WA0009800097004003019169214
B2228063741322N12229854WA0009700097004003017171211
B2228073741319N12229853WA0009700096004003018176210
B2228083741316N12229853WA0009700096004003018178211
B2228093741313N12229853WA0009700097004003019179211
B2228113741310N12229853WA0009800097004003019177214
B2228123741308N12229853WA0009800097004003019175209
B2228133741305N12229852WA0009800097004003019173207
B2228143741302N12229852WA0009700097004003020172207
B2228153741299N12229851WA0009700097004003020171207
B2228163741296N12229851WA0009800097004003020170206
B2228173741293N12229850WA0009800097004003020168204
B2228183741290N12229849WA0009800097004003020170207
B2228193741287N12229848WA0009800097004003020168202
B2228203741284N12229848WA0009800097004003020167201
B2228213741281N12229847WA0009800097004003020166201
B2228223741278N12229846WA0009700097004003020166204
B2228233741275N12229845WA0009700096004003021167203
B2228243741271N12229844WA0009700096004003022166198
B2228253741268N12229843WA0009700097004003023164198
B2228263741265N12229842WA0009700096004003023164199
B2228273741262N12229840WA0009700097004003023163202
B2228283741258N12229839WA0009800097004003023164216
B2228293741255N12229838WA0009800098004003022166219
B2228303741253N12229838WA0009800098004003017172214
B2228313741250N12229838WA0009800099004003017175207
B2228323741248N12229838WA0009900099004003017178198
B2228333741245N12229838WA0009900099004003018179206
B2228343741242N12229838WA0010000100004003020179207
B2228353741239N12229838WA0010100101004003019177210
B2228363741236N12229837WA0010200102004003019172206
B2228373741234N12229836WA0010200103004003017163197
B2228383741232N12229835WA0010300103004003016161201
B2228393741229N12229835WA0010300103004003016168203
B2228403741226N12229834WA0010300102004003019173206
B2228413741224N12229834WA0010300102004003019178212
B2228423741221N12229834WA0010300103004003019182209
B2228433741219N12229834WA0010300104004003016183214
B2228443741217N12229834WA0010300104004003014180203
B2228453741215N12229834WA0010300103004003015176205
B2228463741213N12229834WA0010300103004003019174197
B2228473741210N12229833WA0010300103004003019170201
B2228483741206N12229833WA0010300103004003020167204
B2228493741204N12229832WA0010300103004003020164202
B2228503741201N12229831WA0010300103004003020167202
B2228513741198N12229830WA0010300103004003020170205
B2228523741195N12229829WA0010300104004003020172205
B2228533741192N12229829WA0010400104004003020170209
B2228543741189N12229828WA0010400104004003019170208
B2228553741186N12229828WA0010500105004003019169213
B2228563741184N12229827WA0010500105004003019170203
B2228573741181N12229827WA0010500105004003018174206
B2228583741178N12229827WA0010600106004003018179199
B2228593741176N12229827WA0010600106004003018180199
B2229003741173N12229827WA0010700107004003019180208
B2229013741170N12229827WA0010800107004003019182213
B2229023741167N12229827WA0010800108004003019187219
B2229033741165N12229828WA0010900108004003019192220
B2229043741162N12229829WA0011000109004003017194216
B2229053741160N12229830WA0011000110004003016196215
B2229063741158N12229830WA0011100111004003016196219
B2229073741156N12229831WA0011100111004003015197223
B2229083741154N12229832WA0011100111004003015199221
B2229093741152N12229833WA0011200111004003015198218
B2229103741149N12229834WA0011200111004003016196210
B2229113741147N12229835WA0011100111004003018190203
B2229123741144N12229835WA0011100111004003018183207
B2229133741141N12229835WA0011100111004003018180209
B2229143741139N12229835WA0011100111004003018181212
B2229153741135N12229836WA0011100111004003019187219
B2229163741133N12229836WA0011100111004003019189216
B2229173741130N12229837WA0011100111004003019189216
B2229183741128N12229837WA0011100111004003017184203
B2229193741125N12229837WA0011100111004003016179206
B2229203741123N12229837WA0011100110004003018178204
B2229213741120N12229837WA0011100111004003019177207
B2229223741117N12229837WA0011100111004003019175207
B2229233741114N12229836WA0011100111004003019173202
B2229243741112N12229836WA0011100111004003018170208
B2229253741109N12229835WA0011000110004003017170200
B2229263741106N12229835WA0011000110004003018176205
B2229273741103N12229835WA0011000110004003018175205
B2229283741100N12229834WA0011000110004003019170204
B2229293741097N12229833WA0011000110004003019166198
B2229303741094N12229832WA0011000110004003021165195
B2229313741091N12229831WA0010900109004003023162191
B2229323741088N12229830WA0010900109004003023163192
B2229333741084N12229828WA0010800107004003025166195
B2229343741080N12229828WA0010800107004003027170200
B2229353741076N12229827WA0010800107004003027171185
B2229363741072N12229826WA0010800107004003027166187
B2229373741064N12229823WA0010700107004003026162187
B2229383741061N12229821WA0010700107004003026163183
B2229393741057N12229820WA0010700107004003028160189
B2229403741052N12229817WA0010600107004003031156202
B2229413741048N12229815WA0010600106004003030157203
B2229423741044N12229814WA0010600106004003030165212
B2229433741040N12229813WA0010600106004003027167191
B2229443741036N12229811WA0010500106004003029164182
B2229453741032N12229809WA0010500105004003032158194
B2229463741027N12229807WA0010600106004003032158202
B2229473741023N12229805WA0010600106004003032163203
B2229483741019N12229804WA0010600106004003029164191
B2229493741015N12229803WA0010600106004003029160186
B2229503741011N12229800WA0010600105004003031157199
B2229513741006N12229798WA0010600105004003031159206
B2229523741002N12229797WA0010600105004003031168205
B2229533740998N12229796WA0010600105004003029171188
B2229543740994N12229795WA0010600105004003027161186
B2229553740990N12229792WA0010500105004003031155189
B2229563740986N12229790WA0010600105004003030156203
B2229573740982N12229788WA0010600105004003030163193
B2229583740978N12229787WA0010500105004003029163191
B2229593740974N12229784WA0010500105004003028156189
B2230003740970N12229782WA0010500105004003030151195
B2230013740966N12229779WA0010500104004003030155207
B2230023740961N12229777WA0010400104004003030162205
B2230033740957N12229776WA0010400104004003028164192
B2230043740953N12229774WA0010400104004003029157185
B2230053740949N12229772WA0010400104004003030153200
B2230063740945N12229769WA0010400104004003029155208
B2230073740942N12229768WA0010400105004003029162215
B2230083740938N12229766WA0010500105004003027166201
B2230093740934N12229765WA0010600106004003026164194
B2230103740930N12229764WA0010600106004003027161199
B2230113740926N12229762WA0010700107004003027160215
B2230123740923N12229761WA0010800108004003027163219
B2230133740920N12229760WA0010800109004003024172222
B2230143740917N12229760WA0010900109004003017181210
B2230153740915N12229760WA0011000110004003017183213
B2230173740912N12229760WA0011000111004003016187218
B2230183740910N12229761WA0011100111004003016190232
B2230193740908N12229762WA0011200112004003014193229
B2230203740906N12229762WA0011300113004003014203247
B2230213740906N12229763WA0011300114004003010213239
B2230223740905N12229764WA0011400114004003006250241
B2230233740905N12229765WA0011400114004003005269231
B2230243740905N12229766WA0011400114004003009265226
B2230253740905N12229768WA0011400114004003009262222
B2230263740905N12229770WA0011400114004003011263222
B2230273740905N12229773WA0011400114004003014263219
B2230283740904N12229776WA0011400115004003015261219
B2230293740904N12229779WA0011600116004003015258219
B2230303740904N12229781WA0011700116004003013269218
B2230313740904N12229784WA0011800116004003012279216
B2230323740905N12229786WA0011800116004003012280215
B2230333740905N12229789WA0011800116004003015266214
B2230343740904N12229792WA0011800117004003015256214
B2230353740904N12229794WA0011800117004003015265215
B2230363740904N12229797WA0011900118004003014289213
B2230373740905N12229799WA0011900119004003013299215
B2230383740906N12229801WA0012000119004003010290215
B2230393740906N12229802WA0012000119004003010255220
B2230403740906N12229804WA0011900118004003010254220
B2230413740905N12229807WA0011900118004003011269218
B2230423740906N12229809WA0011900118004003014280216
B2230433740906N12229812WA0011900119004003011280215
B2230443740906N12229813WA0012000119004003011249218
B2230453740905N12229814WA0012000119004003007220215
B2230463740904N12229815WA0012000119004003007219218
B2230473740903N12229816WA0011900118004003008215212
B2230483740901N12229817WA0011800118004003012201208
B2230493740899N12229817WA0011800118004003015185202
B2230503740897N12229817WA0011800118004003015170206
B2230513740894N12229816WA0011800118004003017159206
B2230523740892N12229814WA0011800118004003018152209
B2230533740889N12229812WA0011800118004003020152199
B2230543740886N12229811WA0011800118004003020155208
B2230553740884N12229810WA0011800117004003019160209
B2230563740881N12229809WA0011700117004003018161211
B2230573740879N12229808WA0011700117004003018161205
B2230583740876N12229807WA0011700117004003018162214
B2230593740873N12229806WA0011600116004003019166205
B2231003740870N12229805WA0011500115004003019173201
B2231013740867N12229805WA0011500114004003021174196
B2231023740863N12229804WA0011500114004003023168186
B2231033740860N12229803WA0011500114004003024161199
B2231043740856N12229801WA0011400114004003024160202
B2231053740853N12229800WA0011400114004003023165208
B2231063740850N12229799WA0011400114004003022169204
B2231073740847N12229798WA0011400113004003022168198
B2231083740843N12229797WA0011300113004003024165201
B2231093740840N12229796WA0011300113004003024165205
B2231103740836N12229795WA0011300114004003023167208
B2231113740834N12229795WA0011300114004003021171212
B2231123740831N12229794WA0011400114004003019171212
B2231133740829N12229794WA0011400114004003016173215
B2231143740826N12229793WA0011400114004003016175210
B2231153740824N12229793WA0011400114004003016177210
B2231163740821N12229793WA0011400114004003016179210
B2231173740819N12229793WA0011400115004003016179212
B2231183740817N12229793WA0011500115004003014177213
B2231193740815N12229793WA0011500115004003014178210
B2231203740813N12229793WA0011400115004003014185212
B2231213740810N12229793WA0011400115004003017188215
B2231223740807N12229794WA0011500116004003019186220
B2231233740804N12229794WA0011600116004003015181221
B2231243740802N12229794WA0011600117004003015177219
B2231253740800N12229794WA0011600117004003013178215
B2231263740798N12229794WA0011600116004003013182213
B2231273740796N12229795WA0011600116004003015183208
B2231283740793N12229795WA0011600116004003016181213
B2231293740791N12229795WA0011600117004003016175213
B2231303740788N12229794WA0011600117004003016174212
B2231313740786N12229794WA0011600116004003017177211
B2231323740783N12229794WA0011600116004003018178208
B2231333740780N12229794WA0011600117004003018175193
B2231343740777N12229793WA0011700117004003018169193
B2231353740775N12229793WA0011700117004003017160182
B2231363740772N12229791WA0011700117004003017156185
B2231373740769N12229789WA0011600117004003020152186
B2231383740762N12229784WA0011600116004003027144194
B2231393740759N12229781WA0011600116004003027143198
B2231403740756N12229778WA0011600116004003027142199
B2231413740753N12229775WA0011500116004003027142201
B2231423740749N12229771WA0011500115004003028143203
B2231433740746N12229768WA0011500115004003028144199
B2231443740743N12229765WA0011500116004003028145201
B2231453740739N12229763WA0011600116004003027145197
B2231463740736N12229760WA0011600116004003026146194
B2231473740733N12229757WA0011600117004003026147194
B2231483740730N12229754WA0011600117004003027146192
B2231493740726N12229752WA0011600117004003027148197
B2231503740723N12229749WA0011700117004003027149194
B2231513740719N12229747WA0011700118004003026150196
B2231523740716N12229744WA0011800118004003026152192
B2231533740712N12229742WA0011800119004003027153195
B2231543740709N12229740WA0011900119004003026154195
B2231553740705N12229738WA0012000121004003026157200
B2231563740702N12229737WA0012100122004003025158219
B2231573740699N12229735WA0012300123004003021165230
B2231583740696N12229735WA0012400123004003021179244
B2231593740694N12229736WA0012400124004003017201250
B2232003740693N12229737WA0012500125004003014227240
B2232013740692N12229739WA0012600125004003012244228
B2232023740691N12229741WA0012600126004003009253224
B2232033740691N12229742WA0012700127004003009248226
B2232043740690N12229744WA0012700127004003009242231
B2232053740690N12229746WA0012700126004003010243227
B2232063740689N12229748WA0012700127004003014247225
B2232073740688N12229751WA0012800128004003012248222
B2232083740687N12229753WA0012900129004003012248221
B2232093740687N12229755WA0012900129004003010245222
B2232103740686N12229756WA0012900129004003010243220
B2232113740685N12229758WA0012900129004003011239221
B2232123740684N12229761WA0012900129004003014238225
B2232133740683N12229763WA0012900129004003015243223
B2232143740682N12229766WA0012900129004003015248228
B2232153740681N12229768WA0012900130004003015248225
B2232163740681N12229770WA0012900130004003013246224
B2232173740680N12229773WA0012900130004003013248222
B2232183740679N12229775WA0012900129004003014254220
B2232193740679N12229778WA0012900129004003014258218
B2232203740678N12229781WA0012900130004003015257219
B2232213740678N12229783WA0013000130004003015252221
B2232233740677N12229785WA0013000131004003009238219
B2232243740676N12229786WA0013000130004003009228225
B2232253740675N12229787WA0013000130004003008223221
B2232263740674N12229788WA0012900129004003008224221
B2232273740673N12229789WA0012900129004003010223225
B2232283740672N12229791WA0012900129004003011224229
B2232293740671N12229792WA0012900129004003010221226
B2232303740670N12229793WA0012800129004003011217223
B2232313740668N12229795WA0012900129004003011209219
B2232323740667N12229795WA0012900129004003010200215
B2232333740666N12229796WA0012800129004003010189214
B2232343740664N12229796WA0012800129004003010182217
B2232353740662N12229796WA0012800128004003011176213
B2232363740659N12229796WA0012700127004003014177217
B2232373740657N12229796WA0012700127004003018180209
B2232383740654N12229796WA0012700128004003018182218
B2232393740652N12229796WA0012700128004003017183217
B2232403740650N12229796WA0012700128004003015180204
B2232413740648N12229796WA0012700127004003015177204
B2232423740645N12229795WA0012600127004003018172194
B2232433740642N12229795WA0012600127004003019168206
B2232443740639N12229794WA0012600127004003019162199
B2232453740636N12229792WA0012600127004003019159200
B2232463740633N12229791WA0012600126004003020157187
B2232473740630N12229789WA0012600126004003025156194
B2232483740626N12229787WA0012600127004003026152196
B2232493740623N12229784WA0012700127004003026148199
B2232503740620N12229782WA0012700128004003026149202
B2232513740617N12229780WA0012700128004003025153198
B2232523740614N12229778WA0012800128004003022156205
B2232533740611N12229777WA0012800128004003022157199
B2232543740608N12229775WA0012800128004003020157206
B2232553740605N12229774WA0012800128004003020158199
B2232563740602N12229772WA0012800128004003021157204
B2232573740599N12229771WA0012800128004003021159199
B2232583740596N12229769WA0012900129004003021159200
B2232593740594N12229768WA0012900129004003020159203
B2233003740591N12229767WA0012900129004003020158198
B2233013740588N12229766WA0012900129004003020157200
B2233023740585N12229764WA0012900129004003023153206
B2233033740582N12229761WA0012900129004003024150208
B2233043740579N12229759WA0012900129004003024152204
B2233053740576N12229758WA0012900129004003024159209
B2233063740573N12229757WA0013000130004003022165222
B2233073740570N12229756WA0013100131004003018168210
B2233083740567N12229755WA0013100131004003018169214
B2233093740565N12229755WA0013200132004003018165210
B2233103740562N12229754WA0013200132004003017161207
B2233113740560N12229753WA0013200132004003017162214
B2233123740557N12229752WA0013200132004003017173229
B2233133740555N12229752WA0013200132004003017186242
B2233143740553N12229753WA0013100132004003016205238
B2233153740552N12229754WA0013200132004003012221236
B2233163740551N12229755WA0013200132004003008234224
B2233173740551N12229756WA0013100131004003010229223
B2233183740549N12229758WA0013000130004003013219217
B2233193740548N12229759WA0013000131004003010199223
B2233203740546N12229759WA0013100131004003010168223
B2233213740545N12229759WA0013000130004003007179228
B2233223740544N12229759WA0012900129004003013205227
B2233233740542N12229760WA0012900130004003014206235
B2233243740541N12229761WA0012900131004003013183229
B2233253740540N12229761WA0012900131004003007135226
B2233263740539N12229760WA0012900130004003006173225
B2233273740537N12229761WA0012700127004003015210228
B2233283740535N12229763WA0012700128004003015217238
B2233293740534N12229764WA0012800129004003014197241
B2233303740534N12229764WA0012800128004003005197233
B2233313740534N12229764WA0012700127004003005223230
B2233323740533N12229765WA0012600124004003014228232
B2233333740531N12229768WA0012500125004003015229243
B2233343740530N12229769WA0012600127004003014229255
B2233353740531N12229768WA0012600128004003003229232
B2233363740531N12229768WA0012600127004003002229226
B2233373740531N12229768WA0012500126004003010246223
B2233383740528N12229773WA0012300125004003014215213
B2233393740526N12229774WA0012300125004003014176199
B2233403740524N12229773WA0012400126004003014154205
B2233413740522N12229771WA0012400125004003018147198
B2233423740519N12229769WA0012300124004003022151199
B2233433740515N12229767WA0012300123004003022156208
B2233443740512N12229765WA0012200123004003024162217
B2233453740509N12229765WA0012200123004003024169218
B2233463740506N12229764WA0012300123004003014172223
B2233473740505N12229764WA0012300124004003014175214
B2233483740503N12229764WA0012200123004003013173209
B2233493740501N12229763WA0012200123004003013173206
B2233503740498N12229763WA0012200123004003015174216
B2233513740496N12229763WA0012200122004003017175216
B2233523740493N12229763WA0012200122004003017175222
B2233533740491N12229762WA0012200122004003016174222
B2233543740488N12229762WA0012100122004003015176218
B2233553740486N12229762WA0012100122004003015179220
B2233563740484N12229762WA0012200123004003017184215
B2233573740482N12229763WA0012200123004003017189215
B2233583740480N12229763WA0012300123004003016189212
B2233593740478N12229764WA0012300124004003013188213
B2234003740476N12229764WA0012300123004003013185209
B2234013740473N12229764WA0012200122004003017185212
B2234023740471N12229765WA0012200122004003018188215
B2234033740468N12229765WA0012200122004003018187216
B2234043740465N12229766WA0012200122004003018184213
B2234053740463N12229766WA0012200122004003017182210
B2234063740460N12229766WA0012100122004003017179211
B2234073740458N12229766WA0012100121004003019181216
B2234083740455N12229766WA0012000120004003019181216
B2234093740452N12229766WA0012000120004003019177209
B2234103740449N12229765WA0012000120004003019165199
B2234113740446N12229764WA0011900120004003020155183
B2234123740444N12229762WA0011900119004003022153186
B2234133740440N12229760WA0011800118004003022156194
B2234143740436N12229758WA0011700117004003026158193
B2234153740433N12229756WA0011700117004003027159200
B2234163740429N12229754WA0011800118004003024157199
B2234173740426N12229753WA0011800118004003024156200
B2234183740423N12229751WA0011800118004003022156201
B2234193740420N12229749WA0011800118004003022159197
B2234203740417N12229748WA0011700117004003022161205
B2234213740414N12229747WA0011700117004003020162206
B2234223740411N12229746WA0011700117004003020163207
B2234233740409N12229745WA0011600116004003019162205
B2234243740406N12229743WA0011600116004003019158183
B2234253740403N12229741WA0011500115004003020150170
B2234263740400N12229739WA0011500115004003028141173
B2234273740396N12229735WA0011400115004003031136177
B2234293740393N12229730WA0011400114004003031131186
B2234303740389N12229724WA0011400115004003034126191
B2234313740386N12229719WA0011400115004003037125199
B2234323740383N12229713WA0011400115004003037126202
B2234333740380N12229708WA0011400115004003035129204
B2234343740377N12229704WA0011400115004003034131205
B2234353740373N12229699WA0011400115004003032134206
B2234363740370N12229695WA0011400115004003033135208
B2234373740366N12229691WA0011400115004003033136209
B2234383740363N12229687WA0011400116004003033140210
B2234393740360N12229684WA0011400116004003029151216
B2234403740357N12229683WA0011400115004003021161215
B2234413740354N12229682WA0011400115004003021171210
B2234423740351N12229682WA0011400115004003019176208
B2234433740348N12229682WA0011400115004003019175210
B2234443740345N12229681WA0011400115004003020172208
B2234453740342N12229681WA0011300114004003021169204
B2234463740339N12229680WA0011300114004003022169192
B2234473740335N12229679WA0011300114004003022165185
B2234483740332N12229677WA0011400114004003024156182
B2234493740329N12229674WA0011400115004003025146187
B2234503740325N12229671WA0011400115004003029140191
B2234513740322N12229667WA0011400115004003031139195
B2234523740318N12229663WA0011400114004003031138200
B2234533740314N12229659WA0011400114004003032138203
B2234543740311N12229655WA0011400114004003033138200
B2234553740307N12229651WA0011400114004003032141202
B2234563740303N12229648WA0011400114004003032144200
B2234573740299N12229644WA0011400114004003031146205
B2234583740296N12229642WA0011400114004003029147196
B2234593740292N12229639WA0011400114004003028146199
B2235003740289N12229636WA0011400114004003029144187
B2235013740285N12229632WA0011300114004003031140191
B2235023740282N12229628WA0011300113004003031137189
B2235033740278N12229624WA0011300113004003033136197
B2235043740274N12229619WA0011300113004003034134194
B2235053740271N12229614WA0011300113004003034130198
B2235063740268N12229609WA0011300113004003036127200
B2235073740264N12229603WA0011300113004003036125203
B2235083740261N12229597WA0011300113004003037126204
B2235093740257N12229592WA0011300114004003037128206
B2235103740254N12229587WA0011300114004003036128208
B2235113740251N12229582WA0011400115004003036131208
B2235123740247N12229578WA0011500115004003034144217
B2235133740244N12229577WA0011600116004003030167229
B2235143740241N12229578WA0011600116004003023208234
B2235153740241N12229580WA0011700116004003014262238
B2235163740242N12229583WA0011700117004003016314239
B2235173740244N12229584WA0011800117004003016350235
B2235183740248N12229584WA0011800118004003022000228
B2235193740251N12229584WA0011900119004003024003224
B2235203740255N12229584WA0012000119004003025003220
B2235213740259N12229583WA0012100120004003025000217
B2235223740262N12229584WA0012100121004003022343214
B2235233740262N12229586WA0012100120004003016280213
B2235243740261N12229588WA0012100120004003016219205
B2235253740258N12229589WA0012100121004003023187201
B2235263740254N12229588WA0012200122004003024168221
B2235273740251N12229587WA0012400125004003023161222
B2235283740249N12229586WA0012500126004003020164217
B2235293740247N12229586WA0012600126004003015182225
B2235303740245N12229586WA0012600126004003016189213
B2235313740242N12229587WA0012600126004003018190227
B2235323740239N12229588WA0012700126004003018189227
B2235333740236N12229588WA0012700127004003018189236
B2235343740233N12229590WA0012900128004003011213235
B2235353740232N12229591WA0013000129004003011227229
B2235363740231N12229593WA0013000129004003010234226
B2235373740230N12229595WA0013000130004003010233222
B2235383740229N12229596WA0013100130004003010229223
B2235393740228N12229598WA0013100130004003010228222
B2235403740227N12229599WA0013100130004003010226222
B2235413740226N12229600WA0013100131004003010226226
B2235423740225N12229602WA0013100131004003009229233
B2235433740224N12229603WA0013200131004003009233226
B2235443740223N12229604WA0013200132004003010228226
B2235453740222N12229605WA0013200132004003010210241
B2235463740221N12229606WA0013200132004003010194237
B2235473740220N12229607WA0013100131004003010203238
B2235483740218N12229608WA0013100131004003010225237
B2235493740218N12229609WA0013000130004003008246230
B2235503740218N12229611WA0013100131004003008267224
B2235513740218N12229612WA0013100131004003007267221
B2235523740218N12229613WA0013100131004003006256221
B2235533740217N12229613WA0013100131004003004243224
B2235543740217N12229614WA0013100131004003006227225
B2235553740216N12229615WA0013100131004003010227227
B2235563740215N12229617WA0013100131004003010225221
B2235573740214N12229618WA0013100131004003010225232
B2235583740213N12229619WA0013100131004003009230235
B2235593740212N12229621WA0013100131004003011239230
B2236003740211N12229623WA0013100131004003013245226
B2236013740211N12229625WA0013100131004003012246223
B2236023740210N12229627WA0013100131004003012239227
B2236033740209N12229628WA0013100132004003010226220
B2236043740208N12229630WA0013200132004003010225224
B2236053740207N12229631WA0013200132004003010224225
B2236063740206N12229632WA0013300133004003010227228
B2236073740205N12229633WA0013300133004003009224228
B2236083740204N12229634WA0013400133004003009221230
B2236093740203N12229636WA0013400134004003011219222
B2236103740202N12229637WA0013400134004003011220223
B2236113740200N12229638WA0013500134004003010219218
B2236123740199N12229639WA0013500135004003010215225
B2236133740198N12229640WA0013600135004003010213222
B2236143740197N12229641WA0013600136004003009213225
B2236153740196N12229642WA0013700136004003010209229
B2236163740194N12229643WA0013700136004003010205232
B2236173740193N12229644WA0013700136004003011200241
B2236183740191N12229645WA0013700137004003011201237
B2236193740190N12229645WA0013700137004003008212236
B2236203740189N12229646WA0013700137004003009235234
B2236213740189N12229648WA0013700137004003009252232
B2236223740189N12229650WA0013700137004003010275231
B2236233740189N12229652WA0013700137004003011290227
B2236243740190N12229654WA0013800138004003010301225
B2236253740191N12229656WA0013800138004003010302222
B2236263740191N12229657WA0013800138004003009298221
B2236273740192N12229658WA0013900138004003009296219
B2236283740193N12229660WA0013900139004003008304218
B2236293740193N12229661WA0013900138004003009311216
B2236303740195N12229663WA0013900138004003012313215
B2236313740196N12229664WA0013800138004003012304214
B2236323740196N12229666WA0013800138004003012286214
B2236343740196N12229668WA0013800137004003010273213
B2236353740197N12229670WA0013800138004003010270213
B2236363740197N12229672WA0013800138004003009269213
B2236373740197N12229674WA0013900138004003009271213
B2236383740197N12229675WA0013900139004003008277212
B2236393740197N12229677WA0013900139004003009280212
B2236403740197N12229679WA0014000140004003009280212
B2236413740197N12229680WA0014000140004003009275212
B2236423740197N12229682WA0014000140004003009270212
B2236433740197N12229683WA0014100140004003008260212
B2236443740197N12229685WA0014100140004003009262212
B2236453740197N12229687WA0014100141004003009265212
B2236463740197N12229689WA0014200141004003010270212
B2236473740197N12229691WA0014200142004003009279212
B2236483740197N12229692WA0014200142004003009297212
B2236493740198N12229693WA0014300142004003007311212
B2236503740199N12229694WA0014200142004003007309212
B2236513740200N12229696WA0014200142004003009308212
B2236523740201N12229698WA0014200142004003012309212
B2236533740202N12229700WA0014200142004003012311212
B2236543740203N12229701WA0014200141004003011307212
B2236553740204N12229703WA0014100141004003011302212
B2236563740205N12229705WA0014100141004003011299212
B2236573740206N12229707WA0014100141004003011298212
B2236583740207N12229708WA0014100141004003011296212
B2236593740207N12229710WA0014100141004003011296212
B2237003740208N12229712WA0014100141004003010293212
B2237013740209N12229713WA0014100141004003010289212
B2237023740209N12229715WA0014000140004003010291212
B2237033740210N12229717WA0014000140004003010293212
B2237043740210N12229719WA0014000140004003010301212
B2237053740211N12229720WA0014000140004003010308212
B2237063740212N12229722WA0014000140004003010307212
B2237073740213N12229723WA0013900140004003011304212
B2237083740214N12229725WA0013900140004003011302212
B2237093740215N12229727WA0013900140004003011302212
B2237103740216N12229729WA0013900140004003011312212
B2237113740217N12229730WA0013900140004003011322212
B2237123740219N12229731WA0013900139004003011312212
B2237133740220N12229733WA0013700137004003015296212
B2237143740220N12229736WA0013600135004003015288212
B2237153740221N12229740WA0013600135004003017284212
B2237163740221N12229742WA0013600136004003017285212
B2237173740222N12229744WA0013600136004003008304212
B2237183740223N12229745WA0013600136004003010328212
B2237193740225N12229746WA0013500135004003010329212
B2237203740226N12229748WA0013400134004003012319212
B2237213740228N12229750WA0013300133004003014305212
B2237223740229N12229752WA0013300132004003015291212
B2237233740229N12229755WA0013300133004003015279212
B2237243740229N12229756WA0013300133004003012269212
B2237253740229N12229757WA0013300134004003006272212
B2237263740229N12229758WA0013300133004003005299212
B2237273740230N12229759WA0013200132004003010299212
B2237283740230N12229761WA0013000132004003011287212
B2237293740231N12229763WA0013000131004003010278212
B2237303740231N12229764WA0012900131004003010271212
B2237313740231N12229765WA0012800130004003006280216
B2237323740231N12229766WA0012700129004003004277215
B2237333740231N12229767WA0012600127004003009249214
B2237343740230N12229769WA0012500127004003009232211
B2237353740228N12229770WA0012500127004003012207207
B2237363740226N12229771WA0012500126004003014175198
B2237373740223N12229770WA0012400126004003023161202
B2237383740216N12229764WA0012400126004003027145200
B2237393740213N12229761WA0012400126004003027143197
B2237403740210N12229758WA0012500126004003026144195
B2237413740206N12229756WA0012500126004003027145194
B2237423740203N12229753WA0012400126004003028145190
B2237433740199N12229749WA0012400125004003028144196
B2237443740196N12229746WA0012400125004003029143197
B2237453740192N12229743WA0012400125004003029144201
B2237463740189N12229740WA0012400125004003023148201
B2237473740186N12229739WA0012400125004003023153207
B2237483740184N12229737WA0012300124004003020157195
B2237493740181N12229736WA0012300124004003020158209
B2237503740178N12229735WA0012200123004003020160206
B2237513740175N12229733WA0012200122004003021161190
B2237523740172N12229732WA0012200122004003022157182
B2237533740169N12229730WA0012200122004003022149184
B2237543740166N12229727WA0012100122004003023143196
B2237553740163N12229724WA0012100121004003025143189
B2237563740159N12229721WA0012000121004003029144199
B2237573740156N12229718WA0012100121004003029147203
B2237583740153N12229716WA0012200122004003026150207
B2237593740150N12229714WA0012200123004003022151197
B2238003740148N12229712WA0012200123004003020149187
B2238013740145N12229710WA0012200123004003023148193
B2238023740142N12229708WA0012200123004003026149194
B2238033740139N12229705WA0012200123003003025146198
B2238043740136N12229703WA0012300123004003025146203
B2238053740133N12229701WA0012300123004003023149206
B2238063740130N12229699WA0012400123004003022155213
B2238073740127N12229697WA0012400124004003022160222
B2238083740124N12229697WA0012500125004003020171229
B2238093740123N12229697WA0012500125004003016192230
B2238103740122N12229697WA0012500125004003010216236
B2238113740121N12229698WA0012500125004003007222223
B2238123740120N12229699WA0012500124004003011215230
B2238133740119N12229701WA0012500124004003011209231
B2238143740117N12229702WA0012500125004003011207237
B2238153740116N12229703WA0012500125004003011210231
B2238163740115N12229704WA0012600125004003007216231
B2238173740114N12229704WA0012600125004003007232230
B2238183740114N12229705WA0012500125004003004232228
B2238193740114N12229706WA0012400124004003004274225
B2238203740115N12229707WA0012400124004003005272223
B2238213740115N12229709WA0012400124004003008277221
B2238223740115N12229710WA0012300124004003009279221
B2238233740115N12229712WA0012400124004003008285220
B2238243740116N12229713WA0012400125004003007294219
B2238253740116N12229714WA0012400125004003007313218
B2238263740117N12229715WA0012400124004003011309216
B2238273740118N12229717WA0012400124004003012308215
B2238283740120N12229719WA0012400124004003011315215
B2238293740121N12229720WA0012300124004003011317214
B2238303740122N12229721WA0012200123004003011316214
B2238313740123N12229723WA0012100122004003014318214
B2238323740125N12229725WA0012100121004003017321213
B2238333740127N12229727WA0012000120004003017327213
B2238343740129N12229728WA0012000120004003017327212
B2238353740131N12229730WA0011900119004003016318212
B2238363740132N12229732WA0011800118004003012297212
B2238373740132N12229734WA0011700117004003012275216
B2238383740132N12229736WA0011700117004003012252216
B2238403740131N12229737WA0011600116004003011220216
B2238413740129N12229738WA0011600116004003012195218
B2238423740127N12229739WA0011600116004003014180218
B2238433740125N12229738WA0011500115004003014175220
B2238443740123N12229738WA0011400114004003014173220
B2238453740121N12229738WA0011300113004003014175219
B2238463740118N12229737WA0011300113004003016177217
B2238473740116N12229737WA0011200113004003017179212
B2238483740113N12229737WA0011200113004003016178214
B2238493740112N12229737WA0011200112004003016172215
B2238503740110N12229736WA0011200112004003013166212
B2238513740108N12229736WA0011100111004003013157222
B2238523740106N12229734WA0011000111004003013145225
B2238533740105N12229734WA0011000110004003011159233
B2238543740104N12229734WA0010800108004003008193241
B2238553740103N12229734WA0010700108004003010234239
B2238563740102N12229736WA0010600107004003011254233
B2238573740102N12229738WA0010500106003003010259225
B2238583740102N12229740WA0010400106004003010237214
B2238593740101N12229741WA0010400105004003010199209
B2239003740099N12229741WA0010200104004003014181208
B2239013740096N12229741WA0010200104004003017175211
B2239023740094N12229741WA0010100103004003017173210
B2239033740091N12229740WA0010000101004003017170212
B2239043740088N12229740WA0009900100004003017171211
B2239053740086N12229739WA0009900100004003018170209
B2239063740083N12229738WA0009800099004003019169208
B2239073740080N12229737WA0009800098004003019163205
B2239083740078N12229736WA0009800098004003019162203
B2239093740075N12229735WA0009700097004003019161208
B2239103740072N12229734WA0009600097004003020164211
B2239113740069N12229733WA0009600096004003020169212
B2239123740066N12229732WA0009500096004003020171212
B2239133740063N12229732WA0009500096004003019171209
B2239143740061N12229731WA0009500096004003019167212
B2239153740058N12229730WA0009500096004003018167212
B2239163740055N12229730WA0009500096004003018168220
B2239173740053N12229729WA0009500096004003018171224
B2239183740050N12229729WA0009500095004003018173230
B2239193740048N12229729WA0009500095004003017183221
B2239203740046N12229729WA0009500095004003014187222
B2239213740044N12229730WA0009500095004003014186211
B2239223740042N12229730WA0009500095004003014185218
B2239233740039N12229730WA0009500095004003015181220
B2239243740037N12229730WA0009500095004003015178229
B2239253740035N12229730WA0009500096004003013175230
B2239263740033N12229730WA0009600096004003013171238
B2239273740032N12229729WA0009600096004003010173238
B2239283740031N12229729WA0009500096004003009177238
B2239293740029N12229729WA0009500095004003009187239
B2239303740028N12229730WA0009500095004003010190234
B2239313740026N12229730WA0009400095004003010189235
B2239323740025N12229730WA0009400094004003010191239
B2239333740023N12229731WA0009400094004003010188237
B2239343740020N12229731WA0009400094004003010182230
B2239353740019N12229731WA0009400094004003010187228
B2239363740017N12229731WA0009400095004003010186221
B2239373740016N12229731WA0009500095004003011183215
B2239383740014N12229731WA0009500096004003011171213
B2239393740012N12229731WA0009600096004003010164214
B2239403740011N12229730WA0009600096004003010163228
B2239413740010N12229730WA0009600095004003010172238
B2239423740009N12229730WA0009500095004003008206235
B2239433740008N12229731WA0009400094004003008220226
B2239443740007N12229732WA0009300094004003013206211
B2239453740004N12229733WA0009300093004003015189209
B2239463740002N12229733WA0009300094004003015173218
B2239473740000N12229733WA0009300094004003015167220
B2239483739998N12229732WA0009300094004003014168219
B2239493739996N12229732WA0009300093004003012171219
B2239503739994N12229731WA0009300093004003013174216
B2239513739992N12229731WA0009300093004003013175218
B2239523739990N12229731WA0009300093004003013172212
B2239533739988N12229730WA0009300093004003013168213
B2239543739986N12229730WA0009300093004003012170219
B2239553739985N12229730WA0009300093004003013172215
B2239563739982N12229729WA0009300093004003013172216
B2239573739980N12229729WA0009300093004003015168206
B2239583739978N12229728WA0009300093004003015165209
B2239593739976N12229727WA0009300094004003013157196
B2240003739974N12229726WA0009400094004003013153193
B2240013739972N12229725WA0009400093004003013153188
B2240023739970N12229724WA0009400093004003015154199
B2240033739968N12229722WA0009300093004003017158191
B2240043739964N12229721WA0009300092004003023161192
B2240053739961N12229719WA0009300092004003025160189
B2240063739957N12229718WA0009300092004003025153199
B2240073739954N12229715WA0009400093004003025148208
B2240083739951N12229713WA0009400094004003023149207
B2240093739949N12229711WA0009500094004003021155203
B2240103739946N12229710WA0009500095004003021155196
B2240113739943N12229708WA0009600095004003021147202
B2240123739941N12229706WA0009700096004003021140192
B2240133739938N12229703WA0009700097004003021136182
B2240143739935N12229699WA0009800097004003026134183
B2240153739932N12229696WA0009900098004003028135194
B2240163739929N12229692WA0010000099004003028135199
B2240173739926N12229688WA0010100100004003028137204
B2240183739923N12229685WA0010200101004003027139217
B2240193739921N12229683WA0010300102004003018146234
B2240203739919N12229682WA0010400103004003018172252
B2240213739919N12229683WA0010400102004003010260258
B2240223739919N12229685WA0010400103004003010306262
B2240233739921N12229688WA0010400103004003017337251
B2240243739925N12229689WA0010400105004003024352234
B2240253739928N12229689WA0010500106004003024354223
B2240263739931N12229690WA0010500105004003018341220
B2240273739932N12229691WA0010500105004003012308224
B2240283739932N12229693WA0010600105004003009272232
B2240293739932N12229695WA0010700106004003007262230
B2240303739932N12229695WA0010700107004003007266227
B2240313739932N12229696WA0010700107004003005266223
B2240323739932N12229696WA0010700107004003004294220
B2240333739933N12229698WA0010700106004003004276219
B2240343739933N12229699WA0010800107004003009261217
B2240353739932N12229701WA0010800107004003009244216
B2240363739932N12229702WA0010900108004003007235216
B2240373739931N12229703WA0011000109005003006232216
B2240383739931N12229703WA0010900109004003005252214
B2240393739931N12229704WA0010900109004003006269216
B2240403739931N12229706WA0011000109004003006259215
B2240413739931N12229707WA0011000109004003006214212
B2240423739929N12229707WA0011000109004003009188207
B2240433739926N12229707WA0011000110004003013172205
B2240443739924N12229706WA0011100111004003020162210
B2240463739921N12229705WA0011100111004003020158213
B2240473739918N12229704WA0011200111004003019162211
B2240483739915N12229703WA0011200112004003019166218
B2240493739912N12229702WA0011200112004003019168217
B2240503739910N12229701WA0011300112004003019169225
B2240513739907N12229701WA0011400113004003019168241
B2240523739905N12229701WA0011400113004003016184249
B2240533739904N12229702WA0011300113004003009223244
B2240543739903N12229703WA0011300113004003009253239
B2240553739903N12229705WA0011300113004003009284240
B2240563739904N12229706WA0011400114004003009316242
B2240573739906N12229708WA0011400113004003011337242
B2240583739910N12229709WA0011400113004003028351241
B2240593739915N12229709WA0011400113004003035005238
B2241003739921N12229707WA0011500114004003035016237
B2241013739926N12229704WA0011500115004003039027191
B2241023739931N12229699WA0011500115004003040037195
B2241033739936N12229694WA0011500115004003046043198
B2241043739942N12229687WA0011500115004003048045201
B2241053739947N12229680WA0011500114004003048047221
B2241063739952N12229673WA0011500114004003050048219
B2241073739957N12229666WA0011500114004003050049218
B2241083739961N12229658WA0011500114004003050048216
B2241093739967N12229652WA0011500114004003050042215
B2241103739972N12229647WA0011500114004003048027214
B2241113739978N12229645WA0011400113004003043011213
B2241123739983N12229646WA0011300112004003039352212
B2241133739986N12229647WA0011200112004003023338212
B2241143739988N12229649WA0011200112004003023332212
B2241153739990N12229650WA0011200112004003016332212
B2241163739991N12229651WA0011200112004003011328214
B2241173739992N12229652WA0011100111004003009305218
B2241183739992N12229653WA0011100110004003007255217
B2241193739991N12229655WA0011000109004003009227219
B2241203739990N12229656WA0011000110004003009210221
B2241213739989N12229657WA0011000110004003009205229
B2241223739988N12229657WA0011100110004003008187226
B2241233739986N12229657WA0011100110004003008164232
B2241243739985N12229656WA0011100110004003010158230
B2241253739984N12229655WA0011100109004003010164239
B2241263739982N12229655WA0011000109004003010173232
B2241273739981N12229655WA0011000109004003010186232
B2241283739980N12229655WA0010900108004003006194232
B2241293739979N12229655WA0010900108004003006200224
B2241303739979N12229656WA0010900108004003005200225
B2241313739978N12229656WA0010800108004003005194222
B2241323739977N12229656WA0010800107004003005195219
B2241333739977N12229656WA0010800107004003005193218
B2241343739976N12229657WA0010800106004003006192216
B2241353739975N12229657WA0010700106004003006185215
B2241363739974N12229657WA0010700106004003007178215
B2241373739972N12229657WA0010600106004003008174214
B2241383739970N12229657WA0010600105004003007187214
B2241393739970N12229657WA0010600105004003006193213
B2241403739969N12229657WA0010600105004003006196213
B2241413739968N12229658WA0010600105004003006203213
B2241423739968N12229658WA0010600105004003005205213
B2241433739967N12229659WA0010600105004003005211212
B2241443739967N12229659WA0010600106004003004211212
B2241453739966N12229659WA0010600106004003003211212
B2241463739966N12229660WA0010600106004003002211215
B2241473739966N12229660WA0010600105004003004211217
B2241483739965N12229660WA0010600105004003008176216
B2241493739964N12229660WA0010500105004003008161222
B2241503739962N12229659WA0010500105004003010162228
B2241513739960N12229658WA0010600105004003012169235
B2241523739959N12229659WA0010600106004003009188238
B2241533739958N12229659WA0010700106004003009216232
B2241543739957N12229660WA0010700106004003007233229
B2241553739956N12229661WA0010800107004003007236227
B2241563739956N12229662WA0010800108004003006242224
B2241573739956N12229663WA0010900108004003004251219
B2241583739956N12229664WA0010900108004003005255216
B2241593739955N12229665WA0010900108004003005249221
B2242003739955N12229666WA0010900109004003007239220
B2242013739954N12229667WA0011000109004003007223223
B2242023739953N12229668WA0011000109004003007204222
B2242033739952N12229668WA0011000109004003008199226
B2242043739951N12229669WA0011000109004003008196225
B2242053739949N12229669WA0011100110004003010189237
B2242063739948N12229669WA0011100111004003010177232
B2242073739947N12229669WA0011200111004003006183233
B2242083739946N12229670WA0011200111004003006207227
B2242093739946N12229671WA0011200112004003006226225
B2242103739945N12229671WA0011300112004003006218221
B2242113739944N12229672WA0011300112004003007214220
B2242123739943N12229673WA0011300113004003007222218
B2242133739942N12229674WA0011300113004003007240218
B2242143739942N12229675WA0011400114004003006258217
B2242153739942N12229677WA0011500114004003006258216
B2242163739942N12229678WA0011500114004003006248215
B2242173739941N12229679WA0011600114004003007256216
B2242183739942N12229680WA0011500115004003008290216
B2242193739943N12229682WA0011500115004003008313215
B2242203739944N12229683WA0011500115004003010317214
B2242213739945N12229685WA0011500115004003012314213
B2242223739946N12229687WA0011600115004003012308213
B2242233739947N12229688WA0011600115004003012297213
B2242243739947N12229690WA0011600115004003010260213
B2242253739946N12229691WA0011500115004003010209208
B2242263739944N12229691WA0011500114004003010180212
B2242273739942N12229691WA0011500115004003017159209
B2242283739940N12229689WA0011500115004003018142204
B2242293739938N12229686WA0011500116004003018135202
B2242303739936N12229684WA0011600116004003018139224
B2242313739934N12229682WA0011600116004003017158237
B2242323739932N12229682WA0011600115004003011191244
B2242333739931N12229683WA0011600115004003011229237
B2242343739930N12229685WA0011600116004003009242231
B2242353739930N12229686WA0011700116004003005242229
B2242363739930N12229686WA0011700116005003004239228
B2242373739930N12229687WA0011700116005003004274226
B2242383739930N12229688WA0011700117005003006288223
B2242393739930N12229689WA0011800117004003006275221
B2242403739930N12229691WA0011800117005003007263220
B2242413739930N12229692WA0011900118004003007262218
B2242423739930N12229693WA0011900118004003006268217
B2242433739930N12229694WA0011900119005003006280216
B2242443739930N12229695WA0011900118005003006299216
B2242453739931N12229697WA0011800118004003008303215
B2242463739932N12229699WA0011800118004003012300214
B2242473739934N12229702WA0011700118004003020299213
B2242483739935N12229705WA0011700119004003020304213
B2242493739937N12229707WA0011800119004003017314213
B2242503739938N12229708WA0011800119004003010327213
B2242523739940N12229709WA0011800119004003012331213
B2242533739942N12229710WA0011800118004003018337213
B2242543739945N12229712WA0011800118004003018346213
B2242553739950N12229712WA0011800117004003024000213
B2242563739955N12229711WA0011800117004003031012213
B2242573739960N12229708WA0011700117004003040021213
B2242583739966N12229705WA0011800118004003040024212
B2242593739971N12229702WA0011800118004003039027212
B2243003739976N12229698WA0011800118004003039030211
B2243013739981N12229693WA0011800118004003043035211
B2243023739987N12229688WA0011800118004003045042211
B2243033739991N12229682WA0011800117004003045044211
B2243043739996N12229675WA0011700117004003047046212
B2243053740001N12229668WA0011700117004003049048212
B2243063740006N12229661WA0011700117004003049051212
B2243073740010N12229654WA0011700117004003049053212
B2243083740014N12229646WA0011700117004003048054212
B2243093740019N12229639WA0011600116004003047052212
B2243103740023N12229632WA0011600116004003048048212
B2243113740028N12229626WA0011500116004003048037212
B2243123740034N12229622WA0011500115004003046025212
B2243133740040N12229620WA0011400114004003044013212
B2243143740045N12229620WA0011300113004003039002212
B2243153740050N12229620WA0011200112004003028349212
B2243163740053N12229622WA0011200111004003028336212
B2243173740056N12229624WA0011100112004003024324212
B2243183740058N12229626WA0011100111004003019307212
B2243193740058N12229628WA0011100111004003015287212
B2243203740059N12229630WA0011100111004003011277212
B2243213740059N12229632WA0011100111004003011271212
B2243223740058N12229634WA0011000111004003009258212
B2243233740058N12229635WA0011000111004003009248212
B2243243740057N12229637WA0011000111004003009236212
B2243253740057N12229638WA0011000111004003008213212
B2243263740055N12229639WA0011000111004003008195212
B2243273740054N12229639WA0011000110004003008191212
B2243283740053N12229639WA0010900109004003008208212
B2243293740052N12229640WA0010900109004003010223212
B2243303740051N12229642WA0010900108004003009235212
B2243313740050N12229643WA0010800108004003009243212
B2243323740050N12229644WA0010800108004003007240212
B2243333740049N12229645WA0010700107004003007235212
B2243343740049N12229646WA0010600107004003008234212
B2243353740048N12229648WA0010500106004003009243212
B2243363740047N12229649WA0010500105004003009251212
B2243373740047N12229651WA0010400105004003009244212
B2243383740047N12229652WA0010400105004003008244212
B2243393740046N12229654WA0010300104004003006289212
B2243403740047N12229655WA0010300103004003008295212
B2243413740048N12229657WA0010200103004003008315212
B2243423740050N12229658WA0010200103004003010345212
B2243433740053N12229658WA0010100102004003014000212
B2243443740057N12229658WA0010100101004003037011212
B2243453740063N12229655WA0010000100004003043017212
B2243463740069N12229652WA0009900099004003043024212
B2243473740076N12229648WA0009900099004003046033212
B2243483740082N12229642WA0009800099004003046036212
B2243493740087N12229637WA0009800098004003046037212
B2243503740093N12229632WA0009700098004003046036212
B2243513740098N12229626WA0009700097004003046035212
B2243523740104N12229621WA0009600097004003046036212
B2243533740109N12229616WA0009600097004003046037212
B2243543740115N12229611WA0009600096004003043034212
B2243553740120N12229607WA0009600096004003044031212
B2243563740126N12229603WA0009500095004003044029212
B2243573740132N12229598WA0009400094004003045028212
B2243583740138N12229595WA0009400094004003045028212
B2243593740143N12229591WA0009300093004003042027212
B2244003740149N12229588WA0009300093004003042024212
B2244013740155N12229585WA0009200092004003041021212
B2244023740160N12229582WA0009200092004003041019212
B2244033740166N12229580WA0009200092004003040018212
B2244043740171N12229578WA0009200092004003036017212
B2244053740176N12229576WA0009200092004003036014212
B2244063740181N12229575WA0009200092004003035011212
B2244073740186N12229574WA0009100092004003034008212
B2244083740191N12229573WA0009100092004003034006212
B2244093740196N12229573WA0009100091004003032003212
B2244103740200N12229572WA0009100091004003032001212
B2244113740205N12229572WA0009100091004003032359212
B2244123740210N12229572WA0009100091004003031358212
B2244133740215N12229573WA0009100091004003031359212
B2244143740219N12229573WA0009100092004003030358212
B2244153740224N12229573WA0009200092004003030353212
B2244163740228N12229574WA0009200092004003030348212
B2244173740232N12229575WA0009200093004003030344212
B2244183740237N12229577WA0009300094004003030344212
B2244193740241N12229578WA0009400095004003029346212
B2244203740245N12229580WA0009600096004003029346212
B2244213740248N12229581WA0009700098004003026346212
B2244223740252N12229582WA0009900099004003023346212
B2244233740255N12229583WA0009900100004003022347212
B2244243740258N12229584WA0009900099004003022343212
B2244253740261N12229585WA0010000100004003022335212
B2244263740263N12229587WA0010000100004003021326212
B2244273740265N12229589WA0010000100004003018317212
B2244283740267N12229592WA0010100100004003016304212
B2244293740268N12229594WA0010100101004003015296212
B2244303740268N12229597WA0010200102004003015280214
B2244313740268N12229598WA0010400103004003012228210
B2244323740266N12229599WA0010500104004003012191202
B2244333740263N12229599WA0010500105004003014169197
B2244343740261N12229597WA0010600105004003022155201
B2244353740257N12229595WA0010600106004003025147200
B2244363740254N12229592WA0010700107004003025141200
B2244373740251N12229588WA0010700107004003027140204
B2244383740248N12229585WA0010800107004003028140190
B2244393740244N12229582WA0010800107004003028142192
B2244403740241N12229579WA0010800107004003028142195
B2244413740238N12229575WA0010800108004003028141192
B2244423740234N12229572WA0010800108004003029139192
B2244433740230N12229568WA0010900108004003030136192
B2244443740227N12229563WA0010900108004003033136200
B2244453740223N12229559WA0010900109003003033139207
B2244463740220N12229556WA0011000110004003032142200
B2244473740216N12229553WA0011100111004003029147206
B2244483740213N12229551WA0011200112004003026148202
B2244493740210N12229548WA0011400113004003022147204
B2244503740208N12229546WA0011500115004003022149208
B2244513740205N12229545WA0011600116004003020154218
B2244523740203N12229544WA0011700117004003018158221
B2244533740201N12229543WA0011800118004003016162227
B2244543740199N12229542WA0011900119004003013163228
B2244553740197N12229542WA0012000120004003013169241
B2244563740197N12229542WA0012100121004003009192245
B2244583740196N12229543WA0012100121004003006240255
B2244593740196N12229544WA0012200122004003006278240
B2245003740197N12229545WA0012300124004003008307242
B2245013740198N12229546WA0012400125004003008322236
B2245023740199N12229548WA0012500125004003009322230
B2245033740201N12229550WA0012500126004003012312224
B2245043740202N12229552WA0012600126004003015300221
B2245053740203N12229555WA0012700127004003015293219
B2245063740204N12229557WA0012700128004003015292217
B2245073740205N12229560WA0012800128004003015292216
B2245083740206N12229563WA0012900129004003016284215
B2245093740206N12229566WA0013000129004003016272215
B2245103740206N12229568WA0013200131004003015256220
B2245113740205N12229570WA0013300131004003012242223
B2245123740205N12229571WA0013500133004003009234223
B2245133740204N12229572WA0013600135004003006238220
B2245143740204N12229573WA0013700135004003006249219
B2245153740204N12229574WA0013700135004003006266217
B2245163740203N12229575WA0013800136004003007265217
B2245173740203N12229577WA0013800137004003008257215
B2245183740203N12229579WA0013900137004003010257215
B2245193740203N12229580WA0013900138004003010268213
B2245203740203N12229582WA0014000139004003008281213
B2245213740203N12229583WA0014100140004003007263214
B2245223740203N12229584WA0014200141004003007241215
B2245233740202N12229586WA0014300142004003009237219
B2245243740201N12229587WA0014300142004003009236220
B2245253740200N12229588WA0014400142004003009235225
B2245263740199N12229590WA0014400143004003009226220
B2245273740199N12229591WA0014400143004003008219227
B2245283740198N12229591WA0014500144004003007216232
B2245293740197N12229592WA0014500144004003008218231
B2245303740196N12229593WA0014400144004003008221232
B2245313740195N12229595WA0014500144004003011223241
B2245323740194N12229596WA0014500144004003011221241
B2245333740193N12229597WA0014600145004003004197245
B2245343740192N12229597WA0014700145004003004197234
B2245353740191N12229596WA0014700145004003004133234
B2245363740191N12229596WA0014700145004003003133230
B2245373740191N12229597WA0014600145004003003133227
B2245383740191N12229597WA0014600145004003006277220
B2245393740191N12229599WA0014500144004003008267219
B2245403740190N12229601WA0014400144004003008248216
B2245413740189N12229603WA0014400143004003011238216
B2245423740189N12229604WA0014300143004003011241217
B2245433740188N12229606WA0014300142003003009258216
B2245443740189N12229608WA0014200141004003009287214
B2245453740189N12229609WA0014100140004003009267215
B2245463740188N12229611WA0013900140004003009229218
B2245473740187N12229612WA0013800140004003011215227
B2245483740186N12229614WA0013800139004003008234229
B2245493740185N12229615WA0013700139004003008280219
B2245503740184N12229616WA0013400136004003006200204
B2245513740182N12229616WA0013200133004003011180211
B2245523740178N12229616WA0013200133004003021176239
B2245533740176N12229616WA0013200134004003021180233
B2245543740174N12229616WA0013300134004003015184224
B2245553740173N12229616WA0013400135004003010171223
B2245563740172N12229616WA0013400134004003008162229
B2245573740171N12229616WA0013300133004003010180233
B2245583740169N12229616WA0013300132004003010207234
B2245593740169N12229618WA0013200132004003009239229
B2246003740169N12229619WA0013200132004003008262223
B2246013740168N12229620WA0013100132004003006256219
B2246023740168N12229621WA0013100132004003005221214
B2246033740167N12229621WA0013100132004003006220227
B2246043740167N12229622WA0013100132004003005231225
B2246053740167N12229623WA0013100132004003004231231
B2246063740166N12229623WA0013100132004003004227225
B2246073740166N12229624WA0013100132004003005220228
B2246083740165N12229624WA0013100131004003006232231
B2246093740165N12229625WA0013100132004003005249225
B2246103740165N12229626WA0013100132004003005267228
B2246113740165N12229627WA0013200132004003004267225
B2246123740165N12229627WA0013100131004003006250224
B2246133740164N12229629WA0013100131004003008251224
B2246143740164N12229631WA0013100131004003008263221
B2246153740164N12229632WA0013200132004003008278219
B2246163740164N12229633WA0013200132004003007292217
B2246173740165N12229635WA0013200132004003007290217
B2246183740165N12229636WA0013300133004003007276216
B2246193740165N12229637WA0013400133004003006229215
B2246203740164N12229637WA0013400133004003004197214
B2246213740163N12229637WA0013400134004003004189214
B2246223740163N12229637WA0013300133004003005237214
B2246233740162N12229639WA0013300133004003008265213
B2246243740163N12229640WA0013300133004003008283213
B2246253740163N12229642WA0013400133004003008296212
B2246263740163N12229643WA0013400134004003007277212
B2246273740163N12229644WA0013400134004003006195212
B2246283740162N12229644WA0013400134004003010190215
B2246293740160N12229644WA0013400133004003010199220
B2246303740158N12229645WA0013400133004003010215226
B2246313740157N12229646WA0013400133004003010237222
B2246323740157N12229647WA0013400133004003003237222
B2246333740158N12229647WA0013300133004003003237219
B2246343740158N12229648WA0013300132004003003296218
B2246353740158N12229649WA0013200132004003004277217
B2246363740158N12229650WA0013200132004003007272215
B2246373740158N12229652WA0013200133004003006273214
B2246383740158N12229652WA0013200133004003006269214
B2246393740158N12229653WA0013200133004003004269214
B2246403740158N12229653WA0013200132004003003269213
B2246413740157N12229654WA0013100132004003003230213
B2246423740157N12229654WA0013100131004003005238213
B2246433740156N12229655WA0013000131004003005240213
B2246443740156N12229656WA0013000130004003005255213
B2246453740156N12229657WA0012900130004003004276213
B2246463740156N12229657WA0012900129004003004293212
B2246473740157N12229659WA0012800129004003006297212
B2246483740157N12229660WA0012800129004003006296212
B2246493740158N12229661WA0012800128004003006309212
B2246503740159N12229662WA0012700128004003007322212
B2246513740161N12229663WA0012700128004003010332212
B2246523740163N12229664WA0012700127004003015340212
B2246533740165N12229665WA0012600128004003016344212
B2246543740167N12229666WA0012600128004003015344212
B2246553740170N12229667WA0012600127004003016340212
B2246563740172N12229668WA0012700127004003016336212
B2246573740174N12229669WA0012700127004003015335212
B2246583740176N12229670WA0012700128004003015338212
B2246593740178N12229671WA0012700128004003014340212
B2247003740179N12229672WA0012700127004003013336212
B2247013740181N12229673WA0012600127004003013332212
B2247023740183N12229674WA0012600127004003016330212
B2247043740186N12229676WA0012600127004003018335212
B2247053740188N12229677WA0012700127004003018340212
B2247063740191N12229678WA0012700128004003018339212
B2247073740193N12229679WA0012800128004003016332212
B2247083740195N12229681WA0012800128004003016328212
B2247093740197N12229683WA0012900129004003016330212
B2247103740200N12229684WA0013000130004003017336212
B2247113740202N12229685WA0013100131004003017337212
B2247123740204N12229686WA0013100132004003015337212
B2247133740206N12229687WA0013200132004003015336212
B2247143740208N12229689WA0013200132004003015329212
B2247153740210N12229691WA0013200132004003015319212
B2247163740211N12229692WA0013300133004003014309212
B2247173740212N12229694WA0013400134004003008296212
B2247183740213N12229695WA0013400134004003008284212
B2247193740213N12229696WA0013500134004003006289212
B2247203740213N12229697WA0013500134004003006282212
B2247213740213N12229699WA0013500134004003007272212
B2247223740213N12229701WA0013500135004003010266212
B2247233740213N12229703WA0013600136004003010268212
B2247243740213N12229704WA0013600136004003008273212
B2247253740213N12229705WA0013700137004003006273212
B2247263740213N12229706WA0013700137004003006270212
B2247273740213N12229708WA0013800138004003006266212
B2247283740213N12229709WA0013800139004003006268212
B2247293740213N12229710WA0013900139004003006276212
B2247303740214N12229711WA0013900139004003006286212
B2247313740214N12229713WA0013800138004003008287212
B2247323740215N12229715WA0013800138004003011289212
B2247333740215N12229717WA0013900139004003011290212
B2247343740216N12229718WA0013900139004003010295212
B2247353740216N12229719WA0013900139004003008306212
B2247363740217N12229720WA0013900139004003006303212
B2247373740217N12229721WA0013900139004003006297212
B2247383740217N12229723WA0013900139004003007283212
B2247393740218N12229724WA0013900139004003007268212
B2247403740217N12229725WA0013900139004003007260212
B2247413740217N12229726WA0013900139004003007258212
B2247423740217N12229727WA0013900139004003006274212
B2247433740217N12229728WA0013900140004003006292212
B2247443740218N12229729WA0014000140004003005310212
B2247453740218N12229729WA0014000140004003005309212
B2247463740218N12229730WA0013900139004003004280212
B2247473740218N12229731WA0013900139004003006268212
B2247483740218N12229733WA0013900139004003006272212
B2247493740219N12229734WA0013900139004003006280212
B2247503740219N12229735WA0013900139004003006278212
B2247513740219N12229736WA0013800139004003005266212
B2247523740219N12229738WA0013800138004003006276212
B2247533740219N12229739WA0013900139004003006280212
B2247543740219N12229740WA0013900139004003006271212
B2247553740219N12229741WA0013900139004003006256212
B2247563740218N12229742WA0014000140004003005246212
B2247573740218N12229743WA0014000140004003005266212
B2247583740219N12229744WA0014000140004003005296212
B2247593740219N12229746WA0014000140004003007299212
B2248003740220N12229747WA0014000140004003008296212
B2248013740221N12229748WA0014100140004003008298212
B2248023740221N12229750WA0014100140004003008297212
B2248033740221N12229751WA0014100141004003007299212
B2248043740222N12229752WA0014100141004003007302212
B2248053740223N12229753WA0014100141004003008302212
B2248063740223N12229754WA0014100141004003008301212
B2248073740224N12229756WA0014100141004003008288212
B2248083740224N12229757WA0014100141004003007273212
B2248093740224N12229758WA0014100142004003006266212
B2248103740224N12229758WA0014100142004003005266212
B2248113740224N12229759WA0014100141004003002266212
B2248123740224N12229759WA0014000141004003003266212
B2248133740224N12229760WA0014000140004003003286212
B2248143740224N12229761WA0013900139004003005290212
B2248153740225N12229762WA0013900139004003006317212
B2248163740226N12229763WA0013900139004003012341212
B2248173740229N12229764WA0013800138004003016347212
B2248183740231N12229765WA0013800138004003016346212
B2248193740234N12229765WA0013800138004003018345212
B2248203740237N12229766WA0013800138004003018349212
B2248213740239N12229766WA0013700138004003018355212
B2248223740242N12229767WA0013700137004003020359212
B2248233740245N12229767WA0013600137004003020000212
B2248243740249N12229766WA0013600137004003022003212
B2248253740253N12229766WA0013600136004003024005212
B2248263740257N12229765WA0013600136004003030008212
B2248273740262N12229764WA0013500136004003031010212
B2248283740266N12229763WA0013500136004003030011212
B2248293740271N12229762WA0013500136004003029011212
B2248303740275N12229761WA0013500136004003029011212
B2248313740279N12229759WA0013400135004003031013212
B2248323740284N12229758WA0013400135004003032015212
B2248333740288N12229756WA0013400135004003032019212
B2248343740293N12229753WA0013400135004003033022212
B2248353740298N12229751WA0013300134004003034022212
B2248363740303N12229748WA0013300134004003036021212
B2248373740308N12229746WA0013200133004003037021212
B2248383740313N12229743WA0013200133004003037021212
B2248393740318N12229741WA0013200133004003037022212
B2248403740323N12229739WA0013200133004003035021212
B2248413740327N12229737WA0013200133004003029013212
B2248423740331N12229737WA0013200132004003029000212
B2248433740334N12229738WA0013100131004003025343212
B2248443740336N12229739WA0013100131004003021315212
B2248453740337N12229741WA0013000131004003014267214
B2248463740336N12229742WA0013000131004003010216215
B2248473740334N12229743WA0013000131004003012180209
B2248483740332N12229742WA0013000131004003012160196
B2248493740329N12229740WA0012900131004003016147196
B2248503740326N12229737WA0012900130004003022138197
B2248513740322N12229733WA0012900129004003033134202
B2248523740319N12229728WA0012900129004003033132202
B2248533740316N12229724WA0012800129004003033132201
B2248543740313N12229719WA0012800129004003031132197
B2248553740310N12229715WA0012800129004003030131194
B2248563740306N12229711WA0012800129004003032129192
B2248573740303N12229705WA0012800129004003035126194
B2248583740300N12229700WA0012800129004003035124196
B2248593740297N12229694WA0012800129004003037120195
B2249003740294N12229687WA0012800129004003038117199
B2249013740292N12229680WA0012800129004003040114201
B2249023740290N12229673WA0012800129004003041111202
B2249033740287N12229666WA0012800129004003041110205
B2249043740285N12229658WA0012800129004003042111206
B2249053740283N12229651WA0012800129004003043112208
B2249063740280N12229644WA0012800129004003042113209
B2249073740278N12229636WA0012800129004003042113209
B2249083740275N12229629WA0012900130004003042116210
B2249103740272N12229622WA0012900130004003041117211
B2249113740269N12229616WA0013000131004003040118206
B2249123740266N12229609WA0013100132004003040120207
B2249133740263N12229604WA0013200133004003038124212
B2249143740261N12229600WA0013200133004003033130213
B2249153740257N12229596WA0013300134004003030140226
B2249163740255N12229594WA0013300134004003019156237
B2249173740253N12229594WA0013300134004003019177238
B2249183740252N12229594WA0013300134004003011220234
B2249193740252N12229595WA0013400135004003007233226
B2249203740251N12229596WA0013500136004003005234224
B2249213740251N12229597WA0013500136004003005234221
B2249223740251N12229597WA0013600136004003003234221
B2249233740251N12229598WA0013600136004003003269218
B2249243740251N12229600WA0013600136004003006272216
B2249253740251N12229601WA0013700138004003008272214
B2249263740251N12229602WA0013900140004003008265218
B2249273740250N12229603WA0014000141004003005225222
B2249283740249N12229604WA0014100142004003005209224
B2249293740249N12229604WA0014200143004003006214225
B2249303740248N12229605WA0014300143004003007224225
B2249313740247N12229606WA0014400143004003008230228
B2249323740246N12229608WA0014400144004003008239226
B2249333740246N12229609WA0014500145004003009251227
B2249343740246N12229611WA0014700147004003009269223
B2249353740246N12229612WA0014800148004003008279222
B2249363740246N12229614WA0014900149004003008287219
B2249373740247N12229615WA0015000150004003007290218
B2249383740247N12229616WA0015100151004003007282217
B2249393740247N12229618WA0015200152004003008279216
B2249403740247N12229620WA0015300154004003008284215
B2249413740248N12229621WA0015500155004003009285215
B2249423740248N12229623WA0015600155004003008281214
B2249433740248N12229624WA0015700157004003008270213
B2249443740248N12229625WA0015800157004003006259213
B2249453740248N12229626WA0015900157004003006258213
B2249463740248N12229627WA0015900158004003009252213
B2249473740247N12229629WA0016000159004003009253213
B2249483740247N12229631WA0016100160004003009262212
B2249493740247N12229632WA0016200162004003009280212
B2249503740247N12229633WA0016300162004003003280212
B2249513740248N12229633WA0016300162004003003280212
B2249523740248N12229635WA0016100160004003003260212
B2249533740247N12229639WA0016100161004003012281212
B2249543740248N12229641WA0016100162004003010292212
B2249553740248N12229643WA0016100162004003010285212
B2249563740248N12229644WA0016000161004003010271212
B2249573740248N12229646WA0016000160004003010270212
B2249583740249N12229649WA0015900160004003011282212
B2249593740249N12229651WA0015900160004003011291212
B2250003740250N12229653WA0015900160004003011289212
B2250013740250N12229654WA0015900160004003010278212
B2250023740250N12229656WA0015900159004003009276212
B2250033740251N12229658WA0015900159004003009283212
B2250043740251N12229660WA0015800159004003012290212
B2250053740252N12229662WA0015800159004003013291212
B2250063740252N12229665WA0015800159004003012281212
B2250073740252N12229667WA0015800159004003011265212
B2250083740252N12229669WA0015700158004003011267212
B2250093740252N12229671WA0015700158004003012280212
B2250103740253N12229673WA0015700157004003013286212
B2250113740253N12229675WA0015600157004003012284212
B2250123740254N12229677WA0015600157004003012283212
B2250133740254N12229680WA0015600157004003012283212
B2250143740255N12229682WA0015500156004003011287212
B2250153740255N12229683WA0015500156004003011287212
B2250163740255N12229686WA0015400156004003011282212
B2250173740256N12229688WA0015400155004003012273212
B2250183740256N12229690WA0015400155004003012266212
B2250193740256N12229692WA0015300155004003010265212
B2250203740256N12229694WA0015300155004003010268212
B2250213740256N12229696WA0015300155004003010271212
B2250223740256N12229698WA0015300155004003011272212
B2250233740256N12229701WA0015300154004003011269212
B2250243740256N12229702WA0015300154004003010266212
B2250253740255N12229705WA0015300154004003011264212
B2250263740255N12229707WA0015200153004003011262212
B2250273740255N12229709WA0015100153004003012261212
B2250283740255N12229711WA0015100153004003012259212
B2250293740254N12229714WA0015000152004003012258212
B2250303740254N12229716WA0015000152004003012257212
B2250313740253N12229718WA0014900152004003012255212
B2250323740253N12229720WA0014900151004003011250212
B2250333740252N12229722WA0014900151004003011244213
B2250343740251N12229724WA0014900151004003013237213
B2250353740250N12229726WA0014900151004003013232213
B2250363740249N12229728WA0014900152004003013234213
B2250373740248N12229730WA0015000152004003012237212
B2250383740247N12229732WA0015000152004003012236212
B2250393740246N12229734WA0015000152004003013236212
B2250403740245N12229736WA0015000152004003013233212
B2250413740244N12229737WA0014900151004003012235212
B2250423740243N12229739WA0014800150004003012242212
B2250433740242N12229741WA0014800150004003012245212
B2250443740241N12229744WA0014700149004003012241212
B2250453740240N12229746WA0014700149004003012235212
B2250463740239N12229747WA0014600148004003012226212
B2250473740238N12229749WA0014600148004003012219212
B2250483740236N12229750WA0014500147004003012222212
B2250493740235N12229752WA0014400146004003013225212
B2250503740234N12229754WA0014300145004003013222215
B2250513740232N12229755WA0014300144004003013215218
B2250523740230N12229757WA0014200144004003014210224
B2250533740228N12229758WA0014100144004003014213225
B2250543740227N12229760WA0014000143004003014217224
B2250553740225N12229761WA0014000143004003014218221
B2250563740223N12229763WA0013900142004003014218222
B2250573740222N12229764WA0013900141004003014216222
B2250583740220N12229766WA0013800140004003014218221
B2250593740218N12229768WA0013800140004003013220222
B2251003740217N12229769WA0013700139004003013217220
B2251013740215N12229771WA0013600138004003013216219
B2251023740214N12229772WA0013500137004003013223218
B2251033740213N12229774WA0013400137004003013235217
B2251043740212N12229777WA0013400136004003014242215
B2251053740211N12229779WA0013300136004003014242214
B2251063740210N12229781WA0013200135004003014234213
B2251073740208N12229783WA0013200135004003013227213
B2251083740207N12229785WA0013200134004003013229213
B2251093740206N12229786WA0013100134004003011240213
B2251103740205N12229788WA0013100133004003012237213
B2251113740204N12229790WA0013000133004003012227213
B2251123740203N12229792WA0013000132004003013224213
B2251133740202N12229794WA0012900132004003013254213
B2251143740202N12229796WA0012800131004003014302213
B2251163740204N12229798WA0012800130004003018323213
B2251173740207N12229800WA0012700129004003018330212
B2251183740209N12229801WA0012700128004003019334212
B2251193740212N12229803WA0012600127004003023339212
B2251203740216N12229804WA0012500126004003025340212
B2251213740220N12229806WA0012300125004003025339212
B2251223740223N12229808WA0012200124004003026338212
B2251233740228N12229810WA0012200124004003028343212
B2251243740232N12229811WA0012100123004003029350212
B2251253740236N12229811WA0012000122004003029355212
B2251263740241N12229812WA0012000121004003030355212
B2251273740246N12229813WA0011800120004003031349212
B2251283740251N12229814WA0011800119004003033348212
B2251293740256N12229815WA0011700118004003033353212
B2251303740261N12229815WA0011700118004003033000212
B2251313740266N12229814WA0011700118004003034004212
B2251323740271N12229814WA0011600117004003034007212
B2251333740276N12229813WA0011600116004003038006212
B2251343740282N12229812WA0011500115004003040004212
B2251353740288N12229812WA0011400115004003040002212
B2251363740294N12229811WA0011400115004003040002212
B2251373740299N12229811WA0011300115004003038004212
B2251383740305N12229810WA0011300114004003035007212
B2251393740310N12229809WA0011200113004003036006212
B2251403740316N12229809WA0011100112004003036003212
B2251413740321N12229809WA0011000110004003037001212
B2251423740327N12229808WA0010900110004003040001212
B2251433740334N12229808WA0010900110004003040002212
B2251443740339N12229808WA0011000111004003040003212
B2251453740345N12229807WA0011000111004003038003212
B2251463740350N12229807WA0011000111004003037001212
B2251473740355N12229807WA0011000111004003035358212
B2251483740361N12229808WA0010900110004003035357212
B2251493740366N12229808WA0010900110004003035357212
B2251503740371N12229808WA0010900110004003034002212
B2251513740376N12229807WA0010800109004003034009212
B2251523740382N12229805WA0010700107003003036011212
B2251533740388N12229804WA0010600106004003040007212
B2251543740393N12229804WA0010600106004003040003212
B2251553740399N12229803WA0010600106004003040004212
B2251563740405N12229802WA0010600106004003039007212
B2251573740416N12229800WA0010600107004003033006212
B2251583740420N12229800WA0010700108004003033001212
B2251593740425N12229800WA0010700108004003031356212
B2252003740429N12229801WA0010700108004003031355212
B2252013740434N12229801WA0010700108004003031356212
B2252023740439N12229801WA0010700108004003033000212
B2252033740444N12229801WA0010800109004003035004212
B2252043740450N12229800WA0010800109004003035006212
B2252053740455N12229799WA0010900109004003035012212
B2252063740460N12229798WA0010800109004003034014212
B2252073740465N12229796WA0010800108004003035013212
B2252083740470N12229795WA0010700107004003037010212
B2252093740476N12229793WA0010700107004003037008212
B2252103740481N12229793WA0010600107004003037006212
B2252113740486N12229792WA0010500106004003036001212
B2252123740491N12229793WA0010400106004003031357212
B2252133740495N12229793WA0010300104004003033356212
B2252143740501N12229793WA0010100102004003033355212
B2252153740506N12229794WA0010000101004003036354212
B2252163740511N12229795WA0009900100004003036351212
B2252173740516N12229796WA0009900100004003033349212
B2252183740521N12229797WA0009800099004003033351212
B2252193740526N12229798WA0009800099004003032353212
B2252203740531N12229799WA0009700098004003032352212
B2252213740535N12229800WA0009600096004003033349212
B2252223740540N12229801WA0009500096004003033346212
B2252233740545N12229803WA0009500096004003033346212
B2252243740550N12229804WA0009400096004003032351212
B2252253740555N12229804WA0009400096004003032359212
B2252263740560N12229804WA0009400095004003034007212
B2252273740566N12229802WA0009300094004003038010212
B2252283740571N12229801WA0009200093004003039010212
B2252293740578N12229799WA0009000091004003039011212
B2252303740584N12229797WA0008900090004003042012212
B2252313740591N12229795WA0008800089004003044013212
B2252323740597N12229793WA0008800089004003045014212
B2252333740604N12229791WA0008700089004003045014212
B2252343740610N12229789WA0008600088004003044014212
B2252353740616N12229787WA0008600087004003043014212
B2252363740622N12229785WA0008500087004003043014212
B2252373740629N12229783WA0008400086004003042012212
B2252383740635N12229781WA0008400085004003043010212
B2252393740642N12229780WA0008300084004003043009212
B2252403740648N12229779WA0008300084004003044010212
B2252413740655N12229777WA0008300084004003044011212
B2252423740661N12229775WA0008300084004003043012212
B2252433740667N12229774WA0008300084004003043012212
B2252443740673N12229772WA0008300084004003041012212
B2252453740679N12229770WA0008300084004003041011212
B2252463740685N12229769WA0008300085004003041009212
B2252473740691N12229768WA0008400085004003040003212
B2252483740697N12229768WA0008500086004003040000212
B2252493740703N12229768WA0008600087004003038000212
B2252503740709N12229768WA0008600087004003038358212
B2252513740714N12229769WA0008700088004003037350212
B2252523740719N12229771WA0008700087004003037343212
B2252533740725N12229773WA0008700087004003039346212
B2252543740731N12229774WA0008800088004003039354212
B2252553740737N12229773WA0008900089004003039003212
B2252563740742N12229773WA0008900090004003039004212
B2252573740748N12229773WA0009000091004003038001212
B2252583740754N12229773WA0009000091004003038358212
B2252593740759N12229773WA0009100091004003038356212
B2253003740765N12229774WA0009100091004003038355212
B2253013740770N12229774WA0009100092004003037355212
B2253023740776N12229775WA0009200092004003036354212
B2253033740781N12229775WA0009200093004003036353212
B2253043740786N12229777WA0009300093004003036351212
B2253053740792N12229778WA0009400094004003036350212
B2253063740797N12229779WA0009500094004003037352212
B2253073740803N12229780WA0009600095004003037351212
B2253083740808N12229781WA0009700096004003037351212
B2253093740814N12229782WA0009800096004003036349212
B2253103740819N12229783WA0009800097004003036349212
B2253113740824N12229784WA0009900098004003037354212
B2253123740830N12229785WA0009900098004003035356212
B2253133740835N12229785WA0009900098004003035354212
B2253143740840N12229786WA0009900098004003035351212
B2253153740846N12229787WA0009900097004003035351212
B2253163740852N12229788WA0009900098004003038354212
B2253173740858N12229788WA0010000098004003041357212
B2253183740864N12229789WA0010000099004003041359212
B2253193740869N12229789WA0010100100004003038359212
B2253203740875N12229789WA0010100100004003036000212
B2253223740880N12229789WA0010100100004003038359212
B2253233740886N12229789WA0010100100004003040358212
B2253243740892N12229789WA0010100101004003040000212
B2253253740898N12229789WA0010200101004003040002212
B2253263740903N12229788WA0010200102004003038002212
B2253273740909N12229788WA0010200102004003037003212
B2253283740915N12229787WA0010200102004003038003212
B2253293740920N12229787WA0010200101004003038001212
B2253303740926N12229787WA0010200101004003038359212
B2253313740932N12229787WA0010200101004003039358212
B2253323740938N12229787WA0010200102004003038000212
B2253333740943N12229787WA0010200102004003038002212
B2253343740948N12229787WA0010300102004003036001212
B2253353740954N12229787WA0010200101004003035358212
B2253363740959N12229788WA0010100100004003035355212
B2253373740964N12229788WA0010100099004003036354212
B2253383740970N12229789WA0010000099004003036353212
B2253393740975N12229790WA0009900098004003035354212
B2253403740980N12229790WA0009900098004003034354212
B2253413740985N12229791WA0010000098004003034352212
B2253423740990N12229792WA0010000099004003034353212
B2253433740995N12229792WA0010000100004003034356212
B2253443740999N12229793WA0010100100004003032355212
B2253453741003N12229794WA0010100100004003028351212
B2253463741007N12229795WA0010100100004003028346212
B2253473741011N12229796WA0010100100004003030345212
B2253483741016N12229798WA0010100100004003030342212
B2253493741019N12229800WA0010100101004003029338212
B2253503741023N12229801WA0010100101004003026340212
B2253513741027N12229803WA0010100101004003026344212
B2253523741031N12229804WA0010200101004003030346212
B2253533741035N12229805WA0010200101004003030345212
B2253543741040N12229807WA0010300102004003030342212
B2253553741043N12229809WA0010400104004003028337212
B2253563741047N12229811WA0010500105004003026335212
B2253573741050N12229813WA0010600105004003022335212
B2253583741054N12229817WA0010700106004003019308212
B2253593741054N12229819WA0010700105004003014273212
B2254003741054N12229822WA0010600105004003014259212
B2254013741053N12229825WA0010600105004003016261212
B2254023741053N12229828WA0010600105004003016255212
B2254033741052N12229830WA0010600105004003014237213
B2254043741051N12229832WA0010600105004003013227213
B2254053741050N12229834WA0010600105004003013236213
B2254063741049N12229836WA0010500104004003014248213
B2254073741048N12229839WA0010400103004003017249214
B2254083741047N12229842WA0010300103004003017238218
B2254093741045N12229844WA0010200103004003019224220
B2254103741043N12229847WA0010200103004003019229225
B2254113741042N12229849WA0010200103004003016262224
B2254123741043N12229852WA0010200102004003017285223
B2254133741043N12229855WA0010200102004003017295221
B2254143741045N12229858WA0010100101004003017309221
B2254153741048N12229861WA0010000100004003019325221
B2254163741052N12229863WA0009900099004003031340220
B2254173741057N12229864WA0009800098004003034350218
B2254183741062N12229864WA0009800098004003034358217
B2254193741067N12229864WA0009700098004003034001216
B2254203741072N12229863WA0009600097004003035005216
B2254213741078N12229862WA0009500095004003040008215
B2254223741085N12229861WA0009400094004003043011214
B2254233741091N12229859WA0009300093004003043013214
B2254243741097N12229857WA0009300093004003043013213
B2254253741103N12229855WA0009200092004003043012213
B2254263741109N12229854WA0009100092004003040011213
B2254273741115N12229852WA0009000090004003041011213
B2254283741121N12229850WA0008900089004003041012213
B2254293741128N12229848WA0008900089004003044015212
B2254303741134N12229846WA0008800090004003045016212
B2254313741141N12229844WA0008800090004003042017212
B2254323741146N12229841WA0008800090004003042015212
B2254333741152N12229840WA0008800089004003041012212
B2254343741159N12229838WA0008800088004003041011212
B2254353741165N12229836WA0008800089004003045013212
B2254363741172N12229834WA0008900090004003046014212
B2254373741178N12229832WA0009000092004003046012212
B2254383741184N12229831WA0009200094004003042007212
B2254393741189N12229830WA0009300096004003036003212
B2254403741193N12229830WA0009500095004003032356212
B2254413741197N12229831WA0009500095004003027345212
B2254423741201N12229833WA0009500095004003027334212
B2254433741204N12229836WA0009500095004003027327212
B2254443741208N12229838WA0009600096004003027325212
B2254453741210N12229841WA0009700098004003024325212
B2254463741213N12229843WA0009800098004003018329212
B2254473741215N12229844WA0009900099004003018333212
B2254483741217N12229846WA0010000100004003017339212
B2254493741219N12229847WA0010100100004003017340212
B2254503741222N12229848WA0010100101004003018334212
B2254513741224N12229850WA0010200102004003019330212
B2254523741227N12229851WA0010300102004003019328212
B2254533741228N12229853WA0010400103004003019323212
B2254543741230N12229855WA0010400104004003016321212
B2254553741232N12229857WA0010500104004003016315212
B2254563741234N12229860WA0010500104004003020311212
B2254573741236N12229863WA0010500105004003023317212
B2254583741239N12229865WA0010600106004003023327212
B2254593741243N12229867WA0010700107004003024336212
B2255003741246N12229869WA0010800108004003024341212
B2255013741250N12229870WA0010900108004003026345212
B2255023741254N12229871WA0010900109004003028349212
B2255033741258N12229872WA0011100110004003027352212
B2255043741262N12229873WA0011200111004003027354212
B2255053741266N12229873WA0011200111004003027353212
B2255063741270N12229874WA0011100110004003028348212
B2255073741275N12229876WA0011100109004003033345212
B2255083741280N12229877WA0011100110004003033347212
B2255093741285N12229878WA0011200110004003033351212
B2255103741289N12229879WA0011300112004003032353212
B2255113741294N12229880WA0011300112004003030352212
B2255123741298N12229881WA0011300112004003032348212
B2255133741303N12229882WA0011300111004003032346212
B2255143741308N12229884WA0011400112004003034347212
B2255153741313N12229885WA0011500113004003034352212
B2255163741318N12229885WA0011600115004003030357212
B2255173741322N12229885WA0011600115004003030359212
B2255183741327N12229885WA0011500114004003030356212
B2255193741332N12229886WA0011500113004003034353212
B2255203741338N12229887WA0011400113004003037349212
B2255213741343N12229888WA0011400114004003034348212
B2255223741348N12229889WA0011400114004003034350212
B2255233741352N12229890WA0011500115004003031352212
B2255243741357N12229891WA0011500115004003030349212
B2255253741361N12229892WA0011500114004003028343212
B2255263741365N12229894WA0011500114004003029337212
B2255283741369N12229897WA0011500114004003029336212
B2255293741373N12229898WA0011500115004003029340212
B2255303741377N12229900WA0011500115004003029346212
B2255313741381N12229901WA0011600115004003031353212
B2255323741386N12229901WA0011600116004003033000212
B2255333741392N12229901WA0011700116004003033007212
B2255343741398N12229899WA0011600115004003039010212
B2255353741405N12229898WA0011600115004003044008212
B2255363741411N12229897WA0011600115004003044007212
B2255373741417N12229895WA0011700116004003043008212
B2255383741423N12229894WA0011700116004003041011212
B2255393741429N12229893WA0011800117004003040012212
B2255403741435N12229891WA0011900117004003037007212
B2255413741440N12229891WA0011900117004003037000212
B2255423741446N12229891WA0011900117004003037358212
B2255433741451N12229891WA0012000119004003038001212
B2255443741457N12229891WA0012100120004003038004212
B2255453741462N12229890WA0012200122004003033004212
B2255463741467N12229890WA0012300123004003033003212
B2255473741471N12229890WA0012400124004003031000212
B2255483741476N12229890WA0012400124004003030355212
B2255493741480N12229891WA0012400123004003030348212
B2255503741485N12229893WA0012400123004003032343212
B2255513741489N12229894WA0012500124004003032341212
B2255523741493N12229896WA0012500125004003030342212
B2255533741497N12229898WA0012600126004003028345212
B2255543741501N12229899WA0012700127004003026346212
B2255553741505N12229900WA0012800127004003027345212
B2255563741509N12229901WA0012800127004003028344212
B2255573741513N12229903WA0012800127004003028343212
B2255583741517N12229904WA0012800128004003028345212
B2255593741521N12229906WA0012800128004003028346212
B2256003741525N12229907WA0012800128004003027346212
B2256013741529N12229908WA0012800128004003028342212
B2256023741533N12229910WA0012800128004003028341212
B2256033741541N12229913WA0012800128004003027339212
B2256043741544N12229915WA0012800128004003024341212
B2256053741548N12229916WA0012700127004003025341212
B2256063741551N12229918WA0012700127004003025341212
B2256073741555N12229919WA0012600127004003025340212
B2256083741559N12229921WA0012600126004003027339212
B2256093741563N12229923WA0012600126004003027339212
B2256103741567N12229924WA0012600126004003027342212
B2256113741570N12229926WA0012500126004003026343212
B2256123741574N12229927WA0012500126004003026342212
B2256133741578N12229929WA0012500126004003026339212
B2256143741581N12229931WA0012600126004003025332212
B2256153741585N12229933WA0012600126004003025327212
B2256163741587N12229936WA0012700127004003024329212
B2256173741590N12229937WA0012800128004003022337212
B2256183741594N12229939WA0012800128004003022338212
B2256193741597N12229941WA0012800128004003023332212
B2256203741599N12229943WA0012800128004003023324212
B2256213741602N12229946WA0012900128004003023324212
B2256223741605N12229948WA0012900129004003022331212
B2256233741608N12229949WA0012900129004003022337212
B2256243741611N12229951WA0012900129004003020336212
B2256253741614N12229953WA0012900129004003020329212
B2256263741617N12229955WA0012900128004003020325212
B2256273741619N12229957WA0012800128004003021327212
B2256283741622N12229959WA0012800128004003021331212
B2256293741625N12229961WA0012800128004003022334212
B2256303741628N12229963WA0012800128004003022334212
B2256313741631N12229964WA0012800128004003022331212
B2256323741634N12229967WA0012800128004003022329212
B2256333741637N12229969WA0012700128004003022331212
B2256343741640N12229971WA0012700127004003022332212
B2256353741643N12229973WA0012700127004003022332212
B2256363741646N12229975WA0012700127004003022333212
B2256373741649N12229976WA0012600126004003023334212
B2256383741652N12229978WA0012600126004003024334212
B2256393741655N12229980WA0012500125004003025334212
B2256403741659N12229982WA0012500125004003026336212
B2256413741663N12229984WA0012500125004003026339212
B2256423741666N12229986WA0012500125004003026341212
B2256433741670N12229987WA0012400125004003026339212
B2256443741673N12229989WA0012400124004003025338212
B2256453741677N12229991WA0012400124004003026339212
B2256463741681N12229992WA0012300123004003026341212
B2256473741685N12229994WA0012300123004003027341212
B2256483741689N12229996WA0012200122004003028342212
B2256493741693N12229997WA0012200121004003028342212
B2256503741697N12229999WA0012100121004003028343212
B2256513741701N12230000WA0012000120004003028342212
B2256523741705N12230002WA0012000119004003028342212
B2256533741709N12230003WA0011900118004003028345212
B2256543741713N12230004WA0011800117004003029346212
B2256553741718N12230006WA0011700116004003029346212
B2256563741722N12230007WA0011500114004003029345212
B2256573741727N12230009WA0011400113004003030344212
B2256583741731N12230010WA0011300112004003030345212
B2256593741735N12230011WA0011200112004003029348212
B2257003741739N12230012WA0011200111004003029351212
B2257013741744N12230013WA0011100110004003029353212
B2257023741748N12230013WA0011000109004003028353212
B2257033741752N12230014WA0010800109004003028352212
B2257043741756N12230015WA0010700107004003029351212
B2257053741761N12230015WA0010600105004003030353212
B2257063741766N12230016WA0010400104004003030355212
B2257073741770N12230016WA0010300102004003030356212
B2257083741774N12230017WA0010100101004003030356212
B2257093741779N12230017WA0010000099004003029355212
B2257103741783N12230017WA0009800098004003030355212
B2257113741788N12230018WA0009600096004003030354212
B2257123741793N12230018WA0009500095004003032354212
B2257133741798N12230019WA0009400094004003033356212
B2257143741803N12230019WA0009300093004003032356212
B2257153741807N12230020WA0009300092004003032355212
B2257163741812N12230020WA0009200091004003030352212
B2257173741816N12230021WA0009100091004003030352212
B2257183741821N12230022WA0009000091004003030354212
B2257193741825N12230022WA0009000091004003027352212
B2257203741829N12230023WA0008900090004003027346212
B2257213741832N12230024WA0008900089004003024341212
B2257223741835N12230026WA0008800088004003021344212
B2257233741838N12230026WA0008700087004003021351212
B2257243741842N12230027WA0008600086004003027356212
B2257253741846N12230027WA0008600087004003027357212
B2257263741850N12230027WA0008700087004003026000212
B2257273741853N12230027WA0008700087004003024006212
B2257283741857N12230026WA0008700086004003024009212
B2257293741861N12230025WA0008600085004003025007212
B2257303741864N12230025WA0008600084004003025003212
B2257313741868N12230025WA0008500083004003025003212
B2257323741871N12230024WA0008300082004003023007212
B2257343741875N12230023WA0008200081004003024009212
B2257353741879N12230022WA0008100080004003028011212
B2257363741883N12230021WA0008000079004003028017212
B2257373741888N12230018WA0007900077004003032032212
B2257383741892N12230012WA0007700076004003038050212
B2257393741896N12230004WA0007600074004003050066212
B2257403741897N12229994WA0007400072004003052081212
B2257413741898N12229985WA0007300071004003050091212
B2257423741897N12229976WA0007200071004003049095212
B2257433741896N12229968WA0007100070004003045097212
B2257443741895N12229960WA0007000069004003042103212
B2257453741892N12229953WA0006900067004003042115210
B2257463741890N12229946WA0006800067004003042131210
B2257473741885N12229942WA0006700066004003040142215
B2257483741882N12229939WA0006700066004003034151219
B2257493741878N12229937WA0006700067004003025155225
B2257503741875N12229935WA0006700067004003025158219
B2257513741871N12229934WA0006700067004003024160215
B2257523741868N12229933WA0006700067004003024160213
B2257533741864N12229931WA0006800067004003024161234
B2257543741861N12229930WA0006900068004003022166236
B2257553741858N12229930WA0006900068004003022174241
B2257563741855N12229930WA0007000068004003019183231
B2257573741853N12229930WA0007100069004003017191234
B2257583741851N12229931WA0007200069004003015196231
B2257593741849N12229932WA0007200070004003012201229
B2258003741847N12229933WA0007200070004003012211227
B2258013741846N12229934WA0007200070004003011222223
B2258023741845N12229935WA0007200070004003010223219
B2258033741844N12229936WA0007200071004003010219217
B2258043741841N12229939WA0007200070004003012213216
B2258053741840N12229940WA0007200070004003012215215
B2258063741839N12229942WA0007200070004003012218215
B2258073741837N12229943WA0007200070004003012220214
B2258083741836N12229944WA0007200070004003012217217
B2258093741834N12229946WA0007100070004003012211215
B2258103741832N12229947WA0007200071004003012204220
B2258113741830N12229948WA0007200071004003014201223
B2258123741828N12229949WA0007200071004003015195227
B2258133741826N12229949WA0007200071004003015194224
B2258143741824N12229950WA0007300067004003015196221
B2258153741822N12229951WA0007300068004003014198222
B2258163741820N12229952WA0007400068004003014195225
B2258173741817N12229952WA0007400068004003015192225
B2258183741815N12229953WA0007400069004003015187231
B2258193741813N12229953WA0007400069004003015185231
B2258203741811N12229953WA0007400069004003015183226
B2258213741808N12229954WA0007400069004003016180225
B2258223741805N12229953WA0007500069004003018171226
B2258233741802N12229952WA0007500070004003020167229
B2258243741799N12229952WA0007500070004003020170228
B2258253741796N12229951WA0007500070004003020174232
B2258263741794N12229951WA0007500070004003019173226
B2258273741791N12229951WA0007500070004003018173229
B2258283741788N12229950WA0007500069004003019176226
B2258293741785N12229950WA0007500069004003020181229
B2258303741782N12229951WA0007500069004003020182221
B2258313741779N12229951WA0007500069004003021179216
B2258323741776N12229950WA0007500069004003021172207
B2258333741773N12229950WA0007500069004003022168210
B2258343741770N12229949WA0007400069004003022168215
B2258353741766N12229948WA0007300067004003022168214
B2258363741763N12229947WA0007300067004003023169206
B2258373741759N12229946WA0007200066004003024167210
B2258383741756N12229945WA0007200066004003024164205
B2258393741752N12229943WA0007100066004003024161209
E225840PEVForeground
B2258403741749N12229942WA0007100065004003024161204
B2258413741745N12229940WA0007000064004003024162204
E225843PEVBackground
B2258423741741N12229938WA0006900063004003027161204
B2258433741737N12229937WA0006900063004003028159203
B2258443741734N12229934WA0006800062004003028157203
B2258453741730N12229932WA0006800062004003028156202
B2258463741726N12229930WA0006700061004003028155201
B2258473741722N12229928WA0006700061004003028156206
B2258483741718N12229925WA0006600060004003030155211
B2258493741714N12229923WA0006600060004003030154216
B2258503741710N12229921WA0006600061005003030159225
B2258513741706N12229919WA0006600060005003027163220
B2258523741703N12229918WA0006500059004003026167214
B2258533741699N12229917WA0006500058004003027166214
B2258543741695N12229916WA0006500058004003027166212
B2258553741691N12229914WA0006500058005003027165222
B2258563741687N12229913WA0006500058004003027167216
B2258573741684N12229912WA0006500058004003026167204
B2258583741680N12229911WA0006500058004003026165205
B2258593741676N12229909WA0006500057004003026160207
B2259003741672N12229908WA0006400057004003026160214
B2259013741668N12229906WA0006400057004003028164222
B2259023741664N12229905WA0006400057004003028166213
B2259033741661N12229904WA0006400058004003026165219
B2259043741657N12229902WA0006400058004003026161219
B2259053741653N12229901WA0006400059004003026160222
B2259063741650N12229899WA0006500059004003024165223
B2259073741647N12229899WA0006600060004003022170214
B2259083741643N12229898WA0006600061004003023170212
B2259093741640N12229897WA0006700062004003024167212
B2259103741637N12229896WA0006800063004003023166221
B2259113741633N12229895WA0006900064004003023173215
B2259123741629N12229895WA0007000065004003023176207
B2259133741625N12229895WA0007200066004003028174212
B2259143741621N12229894WA0007300068004003028169203
B2259153741617N12229893WA0007500068004003028166225
B2259163741614N12229892WA0007600069004003026167228
B2259173741610N12229891WA0007700069004003024170209
B2259183741606N12229890WA0007800071004003025174209
B2259193741603N12229890WA0007900072004003025175214
B2259203741599N12229890WA0008100074004003025169227
B2259213741596N12229889WA0008200075004003023164231
B2259223741593N12229888WA0008300076004003023167233
B2259233741589N12229887WA0008400076004003021177227
B2259243741586N12229887WA0008400077004003021183220
B2259253741583N12229887WA0008500077004003021182222
B2259263741580N12229888WA0008500078004003021180223
B2259273741576N12229888WA0008500079004003022185237
B2259283741573N12229888WA0008600079004003021191223
B2259293741570N12229889WA0008700080004003021193223
B2259303741567N12229890WA0008900082004003021190217
B2259313741564N12229891WA0009000084005003021185229
B2259323741562N12229891WA0009200085004003020183232
B2259333741559N12229891WA0009300086004003018184229
B2259343741556N12229892WA0009400087004003020188223
B2259353741552N12229892WA0009400087005003020190216
B2259363741549N12229893WA0009600089004003023190218
B2259373741546N12229894WA0009700091004003023184222
B2259383741543N12229894WA0009900093004003020179228
B2259403741540N12229894WA0010000093004003020176228
B2259413741537N12229894WA0010100094004003020181223
B2259423741533N12229894WA0010200095004003021185222
B2259433741530N12229895WA0010300096004003021182213
B2259443741527N12229894WA0010400097004003021174213
B2259453741524N12229894WA0010400098004003021170223
B2259463741521N12229893WA0010400098004003020172220
B2259473741518N12229893WA0010400098004003020175219
B2259483741511N12229892WA0010400098004003024171212
B2259503741508N12229891WA0010500098004003023172225
B2259513741502N12229891WA0010500099004003020177216
B2259523741499N12229890WA0010500099004003020179207
B2259533741496N12229890WA0010500099004003021176204
B2259543741492N12229890WA0010500099004003021173197
B2259553741489N12229889WA0010500099004003022176224
B2259563741486N12229889WA0010500099004003022179205
B2259573741483N12229889WA0010600100004003021178208
B2259583741480N12229889WA0010600100004003021173204
B2259593741477N12229889WA0010600100004003020170213
B2300003741474N12229888WA0010600100004003019171218
B2300013741472N12229888WA0010600100004003018180237
B2300023741470N12229888WA0010600100004003015191230
B2300033741468N12229889WA0010600100004003015201233
B2300043741466N12229890WA0010700101004003013205232
B2300053741464N12229891WA0010700101004003013205238
B2300063741463N12229893WA0010700100004003013204234
B2300073741461N12229894WA0010700100004003014204230
B2300083741459N12229895WA0010700100005003014202230
B2300093741457N12229896WA0010700101004003013204223
B2300103741456N12229897WA0010700101004003012207224
B2300113741454N12229898WA0010700101005003012211227
B2300123741452N12229899WA0010600101005003014212230
B2300133741451N12229901WA0010600101005003014208232
B2300143741449N12229902WA0010600101005003014200231
B2300153741447N12229902WA0010600100005003014200228
B2300163741444N12229903WA0010600101005003014200226
B2300173741442N12229904WA0010600101004003015199220
B2300183741440N12229905WA0010600100005003015196220
B2300193741438N12229906WA0010600100005003015190219
B2300203741436N12229906WA0010600100004003014185223
B2300213741434N12229906WA0010600100005003014184218
B2300223741431N12229906WA0010500100005003014181217
B2300233741429N12229906WA0010500099004003015179215
B2300243741427N12229906WA0010400099004003015175212
B2300253741424N12229906WA0010400098004003016169214
B2300263741421N12229905WA0010300098004003017164209
B2300273741419N12229904WA0010300098004003020163213
B2300283741416N12229902WA0010300098004003020163212
B2300293741413N12229901WA0010300098004003020165214
B2300303741410N12229901WA0010300098004003020168217
B2300313741407N12229900WA0010300098004003020171222
B2300323741404N12229899WA0010300098004003019174228
B2300333741401N12229899WA0010400098004003019174228
B2300343741399N12229899WA0010400099004003018175232
B2300353741396N12229899WA0010400099004003016185239
B2300363741395N12229899WA0010400098005003013201237
B2300373741393N12229900WA0010300098005003013207228
B2300383741391N12229902WA0010300098005003014211224
B2300393741389N12229903WA0010300098005003014209221
B2300403741387N12229905WA0010300098005003014209218
B2300413741386N12229906WA0010300098005003013209218
B2300423741385N12229906WA0010200097005003012199221
B2300433741382N12229907WA0010200097005003015193221
B2300443741380N12229908WA0010100096004003015197229
B2300453741377N12229909WA0010000095004003017205224
B2300463741375N12229911WA0010000095004003017207226
B2300473741373N12229912WA0009900095004003017203218
B2300483741370N12229913WA0009900094004003017196221
B2300493741368N12229914WA0009800094004003017192226
B2300503741365N12229914WA0009800093004003017195226
B2300513741363N12229915WA0009700093004003017198229
B2300523741360N12229916WA0009800093005003017193219
B2300533741358N12229916WA0009800093005003017178216
B2300543741356N12229916WA0009800093004003015166215
B2300553741353N12229915WA0009700092004003015165213
B2300563741350N12229914WA0009600090004003018168209
B2300573741346N12229913WA0009500091004003026170207
B2300583741342N12229912WA0009500091004003026163195
B2300593741339N12229910WA0009500090004003026153194
B2301003741335N12229908WA0009500090004003025151200
B2301013741332N12229905WA0009400088004003025154206
B2301023741329N12229903WA0009400088004003027160209
B2301033741325N12229902WA0009300088004003027161184
B2301043741322N12229900WA0009400088005003026155190
B2301053741318N12229898WA0009400089004003025153189
B2301063741315N12229896WA0009400089004003025153196
B2301073741312N12229894WA0009500090004003023155198
B2301083741309N12229892WA0009600091004003023160197
B2301093741306N12229891WA0009600092004003023161217
B2301103741303N12229890WA0009700093004003019164213
B2301113741301N12229889WA0009800094004003016169234
B2301123741299N12229889WA0009800094004003013175232
B2301133741297N12229889WA0009900094004003013179235
B2301143741296N12229889WA0009900094004003012192236
B2301153741294N12229890WA0009900095004003011217235
B2301163741294N12229892WA0009900095004003009242227
B2301173741293N12229893WA0009900094004003009262225
B2301183741293N12229895WA0009800094005003009267219
B2301193741293N12229896WA0009700093004003009259218
B2301203741293N12229898WA0009700092004003009241215
B2301213741291N12229900WA0009600092004003010217217
B2301223741290N12229900WA0009600092004003013192219
B2301233741288N12229901WA0009600092004003014182224
B2301243741285N12229901WA0009600092004003014181221
B2301253741283N12229901WA0009500092004003015181217
B2301263741281N12229901WA0009500091004003016176219
B2301273741278N12229900WA0009400090004003021171216
B2301283741275N12229899WA0009400090004003021169218
B2301293741272N12229899WA0009400090004003021169221
B2301303741269N12229898WA0009300090004003019170214
B2301313741266N12229897WA0009200089004003019170210
B2301323741264N12229897WA0009200088004003020169210
B2301333741261N12229896WA0009100088004003021166206
B2301343741258N12229895WA0009100087004003021160198
B2301353741255N12229893WA0009000087004003021151184
B2301363741252N12229891WA0009000087004003023141193
B2301373741249N12229887WA0009000086004003025138192
B2301383741246N12229884WA0008900086004003025139207
B2301393741243N12229882WA0008900085004003024144213
B2301403741241N12229880WA0008800085004003022152214
B2301413741238N12229878WA0008700083004003020162219
B2301423741235N12229877WA0008700083004003018172214
B2301433741233N12229877WA0008600083004003018178211
B2301443741230N12229877WA0008500082004003018180214
B2301463741227N12229877WA0008500081004003019175216
B2301473741224N12229877WA0008500081004003019172210
B2301483741221N12229876WA0008500082004003019173205
B2301493741218N12229876WA0008500081004003019171202
B2301503741216N12229875WA0008500081004003019166202
B2301513741213N12229874WA0008500081004003019163204
B2301523741210N12229873WA0008400081005003020165208
B2301533741207N12229872WA0008400081004003020165204
B2301543741204N12229871WA0008400080004003020165202
B2301553741201N12229870WA0008400080004003020162204
B2301563741198N12229869WA0008300080004003022159203
B2301573741195N12229867WA0008300080004003022157199
B2301583741192N12229866WA0008300080004003021157200
B2301593741189N12229864WA0008300080004003021157199
B2302003741186N12229862WA0008300079004003022153199
B2302013741183N12229860WA0008200079004003024151195
B2302023741180N12229858WA0008200078004003024151193
B2302033741177N12229856WA0008100078004003024150192
B2302043741174N12229853WA0008100078004003024148188
B2302053741170N12229850WA0008100077004003025145192
B2302063741167N12229847WA0008100077004003026144190
B2302073741164N12229845WA0008100077004003026144193
B2302083741158N12229839WA0008100077004003025147189
B2302093741154N12229837WA0008100077004003025149192
B2302103741151N12229834WA0008000077004003026148189
B2302113741148N12229832WA0008000077004003027147183
B2302123741144N12229829WA0008000077004003027147190
B2302133741141N12229826WA0008100078005003027148188
B2302143741138N12229824WA0008100077004003026150178
B2302153741134N12229821WA0008100077004003026150185
B2302163741130N12229819WA0008100077004003028150187
B2302173741127N12229816WA0008100077004003028150188
B2302183741123N12229814WA0008100078004003028149190
B2302193741120N12229811WA0008200079004003026147195
B2302203741118N12229809WA0008200080004003020150202
B2302213741115N12229808WA0008300080004003020159211
B2302223741112N12229807WA0008200079004003020170207
B2302233741109N12229807WA0008200079004003020173208
B2302243741106N12229806WA0008300079004003021173208
B2302253741103N12229806WA0008300080004003019172220
B2302263741100N12229805WA0008400081004003019170215
B2302273741098N12229805WA0008400081004003017177201
B2302283741096N12229805WA0008500082004003015185203
B2302293741094N12229806WA0008500082004003014193220
B2302303741091N12229806WA0008500082004003015197223
B2302313741089N12229808WA0008500082004003015203230
B2302323741087N12229809WA0008500082004003015212231
B2302333741085N12229811WA0008600082004003016215229
B2302343741083N12229812WA0008600082004003016211226
B2302353741081N12229814WA0008600083004003016201223
B2302363741079N12229815WA0008600083004003016193238
B2302373741076N12229815WA0008600083004003016186231
B2302383741074N12229815WA0008600083004003016181229
B2302393741071N12229815WA0008600083004003017177217
B2302403741068N12229815WA0008700083004003018173221
B2302413741066N12229815WA0008700084004003018171220
B2302423741064N12229814WA0008700085004003016173223
B2302433741062N12229814WA0008800085004003014178238
B2302443741060N12229814WA0008800084004003013189232
B2302453741058N12229815WA0008800084004003011199234
B2302463741057N12229816WA0008800084004003011203228
B2302473741055N12229816WA0008700084004003011200225
B2302483741054N12229817WA0008700084004003011194220
B2302493741051N12229818WA0008700084004003013188222
B2302503741049N12229818WA0008700084004003015182221
B2302513741047N12229818WA0008700084004003015179221
B2302523741045N12229818WA0008700084004003015179224
B2302533741042N12229818WA0008700084004003016177217
B2302543741040N12229817WA0008700084004003016173216
B2302553741037N12229817WA0008700084004003018169220
B2302563741034N12229816WA0008700084004003018170224
B2302573741032N12229816WA0008700084004003017173225
B2302583741029N12229815WA0008700084004003017176226
B2302593741027N12229815WA0008700084004003017178222
B2303003741024N12229815WA0008700084004003016177225
B2303013741022N12229815WA0008700083004003017177223
B2303023741019N12229815WA0008700083004003017176216
B2303033741017N12229815WA0008600083004003018175224
B2303043741014N12229814WA0008600083004003018175221
B2303053741011N12229814WA0008600082004003017175222
B2303063741009N12229814WA0008600082004003018175219
B2303073741006N12229814WA0008600082004003018173218
B2303083741003N12229813WA0008600082004003018172219
B2303093741001N12229813WA0008600082004003018169219
B2303103740998N12229812WA0008600082004003016166221
B2303113740996N12229811WA0008500082004003017167220
B2303123740993N12229811WA0008500081004003017169220
B2303133740991N12229810WA0008400081004003017170219
B2303143740988N12229810WA0008400080004003017169218
B2303153740986N12229809WA0008300080004003018167215
B2303163740983N12229808WA0008200079004003020166209
B2303173740980N12229807WA0008200078004003020167217
B2303183740977N12229806WA0008200078004003022167216
B2303193740974N12229805WA0008200079004003022164216
B2303203740971N12229804WA0008200079004003019162220
B2303213740968N12229803WA0008200078004003019167214
B2303223740965N12229802WA0008100077004003019172213
B2303233740961N12229802WA0008100076004003022173207
B2303243740958N12229801WA0008000076004003024169207
B2303253740954N12229800WA0008000077004003025166203
B2303263740951N12229799WA0008000077004003025166206
B2303273740947N12229798WA0008000076004003024165207
B2303283740944N12229797WA0007900075004003024167208
B2303293740940N12229795WA0007900075004003025165208
B2303303740936N12229794WA0007900075004003025164219
B2303313740933N12229793WA0007900075004003025165222
B2303323740930N12229792WA0007900076004003022164218
B2303333740927N12229791WA0007900075004003020165216
B2303343740925N12229790WA0007900075004003019166218
B2303353740922N12229789WA0007900074004003019167220
B2303363740919N12229789WA0007900074004003019167219
B2303373740917N12229788WA0007800075004003019166218
B2303383740914N12229787WA0007900075004003018162210
B2303393740911N12229786WA0007900075004003018160214
B2303403740909N12229785WA0007800074004003020161210
B2303413740906N12229783WA0007800074004003021161213
B2303423740903N12229782WA0007900075004003021160214
B2303433740900N12229781WA0007900075004003021157216
B2303443740898N12229779WA0007900076004003019153201
B2303453740895N12229778WA0008000076004003017157224
B2303463740893N12229777WA0007900075004003017163217
B2303473740890N12229776WA0007900075004003017169234
B2303483740888N12229776WA0007900075004003017175219
B2303493740885N12229776WA0007900074004003017179229
B2303503740883N12229776WA0007900075004003016177224
B2303523740881N12229776WA0007900075004003016175228
B2303533740878N12229775WA0007900075004003016176231
B2303543740876N12229775WA0007900075004003016178225
B2303553740874N12229775WA0008000076004003015179234
B2303563740872N12229775WA0008100076005003015177232
B2303573740869N12229775WA0008100077004003014176233
B2303583740867N12229775WA0008100077004003014174230
B2303593740865N12229775WA0008100077004003014171224
B2304003740863N12229774WA0008100077004003016169219
B2304013740860N12229773WA0008200078004003017166214
B2304023740858N12229773WA0008200078004003017165226
B2304033740855N12229772WA0008200078005003017167223
B2304043740853N12229771WA0008200078004003017169221
B2304053740850N12229771WA0008200078004003017169218
B2304063740848N12229770WA0008300079004003017166219
B2304073740845N12229769WA0008300079004003017164216
B2304083740843N12229768WA0008300080004003017163216
B2304093740840N12229767WA0008400080004003017166224
B2304103740838N12229767WA0008400080004003015173227
B2304113740836N12229767WA0008400080004003015182236
B2304123740834N12229767WA0008500080004003014191229
B2304133740831N12229768WA0008500080004003014201239
B2304143740829N12229769WA0008500081004003015204232
B2304153740827N12229771WA0008600081004003015206231
B2304163740825N12229772WA0008700082004003015207224
B2304173740821N12229775WA0008900084004003017201224
B2304183740818N12229776WA0009000086004003018198219
B2304193740816N12229777WA0009100087004003017194222
B2304203740813N12229778WA0009200088004003018190219
B2304213740810N12229778WA0009300089005003018186228
B2304223740807N12229779WA0009400090004003018182225
B2304233740805N12229779WA0009500090005003018182230
B2304243740802N12229779WA0009500091004003019188220
B2304253740799N12229780WA0009600091005003020193228
B2304263740796N12229781WA0009600092005003019193236
B2304273740794N12229782WA0009700093005003019193228
B2304283740791N12229782WA0009700093004003017191226
B2304293740788N12229783WA0009800093005003018187219
B2304303740786N12229783WA0009800093005003018185221
B2304313740783N12229784WA0009800094004003018184217
B2304323740780N12229784WA0009900094004003019184219
B2304333740777N12229784WA0009900094004003019182213
B2304343740774N12229784WA0009900095004003020180218
B2304353740771N12229784WA0010000095004003021180216
B2304363740768N12229784WA0010000095004003021184216
B2304373740764N12229785WA0010000095005003023186211
B2304383740760N12229786WA0010100096004003025185204
B2304393740756N12229786WA0010100096004003024178200
B2304403740753N12229785WA0010100097004003024174210
B2304413740749N12229785WA0010100097004003024178214
B2304423740746N12229785WA0010100097004003024185216
B2304433740742N12229785WA0010100096004003025186217
B2304443740738N12229786WA0010100096004003025182210
B2304453740735N12229786WA0010100097004003026178217
B2304463740731N12229786WA0010100097004003025180230
B2304473740727N12229786WA0010200098004003024186226
B2304483740724N12229787WA0010300098004003021188218
B2304493740721N12229787WA0010300099004003021184206
B2304503740718N12229787WA0010300099004003022181212
B2304513740715N12229787WA0010300099004003022180218
B2304523740711N12229788WA0010400100004003022183223
B2304533740708N12229788WA0010400100004003021186226
B2304543740705N12229788WA0010500101005003019185221
B2304553740702N12229789WA0010500101005003019182223
B2304563740700N12229789WA0010600102004003019181223
B2304573740697N12229789WA0010600102005003019184222
B2304583740694N12229790WA0010700102004003019189226
B2304593740691N12229790WA0010800103004003020187226
B2305003740688N12229790WA0010800104004003020181227
B2305013740686N12229790WA0010900104004003017176224
B2305023740683N12229790WA0010900104004003016177215
B2305033740681N12229790WA0010800103005003016182218
B2305043740678N12229791WA0010800102004003020187219
B2305053740675N12229791WA0010800102004003020188223
B2305063740672N12229792WA0010800103004003020184211
B2305073740669N12229792WA0010700103004003020178214
B2305083740666N12229791WA0010700102004003020176216
B2305093740662N12229791WA0010700102004003022177214
B2305103740659N12229791WA0010600102004003022176216
B2305113740656N12229790WA0010600102004003022174208
B2305123740653N12229790WA0010600102004003021175213
B2305133740649N12229790WA0010600102004003021174214
B2305143740646N12229789WA0010500102004003022174210
B2305153740643N12229789WA0010500101004003022172214
B2305163740640N12229788WA0010500101004003022172210
B2305173740636N12229788WA0010400100004003021172212
B2305183740633N12229787WA0010300100004003021171209
B2305193740630N12229786WA0010300100004003022169210
B2305203740627N12229785WA0010200099004003022168211
B2305213740623N12229785WA0010200099004003022171212
B2305223740620N12229784WA0010100099004003022172210
B2305233740617N12229784WA0010100098004003022170205
B2305243740614N12229783WA0010100098004003022165201
B2305253740611N12229781WA0010100098004003022161202
B2305263740607N12229780WA0010000098004003022157196
B2305273740604N12229778WA0010000097004003023157214
B2305283740601N12229776WA0010000097004003023162218
B2305293740598N12229776WA0010000097004003020172222
B2305303740595N12229775WA0009900096004003020176217
B2305313740592N12229775WA0009900095005003020174217
B2305323740589N12229775WA0009800094004003020174220
B2305333740586N12229774WA0009700094004003020175219
B2305343740583N12229774WA0009700093004003019174220
B2305353740581N12229774WA0009700093004003019175218
B2305363740578N12229774WA0009600093004003019175216
B2305373740575N12229773WA0009600092004003019174216
B2305383740572N12229773WA0009600092004003019170220
B2305393740569N12229772WA0009500091004003018168221
B2305403740567N12229771WA0009400091004003018173216
B2305413740564N12229771WA0009400090004003018177216
B2305423740561N12229771WA0009300089004003018176216
B2305433740559N12229771WA0009200089004003018173214
B2305443740556N12229770WA0009200088004003018174210
B2305453740553N12229770WA0009100087004003019177211
B2305463740550N12229770WA0009100086004003019178208
B2305473740547N12229770WA0009000086004003020177212
B2305483740544N12229769WA0009000086004003021172215
B2305493740541N12229769WA0009000087004003021166214
B2305503740538N12229768WA0009100087004003021165220
B2305513740535N12229767WA0009100087004003021170225
B2305523740532N12229767WA0009100087004003020176213
B2305533740529N12229767WA0009200088004003018181226
B2305543740527N12229767WA0009200088004003015186222
B2305553740525N12229767WA0009300089004003015185220
B2305563740523N12229767WA0009300089004003015180222
B2305583740520N12229767WA0009300089004003015180221
B2305593740518N12229768WA0009300089004003016190221
B2306003740516N12229769WA0009300089004003016198223
B2306013740513N12229769WA0009300089004003016196217
B2306023740511N12229770WA0009300089004003016186209
B2306033740508N12229770WA0009300088004003016178202
B2306043740506N12229770WA0009200088004003018169196
B2306053740503N12229769WA0009200088004003020163194
B2306063740500N12229767WA0009200087004003020161196
B2306073740497N12229766WA0009100087005003021163200
B2306083740493N12229765WA0009100087004003023162207
B2306093740490N12229763WA0009100087005003022161210
B2306103740487N12229762WA0009000087005003022164210
B2306113740484N12229762WA0009000086004003021168213
B2306123740481N12229761WA0009000086004003021168217
B2306133740478N12229760WA0009000087004003021167216
B2306143740475N12229759WA0009100087004003020164212
B2306153740472N12229758WA0009000086004003020165215
B2306163740469N12229757WA0009000086004003020170198
B2306173740466N12229757WA0009000086004003020173210
B2306183740463N12229756WA0008900085004003020173203
B2306193740460N12229756WA0008900085004003018171203
B2306203740458N12229755WA0008900085004003020168201
B2306213740451N12229753WA0008800084004003021166208
B2306223740448N12229752WA0008700084004003022168212
B2306233740445N12229752WA0008700083004003022170212
B2306243740442N12229751WA0008700083004003022169209
B2306253740438N12229750WA0008700083004003021168209
B2306263740435N12229749WA0008700083004003021167207
B2306273740432N12229748WA0008700083004003022166204
B2306283740429N12229747WA0008700083004003023161206
B2306293740426N12229745WA0008600083004003023156201
B2306303740422N12229743WA0008600082004003023154200
B2306313740419N12229741WA0008600082004003024155195
B2306323740416N12229739WA0008600081004003024155195
B2306333740412N12229737WA0008500081004003027154196
B2306343740409N12229735WA0008500081004003027152202
B2306353740405N12229733WA0008500081004003026151209
B2306363740402N12229731WA0008500081004003024150197
B2306373740399N12229728WA0008500081004003024152206
B2306383740396N12229726WA0008500080004003025155198
B2306393740392N12229725WA0008500080004003026157202
B2306403740388N12229723WA0008500080005003026158196
B2306413740385N12229721WA0008500080004003026156199
B2306423740381N12229719WA0008500081004003027153199
B2306433740377N12229716WA0008500081004003027150194
B2306443740374N12229714WA0008600081004003027149194
B2306453740370N12229711WA0008600082004003027150201
B2306463740367N12229709WA0008700082004003026157215
B2306473740364N12229708WA0008700082004003023174231
B2306483740361N12229708WA0008700083004003020190249
B2306493740359N12229710WA0008800083004003020221256
B2306503740358N12229713WA0008900084005003016258256
B2306513740359N12229716WA0009000085004003016286256
B2306523740360N12229718WA0009100087004003016316257
B2306533740363N12229720WA0009200087004003021341247
B2306543740367N12229720WA0009200087004003025356241
B2306553740371N12229720WA0009200087004003025005235
B2306563740375N12229719WA0009200087004003029013233
B2306573740380N12229717WA0009100087004003030018230
B2306583740385N12229715WA0009100086004003033023226
B2306593740389N12229712WA0009100086004003035027223
B2307003740394N12229708WA0009100086004003035029219
B2307013740399N12229705WA0009100086004003036028216
B2307023740403N12229702WA0009100086004003036025214
B2307033740408N12229700WA0009100086004003033022213
B2307043740412N12229697WA0009100086004003033022212
B2307053740417N12229695WA0009100086004003033023211
B2307063740421N12229693WA0009100087004003033019210
B2307073740426N12229691WA0009100087004003032012210
B2307083740430N12229691WA0009100087004003029006209
B2307093740434N12229690WA0009200087004003029005209
B2307103740439N12229689WA0009300088004003029007209
B2307113740443N12229689WA0009300088004003029008209
B2307123740447N12229688WA0009400088004003029007208
B2307133740451N12229687WA0009500089004003026003208
B2307143740455N12229688WA0009500090004003026349208
B2307153740457N12229690WA0009500089004003023317208
B2307163740458N12229693WA0009600089004003017271209
B2307173740456N12229695WA0009600090004003016223204
B2307183740454N12229697WA0009600090004003021179198
B2307193740450N12229696WA0009700091004003024167212
B2307203740447N12229694WA0009800092004003022168223
B2307213740444N12229694WA0009800093004003022175219
B2307223740441N12229694WA0010000094004003019178222
B2307233740438N12229694WA0010000095004003020177210
B2307243740435N12229694WA0010100095004003022176220
B2307253740432N12229693WA0010100096004003022177224
B2307263740429N12229693WA0010200097004003022180224
B2307273740427N12229693WA0010300097004003018184235
B2307283740424N12229694WA0010300098004003013187229
B2307293740423N12229694WA0010400098004003013194239
B2307303740421N12229695WA0010400099004003012210230
B2307313740420N12229697WA0010400099004003012224228
B2307323740419N12229698WA0010500099004003012226219
B2307333740417N12229700WA0010500100004003011220224
B2307343740416N12229701WA0010500100004003011214223
B2307353740415N12229702WA0010600100004003011213225
B2307363740413N12229704WA0010600100004003012212229
B2307373740411N12229705WA0010600101004003013212230
B2307383740410N12229706WA0010600101004003013211230
B2307393740408N12229707WA0010600101005003013207228
B2307403740406N12229708WA0010600101004003012203222
B2307413740405N12229709WA0010600101004003012200229
B2307423740403N12229710WA0010500100004003012200235
B2307433740401N12229711WA0010400099004003017207230
B2307443740398N12229713WA0010300098004003019214234
B2307453740396N12229715WA0010300098004003019213219
B2307463740393N12229717WA0010300098004003019203210
B2307473740391N12229718WA0010300098004003018194216
B2307483740388N12229718WA0010300098004003019193238
B2307493740385N12229720WA0010300097004003019201234
B2307503740383N12229721WA0010200097004003019210229
B2307513740381N12229723WA0010200097004003019212223
B2307523740378N12229725WA0010200097004003019207221
B2307533740376N12229726WA0010200097004003020203220
B2307543740373N12229728WA0010200096004003020205230
B2307553740370N12229730WA0010200097004003020206224
B2307563740368N12229731WA0010200097004003020204221
B2307573740365N12229733WA0010100096004003020198220
B2307583740362N12229734WA0010200096004003022194215
B2307593740358N12229735WA0010200096004003022194222
B2308003740355N12229736WA0010200096004003022194213
B2308013740352N12229737WA0010100096004003022189212
B2308023740348N12229737WA0010100096004003023184212
B2308043740344N12229737WA0010100096004003024184222
B2308053740341N12229738WA0010000096004003024184231
B2308063740337N12229738WA0010000096004003023187229
B2308073740334N12229739WA0009900095004003022189222
B2308083740331N12229739WA0009900095004003021186203
B2308093740328N12229740WA0009800094004003023178205
B2308103740324N12229739WA0009800095004003023169205
B2308113740321N12229738WA0009800095004003023163201
B2308123740318N12229736WA0009800095004003023157198
B2308133740315N12229734WA0009700094004003025152188
B2308143740311N12229732WA0009700093004003030150187
B2308153740307N12229729WA0009600092004003030148172
B2308163740303N12229725WA0009500092004003033142171
B2308173740299N12229720WA0009600092004003035134172
B2308183740295N12229715WA0009600092004003036128173
B2308193740292N12229709WA0009500091004003038125181
B2308203740289N12229703WA0009500090004003038123185
B2308213740285N12229696WA0009400090004003040122187
B2308223740279N12229682WA0009400090004003042116195
B2308233740276N12229675WA0009400090004003042116199
B2308243740274N12229669WA0009400090004003041117198
B2308253740271N12229662WA0009400090004003040114200
B2308263740269N12229656WA0009400091004003038110202
B2308273740267N12229649WA0009400091004003037109203
B2308283740265N12229642WA0009400090004003039114204
B2308293740262N12229636WA0009400090004003039119205
B2308303740259N12229629WA0009400090004003040121205
B2308313740256N12229623WA0009500091004003040119205
B2308323740253N12229616WA0009600092004003040117206
B2308333740251N12229609WA0009600092004003040115206
B2308343740248N12229603WA0009700093004003039115207
B2308353740246N12229597WA0009700094004003037117207
B2308363740243N12229591WA0009900095004003036122207
B2308373740240N12229586WA0010000096004003034130206
B2308383740237N12229582WA0010100097004003034137208
B2308393740234N12229579WA0010300098004003029144212
B2308403740231N12229577WA0010300099004003024155222
B2308413740228N12229577WA0010400099004003019174224
B2308423740227N12229577WA0010400100004003012197226
B2308433740225N12229578WA0010500100004003012223227
B2308443740225N12229579WA0010500100004003009269228
B2308453740226N12229581WA0010500100004003009308227
B2308463740228N12229583WA0010500101004003012333227
B2308473740231N12229584WA0010600101004003022350223
B2308483740234N12229584WA0010600102004003024357219
B2308493740238N12229584WA0010700103004003024356215
B2308503740241N12229585WA0010800104004003024345213
B2308513740244N12229587WA0010900104004003022327211
B2308523740246N12229590WA0011000105004003018308210
B2308533740247N12229593WA0011100107004003018288210
B2308543740247N12229595WA0011200108004003017279209
B2308553740248N12229598WA0011400110004003014284210
B2308563740248N12229600WA0011500111004003011288209
B2308573740249N12229602WA0011600111004003011291209
B2308583740249N12229604WA0011600111004003012288208
B2308593740249N12229606WA0011700111004003011274208
B2309003740249N12229608WA0011700112004003011256208
B2309013740249N12229610WA0011700111004003011253208
B2309023740248N12229612WA0011700111004003013257208
B2309033740248N12229614WA0011700111004003013264208
B2309043740248N12229617WA0011700112004003012269208
B2309053740248N12229619WA0011700112004003010264208
B2309063740248N12229621WA0011700112004003010251208
B2309073740247N12229623WA0011700112004003013238208
B2309083740245N12229625WA0011700112004003013231208
B2309093740244N12229626WA0011800113004003013229208
B2309103740243N12229628WA0011800113004003011235208
B2309113740243N12229629WA0011900113004003010242208
B2309123740242N12229631WA0011900114004003009242208
B2309133740241N12229632WA0012000115004003009233208
B2309143740241N12229633WA0012100115004003009207210
B2309153740239N12229634WA0012100115004003009191213
B2309163740236N12229635WA0012100114004003015186217
B2309173740233N12229635WA0012100115004003021183221
B2309183740230N12229635WA0012200116004003021185221
B2309193740227N12229636WA0012200116004003020187218
B2309203740225N12229636WA0012200116004003017191214
B2309213740222N12229637WA0012200116004003016192215
B2309223740220N12229637WA0012200117004003018187211
B2309233740217N12229637WA0012300117004003019178215
B2309243740214N12229637WA0012300118004003019169209
B2309253740211N12229636WA0012300118004003020162202
B2309263740208N12229634WA0012300117004003022158203
B2309273740204N12229632WA0012200116004003028156203
B2309283740200N12229630WA0012200116004003028158227
B2309293740196N12229629WA0012200117004003027163225
B2309303740193N12229628WA0012200117004003024168234
B2309313740191N12229627WA0012200117004003021173233
B2309323740188N12229627WA0012200116004003018178237
B2309333740185N12229627WA0012200116004003019183231
B2309343740182N12229628WA0012200116004003019181236
B2309353740179N12229628WA0012200116004003019178240
B2309363740178N12229628WA0012200117004003016185234
B2309373740176N12229628WA0012100116004003008205227
B2309383740175N12229629WA0012100116004003010214219
B2309393740174N12229631WA0012100116004003010211221
B2309403740171N12229632WA0012100116004003014202219
B2309413740169N12229633WA0012100116004003016191225
B2309423740167N12229633WA0012000116004003015183219
B2309433740165N12229633WA0012000115004003015180223
B2309443740162N12229633WA0011900114004003014178221
B2309453740160N12229633WA0011800113004003014185220
B2309463740158N12229633WA0011700113004003015189222
B2309473740155N12229634WA0011700113004003018188225
B2309483740153N12229634WA0011700114004003018180228
B2309493740151N12229634WA0011700114004003016175230
B2309503740149N12229634WA0011700113004003013191225
B2309513740148N12229635WA0011600113004003010204218
B2309523740146N12229635WA0011600113004003012193210
B2309533740144N12229635WA0011500112004003017173202
B2309543740141N12229634WA0011500111004003017160198
B2309553740137N12229632WA0011400111004003021153192
B2309563740134N12229630WA0011400111004003025146185
B2309573740130N12229626WA0011300110004003029140188
B2309583740127N12229623WA0011300110004003030138201
B2309593740124N12229619WA0011200109004003029141215
B2310003740120N12229616WA0011100108004003029150228
B2310013740117N12229615WA0011100107004003027162236
B2310023740114N12229614WA0011000106004003020176234
B2310033740111N12229614WA0011000106004003020188230
B2310043740109N12229615WA0011000106004003018199230
B2310053740107N12229616WA0011000106004003014198223
B2310063740106N12229617WA0011000106004003011201218
B2310073740104N12229618WA0010900105004003012212217
B2310083740103N12229619WA0010900105004003013221215
B2310093740101N12229621WA0010900104004003012227216
B2310103740100N12229622WA0010800104004003012224212
B2310113740099N12229624WA0010800104004003010228215
B2310123740099N12229625WA0010900104004003010267216
B2310133740100N12229626WA0010900104004003010335216
B2310143740102N12229627WA0010800103004003011357217
B2310153740106N12229626WA0010600103004003034011216
B2310163740111N12229624WA0010500102004003042028215
B2310173740118N12229619WA0010400102004003041036213
B2310183740123N12229614WA0010500103004003041034212
B2310193740127N12229611WA0010500102004003033029211
B2310203740131N12229608WA0010400102004003033025210
B2310213740135N12229606WA0010400102004003031022210
B2310223740140N12229604WA0010400102004003031021209
B2310233740144N12229602WA0010400101004003031020209
B2310243740148N12229600WA0010400101004003030018209
B2310253740152N12229598WA0010400101004003030016208
B2310263740156N12229597WA0010400101004003029016208
B2310273740160N12229596WA0010400100004003027014208
B2310283740164N12229594WA0010300100004003027013208
B2310293740168N12229593WA0010200099004003026009208
B2310303740172N12229593WA0010200098004003027005208
B2310313740176N12229592WA0010100097004003027003208
B2310323740180N12229592WA0010100097004003027002208
B2310333740184N12229592WA0010100097004003027003208
B2310343740188N12229592WA0010100097004003024004208
B2310353740191N12229591WA0010100097004003024002208
B2310363740195N12229591WA0010100098004003024002208
B2310373740199N12229591WA0010200098004003024000208
B2310383740202N12229591WA0010300099004003025001208
B2310393740206N12229591WA0010300099004003025004208
B2310403740210N12229590WA0010400100004003025007208
B2310413740213N12229590WA0010400100004003024004208
B2310423740217N12229589WA0010400100004003024359208
B2310433740221N12229590WA0010400100004003025357208
B2310443740225N12229590WA0010500101004003023357208
B2310453740228N12229590WA0010600102004003023355208
B2310463740231N12229591WA0010600102004003020350208
B2310473740233N12229591WA0010600102004003019346208
B2310483740236N12229592WA0010600101004003019345208
B2310493740239N12229593WA0010600101004003020343208
B2310503740242N12229595WA0010600101004003021338208
B2310513740245N12229596WA0010500101004003021333208
B2310523740247N12229598WA0010600101004003021328208
B2310533740250N12229600WA0010600102004003020323208
B2310543740252N12229602WA0010700102004003016316208
B2310553740253N12229605WA0010700102004003018310208
B2310563740255N12229608WA0010700102004003018312208
B2310573740258N12229611WA0010700102004003021324208
B2310583740261N12229613WA0010800103004003025333208
B2310593740264N12229615WA0010900105004003022332208
B2311003740267N12229617WA0010900106004003022327208
B2311013740269N12229619WA0010900105004003018326208
B2311023740272N12229620WA0010900104004003018333208
B2311033740276N12229623WA0010800103004003023333208
B2311043740279N12229626WA0010700102004003029322208
B2311053740282N12229630WA0010700102004003029305208
B2311063740284N12229634WA0010700102004003026299208
B2311073740286N12229637WA0010800103004003023314208
B2311083740289N12229639WA0010800104004003023331208
B2311093740292N12229641WA0010800104004003023334208
B2311103740295N12229643WA0010800104004003023326208
B2311113740297N12229646WA0010800103004003023318208
B2311123740300N12229649WA0010800102004003024319208
B2311133740304N12229652WA0010700101004003027321208
B2311143740307N12229655WA0010700102004003027322208
B2311153740310N12229658WA0010700102004003027320208
B2311163740313N12229661WA0010700102004003025318208
B2311173740315N12229664WA0010600102004003024321208
B2311183740318N12229667WA0010600101004003024322208
B2311193740322N12229670WA0010500100004003028323208
B2311203740325N12229674WA0010600100004003029323208
B2311213740329N12229677WA0010600100004003029324208
B2311223740332N12229680WA0010600101004003029325208
B2311233740336N12229683WA0010500101004003029326208
B2311243740339N12229686WA0010600101004003029324208
B2311253740343N12229690WA0010600101004003030319208
B2311263740346N12229693WA0010600101004003029318208
B2311273740349N12229697WA0010600102004003029325208
B2311283740353N12229699WA0010700103004003029336208
B2311293740358N12229701WA0010800103004003029340208
B2311303740361N12229703WA0010800103004003029330208
B2311313740364N12229706WA0010800103004003026316208
B2311323740367N12229710WA0010700102004003026320208
B2311333740371N12229712WA0010800102004003027334208
B2311343740375N12229714WA0010700103004003030340208
B2311353740379N12229717WA0010700103004003030333208
B2311363740382N12229720WA0010700102004003028320208
B2311373740385N12229723WA0010700102004003028326208
B2311383740390N12229725WA0010600101004003029340208
B2311393740396N12229725WA0010600101004003040000208
B2311403740402N12229724WA0010600102004003040008208
B2311413740408N12229723WA0010700103004003040009208
B2311423740412N12229722WA0010700104004003035009208
B2311433740416N12229722WA0010800104004003030004208
B2311443740421N12229722WA0010700103004003031356208
B2311453740426N12229723WA0010700102004003031346208
B2311463740430N12229725WA0010600102004003031338208
B2311473740434N12229727WA0010600102004003031332208
B2311483740437N12229730WA0010600102004003028326208
B2311493740440N12229732WA0010700102004003024325208
B2311503740443N12229735WA0010700102004003025325208
B2311513740446N12229738WA0010700102004003025326208
B2311523740449N12229740WA0010700103004003026324208
B2311533740453N12229743WA0010700103004003027321208
B2311543740456N12229747WA0010700103004003027318208
B2311553740459N12229750WA0010800103004003028319208
B2311563740463N12229754WA0010800104004003028328208
B2311573740467N12229756WA0010900105004003030336208
B2311583740471N12229758WA0011000106005003030339208
B2311593740474N12229760WA0011000106004003026334208
B2312003740478N12229762WA0011000105004003027327208
B2312013740481N12229766WA0010900104004003027322208
B2312023740484N12229769WA0010900104004003028320208
B2312033740488N12229772WA0010900104004003028322208
B2312043740491N12229775WA0010900104004003027326208
B2312053740494N12229778WA0010900105004003027328208
B2312063740498N12229780WA0010900105004003027333208
B2312073740502N12229782WA0010900104004003027339208
B2312083740506N12229784WA0010900103004003029345208
B2312093740511N12229785WA0010800103005003034345208
B2312103740516N12229787WA0010800103005003034344208
B2312113740521N12229788WA0010900104004003034350208
B2312123740525N12229789WA0010900105004003031002208
B2312133740530N12229788WA0011000106006003030009208
B2312143740534N12229787WA0010900105004003030010208
B2312153740539N12229786WA0010900104006003033011208
B2312163740544N12229784WA0010900104006003033014208
B2312173740550N12229782WA0010800103006003038016208
B2312183740556N12229780WA0010800103004003039014208
B2312193740561N12229778WA0010800103004003039012208
B2312203740567N12229776WA0010700102004003039012208
B2312213740573N12229774WA0010700101004003040014208
B2312223740580N12229772WA0010600100004003046014208
B2312233740587N12229770WA0010500100004003046011208
B2312243740593N12229769WA0010500100004003046005208
B2312253740600N12229769WA0010600100004003043001208
B2312263740605N12229769WA0010600100004003040354208
B2312273740610N12229770WA0010500100004003026334208
B2312283740612N12229773WA0010400099004003026311208
B2312293740613N12229777WA0010300097004003022276208
B2312303740612N12229780WA0010200097004003019241209
B2312313740609N12229783WA0010200096004003019211212
B2312323740606N12229784WA0010100095004003023193211
B2312333740602N12229785WA0010000095004003026180204
B2312343740598N12229784WA0009900095006003026174209
B2312353740594N12229783WA0009800094005003028172211
B2312363740589N12229783WA0009800093004003029175214
B2312373740585N12229782WA0009700093004003030178212
B2312383740580N12229782WA0009700092004003030179207
B2312393740575N12229782WA0009600092004003030176208
B2312403740571N12229782WA0009600092004003030173206
B2312413740567N12229781WA0009600091006003030174208
B2312423740562N12229781WA0009500090004003029176204
B2312433740558N12229780WA0009400090004003029178208
B2312443740554N12229780WA0009400090005003029179223
B2312453740550N12229780WA0009400091005003026181224
B2312463740547N12229781WA0009400091004003023187227
B2312473740544N12229781WA0009400091004003018189220
B2312483740542N12229782WA0009300090004003018190221
B2312493740539N12229783WA0009300089004003018194216
B2312503740536N12229784WA0009200088004003020196209
B2312513740532N12229785WA0009200088004003024192209
B2312523740528N12229786WA0009200087004003026186206
B2312533740524N12229786WA0009200087004003026181211
B2312543740521N12229786WA0009100087004003025177211
B2312553740518N12229786WA0009100087004003023169199
B2312563740514N12229784WA0008900085004003023166191
B2312573740510N12229783WA0008800083004003030168196
B2312583740505N12229782WA0008700084004003032168197
B2312593740500N12229781WA0008700084004003031163183
B2313003740496N12229779WA0008700083004003031149174
B2313013740493N12229775WA0008700083004003031143191
B2313023740489N12229771WA0008600082004003032145201
B2313033740485N12229768WA0008500081004003032153203
B2313043740480N12229766WA0008400081005003032159196
B2313053740476N12229764WA0008500081004003032156201
B2313063740472N12229761WA0008500082004003031150205
B2313073740469N12229759WA0008500081004003024151203
B2313083740466N12229757WA0008500080004003024155214
B2313093740463N12229755WA0008400079005003023162210
B2313103740459N12229754WA0008300079004003023170213
B2313113740456N12229754WA0008300079005003023176218
B2313123740452N12229754WA0008300079004003023180215
B2313133740449N12229754WA0008300079004003023179211
B2313143740446N12229754WA0008300080005003023172217
B2313153740443N12229753WA0008300080005003022167218
B2313163740439N12229752WA0008300080004003022169216
B2313173740436N12229752WA0008300079004003023175224
B2313183740432N12229752WA0008300079005003023180228
B2313193740429N12229752WA0008300079004003023180228
B2313203740426N12229752WA0008300079004003021180228
B2313213740422N12229752WA0008200078004003021180223
B2313223740419N12229752WA0008200078004003023180231
B2313233740416N12229752WA0008200078004003023179230
B2313243740413N12229752WA0008200078004003021179222
B2313253740410N12229752WA0008200078004003019181228
B2313263740407N12229752WA0008100077004003019185222
B2313273740404N12229753WA0008100077004003022190215
B2313283740401N12229753WA0008100077004003023187214
B2313293740397N12229753WA0008100077004003022177233
B2313303740394N12229753WA0008200078004003022167224
B2313313740391N12229752WA0008200078004003021166219
B2313323740388N12229751WA0008100077005003022171222
B2313333740384N12229750WA0008100077004003024174220
B2313343740381N12229750WA0008100077004003023172226
B2313353740378N12229749WA0008200078004003023165218
B2313363740374N12229748WA0008100077004003022163227
B2313373740372N12229747WA0008100077004003020166230
B2313383740369N12229746WA0008000076004003020174230
B2313393740365N12229746WA0007900075004003020179226
B2313403740362N12229746WA0007800074004003022181229
B2313413740358N12229746WA0007800074004003023179226
B2313423740355N12229746WA0007800074004003021175228
B2313433740352N12229746WA0007800074004003021171221
B2313443740349N12229745WA0007800074004003021171217
B2313453740346N12229744WA0007800073004003021171220
B2313463740342N12229744WA0007800073004003022171230
B2313473740339N12229743WA0007800073004003022174226
B2313483740336N12229743WA0007800073004003022176226
B2313493740333N12229742WA0007800073004003020174221
B2313503740330N12229742WA0007800073004003019170226
B2313513740327N12229741WA0007700073004003019164230
B2313523740324N12229740WA0007700073004003021161230
B2313533740321N12229739WA0007700073004003021163227
B2313543740318N12229738WA0007700072004003020171226
B2313553740315N12229738WA0007700072004003020176228
B2313563740312N12229737WA0007700073004003022178226
B2313573740309N12229737WA0007800074004003020178218
B2313583740306N12229737WA0007900075004003020177229
B2313593740304N12229737WA0008000076004003017175240
B2314003740302N12229737WA0008000076004003015171231
B2314013740300N12229737WA0008100077004003014169231
B2314023740298N12229736WA0008100076004003013180232
B2314033740296N12229737WA0008100076004003013186225
B2314043740293N12229737WA0008100076004003013187223
B2314053740291N12229737WA0008100076004003015181218
B2314063740289N12229737WA0008100077004003016171229
B2314073740286N12229736WA0008200077004003015159235
B2314083740284N12229735WA0008200078004003015153224
B2314093740282N12229734WA0008200078005003015160232
B2314103740280N12229733WA0008200077004003014168230
B2314113740278N12229733WA0008200077004003014178228
B2314123740276N12229733WA0008100076004003017182226
B2314133740273N12229733WA0008100076004003017182229
B2314143740270N12229733WA0008000075004003017182231
B2314153740268N12229734WA0008000075004003017184223
B2314163740265N12229734WA0008000075004003017186222
B2314173740263N12229734WA0008000075004003019184218
B2314183740260N12229735WA0008000075004003019181216
B2314193740257N12229735WA0008000076005003019183221
B2314203740255N12229735WA0008100077004003017184217
B2314213740252N12229735WA0008100077004003015182222
B2314223740250N12229735WA0008200077004003016177217
B2314233740247N12229735WA0008200077004003016178218
B2314243740245N12229735WA0008200077004003017183220
B2314253740242N12229735WA0008200078005003018185223
B2314263740239N12229736WA0008300078004003019184216
B2314273740237N12229736WA0008400079004003019184213
B2314283740234N12229737WA0008500080004003018186216
B2314293740231N12229737WA0008500081004003018188214
B2314303740228N12229737WA0008600081004003019183206
B2314313740226N12229738WA0008700083004003019181219
B2314323740223N12229738WA0008800083004003019179221
B2314333740221N12229738WA0008900084004003017181236
B2314343740219N12229738WA0008900084004003014188228
B2314353740217N12229738WA0008900084004003013194237
B2314363740215N12229739WA0008900084004003014200233
B2314373740213N12229740WA0008900084004003013209232
B2314383740212N12229742WA0009000084004003013213223
B2314393740210N12229743WA0009000085004003012207221
B2314403740209N12229744WA0009000085004003013199215
B2314413740207N12229745WA0009000085004003013200220
B2314423740205N12229746WA0009000085004003013203217
B2314433740203N12229746WA0009000085004003013203219
B2314443740201N12229748WA0009000085004003014199214
B2314453740199N12229748WA0008900084004003017196216
B2314463740196N12229749WA0008900084004003018193213
B2314473740194N12229750WA0008900084004003018189211
B2314483740191N12229750WA0008900085004003018184216
B2314493740188N12229750WA0009000085004003018180210
B2314503740186N12229750WA0009000085004003017180209
B2314513740183N12229750WA0009100086004003017177210
B2314523740181N12229750WA0009100086004003017172206
B2314533740178N12229749WA0009100086004003017174214
B2314543740176N12229749WA0009100086004003017178203
B2314553740173N12229749WA0009200086005003020178210
B2314563740170N12229749WA0009200087005003021170200
B2314573740166N12229748WA0009200087005003021165215
B2314583740163N12229747WA0009200088005003023166212
B2314593740160N12229746WA0009300088004003023170212
B2315003740157N12229745WA0009300089004003019174231
B2315013740154N12229745WA0009400089005003019179240
B2315023740153N12229746WA0009500090004003014192228
B2315033740151N12229746WA0009600091004003011197231
B2315043740150N12229747WA0009600091004003008210223
B2315053740149N12229748WA0009600091004003011222231
B2315063740148N12229750WA0009600091004003013234235
B2315073740147N12229752WA0009600091005003013253230
B2315083740147N12229754WA0009700092004003013272234
B2315093740147N12229755WA0009800093004003009276222
B2315103740147N12229755WA0009900094004003001276214
B2315113740147N12229756WA0009900093004003005188216
B2315123740146N12229756WA0009800092004003005193216
B2315133740144N12229756WA0009800092004003009194221
B2315143740142N12229757WA0009800092004003014189223
B2315153740139N12229757WA0009800093004003014186228
B2315163740137N12229758WA0009900093004003014188225
B2315173740136N12229758WA0009900093004003013194220
B2315183740134N12229759WA0009900093004003012196221
B2315193740132N12229759WA0009900093004003012205219
B2315203740131N12229761WA0009800093004003011216219
B2315213740130N12229762WA0009800092004003011226216
B2315223740129N12229763WA0009800092004003010231214
B2315233740128N12229765WA0009700092004003010230213
B2315243740127N12229766WA0009700092004003010226212
B2315253740126N12229768WA0009700092004003010226211
B2315263740125N12229769WA0009600092004003010233210
B2315273740124N12229770WA0009600091004003008236210
B2315283740124N12229772WA0009500090004003008236209
B2315293740123N12229773WA0009400089004003008232209
B2315303740122N12229774WA0009300089004003010233209
B2315313740121N12229776WA0009200088004003010234209
B2315323740120N12229777WA0009100087004003010228208
B2315333740119N12229779WA0009000085004003010232208
B2315343740118N12229781WA0008800084004003012235208
B2315353740116N12229784WA0008700083004003017237208
B2315363740115N12229786WA0008600082004003017229208
B2315373740113N12229788WA0008600082004003016223208
B2315383740112N12229790WA0008500082004003014226208
B2315393740111N12229792WA0008500081004003013231208
B2315403740110N12229794WA0008500082004003013230208
B2315413740108N12229795WA0008500082004003013225208
B2315423740107N12229797WA0008500082004003013220210
B2315433740105N12229798WA0008500082004003011199211
B2315443740103N12229798WA0008500081005003011178209
B2315453740101N12229797WA0008400081004003018165206
B2315463740098N12229796WA0008400080005003021164205
B2315473740095N12229795WA0008400080004003021163209
B2315483740091N12229794WA0008300079006003023159207
B2315493740088N12229792WA0008300079005003023156208
B2315503740085N12229790WA0008200078004003024156199
B2315513740081N12229788WA0008100077004003026156200
B2315523740077N12229786WA0008100077004003026153202
B2315533740074N12229783WA0008100077004003026150202
B2315543740071N12229781WA0008100077004003026145205
B2315553740067N12229778WA0008100076004003025144197
B2315563740064N12229775WA0008000075004003026147199
B2315573740061N12229773WA0007900074004003026151198
B2315583740057N12229770WA0007800074004003028153204
B2315593740053N12229768WA0007800073004003028153202
B2316003740049N12229765WA0007700073004003027153201
B2316013740046N12229763WA0007700073004003027154201
B2316023740042N12229761WA0007700073004003027155197
B2316033740039N12229759WA0007700073004003027157203
B2316043740035N12229757WA0007700073004003027160206
B2316053740031N12229756WA0007700073004003025161208
B2316063740028N12229754WA0007700073004003025161203
B2316073740024N12229753WA0007700073004003025161206
B2316083740021N12229751WA0007700073005003025160208
B2316093740017N12229750WA0007700074005003025162219
B2316103740014N12229749WA0007800074004003023167236
B2316113740011N12229749WA0007900074004003023179235
B2316123740008N12229749WA0007900075004003020191231
B2316133740005N12229750WA0007900075004003018193224
B2316143740003N12229751WA0008000076004003017191227
B2316153740000N12229751WA0008000076004003016190229
B2316163739998N12229752WA0008100077004003016193227
B2316173739996N12229752WA0008100077004003016190225
B2316183739994N12229753WA0008100077004003014189222
B2316193739992N12229753WA0008100077004003014191219
B2316203739989N12229754WA0008200077004003016190210
B2316213739987N12229754WA0008200078004003017184205
B2316223739984N12229754WA0008300078004003017171198
B2316233739981N12229753WA0008300078004003019165200
B2316243739978N12229752WA0008300078005003021164197
B2316253739974N12229751WA0008300078005003023165203
B2316263739971N12229750WA0008400079005003025167191
B2316273739967N12229749WA0008400079004003025169205
B2316283739963N12229748WA0008500080004003025168211
B2316293739960N12229748WA0008600082004003024169217
B2316303739956N12229747WA0008700083004003024171229
B2316313739953N12229747WA0008800083005003022176221
B2316323739950N12229746WA0008800084004003021177219
B2316333739947N12229746WA0008900084004003021173212
B2316343739944N12229745WA0008900084004003023167216
B2316353739941N12229744WA0008900084006003023165218
B2316363739937N12229743WA0008900084006003023168214
B2316373739934N12229742WA0008900084004003022167204
B2316383739931N12229741WA0008900084004003023164209
B2316393739927N12229740WA0008900084004003024164215
B2316403739924N12229739WA0008900084005003024168223
B2316413739920N12229738WA0008800084005003024172213
B2316423739917N12229738WA0008800084004003023170211
B2316433739913N12229737WA0008800084005003024168211
B2316443739910N12229736WA0008800084004003024167238
B2316453739907N12229735WA0008900084004003023176258
B2316463739905N12229736WA0008800083004003018213263
B2316473739905N12229738WA0008700082004003014271264
B2316483739907N12229741WA0008600081004003020312266
B2316493739910N12229743WA0008600082004003023344258
B2316503739913N12229743WA0008700083004003021003246
B2316513739916N12229742WA0008700083004003021008234
B2316523739919N12229742WA0008700082004003021003230
B2316533739923N12229742WA0008700082004003024358227
B2316543739927N12229742WA0008700081004003025356223
B2316553739930N12229742WA0008700082004003025357221
B2316563739934N12229743WA0008700082004003025000218
B2316573739937N12229742WA0008800083004003024003216
B2316583739941N12229742WA0008800082004003024002214
B2316593739945N12229742WA0008800083004003025359213
B2317003739949N12229742WA0008800083004003025358212
B2317013739952N12229742WA0008900083004003025001211
B2317023739956N12229742WA0008900084004003024001211
B2317033739960N12229742WA0009000084004003024358210
B2317043739963N12229742WA0009000084004003024355210
B2317053739967N12229743WA0009000084004003024350209
B2317063739970N12229744WA0009000084004003024346209
B2317073739973N12229744WA0009000085004003022352209
B2317083739976N12229745WA0009000085004003021001208
B2317093739980N12229744WA0009000085004003022004208
B2317103739983N12229744WA0009000084005003022003208
B2317113739987N12229744WA0009000084004003024000208
B2317123739990N12229744WA0009000084004003024350208
B2317133739992N12229745WA0008900084004003015326208
B2317143739993N12229748WA0008900083004003015269209
B2317153739991N12229749WA0008800082004003015206205
B2317163739988N12229749WA0008800082004003015169195
B2317173739984N12229746WA0008700082004003023146197
B2317183739981N12229742WA0008800083005003030133198
B2317193739978N12229738WA0008900084004003030128205
B2317203739975N12229734WA0008900085004003030130216
B2317213739973N12229731WA0009000085004003026148222
B2317223739970N12229731WA0009100084004003020175229
B2317233739968N12229731WA0009100085004003013203231
B2317243739967N12229732WA0009100085004003013244231
B2317253739967N12229733WA0009100086004003006284229
B2317263739969N12229735WA0009100086004003006322228
B2317273739971N12229736WA0009100086004003013336227
B2317283739975N12229737WA0009100086004003025352226
B2317293739979N12229737WA0009100086004003029004222
B2317303739983N12229736WA0009200087004003029011219
B2317313739988N12229735WA0009300087004003030012216
B2317323739992N12229734WA0009300087005003030011214
B2317333739996N12229733WA0009300087004003026006213
B2317343740000N12229733WA0009200086004003027359212
B2317353740004N12229733WA0009200086004003027357211
B2317363740008N12229733WA0009200087005003028356210
B2317373740012N12229733WA0009200088004003028357210
B2317383740016N12229734WA0009300088004003023355209
B2317393740019N12229734WA0009300088005003023348209
B2317403740022N12229735WA0009300088004003021336209
B2317413740024N12229737WA0009300087004003019325209
B2317423740027N12229739WA0009300088004003019326208
B2317433740029N12229741WA0009400088004003018335208
B2317443740031N12229742WA0009400088004003018344208
B2317453740034N12229743WA0009400088004003018350208
B2317463740037N12229743WA0009300088004003020349208
B2317473740040N12229744WA0009300088004003020346208
B2317483740043N12229745WA0009300088004003021347208
B2317493740047N12229746WA0009300088004003021352208
B2317503740050N12229746WA0009300088004003021357208
B2317513740053N12229745WA0009300088004003022007208
B2317523740058N12229744WA0009300087004003026022207
B2317533740063N12229740WA0009200086004003045037207
B2317543740068N12229733WA0009200086004003049048208
B2317553740072N12229726WA0009300087004003045055208
B2317563740076N12229719WA0009400089004003045059208
B2317573740079N12229711WA0009400089004003044063208
B2317583740082N12229704WA0009400089004003043063208
B2317593740085N12229697WA0009300087004003045057208
B2318003740089N12229690WA0009200087004003045050208
B2318013740094N12229683WA0009200087004003047048208
B2318023740098N12229676WA0009200087004003047051208
B2318033740102N12229669WA0009200086004003045054208
B2318043740106N12229662WA0009200086004003045056208
B2318053740110N12229655WA0009100086004003045058208
B2318063740113N12229648WA0009000085004003045059208
B2318073740117N12229640WA0008900084004003045058208
B2318083740120N12229633WA0008900084004003045057208
B2318093740124N12229626WA0008900084004003045054208
B2318103740128N12229620WA0008900084004003044052208
B2318113740132N12229613WA0008900084004003043050208
B2318123740136N12229608WA0008900084004003042048208
B2318133740140N12229602WA0008800083004003039043208
B2318143740145N12229598WA0008800083004003039036208
B2318153740149N12229594WA0008700082004003039030208
B2318163740154N12229591WA0008700082004003037027208
B2318173740159N12229588WA0008600081004003036026208
B2318183740163N12229585WA0008600081004003033023208
B2318193740168N12229583WA0008500081004003033019208
B2318203740172N12229582WA0008500080004003031014208
B2318213740176N12229580WA0008400080004003030013208
B2318223740181N12229579WA0008400079004003030013208
B2318233740185N12229578WA0008400079004003030013208
B2318243740189N12229576WA0008300078004003030011208
B2318253740194N12229576WA0008300078004003030007208
B2318263740198N12229575WA0008200078004003029003208
B2318273740202N12229575WA0008200077004003028359208
B2318283740206N12229575WA0008200077004003027355208
B2318293740210N12229576WA0008200078004003027350208
B2318303740214N12229577WA0008200077004003026343208
B2318313740217N12229579WA0008200077004003024334208
B2318323740220N12229581WA0008200077004003025333208
B2318333740223N12229583WA0008200077004003025342208
B2318343740227N12229584WA0008300077004003023348208
B2318353740230N12229584WA0008300078004003022355208
B2318363740234N12229585WA0008300077004003022355208
B2318373740237N12229585WA0008300077004003025350208
B2318383740241N12229587WA0008300078004003025341208
B2318393740244N12229588WA0008400078004003023338208
B2318403740246N12229589WA0008400079004003021343208
B2318413740250N12229590WA0008500079004003021345208
B2318423740253N12229591WA0008500080004003020346208
B2318433740255N12229592WA0008600081004003020343208
B2318443740258N12229593WA0008600081004003018337208
B2318453740260N12229595WA0008700082004003016331208
B2318463740262N12229596WA0008700081004003016330208
B2318473740263N12229598WA0008700082004003015323208
B2318483740265N12229600WA0008700082004003015307208
B2318493740266N12229601WA0008800083004003013298208
B2318503740266N12229603WA0008800083004003010292208
B2318513740267N12229605WA0008800083004003009285208
B2318523740267N12229606WA0008900083004003010289208
B2318533740268N12229608WA0008900083004003011310208
B2318543740270N12229610WA0008900083004003011334208
B2318553740273N12229611WA0008900083004003016345208
B2318563740276N12229612WA0009000083004003020344208
B2318573740278N12229613WA0009000084004003020335208
B2318583740281N12229615WA0009000084004003020326208
B2318593740283N12229617WA0009100085004003018329208
B2319003740285N12229618WA0009100085004003018335208
B2319013740288N12229620WA0009100085004003020343208
B2319023740292N12229621WA0009200086004003023345208
B2319033740295N12229622WA0009200086004003023346208
B2319043740299N12229623WA0009300087004003023346208
B2319053740302N12229624WA0009300087004003022344208
B2319063740305N12229625WA0009300088004003021339208
B2319073740307N12229626WA0009400088004003020332208
B2319083740310N12229628WA0009400088004003020326208
B2319093740311N12229630WA0009400089004003018315208
B2319103740312N12229632WA0009500089004003014284208
B2319113740312N12229634WA0009500089004003012247208
B2319123740310N12229636WA0009600089004003013229208
B2319133740309N12229637WA0009600090004003013216208
B2319143740308N12229638WA0009700091004003010207208
B2319153740307N12229639WA0009700091004003009210208
B2319163740306N12229640WA0009700091004003009222208
B2319173740305N12229641WA0009700091004003011235208
B2319183740304N12229643WA0009700091004003011244208
B2319193740304N12229645WA0009700091004003011253208
B2319203740303N12229647WA0009700091004003011254208
B2319213740303N12229649WA0009800092004003011252208
B2319223740302N12229651WA0009800093004003010251208
B2319233740302N12229653WA0009900093005003010261208
B2319243740302N12229655WA0009900093004003009277208
B2319253740302N12229657WA0010000093004003009290208
B2319263740303N12229658WA0010000093004003008283208
B2319273740303N12229659WA0009900093004003008270208
B2319283740303N12229661WA0009900093004003010277208
B2319293740303N12229663WA0009900093004003010286208
B2319303740304N12229665WA0009900093004003011294208
B2319313740305N12229668WA0009900094004003013290208
B2319323740305N12229670WA0010000094004003013280208
B2319333740305N12229672WA0010000094004003013274208
B2319343740305N12229675WA0009900093004003012268208
B2319353740305N12229677WA0009900093004003012263208
B2319363740305N12229679WA0009900092004003012256208
B2319373740304N12229681WA0009900092004003013252208
B2319383740304N12229684WA0009800092004003013258208
B2319393740304N12229686WA0009800091004003013265208
B2319403740303N12229689WA0009700091004003014267208
B2319413740303N12229692WA0009600091004003015266208
B2319423740303N12229695WA0009600090004003016267208
B2319433740303N12229698WA0009600090004003016272208
B2319443740304N12229700WA0009600091004003014296208
B2319453740305N12229702WA0009600090004003014320208
B2319463740307N12229704WA0009600090004003014325208
B2319473740309N12229705WA0009500089004003017326208
B2319483740311N12229707WA0009500088004003020337208
B2319493740314N12229708WA0009400088004003020354208
B2319503740318N12229708WA0009400088004003023002208
B2319513740321N12229707WA0009300088004003024003208
B2319523740325N12229707WA0009200087004003026357208
B2319533740329N12229708WA0009200086004003027350208
B2319543740333N12229709WA0009200086004003027345208
B2319553740337N12229710WA0009200086004003027345208
B2319563740340N12229711WA0009300087004003024347208
B2319573740343N12229711WA0009300087004003019349208
B2319583740346N12229712WA0009300087004003021351208
B2319593740349N12229712WA0009300087004003021354208
B2320003740353N12229713WA0009300087004003024000208
B2320013740356N12229713WA0009300087004003024000208
B2320023740360N12229713WA0009200087004003023350208
B2320033740363N12229714WA0009200086005003023346208
B2320043740366N12229715WA0009200087005003022347208
B2320053740369N12229715WA0009300087004003021352208
B2320063740372N12229716WA0009300087004003018352208
B2320073740374N12229716WA0009300086004003019349208
B2320083740377N12229717WA0009300086005003020348208
B2320093740380N12229718WA0009300087004003020352208
B2320103740383N12229718WA0009300087004003020355208
B2320113740386N12229718WA0009300088004003019354208
B2320123740389N12229719WA0009400088004003020353208
B2320133740392N12229719WA0009400088004003020352208
B2320143740395N12229720WA0009400088004003020351208
B2320153740398N12229720WA0009500089004003020351208
B2320163740401N12229721WA0009500090004003020353208
B2320173740404N12229721WA0009600090005003018354208
B2320183740407N12229721WA0009600090005003018352208
B2320193740409N12229722WA0009600090005003018352208
B2320203740412N12229723WA0009500090004003019349208
B2320213740416N12229724WA0009500089004003020347208
B2320223740419N12229725WA0009600090004003024346208
B2320233740422N12229725WA0009600090004003024351208
B2320243740426N12229726WA0009700090004003022359208
B2320253740429N12229726WA0009800091004003020003208
B2320263740432N12229725WA0009800091004003020000208
B2320273740436N12229726WA0009900092004003024356208
B2320283740439N12229726WA0010000093004003024349208
B2320293740441N12229728WA0010000093004003022325208
B2320303740441N12229730WA0010100093004003016277208
B2320313740441N12229732WA0010000093004003015222209
B2320323740439N12229734WA0009900093004003019193215
B2320333740436N12229734WA0009900094004003019175219
B2320343740433N12229733WA0010000095004003019168217
B2320353740429N12229732WA0010000094004003020167221
B2320363740426N12229731WA0010100094005003020168219
B2320373740423N12229731WA0010100095004003022169218
B2320383740420N12229730WA0010100095004003022165216
B2320393740417N12229729WA0010200095004003021160209
B2320403740414N12229727WA0010200096004003021155211
B2320413740411N12229725WA0010200095005003023155217
B2320423740407N12229723WA0010200096004003024157211
B2320433740404N12229722WA0010300097004003023159226
B2320443740401N12229720WA0010400098004003023158231
B2320453740399N12229719WA0010400099004003020159228
B2320463740396N12229718WA0010500098004003017164223
B2320473740393N12229718WA0010500098004003018173223
B2320483740390N12229717WA0010400098004003018174212
B2320493740387N12229717WA0010400098004003019171219
B2320503740385N12229716WA0010400098004003019172223
B2320513740382N12229716WA0010400097004003018178224
B2320523740379N12229716WA0010400097004003018183223
B2320533740377N12229716WA0010400097004003017180221
B2320543740374N12229716WA0010400098004003017178222
B2320553740372N12229717WA0010400098004003017182223
B2320563740370N12229717WA0010500098004003015189221
B2320573740367N12229717WA0010500098004003017185221
B2320583740364N12229717WA0010500098004003017176223
B2320593740361N12229717WA0010500099004003020173222
B2321003740358N12229717WA0010600099004003021175238
B2321013740355N12229717WA0010600099004003020181228
B2321023740352N12229717WA0010600099004003020190235
B2321033740350N12229717WA0010600100004003017192220
B2321043740348N12229718WA0010700100004003014193226
B2321053740346N12229719WA0010700100004003013197234
B2321063740344N12229720WA0010700100004003012205233
B2321073740343N12229721WA0010600099004003012214232
B2321083740341N12229722WA0010600099004003011223227
B2321093740340N12229723WA0010600099004003010226228
B2321103740339N12229725WA0010500098004003010222222
B2321113740338N12229727WA0010500099004003015216222
B2321123740336N12229728WA0010600099004003016213220
B2321133740334N12229730WA0010600100004003015212220
B2321143740332N12229731WA0010700100004003014215218
B2321153740331N12229732WA0010700101004003012222217
B2321163740330N12229734WA0010700101004003011222215
B2321173740329N12229736WA0010700101004003012227212
B2321183740328N12229737WA0010700101004003012239211
B2321193740327N12229739WA0010800102004003012243212
B2321203740326N12229741WA0010900102004003011236212
B2321213740325N12229743WA0010900103004003011221211
B2321223740324N12229744WA0010900103004003011216211
B2321233740322N12229745WA0010900103004003011222210
B2321243740321N12229747WA0010900103004003012226210
B2321253740320N12229748WA0011000103004003012223209
B2321263740319N12229750WA0011000103004003012222209
B2321273740317N12229752WA0011000104004003013224211
B2321283740316N12229753WA0011000104004003013222216
B2321293740314N12229755WA0011100105004003013214214
B2321303740312N12229756WA0011100105004003014208212
B2321313740311N12229757WA0011100105004003013206213
B2321323740309N12229758WA0011100105004003013210212
B2321333740307N12229760WA0011200105004003013211211
B2321343740306N12229761WA0011200106004003013208211
B2321353740304N12229762WA0011200106004003013211210
B2321363740302N12229764WA0011300106004003013218210
B2321373740301N12229765WA0011300106004003013218209
B2321383740299N12229767WA0011200106004003013217209
B2321393740297N12229769WA0011200105004003015217210
B2321403740295N12229771WA0011200105004003018215214
B2321413740292N12229773WA0011200106004003018212215
B2321423740290N12229775WA0011200106004003018214217
B2321433740288N12229777WA0011300107004003018214217
B2321443740287N12229778WA0011300108004003016200218
B2321453740285N12229778WA0011400108004003012176209
B2321463740282N12229777WA0011400107004003016165201
B2321473740279N12229776WA0011300106004003023162197
B2321483740275N12229774WA0011200106005003023157196
B2321493740272N12229771WA0011200106005003028149198
B2321503740268N12229768WA0011300106004003028136198
B2321513740266N12229765WA0011200106004003027124181
B2321523740264N12229760WA0011200105004003029121186
B2321533740261N12229755WA0011100103004003029122190
B2321543740259N12229750WA0010900103004003032128201
B2321553740255N12229746WA0010800102004003032141228
B2321563740252N12229744WA0010700101004003023156240
B2321573740249N12229743WA0010700100004003023176244
B2321583740248N12229744WA0010700100005003017209242
B2321593740247N12229746WA0010600099005003011262248
B2322003740248N12229747WA0010500099004003011300244
B2322013740249N12229749WA0010400098004003016319243
B2322023740252N12229751WA0010400096004003020331239
B2322033740255N12229752WA0010200095004003020343234
B2322043740259N12229753WA0010200095004003023353229
B2322053740263N12229753WA0010100094004003025358227
B2322063740267N12229753WA0010000093004003029002222
B2322073740271N12229752WA0010000093004003030005220
B2322083740276N12229752WA0009900093005003030005217
B2322093740280N12229751WA0009900093004003030003216
B2322103740284N12229751WA0010000093005003029003215
B2322113740289N12229751WA0010000094004003027006213
B2322123740293N12229750WA0010100094004003027010213
B2322133740297N12229749WA0010100094004003027011212
B2322143740301N12229748WA0010100094004003027009211
B2322153740305N12229747WA0010100094004003029006210
B2322163740310N12229747WA0010100095004003029006210
B2322173740314N12229746WA0010100095005003029007209
B2322183740317N12229746WA0010200096005003026005209
B2322193740320N12229746WA0010100095004003022357209
B2322203740323N12229746WA0010100095004003022349208
B2322213740327N12229747WA0010100095004003020344208
B2322223740329N12229748WA0010100095004003020339208
B2322233740331N12229750WA0010000095004003018332208
B2322243740333N12229751WA0010000094004003015330208
B2322253740335N12229752WA0010000094004003015338208
B2322263740338N12229753WA0010000093004003018342208
B2322273740341N12229754WA0009900093004003021346208
B2322283740344N12229755WA0009900092005003021351208
B2322293740347N12229755WA0009800092005003022357208
B2322303740350N12229755WA0009800092005003022359208
B2322313740353N12229755WA0009700091004003021354208
B2322323740356N12229756WA0009700090004003021349208
B2322333740359N12229757WA0009600090004003021345208
B2322343740363N12229758WA0009600090004003022351208
B2322353740366N12229758WA0009500089004003024358208
B2322363740370N12229758WA0009500089005003025003208
B2322373740374N12229758WA0009400088005003025001208
B2322383740377N12229758WA0009300088004003024356208
B2322393740381N12229758WA0009300087004003023356208
B2322403740384N12229759WA0009200086004003023354208
B2322413740388N12229759WA0009100085004003023352208
B2322423740391N12229760WA0009000084005003024354208
B2322433740395N12229760WA0008900083004003024001208
B2322443740399N12229760WA0008900083004003026007208
B2322453740404N12229759WA0008800082005003032007208
B2322463740409N12229758WA0008700081005003035008208
B2322473740415N12229757WA0008700082004003035010208
B2322483740420N12229755WA0008700082004003036014208
B2322493740425N12229753WA0008800083004003036015208
B2322503740430N12229751WA0008800083004003033013208
B2322513740435N12229750WA0008900083004003033009208
B2322523740439N12229749WA0009000083005003032005208
B2322533740443N12229749WA0009000084005003029004208
B2322543740447N12229749WA0009000083004003025001208
B2322553740451N12229749WA0009000084004003026001208
B2322563740455N12229749WA0009100084004003026005208
B2322573740459N12229748WA0009100084005003028008208
B2322583740463N12229747WA0009100084004003028009208
B2322593740468N12229746WA0009100084004003028008208
B2323003740472N12229745WA0009100084004003028009208
B2323013740476N12229744WA0009100084004003028009208
B2323023740481N12229743WA0009100084004003030009208
B2323033740485N12229742WA0009100084004003030007208
B2323043740490N12229742WA0009100084004003029006208
B2323053740494N12229741WA0009100084005003029007208
B2323063740498N12229740WA0009100085004003029007208
B2323073740502N12229740WA0009100085004003028001208
B2323083740506N12229741WA0009100083004003027349208
B2323093740509N12229742WA0009000084004003022334208
B2323103740512N12229744WA0009000084004003022330208
B2323113740514N12229746WA0009000084004003020338208
B2323123740516N12229747WA0009000084004003018338208
B2323133740519N12229749WA0009000084004003018334208
B2323143740521N12229750WA0008900084004003019331208
B2323153740524N12229752WA0009000084004003019332208
B2323163740527N12229753WA0009000085004003019342208
B2323173740529N12229754WA0009000085005003018350208
B2323183740532N12229754WA0009000085005003018356208
B2323193740536N12229754WA0009000084005003023001208
B2323203740539N12229754WA0009000084004003026004208
B2323213740544N12229753WA0009000084005003026010208
B2323223740548N12229752WA0008900084004003028016208
B2323233740552N12229750WA0008900084004003030017208
B2323243740557N12229749WA0008900084004003030014208
B2323253740561N12229747WA0008900084004003030011208
B2323263740566N12229746WA0008900084004003030012208
B2323273740571N12229745WA0008900084004003031013208
B2323283740575N12229743WA0008900084005003031009208
B2323293740579N12229743WA0009000084005003025004208
B2323303740582N12229743WA0009000084004003025359208
B2323313740585N12229743WA0009000085004003022356208
B2323323740588N12229744WA0009100085004003019350208
B2323333740590N12229745WA0009100085004003018338208
B2323343740592N12229746WA0009100084004003016325208
B2323353740594N12229748WA0009000084004003018318208
B2323363740596N12229751WA0009100084004003018317208
B2323373740598N12229753WA0009100086004003018321208
B2323383740600N12229755WA0009200087005003017333208
B2323393740603N12229755WA0009300088005003018349208
B2323403740607N12229756WA0009300087005003024359208
B2323413740611N12229755WA0009300087005003024004208
B2323423740616N12229754WA0009300087005003031007208
B2323433740621N12229753WA0009300088004003034008208
B2323443740626N12229752WA0009400089004003030009208
B2323453740630N12229752WA0009500089004003030007208
B2323463740634N12229751WA0009500089004003026355208
B2323473740637N12229753WA0009400088004003023334208
B2323483740639N12229755WA0009400087005003022325208
B2323493740642N12229758WA0009400088005003021328208
B2323503740645N12229759WA0009400089004003021336208
B2323513740647N12229760WA0009500089004003018342208
B2323523740650N12229761WA0009500088004003018343208
B2323533740653N12229763WA0009400088004003019340208
B2323543740656N12229764WA0009400087004003021335208
B2323553740658N12229766WA0009400087004003021334208
B2323563740661N12229767WA0009300087004003020337208
B2323573740664N12229768WA0009300087005003018342208
B2323583740666N12229769WA0009300087005003018350208
B2323593740670N12229769WA0009200086005003022354208
B2324003740674N12229770WA0009100085005003026357208
B2324013740678N12229770WA0009000084005003026355208
B2324023740682N12229770WA0009000083004003029355208
B2324033740687N12229771WA0008900083005003030356208
B2324043740691N12229771WA0008800082004003030356208
B2324053740696N12229772WA0008800082004003031354208
B2324063740701N12229772WA0008800081004003031354208
B2324073740705N12229773WA0008800082004003031355208
B2324083740710N12229773WA0008900082004003031352208
B2324093740713N12229774WA0009000083005003024341208
B2324103740716N12229776WA0009000083004003024331208
B2324113740719N12229778WA0009100084004003022326208
B2324123740722N12229781WA0009100084005003022326208
B2324133740724N12229783WA0009100084005003022330208
B2324143740727N12229785WA0009200085004003023335208
B2324153740730N12229787WA0009200085004003023337208
B2324163740733N12229788WA0009300086005003023337208
B2324173740737N12229790WA0009300086006003024340208
B2324183740741N12229791WA0009300087005003025347208
B2324193740745N12229792WA0009300087005003027352208
B2324203740749N12229792WA0009300087005003029356208
B2324213740753N12229792WA0009300086005003029000208
B2324223740758N12229792WA0009300086005003029003208
B2324233740762N12229792WA0009300086006003030002208
B2324243740767N12229792WA0009200085006003033001208
B2324253740772N12229792WA0009200085005003033001208
B2324263740777N12229791WA0009100084006003033003208
B2324273740782N12229791WA0009100084005003033006208
B2324283740787N12229790WA0009100084005003033007208
B2324293740792N12229789WA0009000083005003035003208
B2324303740798N12229789WA0009000082004003036000208
B2324313740803N12229789WA0009000083005003035359208
B2324323740807N12229789WA0009000083004003033357208
B2324333740811N12229789WA0009000083004003028358208
B2324343740815N12229790WA0009000083004003027358208
B2324353740819N12229790WA0009000083004003028358208
B2324363740824N12229790WA0008900083004003028355208
B2324373740828N12229791WA0009000083005003028352208
B2324383740832N12229791WA0009000083005003028352208
B2324393740835N12229792WA0009000084006003024354208
B2324403740839N12229792WA0009000084006003024354208
B2324413740842N12229793WA0009000084006003024353208
B2324423740846N12229793WA0009000083006003024355208
B2324433740850N12229794WA0009000083005003024358208
B2324443740853N12229794WA0009000083006003025359208
B2324453740857N12229794WA0009000082005003025358208
B2324463740861N12229794WA0008900082005003025357208
B2324473740865N12229794WA0008800081005003025355208
B2324483740868N12229795WA0008800081006003025353208
B2324493740872N12229795WA0008800081006003025353208
B2324503740876N12229795WA0008800081005003025356208
B2324513740879N12229796WA0008900082005003024358208
B2324523740883N12229796WA0008800081005003023357208
B2324533740886N12229796WA0008800081006003023352208
B2324543740890N12229797WA0008700080006003025352208
B2324553740894N12229797WA0008700080006003025358208
B2324563740898N12229797WA0008700080006003028005208
B2324573740902N12229796WA0008700080005003028008208
B2324583740907N12229795WA0008600079005003029008208
B2324593740911N12229794WA0008600079005003029008208
B2325003740916N12229793WA0008500078005003030010208
B2325013740921N12229792WA0008500078005003032010208
B2325023740925N12229791WA0008500078005003032009208
B2325033740930N12229790WA0008500078004003032010208
B2325043740934N12229789WA0008500078004003031011208
B2325053740939N12229788WA0008400077004003031011208
B2325063740944N12229786WA0008400077004003031013208
B2325073740948N12229785WA0008400078005003033015208
B2325083740953N12229783WA0008500078005003033016208
B2325093740958N12229782WA0008500078004003033011208
B2325103740962N12229782WA0008500078004003030356208
B2325113740965N12229783WA0008500078004003025331208
B2325123740967N12229785WA0008500077004003020318208
B2325133740970N12229788WA0008500078004003020326208
B2325143740972N12229790WA0008600078004003018335208
B2325153740974N12229791WA0008600078004003016335208
B2325163740975N12229792WA0008700078004003013322208
B2325173740976N12229793WA0008700078004003011279208
B2325183740975N12229796WA0008700078004003013260208
B2325193740975N12229798WA0008800079004003012257208
B2325203740975N12229800WA0008800079004003012270208
B2325213740975N12229802WA0008900080006003009284208
B2325223740975N12229803WA0009000081005003009301208
B2325233740977N12229805WA0009000081005003014314208
B2325243740979N12229807WA0008900081004003014329208
B2325253740982N12229808WA0008900081004003018337208
B2325263740985N12229810WA0009000082004003022350208
B2325273740989N12229810WA0009100082004003024006208
B2325283740992N12229809WA0009100083005003025013208
B2325293740996N12229808WA0009200083005003025014208
B2325303741000N12229806WA0009200083005003026013208
B2325313741004N12229805WA0009300084005003026012208
B2325323741007N12229804WA0009400085004003022013208
B2325333741010N12229804WA0009400086004003022002208
B2325343741012N12229804WA0009400086004003017341208
B2325353741014N12229806WA0009400086004003015322208
B2325363741014N12229808WA0009300086005003014275208
B2325373741014N12229810WA0009400086004003011245208
B2325383741013N12229812WA0009400087004003011218208
B2325393741011N12229813WA0009400087006003011204208
B2325403741009N12229814WA0009400087004003012202208
B2325413741007N12229815WA0009400087004003013201208
B2325423741005N12229816WA0009400087004003017197208
B2325433741002N12229817WA0009400087006003017193208
B2325443740999N12229817WA0009400088006003017187208
B2325453740997N12229817WA0009500088006003018183212
B2325463740994N12229818WA0009500088005003018183217
B2325473740991N12229818WA0009500089005003019183218
B2325483740988N12229818WA0009600089006003020183219
B2325493740985N12229818WA0009600090005003019183225
B2325503740982N12229819WA0009700090005003019181224
B2325513740979N12229819WA0009700090005003018182223
B2325523740977N12229819WA0009700090005003016183219
B2325533740975N12229819WA0009700090005003016185217
B2325543740973N12229819WA0009700090005003014183218
B2325553740971N12229819WA0009600090006003014182219
B2325563740968N12229819WA0009500089006003015180221
B2325573740965N12229819WA0009500089006003019181224
B2325583740962N12229820WA0009500089006003019181226
B2325593740959N12229820WA0009400089005003019180229
B2326003740957N12229820WA0009400088005003019181227
B2326013740954N12229820WA0009400088006003019181212
B2326023740951N12229820WA0009400089006003019183234
B2326033740949N12229820WA0009500090006003019187221
B2326043740947N12229821WA0009500090005003014194227
B2326053740945N12229821WA0009500089006003014184210
B2326063740942N12229821WA0009500089006003016169222
B2326073740939N12229820WA0009500089005003020161231
B2326083740936N12229819WA0009500089005003020158234
B2326093740935N12229818WA0009500089006003015166229
B2326103740933N12229818WA0009400088006003010179223
B2326113740932N12229818WA0009300087006003010184218
B2326123740930N12229818WA0009200085006003013181214
B2326133740928N12229817WA0009100084005003015174205
B2326143740925N12229817WA0009000084005003015162213
B2326153740923N12229815WA0008900082006003017157216
B2326163740920N12229814WA0008800081005003018160213
B2326173740918N12229813WA0008700080006003018161208
B2326183740915N12229812WA0008700081006003020160201
B2326193740912N12229811WA0008700081005003019159199
B2326203740910N12229809WA0008700081005003019157201
B2326213740907N12229808WA0008700081005003019153209
B2326223740904N12229806WA0008700082006003021152215
B2326233740902N12229804WA0008700081005003021153209
B2326243740898N12229802WA0008600081005003021160213
B2326253740895N12229801WA0008600080005003022163202
B2326263740892N12229800WA0008600080006003023165217
B2326273740888N12229799WA0008500080006003025165206
B2326283740885N12229797WA0008500079006003025164226
B2326293740881N12229796WA0008500079006003025163227
B2326303740878N12229795WA0008500079005003024165231
B2326313740875N12229794WA0008500078005003022168235
B2326323740872N12229794WA0008500078005003020176232
B2326333740869N12229794WA0008400077005003020182234
B2326343740866N12229794WA0008400077005003020185237
B2326353740863N12229795WA0008300077005003020189222
B2326363740860N12229795WA0008200077006003018192230
B2326373740858N12229796WA0008200076005003017191220
B2326383740855N12229796WA0008200076005003018190235
B2326393740853N12229797WA0008200076006003018201238
B2326403740850N12229799WA0008200075006003018219237
B2326413740849N12229802WA0008100075006003018234236
B2326423740848N12229804WA0008100075004003013243231
B2326433740847N12229806WA0008100076004003013248229
B2326443740847N12229808WA0008100075004003010261226
B2326453740847N12229810WA0008000074004003010283225
B2326463740849N12229813WA0007900072004003015294223
B2326473740850N12229816WA0007800071005003021306222
B2326483740852N12229819WA0007700071005003023321217
B2326493740855N12229822WA0007700071005003022330215
B2326503740857N12229824WA0007800071006003022322211
B2326513740859N12229826WA0007700071005003017292210
B2326523740858N12229828WA0007600069005003014259210
B2326533740858N12229831WA0007600070004003014244209
B2326543740857N12229832WA0007700071004003014226210
B2326553740856N12229832WA0007700071004003008168209
B2326563740854N12229832WA0007600070004003014159201
B2326573740851N12229830WA0007500068005003021156202
B2326583740848N12229828WA0007400068005003021153190
B2326593740845N12229826WA0007300068005003026146184
B2327003740841N12229822WA0007300068005003028140194
B2327013740838N12229818WA0007200067005003030136191
B2327023740835N12229815WA0007200067005003030136196
B2327033740832N12229811WA0007100066004003030136198
B2327043740828N12229807WA0007100066004003029139201
B2327053740825N12229804WA0007100065005003028141198
B2327063740822N12229800WA0007000065006003028143196
B2327073740818N12229797WA0007000064006003028145193
B2327083740815N12229794WA0006900063005003028144186
B2327093740811N12229791WA0006900063004003030143184
B2327103740808N12229787WA0006800063006003030142185
B2327113740804N12229784WA0006800063005003029142180
B2327123740801N12229780WA0006800062006003029141188
B2327133740797N12229777WA0006800062005003030138187
B2327143740794N12229772WA0006800063005003031135195
B2327153740790N12229769WA0006900063005003031138198
B2327163740787N12229765WA0007000064005003030142200
B2327173740784N12229762WA0007000065005003028145199
B2327183740780N12229760WA0007100065005003026149196
B2327193740777N12229758WA0007200067005003023155214
B2327203740774N12229757WA0007300068005003023163223
B2327213740772N12229757WA0007400069005003019174227
B2327223740769N12229756WA0007600069005003018180227
B2327233740767N12229757WA0007700070005003017184229
B2327243740765N12229757WA0007800071005003014190230
B2327253740763N12229758WA0007900072005003015199223
B2327263740761N12229760WA0007900072005003015210229
B2327273740758N12229761WA0008000073005003017213229
B2327283740756N12229763WA0008100075005003017207225
B2327293740754N12229765WA0008300076005003016204242
B2327303740752N12229766WA0008400078005003016211234
B2327313740751N12229768WA0008500079005003013230236
B2327323740750N12229770WA0008600079004003012247232
B2327333740749N12229772WA0008700080005003012253229
B2327343740749N12229774WA0008800080005003013256224
B2327353740749N12229776WA0008900081006003013265221
B2327363740748N12229779WA0009000082005003012258217
B2327373740748N12229781WA0009100083004003011254216
B2327383740747N12229783WA0009200084004003012249213
B2327393740747N12229785WA0009200085004003012247213
B2327403740746N12229787WA0009300085004003013229211
B2327413740744N12229789WA0009300086004003013216216
B2327423740742N12229790WA0009300086005003014211216
B2327433740740N12229792WA0009300086006003015208221
B2327443740738N12229793WA0009400086006003014204215
B2327453740736N12229794WA0009400086006003015199217
B2327463740734N12229795WA0009400087006003015193215
B2327473740731N12229795WA0009400087006003016185223
B2327483740728N12229795WA0009400087005003017177211
B2327493740726N12229795WA0009400087005003018172210
B2327503740723N12229794WA0009500088006003018168212
B2327513740720N12229793WA0009500088006003018164224
B2327523740717N12229792WA0009500088006003018164228
B2327533740715N12229791WA0009500088005003018170233
B2327543740712N12229791WA0009500088005003017182233
B2327553740710N12229792WA0009500087004003017193221
B2327563740707N12229793WA0009500087005003017193214
B2327573740705N12229793WA0009500088005003017181222
B2327583740702N12229793WA0009500087005003018171223
B2327593740699N12229792WA0009500087005003020172235
B2328003740696N12229792WA0009500087005003020183228
B2328013740694N12229792WA0009500088006003018187214
B2328023740692N12229792WA0009600088006003013172205
B2328033740689N12229792WA0009500088006003013163201
B2328043740686N12229791WA0009500087006003022164207
B2328053740683N12229789WA0009400086006003024165207
B2328063740679N12229788WA0009400086006003024160204
B2328073740676N12229786WA0009400086006003024151196
B2328083740673N12229784WA0009400086006003024145196
B2328093740670N12229781WA0009400086005003025144200
B2328103740667N12229778WA0009400086006003027145195
B2328113740664N12229775WA0009400086006003027145196
B2328123740660N12229772WA0009400086005003027145201
B2328133740657N12229769WA0009400087006003027146207
B2328143740654N12229767WA0009400087005003025149214
B2328153740650N12229765WA0009400086005003026153200
B2328163740646N12229762WA0009400086005003026158219
B2328173740642N12229761WA0009400086005003028163205
B2328183740638N12229760WA0009500088005003028165224
B2328193740635N12229758WA0009700089005003023162214
B2328203740632N12229757WA0009800090005003023159237
B2328213740629N12229756WA0009700089005003021165226
B2328223740627N12229756WA0009700089006003018177233
B2328233740625N12229756WA0009700089004003016189231
B2328243740623N12229756WA0009700089004003012203230
B2328253740621N12229757WA0009700089005003012220228
B2328263740620N12229759WA0009700089005003012230220
B2328273740619N12229761WA0009700089004003012234220
B2328283740618N12229763WA0009700090006003011227216
B2328293740617N12229764WA0009700090006003008210214
B2328303740616N12229764WA0009700090006003009184209
B2328313740614N12229764WA0009600089005003009171207
B2328323740611N12229763WA0009600088005003014169211
B2328333740608N12229762WA0009500088005003020167218
B2328343740605N12229761WA0009500088006003021160217
B2328353740602N12229759WA0009500088006003021155208
B2328363740599N12229758WA0009500088006003020156207
B2328373740597N12229756WA0009500088005003020156200
B2328383740593N12229754WA0009500087005003022156202
B2328393740590N12229753WA0009500087005003024156207
B2328403740587N12229751WA0009500088005003024158213
B2328413740584N12229749WA0009500088005003024163222
B2328423740581N12229749WA0009500088005003022169217
B2328433740577N12229748WA0009500087005003022169208
B2328443740574N12229747WA0009500088005003024168209
B2328453740570N12229746WA0009500088006003025164214
B2328463740567N12229745WA0009500088005003024165219
B2328473740563N12229744WA0009600088005003024166220
B2328483740560N12229743WA0009600089005003022166216
B2328493740557N12229742WA0009600088005003021165210
B2328503740554N12229741WA0009600088005003023166215
B2328513740550N12229740WA0009600088005003023165205
B2328523740547N12229738WA0009600088005003024164210
B2328533740544N12229737WA0009600089005003024161209
B2328543740540N12229736WA0009700090005003022160217
B2328553740537N12229734WA0009700090005003022163213
B2328563740534N12229733WA0009700090005003022168217
B2328573740531N12229733WA0009800090005003023172225
B2328583740527N12229733WA0009800091005003023176235
B2328593740524N12229733WA0009900091005003020181227
B2329003740521N12229733WA0009900091005003020184220
B2329013740518N12229733WA0009900092005003020181219
B2329023740515N12229733WA0010000092005003020177219
B2329033740512N12229733WA0010000092005003022179219
B2329043740509N12229733WA0010000092005003022183216
B2329053740505N12229734WA0010000092006003022187220
B2329063740502N12229735WA0010100092005003022189225
B2329073740499N12229735WA0010100093005003022190233
B2329083740495N12229736WA0010100093005003023194235
B2329093740492N12229738WA0010100093006003023198229
B2329103740490N12229739WA0010100094005003020195225
B2329113740487N12229739WA0010200094005003019190237
B2329123740484N12229740WA0010200094005003018196235
B2329133740482N12229741WA0010200094005003018203226
B2329143740479N12229743WA0010200094005003018207231
B2329153740477N12229744WA0010200094005003017204216
B2329163740475N12229746WA0010300095005003017200229
B2329173740473N12229747WA0010300095005003014207222
B2329183740471N12229748WA0010300095005003014213224
B2329193740469N12229750WA0010300095005003014208216
B2329203740467N12229751WA0010300095005003015202221
B2329213740464N12229752WA0010300095005003018203223
B2329223740462N12229754WA0010400096006003016206231
B2329233740460N12229755WA0010400097005003016205227
B2329243740458N12229756WA0010500098005003014197210
B2329253740456N12229757WA0010600098006003014194210
B2329263740454N12229757WA0010600098004003015191206
B2329273740451N12229758WA0010700099006003016186209
B2329283740449N12229758WA0010700099006003016177194
B2329293740446N12229757WA0010600099006003016165204
B2329303740443N12229756WA0010600099006003020152180
B2329313740440N12229753WA0010600098005003025143185
B2329323740436N12229749WA0010500098005003030138212
B2329333740433N12229746WA0010500098006003030143231
B2329343740430N12229744WA0010500097006003027177255
B2329353740429N12229746WA0010300095004003019234264
B2329363740429N12229749WA0010300094005003018297270
B2329373740431N12229752WA0010200094005003023338269
B2329383740435N12229752WA0010100094005003027008260
B2329393740440N12229751WA0010100094005003027020248
B2329403740444N12229749WA0010000094005003027020235
B2329413740448N12229747WA0010000094005003027011229
B2329423740452N12229746WA0009900092004003027001225
B2329433740456N12229747WA0009800091005003030354220
B2329443740461N12229748WA0009700090005003030350222
B2329453740466N12229749WA0009800091005003033347218
B2329463740470N12229750WA0009900093005003033343215
B2329473740474N12229752WA0010000094005003023341213
B2329483740477N12229753WA0010100094005003023344212
B2329493740480N12229754WA0010100094005003023345211
B2329503740484N12229756WA0010000093005003024336210
B2329513740487N12229758WA0010000093005003024326210
B2329523740491N12229760WA0010100094005003027336210
B2329533740495N12229762WA0010100095005003027351209
B2329543740498N12229762WA0010200096005003026000209
B2329553740501N12229762WA0010200096004003022355208
B2329563740503N12229763WA0010100095005003017336208
B2329573740505N12229764WA0010100095005003018327208
B2329583740508N12229766WA0010000094005003019329208
B2329593740511N12229768WA0010000094005003019337208
B2330003740513N12229769WA0010000094005003019348208
B2330013740516N12229769WA0010000094005003020356208
B2330023740520N12229769WA0009900093006003021358208
B2330033740523N12229770WA0009900092005003025357208
B2330043740528N12229770WA0009800091005003025357208
B2330053740532N12229769WA0009800091006003029004208
B2330063740537N12229768WA0009800091006003033013208
B2330073740542N12229766WA0009800091005003032022208
B2330083740546N12229764WA0009700091005003032024208
B2330093740551N12229761WA0009600089005003032020208
B2330103740556N12229759WA0009500087005003035018208
B2330113740563N12229756WA0009400086005003040018208
B2330123740569N12229754WA0009400086005003041018208
B2330133740574N12229751WA0009400087005003041018208
B2330143740579N12229749WA0009400087004003038018208
B2330153740584N12229747WA0009400087004003036016208
B2330163740590N12229745WA0009400087004003036013208
B2330173740595N12229744WA0009400087005003036010208
B2330183740600N12229743WA0009500087004003036008208
B2330193740605N12229742WA0009500088004003035007208
B2330203740610N12229741WA0009600089004003034008208
B2330213740615N12229740WA0009700089004003034012208
B2330223740620N12229738WA0009800090005003035017208
B2330233740625N12229736WA0010000092005003035021208
B2330243740630N12229734WA0010100092005003034021208
B2330253740634N12229732WA0010100092005003033019208
B2330263740639N12229729WA0010100092005003033016208
B2330273740646N12229727WA0010100092005003042016208
B2330283740652N12229725WA0010200093005003042017208
B2330293740657N12229723WA0010400096004003041019208
B2330303740662N12229721WA0010600098004003037019208
B2330313740666N12229719WA0010700099004003032015208
B2330323740670N12229718WA0010800099004003029008208
B2330333740674N12229717WA0010900099005003029001208
B2330343740679N12229718WA0011000100005003029348208
B2330353740682N12229719WA0011100100004003027340208
B2330363740685N12229721WA0011200102004003024328208
B2330373740687N12229723WA0011300104004003017323208
B2330383740689N12229725WA0011500106004003017330208
B2330393740691N12229727WA0011600107004003016332208
B2330403740693N12229728WA0011700108004003016318208
B2330413740694N12229731WA0011800108005003015300208
B2330423740695N12229733WA0011800109005003013288208
B2330433740696N12229736WA0011900110005003013283208
B2330443740696N12229738WA0012000111005003013280208
B2330453740696N12229741WA0012100112005003012273208
B2330463740696N12229743WA0012100112005003012272208
B2330473740696N12229745WA0012200112005003012274208
B2330483740697N12229747WA0012200112004003015275208
B2330493740697N12229750WA0012200113004003015273208
B2330503740697N12229753WA0012300114005003015273208
B2330513740697N12229755WA0012400114005003012281208
B2330523740697N12229756WA0012400114004003009279208
B2330533740697N12229758WA0012400114004003011270208
B2330543740697N12229760WA0012300113004003010269208
B2330553740697N12229762WA0012300113004003010256208
B2330563740697N12229763WA0012200113004003008242208
B2330573740696N12229764WA0012200113004003008236208
B2330583740695N12229766WA0012100113004003010231208
B2330593740694N12229767WA0012100112004003010232208
B2331003740694N12229769WA0012000112004003010239208
B2331013740693N12229770WA0011900111004003010251208
B2331023740693N12229772WA0011900110004003010256208
B2331033740692N12229774WA0011800110004003010265208
B2331043740692N12229776WA0011800110004003009281208
B2331053740693N12229777WA0011700109004003009290208
B2331063740693N12229779WA0011700108004003009280208
B2331073740693N12229781WA0011600107004003011264208
B2331083740693N12229783WA0011500107004003011254208
B2331093740693N12229784WA0011500106004003010247208
B2331103740692N12229785WA0011400106004003007256208
B2331113740692N12229787WA0011300105004003011257208
B2331123740691N12229789WA0011200104004003013256208
B2331133740691N12229792WA0011100103004003012248208
B2331143740690N12229793WA0011100103004003012245208
B2331153740690N12229795WA0011000103004003009244209
B2331163740689N12229796WA0011000102005003009231214
B2331173740688N12229797WA0010900100004003012219213
B2331183740686N12229799WA0010800099005003012221221
B2331193740684N12229800WA0010700099006003014214213
B2331203740682N12229801WA0010600098006003014191195
B2331213740680N12229800WA0010500097005003019161185
B2331223740676N12229799WA0010400097004003019148199
B2331233740673N12229796WA0010300097004003025151225
B2331243740670N12229795WA0010300097006003025166236
B2331253740668N12229795WA0010300095006003012213239
B2331263740667N12229797WA0010200094006003014277248
B2331273740669N12229800WA0010000093005003014311249
B2331283740673N12229802WA0009800091005003020342249
B2331293740679N12229802WA0009700090005003028001242
B2331303740684N12229801WA0009600090005003037013235
B2331313740690N12229799WA0009500089004003037016228
B2331323740695N12229797WA0009500089005003036016225
B2331333740700N12229795WA0009400088004003035014221
B2331343740705N12229793WA0009300087004003035014219
B2331353740710N12229792WA0009200085004003034012217
B2331363740715N12229790WA0009100084005003035011215
B2331373740720N12229789WA0009000082005003035009214
B2331383740727N12229788WA0008800081005003039008212
B2331393740733N12229787WA0008800081005003042005212
B2331403740739N12229786WA0008800081004003040006211
B2331413740745N12229785WA0008800082005003040011211
B2331423740750N12229783WA0008800082005003038016210
B2331433740756N12229781WA0008800081006003038014210
B2331443740762N12229779WA0008800081005003040011209
B2331453740768N12229778WA0008900082006003040013206
B2331463740774N12229776WA0008900082004003041018206
B2331473740780N12229772WA0009000083005003041023209
B2331483740786N12229769WA0009100084005003043023208
B2331493740791N12229767WA0009300085005003043017208
B2331503740796N12229766WA0009300086004003034002208
B2331513740801N12229767WA0009400086004003034348208
B2331523740806N12229769WA0009400086004003034347208
B2331533740811N12229770WA0009500087006003034352208
B2331543740816N12229771WA0009600088005003034354208
B2331553740820N12229771WA0009600088004003028348208
B2331563740824N12229773WA0009600088006003029341208
B2331573740829N12229775WA0009700088006003029344208
B2331583740834N12229776WA0009700089005003032352208
B2331593740839N12229776WA0009900091004003034359208
B2332003740844N12229775WA0010100093004003031011208
B2332013740848N12229774WA0010200093004003031011208
B2332023740852N12229773WA0010300093004003029002208
B2332033740856N12229774WA0010300092004003026342208
B2332043740859N12229776WA0010300093004003026328208
B2332053740863N12229779WA0010400094004003025334208
B2332063740866N12229780WA0010500096005003025347208
B2332073740870N12229780WA0010600097005003023355208
B2332083740873N12229781WA0010600097004003023352208
B2332093740877N12229781WA0010600098004003023342208
B2332103740880N12229783WA0010700098004003026340208
B2332113740884N12229785WA0010700099005003026342208
B2332123740887N12229786WA0010800100005003026347208
B2332133740890N12229786WA0010900101004003023352208
B2332143740893N12229787WA0010900102004003018347208
B2332153740895N12229788WA0010900101004003018342208
B2332163740898N12229789WA0010900101004003018338208
B2332173740900N12229791WA0010900101004003018333208
B2332183740902N12229792WA0010800100005003017324208
B2332193740903N12229794WA0010800100005003015307208
B2332203740904N12229796WA0010800100004003011274208
B2332213740903N12229798WA0010800099004003013251208
B2332223740903N12229800WA0010800100004003011247208
B2332233740902N12229802WA0010800100004003010247208
B2332243740902N12229803WA0010800100004003008232208
B2332253740901N12229804WA0010800100004003010216211
B2332263740899N12229805WA0010800100004003012202216
B2332273740897N12229806WA0010800100006003012192219
B2332283740895N12229806WA0010800100006003015186221
B2332293740892N12229807WA0010800100006003015181224
B2332303740890N12229806WA0010800100006003013176220
B2332313740889N12229806WA0010800100006003013173215
B2332323740887N12229806WA0010800100006003013168210
B2332333740884N12229805WA0010800100006003013169213
B2332343740881N12229805WA0010800100004003016166194
B2332353740878N12229803WA0010800100005003024156182
B2332363740875N12229800WA0010900101005003027141173
B2332373740872N12229796WA0010900102006003027129184
B2332383740870N12229792WA0011000102006003027119188
B2332393740867N12229787WA0011000101006003029120196
B2332403740865N12229782WA0010900101005003034121198
B2332413740862N12229776WA0011000101006003035122199
B2332423740859N12229771WA0011000102006003034123195
B2332433740857N12229766WA0011100103005003033121192
B2332443740854N12229762WA0011200104005003030124208
B2332453740852N12229759WA0011200104005003021137212
B2332463740849N12229757WA0011300105005003021158229
B2332473740847N12229757WA0011400105005003018179236
B2332483740846N12229758WA0011500107005003015210242
B2332493740845N12229759WA0011600108005003010265243
B2332503740846N12229761WA0011800109005003012298242
B2332513740847N12229763WA0011800109005003016319242
B2332523740850N12229764WA0011900110005003016344243
B2332533740854N12229764WA0011900110005003023002237
B2332543740859N12229764WA0011900110006003031016234
B2332553740865N12229761WA0011900110005003037022225
B2332563740870N12229758WA0012000110005003037023219
B2332573740875N12229755WA0012000110004003036018218
B2332583740879N12229754WA0012000110005003033012215
B2332593740884N12229753WA0012100111004003032009214
B2333003740889N12229752WA0012100112004003031008212
B2333013740893N12229751WA0012200112004003031004211
B2333023740897N12229751WA0012300113004003028357211
B2333033740901N12229752WA0012400115005003026353210
B2333043740905N12229752WA0012500115005003026357210
B2333053740909N12229752WA0012700117005003027003209
B2333063740913N12229752WA0012800118004003027007209
B2333073740917N12229751WA0012900119004003027010209
B2333083740921N12229750WA0012900120004003027012209
B2333093740925N12229749WA0013000120004003028011208
B2333103740930N12229748WA0013000120004003032008208
B2333113740935N12229747WA0013000120004003032005208
B2333123740940N12229747WA0013100121004003031000208
B2333133740944N12229747WA0013200122004003029354208
B2333143740947N12229748WA0013300123004003022348208
B2333153740950N12229749WA0013400125004003022344208
B2333163740953N12229750WA0013500126004003020340208
B2333173740955N12229751WA0013500126004003020336208
B2333183740958N12229753WA0013700127004003018331208
B2333193740960N12229755WA0013800129005003018326208
B2333203740962N12229757WA0013900130005003017331208
B2333213740964N12229758WA0014000131004003015342208
B2333223740966N12229758WA0014100132004003013349208
B2333233740968N12229759WA0014100132004003014343208
B2333243740970N12229760WA0014100132004003014333208
B2333253740972N12229761WA0014100132004003014325208
B2333263740973N12229763WA0014200133004003014325208
B2333273740975N12229764WA0014200133005003010326208
B2333283740976N12229765WA0014200134005003010317208
B2333293740976N12229767WA0014200134005003009303208
B2333303740977N12229768WA0014300134005003008293208
B2333313740978N12229769WA0014300134004003008299208
B2333323740978N12229771WA0014300134004003008304208
B2333333740979N12229772WA0014300134004003008305208
B2333343740980N12229773WA0014300134004003007295208
B2333353740980N12229775WA0014300134004003007279208
B2333363740980N12229777WA0014300134005003009272208
B2333373740980N12229779WA0014300135004003011261208
B2333383740979N12229780WA0014400135004003011248208
B2333393740979N12229782WA0014500137004003010231208
B2333403740978N12229782WA0014500137004003006231208
B2333413740978N12229783WA0014600137005003005236208
B2333423740978N12229784WA0014600137004003004252208
B2333433740978N12229785WA0014500137004003006265208
B2333443740978N12229786WA0014500137004003006265208
B2333453740977N12229788WA0014500136004003008257208
B2333463740977N12229789WA0014500137004003008264208
B2333473740977N12229790WA0014500137004003005257208
B2333483740977N12229791WA0014500137004003005257208
B2333493740977N12229792WA0014500136004003004257208
B2333503740977N12229792WA0014400136004003004257208
B2333513740977N12229793WA0014400135004003004274208
B2333523740977N12229794WA0014300134004003006273208
B2333533740977N12229795WA0014200133004003006265208
B2333543740977N12229796WA0014100133004003006245208
B2333553740976N12229797WA0014000133004003007235208
B2333563740975N12229798WA0014000132004003008219208
B2333573740974N12229799WA0013900132004003008206208
B2333583740973N12229800WA0013800131005003009211208
B2333593740972N12229801WA0013700130004003009238208
B2334003740972N12229803WA0013700129004003009275208
B2334013740973N12229805WA0013600129005003011304208
B2334023740975N12229807WA0013600129006003013320208
B2334033740976N12229808WA0013600129005003013328208
B2334043740978N12229809WA0013600129005003013350208
B2334053740981N12229809WA0013500128005003013004208
B2334063740985N12229808WA0013300127005003023020208
B2334073740991N12229804WA0013200127004003046033208
B2334083740997N12229799WA0013200128004003046033208
B2334093741001N12229796WA0013200127005003039003208
B2334103741005N12229797WA0013100126005003028318208
B2334113741006N12229801WA0013000128005003023263209
B2334123741004N12229806WA0013000128004003020207199
B2334133741001N12229807WA0013200131005003020180217
B2334143740997N12229807WA0013300130005003016164225
B2334153740995N12229806WA0013300128005003013159228
B2334163740994N12229805WA0013300127004003011172219
B2334173740992N12229806WA0013300126005003013193220
B2334183740990N12229807WA0013200126005003015203226
B2334193740988N12229808WA0013200126006003013216221
B2334203740987N12229810WA0013300126005003013236225
B2334213740986N12229811WA0013400127005003010252217
B2334223740986N12229812WA0013400127004003007261216
B2334233740986N12229813WA0013400127004003007254214
B2334243740986N12229815WA0013400127004003007227212
B2334253740985N12229816WA0013400127004003008232211
B2334263740984N12229818WA0013300126004003009245211
B2334273740983N12229820WA0013300126004003012261211
B2334283740983N12229822WA0013300126004003012280211
B2334293740984N12229823WA0013400127004003011321208
B2334303740984N12229823WA0013400127004003004150206
B2334313740982N12229822WA0013300126004003004166203
B2334323740978N12229821WA0013300124006003027163208
B2334333740974N12229819WA0013300125005003027163241
B2334343740971N12229819WA0013400127005003026184243
B2334353740970N12229820WA0013300125005003013287240
B2334363740971N12229822WA0013200125005003013306227
B2334373740973N12229825WA0013200126005003011289209
B2334383740971N12229825WA0013200126005003011191196
B2334393740969N12229825WA0013100125005003011162191
B2334403740965N12229823WA0013100125006003026148209
B2334413740960N12229819WA0013200126005003027155230
B2334423740957N12229817WA0013200127004003013183231
B2334433740957N12229819WA0013100124005003016289234
B2334443740959N12229823WA0013000124005003016323226
B2334453740962N12229826WA0013100125005003018339209
B2334463740963N12229826WA0013100127005003018333208
B2334473740963N12229825WA0013000125005003015176195
B2334483740959N12229825WA0012900126005003030163205
B2334493740954N12229823WA0012800126005003028164237
B2334503740952N12229822WA0012900127005003028181244
B2334513740950N12229822WA0012900126005003013229239
B2334523740951N12229824WA0012800125004003005283230
B2334533740951N12229825WA0012800124004003008282218
B2334543740951N12229826WA0012900124004003008253214
B2334553740950N12229828WA0012900124005003009209211
B2334563740948N12229828WA0012900125005003010174212
B2334573740946N12229827WA0012900125005003015162204
B2334583740943N12229826WA0012900124005003019153197
B2334593740940N12229823WA0012800124005003019150190
B2335003740936N12229820WA0012800123006003026148196
B2335013740932N12229817WA0012800123005003031143199
B2335023740929N12229813WA0012900124005003031133210
B2335033740926N12229808WA0012900124005003031128197
B2335043740923N12229804WA0012900124004003031130234
B2335053740920N12229801WA0012800123005003029148248
B2335063740918N12229800WA0012600122005003021206242
B2335073740917N12229803WA0012500120004003014256241
B2335083740917N12229806WA0012500121005003014253201
B2335093740915N12229806WA0012500122005003012163193
B2335103740913N12229804WA0012400120005003012154181
B2335113740908N12229800WA0012300118005003030141196
B2335123740903N12229795WA0012300119005003036139227
B2335133740900N12229792WA0012300119005003036161231
B2335143740898N12229792WA0012200117005003021206233
B2335153740897N12229794WA0012000115005003016278232
B2335163740897N12229798WA0012000116005003013287205
B2335173740898N12229799WA0012000116005003009185196
B2335183740895N12229798WA0011900114006003025160188
B2335193740890N12229793WA0011800111005003025143199
B2335203740884N12229788WA0011800113005003041148220
B2335213740881N12229786WA0012000115004003027162230
B2335223740878N12229786WA0012000114005003027204231
B2335233740877N12229788WA0012000114004003013248225
B2335243740877N12229789WA0012100115004003008244214
B2335253740876N12229790WA0012100115004003008203214
B2335263740874N12229790WA0012100115004003013187211
B2335273740872N12229791WA0012100115005003017183216
B2335283740869N12229791WA0012100114005003017185221
B2335293740866N12229791WA0012100115005003018185224
B2335303740864N12229792WA0012100115005003017184223
B2335313740861N12229792WA0012100115005003017182226
B2335323740859N12229792WA0012100115005003016176227
B2335333740857N12229791WA0012200116005003016170222
B2335343740854N12229791WA0012200116005003015169227
B2335353740852N12229790WA0012300116005003015168226
B2335363740850N12229790WA0012300116005003015171229
B2335373740848N12229789WA0012300116005003015176226
B2335383740845N12229789WA0012300116005003016180231
B2335393740843N12229789WA0012300117005003016182237
B2335403740841N12229790WA0012400117005003014179229
B2335413740839N12229789WA0012500118005003014175231
B2335423740837N12229789WA0012500119006003013173220
B2335433740835N12229789WA0012600119006003012173223
B2335443740833N12229789WA0012600119005003012175224
B2335453740831N12229788WA0012600119005003015176234
B2335463740829N12229788WA0012600119005003015179237
B2335473740827N12229788WA0012600120005003014184244
B2335483740826N12229789WA0012600120005003010190235
B2335493740826N12229789WA0012700120005003006190228
B2335503740825N12229790WA0012600120004003006243222
B2335513740825N12229791WA0012600120004003008232219
B2335523740824N12229792WA0012600120004003008223216
B2335533740823N12229793WA0012600120005003008205214
B2335543740821N12229794WA0012700120005003010199214
B2335553740820N12229794WA0012700121004003009194217
B2335563740818N12229795WA0012700120005003010191224
B2335573740817N12229795WA0012700120005003010192229
B2335583740815N12229796WA0012700120005003010211241
B2335593740815N12229797WA0012600119005003009320245
B2336003740817N12229798WA0012500118004003030356244
B2336013740823N12229798WA0012300118005003049019181
B2336023740831N12229793WA0012200119005003049042189
B2336033740835N12229786WA0012300121005003049049220
B2336043740840N12229780WA0012400120004003044041218
B2336053740844N12229776WA0012400118004003031013215
B2336063740848N12229777WA0012300115004003031349212
B2336073740852N12229779WA0012200115004003029314209
B2336083740852N12229782WA0012200116005003021245202
B2336093740850N12229783WA0012200115004003019171195
B2336103740846N12229781WA0012200116005003029147216
B2336113740843N12229778WA0012300118005003029141224
B2336123740841N12229776WA0012300117005003021176229
B2336133740841N12229777WA0012200114006003014310229
B2336143740843N12229780WA0012000114005003014334229
B2336153740848N12229782WA0012000115005003032359221
B2336163740853N12229781WA0012200115005003032016212
B2336173740856N12229780WA0012200114005003020359211
B2336183740856N12229780WA0011900112004003010255211
B2336193740854N12229783WA0011800113004003010205229
B2336203740851N12229784WA0011900114005003014221240
B2336213740850N12229786WA0011900111005003014309239
B2336223740853N12229787WA0011700109004003014001240
B2336233740858N12229786WA0011500109005003033024183
B2336243740866N12229781WA0011600111005003046036222
B2336253740872N12229776WA0011800114005003036028216
B2336263740878N12229773WA0011800112004003036010213
B2336273740882N12229773WA0011800111005003025338212
B2336283740884N12229775WA0011700110005003020319210
B2336293740885N12229777WA0011700110005003017292211
B2336303740885N12229778WA0011800110004003006237213
B2336313740884N12229779WA0011800111005003006200222
B2336323740883N12229779WA0011800111005003006183220
B2336333740883N12229779WA0011800110005003006201217
B2336343740881N12229780WA0011800111004003009210215
B2336353740880N12229781WA0011800111005003009178195
B2336363740878N12229779WA0011800112004003016148195
B2336373740875N12229777WA0011700111004003016142201
B2336383740872N12229774WA0011800112004003027146229
B2336393740869N12229772WA0011700111005003027190238
B2336403740867N12229774WA0011500110004003013274241
B2336413740868N12229777WA0011300108005003035331242
B2336423740875N12229780WA0011300109005003035005220
B2336433740881N12229778WA0011400110005003035014213
B2336443740885N12229777WA0011500108005003028357212
B2336453740886N12229778WA0011300105005003010282209
B2336463740885N12229780WA0011200106004003020214221
B2336473740881N12229782WA0011200107005003014195234
B2336483740881N12229782WA0011300109005003014195237
B2336493740881N12229782WA0011300107005003014356235
B2336503740884N12229783WA0011100105005003033359232
B2336513740890N12229782WA0010900106005003042015185
B2336523740896N12229779WA0011000106005003039034221
B2336533740902N12229774WA0011100105004003039041215
B2336543740905N12229771WA0011000103004003031022213
B2336553740907N12229771WA0010800101005003016323210
B2336563740909N12229774WA0010700102004003017291210
B2336573740909N12229778WA0010600104004003016249209
B2336583740908N12229780WA0010700105004003013194209
B2336593740907N12229780WA0010800105005003008149213
B2337003740905N12229779WA0010900104005003012150208
B2337013740903N12229777WA0010800103005003017159211
B2337023740899N12229776WA0010800102005003017166213
B2337033740896N12229775WA0010800102005003021169223
B2337043740892N12229775WA0010800103005003023167220
B2337053740889N12229774WA0010800103005003019161230
B2337063740887N12229772WA0010900103005003019162230
B2337073740885N12229772WA0010900103005003017170234
B2337083740883N12229772WA0010800103005003015190236
B2337093740881N12229773WA0010800102004003012214235
B2337103740880N12229774WA0010800102005003008232225
B2337113740880N12229775WA0010800102004003008217219
B2337123740879N12229776WA0010900102004003007202215
B2337133740878N12229777WA0010800102004003007204215
B2337143740877N12229777WA0010800101004003008209214
B2337153740875N12229779WA0010800101004003011210213
B2337163740874N12229780WA0010800101004003011204211
B2337173740872N12229780WA0010800101005003011192213
B2337183740870N12229780WA0010800101004003011175205
B2337193740868N12229780WA0010800101005003012155193
B2337203740865N12229777WA0010700101005003025145194
B2337213740862N12229774WA0010700100005003029141197
B2337223740858N12229770WA0010700101005003029138200
B2337233740855N12229766WA0010800101004003029135203
B2337243740852N12229762WA0010800102005003029135203
B2337253740849N12229759WA0010900102005003025138201
B2337263740846N12229756WA0010900103005003026141199
B2337273740843N12229753WA0011000103005003026143201
B2337283740840N12229750WA0011100104005003026145208
B2337293740837N12229748WA0011200106005003024148214
B2337303740834N12229746WA0011300107005003024152217
B2337313740831N12229744WA0011500108005003022156213
B2337323740828N12229743WA0011600110005003020164236
B2337333740826N12229743WA0011800112005003015181240
B2337343740824N12229744WA0012000113004003015213246
B2337353740824N12229746WA0012100114005003012248245
B2337363740824N12229748WA0012300116005003011291246
B2337373740825N12229749WA0012400118005003011317239
B2337383740827N12229751WA0012600118005003015329237
B2337393740830N12229752WA0012700119005003019342234
B2337403740834N12229753WA0012800120005003019354230
B2337413740838N12229753WA0012900121005003025004223
B2337423740842N12229752WA0013000122005003027005217
B2337433740845N12229752WA0013100123005003022352215
B2337443740847N12229754WA0013200123004003022329212
B2337453740850N12229756WA0013200124005003017310210
B2337463740850N12229758WA0013300125004003014263210
B2337473740849N12229759WA0013300125004003010199206
B2337483740847N12229759WA0013400125005003015170202
B2337493740844N12229757WA0013400126005003020160208
B2337503740841N12229756WA0013500127005003020157226
B2337513740838N12229755WA0013600128005003020167232
B2337523740836N12229755WA0013700129005003016197236
B2337533740836N12229757WA0013800129004003011250237
B2337543740836N12229759WA0013800130005003013290239
B2337553740838N12229761WA0013800131005003013324233
B2337563740840N12229762WA0013900131005003015336227
B2337573740842N12229763WA0014000132005003017343223
B2337583740845N12229764WA0014000132005003019350223
B2337593740849N12229764WA0014000132005003024000221
B2338003740852N12229763WA0014100133004003024007220
B2338013740857N12229762WA0014100133004003029012218
B2338023740862N12229760WA0014200134005003031020217
B2338033740867N12229757WA0014300135004003034027215
B2338043740871N12229754WA0014300136004003036031214
B2338053740876N12229750WA0014400136004003036032212
B2338063740881N12229746WA0014500137004003038031211
B2338073740886N12229742WA0014600138004003038029210
B2338083740891N12229739WA0014600139004003037024210
B2338093740896N12229737WA0014700139004003037017209
B2338103740901N12229736WA0014700139004003034012209
B2338113740906N12229735WA0014700139004003033010208
B2338123740910N12229734WA0014700140004003032008208
B2338133740914N12229734WA0014700139004003026000208
B2338143740917N12229734WA0014700139004003026345208
B2338153740920N12229736WA0014700139004003022329208
B2338163740922N12229737WA0014600139004003017314208
B2338173740922N12229739WA0014700139004003012297208
B2338183740922N12229740WA0014700140005003005285208
B2338193740923N12229741WA0014700140005003005250208
B2338203740922N12229742WA0014800140005003004234208
B2338213740922N12229742WA0014800140005003004245208
B2338223740922N12229743WA0014800140004003004264208
B2338233740922N12229745WA0014800140004003007292208
B2338243740923N12229746WA0014800140005003008305208
B2338253740923N12229747WA0014800140004003007301208
B2338263740924N12229749WA0014800140004003008275208
B2338273740923N12229750WA0014800140004003008253208
B2338283740923N12229751WA0014800140004003008240208
B2338293740922N12229753WA0014800141004003008226208
B2338303740921N12229754WA0014800141004003008214208
B2338313740920N12229755WA0014900141004003010212208
B2338323740918N12229756WA0014900142005003010200208
B2338333740917N12229756WA0015000144004003006171208
B2338343740916N12229756WA0015100143005003007186208
B2338353740915N12229756WA0015100143005003007216208
B2338363740914N12229758WA0015100144005003009214208
B2338373740913N12229758WA0015200145005003009214208
B2338383740913N12229758WA0015200144005003004299208
B2338393740913N12229760WA0015200143005003009265208
B2338403740913N12229762WA0015200142004003009247208
B2338413740912N12229764WA0015300144004003009243208
B2338423740912N12229764WA0015400146005003007243208
B2338433740913N12229764WA0015400144004003008332208
B2338443740914N12229765WA0015300144005003014308208
B2338453740916N12229768WA0015300144004003012288208
B2338463740916N12229770WA0015300146004003012259208
B2338473740916N12229770WA0015300147004003004259208
B2338483740916N12229770WA0015300146005003006308208
B2338493740917N12229771WA0015300146004003010297208
B2338503740918N12229773WA0015300147004003008316208
B2338513740919N12229773WA0015300147004003008322208
B2338523740920N12229774WA0015200145005003008302208
B2338533740921N12229776WA0015200146004003010304208
B2338543740921N12229777WA0015200147005003010328208
B2338553740922N12229778WA0015200146005003009326208
B2338563740924N12229779WA0015100144004003009315208
B2338573740925N12229781WA0015000143005003012317208
B2338583740926N12229782WA0015000144005003007333208
B2338593740928N12229783WA0015000143004003010334208
B2339003740929N12229784WA0014900141004003010320208
B2339013740931N12229786WA0014900142004003014315208
B2339023740932N12229788WA0014900143005003014341208
B2339033740933N12229788WA0014900142004003009007208
B2339043740935N12229788WA0014800141004003013335208
B2339053740937N12229789WA0014700139004003013321208
B2339063740939N12229791WA0014700140004003014336208
B2339073740941N12229791WA0014700141005003014011208
B2339083740943N12229791WA0014600140004003012005208
B2339093740945N12229791WA0014500139004003018335208
B2339103740948N12229793WA0014400139005003018326208
B2339113740951N12229796WA0014400141005003018344208
B2339123740953N12229796WA0014500140005003018012208
B2339133740955N12229795WA0014500138004003016006208
B2339143740958N12229795WA0014400137004003020347208
B2339153740961N12229796WA0014400137005003020342208
B2339163740964N12229796WA0014400138005003020007208
B2339173740966N12229796WA0014400137005003018006208
B2339183740969N12229796WA0014400136004003023353208
B2339193740973N12229796WA0014400137005003024354208
B2339203740976N12229796WA0014400138005003023018208
B2339213740978N12229795WA0014400137005003016021208
B2339223740978N12229795WA0014300135005003012021209
B2339233740976N12229797WA0014100132005003017199208
B2339243740972N12229798WA0014000133005003027175208
B2339253740968N12229797WA0014000133005003025167227
B2339263740965N12229796WA0014000134005003025169229
B2339273740962N12229795WA0014100134005003019186233
B2339283740962N12229796WA0014100134005003005211228
B2339293740961N12229796WA0014000133005003008309220
B2339303740962N12229798WA0013900132005003008292215
B2339313740962N12229800WA0013800131004003008237211
B2339323740960N12229801WA0013800130004003015195215
B2339333740957N12229801WA0013700130005003022179218
B2339343740954N12229800WA0013700131005003022174226
B2339353740950N12229800WA0013800131005003022177221
B2339363740947N12229800WA0013900132005003022182224
B2339373740945N12229800WA0013900132005003019179222
B2339383740942N12229799WA0014000133005003019162218
B2339393740940N12229799WA0014000132005003016164221
B2339403740938N12229798WA0014000132005003016185227
B2339413740935N12229799WA0014000132005003019184237
B2339423740932N12229799WA0014000133006003019172240
B2339433740931N12229798WA0014000133005003015162222
B2339443740929N12229798WA0014000132004003014192225
B2339453740926N12229800WA0013900131005003014205226
B2339463740923N12229801WA0014100133005003019194233
B2339473740921N12229801WA0014200135005003019166230
B2339483740920N12229800WA0014300135005003011160219
B2339493740918N12229800WA0014200134006003011190219
B2339503740916N12229801WA0014200133006003015203220
B2339513740913N12229802WA0014300134006003016184201
B2339523740911N12229801WA0014400136006003016151206
B2339533740910N12229800WA0014400135006003016150216
B2339543740907N12229799WA0014300134005003016172224
B2339553740904N12229799WA0014300133004003019186239
B2339563740901N12229799WA0014300135004003016180230
B2339573740900N12229799WA0014400136004003016157210
B2339583740898N12229798WA0014400136004003011159220
B2339593740897N12229797WA0014400136004003011164211
B2340003740894N12229796WA0014300135004003013163204
B2340013740891N12229795WA0014300134004003022159202
B2340023740888N12229793WA0014200134004003028156200
B2340033740883N12229791WA0014200134004003028155214
B2340043740880N12229789WA0014200134004003028156215
B2340053740876N12229787WA0014200134004003027161224
B2340063740873N12229786WA0014200134004003021166224
B2340073740870N12229786WA0014200134004003021170225
B2340083740867N12229785WA0014200134004003021175229
B2340093740864N12229785WA0014200134004003021175233
B2340103740861N12229785WA0014300134004003021174222
B2340113740857N12229784WA0014300135004003021172212
B2340123740855N12229783WA0014300136004003021167211
B2340133740852N12229783WA0014400136004003019164211
B2340143740849N12229782WA0014400136004003019166217
B2340153740846N12229781WA0014400135004003020171217
B2340163740843N12229781WA0014400136004003021177236
B2340173740840N12229781WA0014400136004003021185236
B2340183740838N12229781WA0014500137004003016194233
B2340193740836N12229782WA0014500137004003012198226
B2340203740835N12229783WA0014500137004003012199226
B2340213740832N12229784WA0014500137004003017200228
B2340223740830N12229785WA0014600138004003017196226
B2340233740828N12229785WA0014700140004003015183233
B2340243740827N12229785WA0014800141004003012179218
B2340253740825N12229785WA0014800141004003012191227
B2340263740823N12229786WA0014800140004003017204230
B2340273740820N12229788WA0014800140004003020207230
B2340283740818N12229790WA0014800141004003018207232
B2340293740816N12229791WA0014900142004003018201229
B2340303740814N12229791WA0015000143004003013187216
B2340313740812N12229791WA0015000143004003013186218
B2340323740810N12229792WA0015000142004003016197230
B2340333740808N12229793WA0014900141004003016206226
B2340343740805N12229795WA0014900142004003018209232
B2340353740803N12229796WA0015000142004003018204215
B2340363740801N12229797WA0015100143004003014198226
B2340373740799N12229798WA0015100143004003014198222
B2340383740797N12229799WA0015100142004003014204224
B2340393740794N12229801WA0015000142004003017206225
B2340403740791N12229803WA0015000143004003020206226
B2340413740788N12229804WA0015100144004003019200227
B2340423740786N12229805WA0015200145004003019186231
E234043PEVForeground
B2340433740783N12229805WA0015300145004003018180224
B2340443740780N12229805WA0015300145004003018189240
B2340453740777N12229806WA0015300145004003020204235
B2340463740774N12229808WA0015300146004003020206240
B2340473740771N12229809WA0015500146004003020196225
B2340483740769N12229810WA0015500148004003017186232
B2340493740767N12229810WA0015600148004003016187244
B2340503740765N12229811WA0015600148004003014201244
B2340513740763N12229812WA0015600148004003012212241
B2340523740762N12229813WA0015600148004003013215235
B2340533740760N12229815WA0015700149004003012213264
B2340543740759N12229816WA0015800150004003012223288
B2340553740760N12229817WA0015900151004003008307305
B2340563740761N12229818WA0015900150005003018352315
B2340573740765N12229817WA0015800148004003030005331
B2340583740771N12229816WA0015700149004003030016318
B2340593740776N12229814WA0015800150004003030015304
B2341003740779N12229813WA0015800148004003027346300
B2341013740781N12229814WA0015700147004003011270279
B2341023740779N12229816WA0015600147004003022191247
B2341033740774N12229817WA0015600149005003022168242
B2341043740772N12229816WA0015700151005003022175234
B2341053740772N12229817WA0015600149004003010319237
B2341063740775N12229818WA0015300145004003029346290
B2341073740780N12229819WA0015200145004003040008313
B2341083740786N12229817WA0015300147004003029020317
B2341093740789N12229816WA0015300146004003029007318
B2341103740791N12229816WA0015100142004003015306309
B2341113740791N12229818WA0014900143005003018239271
B2341123740788N12229821WA0014900144005003018203241
B2341133740786N12229821WA0014900144004003016164228
B2341143740784N12229819WA0014900144004003016144212
B2341153740781N12229817WA0014900143004003018143208
B2341163740778N12229814WA0014800142004003023147202
B2341173740774N12229812WA0014700140004003028154200
B2341183740770N12229809WA0014600138004003028156200
B2341193740765N12229807WA0014500138004003032155205
B2341203740761N12229804WA0014500137004003032151201
B2341213740758N12229801WA0014400137004003028151202
B2341223740754N12229799WA0014400136004003028150195
B2341233740750N12229796WA0014300135004003028152205
B2341243740746N12229794WA0014200135004003029157213
B2341253740742N12229792WA0014100134004003030162203
B2341263740737N12229790WA0014000133004003030162193
B2341273740733N12229789WA0014000134004003030154216
B2341283740730N12229786WA0014100135005003029151210
B2341293740726N12229784WA0014200135005003027155218
B2341303740723N12229782WA0014200135005003025163209
B2341313740719N12229781WA0014200134004003024166208
B2341323740716N12229780WA0014200134004003025165208
B2341333740712N12229779WA0014200135004003025163220
B2341343740708N12229778WA0014300135004003025164222
B2341353740705N12229776WA0014300135004003025166226
B2341363740702N12229776WA0014300135004003021168223
B2341373740699N12229775WA0014300136004003022169226
B2341383740695N12229774WA0014400136004003022172228
B2341393740692N12229774WA0014400136004003022177229
B2341403740689N12229774WA0014400136004003021183223
B2341413740686N12229775WA0014400136004003023189219
B2341423740682N12229775WA0014400136004003023185212
B2341433740678N12229775WA0014500137004003024181220
B2341443740675N12229775WA0014600139004003022177225
B2341453740672N12229775WA0014700138004003022181220
B2341463740669N12229775WA0014700138004003019182206
B2341473740666N12229775WA0014500136004003019179209
B2341483740662N12229775WA0014400134004003021172205
B2341493740658N12229774WA0014300134004003027173231
B2341503740655N12229774WA0014200134004003027182245
B2341513740652N12229775WA0014100134004003025190224
B2341523740649N12229775WA0014100133004003020188205
B2341533740646N12229775WA0014000133004003020176223
B2341543740642N12229775WA0013900131004003022175238
B2341553740639N12229775WA0013800130004003022195240
B2341563740637N12229777WA0013700128004003019219222
B2341573740635N12229779WA0013600128004003019209210
B2341583740632N12229780WA0013500128004003019185213
B2341593740628N12229780WA0013400127004003024171237
B2342003740625N12229779WA0013300127004003024185237
B2342013740622N12229780WA0013200126004003020233227
B2342023740621N12229783WA0013100126004003018223220
B2342033740619N12229785WA0013100125004003018171221
B2342043740615N12229783WA0013100126004003027145220
B2342053740612N12229780WA0013200126004003027152215
B2342063740609N12229779WA0013100124004003020206220
B2342073740608N12229781WA0013000124004003014273241
B2342083740609N12229784WA0013000124004003013292262
B2342093740610N12229786WA0013000125004003009304260
B2342103740610N12229787WA0013100125004003009281263
B2342113740610N12229788WA0013100124004003008255255
B2342123740610N12229790WA0013000124004003008253259
B2342133740610N12229793WA0013000123004003012256247
B2342143740609N12229794WA0013000124004003009245225
B2342153740608N12229796WA0013100125004003009215231
B2342163740607N12229796WA0013200125004003009192220
B2342173740605N12229796WA0013100125004003011168218
B2342183740603N12229795WA0013100125004003014159221
B2342193740600N12229794WA0013100124004003019159207
B2342203740597N12229793WA0013100124004003021166218
B2342213740594N12229792WA0013100124004003021169219
B2342223740591N12229791WA0013000124004003021169222
B2342233740589N12229790WA0013000124004003019161222
B2342243740587N12229789WA0013000124004003016151211
B2342253740584N12229787WA0013000123004003017148213
B2342263740582N12229786WA0013000123004003017151212
B2342273740579N12229784WA0012900122004003019156217
B2342283740577N12229783WA0012800121004003019158231
B2342293740574N12229782WA0012800121004003017158228
B2342303740572N12229781WA0012700120004003017163234
B2342313740570N12229780WA0012600119004003014175232
B2342323740568N12229780WA0012600118006003014181221
B2342333740566N12229780WA0012500118004003014178222
B2342343740564N12229780WA0012500118006003015171217
B2342353740561N12229779WA0012400117004003015167219
B2342363740559N12229779WA0012300116004003015170224
B2342373740557N12229778WA0012200115004003016174224
B2342383740554N12229778WA0012200115004003016174225
B2342393740552N12229778WA0012100114004003016174222
B2342403740549N12229778WA0012100114004003016178224
B2342413740547N12229778WA0012000113004003015181233
B2342423740545N12229778WA0012000113004003015184233
B2342433740543N12229778WA0011900112004003014191245
B2342443740541N12229779WA0011900111004003012200242
B2342453740540N12229780WA0011800110005003012213240
B2342463740539N12229781WA0011700109004003011223238
B2342473740538N12229783WA0011600109004003011232235
B2342483740537N12229784WA0011600108005003010231233
B2342493740536N12229785WA0011500108004003008226233
B2342503740535N12229786WA0011500107004003008220232
B2342513740534N12229787WA0011400106004003008217233
B2342523740533N12229788WA0011400106004003008211226
B2342533740532N12229789WA0011300105004003008214237
B2342543740531N12229790WA0011200105004003007208216
B2342553740530N12229790WA0011100104004003009189222
B2342563740529N12229790WA0011000104004003009182212
B2342573740527N12229790WA0011000103004003012181223
B2342583740524N12229790WA0010900103004003015181231
B2342593740522N12229790WA0010900103004003014178216
B2343003740520N12229790WA0010900103004003014173221
B2343013740517N12229789WA0010800102004003014165199
B2343023740515N12229788WA0010800101004003016162208
B2343033740512N12229787WA0010800101004003018164216
B2343043740510N12229786WA0010700100004003017169217
B2343053740507N12229786WA0010700100004003017170208
B2343063740504N12229785WA0010600100004003017166210
B2343073740502N12229784WA0010600099004003018160206
B2343083740498N12229782WA0010500098004003020158215
B2343093740495N12229781WA0010400097004003022161209
B2343103740492N12229780WA0010400097004003022167221
B2343113740489N12229779WA0010400097004003022167219
B2343123740486N12229778WA0010400097004003021164210
B2343133740483N12229777WA0010400096004003020162213
B2343143740480N12229776WA0010300096005003020163208
B2343153740477N12229775WA0010300095004003021166209
B2343163740474N12229774WA0010300095004003020168214
B2343173740471N12229773WA0010200095004003020168212
B2343183740468N12229772WA0010200094004003020164212
B2343193740465N12229771WA0010100093004003022164205
B2343203740462N12229770WA0010000092004003022168212
B2343213740459N12229770WA0010000092004003022176217
B2343223740455N12229769WA0010000092004003022177220
B2343233740452N12229769WA0010000092004003021174213
B2343243740450N12229768WA0010000092004003020171208
B2343253740446N12229768WA0010000092004003022167209
B2343263740443N12229766WA0010000091004003022166209
B2343273740439N12229765WA0009900091004003024166211
B2343283740436N12229764WA0009900090004003024168212
B2343293740433N12229764WA0009800090004003022171209
B2343303740430N12229763WA0009800090004003022169204
B2343313740426N12229762WA0009800090004003022165210
B2343323740423N12229761WA0009700089004003022164203
B2343333740420N12229760WA0009600089004003022165205
B2343343740416N12229759WA0009600088004003025165205
B2343353740413N12229757WA0009600089004003025162205
B2343363740410N12229756WA0009700090004003024155202
B2343373740407N12229754WA0009700090004003022150201
B2343383740404N12229752WA0009700090004003022151202
B2343393740401N12229750WA0009700090004003023155201
B2343403740398N12229748WA0009700089004003023156203
B2343413740395N12229746WA0009700089004003023156212
B2343423740392N12229745WA0009600089004003022156222
B2343433740389N12229744WA0009600089004003016170255
B2343443740387N12229744WA0009500088004003016217271
B2343453740388N12229746WA0009400086004003014296286
B2343463740389N12229749WA0009400085004003014336314
B2343473740393N12229750WA0009300086004003026008325
B2343483740399N12229748WA0009300086004003032025342
B2343493740403N12229745WA0009400087004003032028347
B2343503740408N12229742WA0009400086004003030023348
B2343513740412N12229740WA0009300085004003030018349
B2343523740417N12229738WA0009300084004003031015350
B2343533740423N12229736WA0009200084004003037015352
B2343543740429N12229734WA0009300085004003038017345
B2343553740434N12229732WA0009400086004003037021347
B2343563740438N12229729WA0009400087004003036021335
B2343573740443N12229727WA0009400087004003033018345
B2343583740448N12229726WA0009400087004003033013333
B2343593740453N12229724WA0009400087004003034009339
B2344003740457N12229724WA0009500087004003034008328
B2344013740462N12229723WA0009500088004003034010331
B2344023740467N12229721WA0009600087004003031010334
B2344033740472N12229720WA0009600087004003032010323
B2344043740476N12229720WA0009600087004003032007322
B2344053740481N12229719WA0009600087004003030002313
B2344063740485N12229719WA0009600087004003030359320
B2344073740489N12229720WA0009600087004003029358324
B2344083740494N12229720WA0009600087004003030357324
B2344093740499N12229720WA0009700087004003030358318
B2344103740503N12229720WA0009700087005003030359322
B2344113740508N12229720WA0009700087004003030359321
B2344123740512N12229720WA0009800088005004029001323
B2344133740516N12229720WA0009800088004004029000328
B2344143740521N12229720WA0009800088004003030359320
B2344153740526N12229720WA0009800088004003030356320
B2344163740530N12229721WA0009900089004003031355313
B2344173740534N12229721WA0009900089004003031355312
B2344183740539N12229722WA0009900090004003027354309
B2344193740542N12229722WA0009900090004003027348291
B2344203740546N12229724WA0010000090004003025336288
B2344213740549N12229726WA0010000090004003025336321
B2344223740553N12229728WA0010000090004003025347319
B2344233740557N12229728WA0010000091004003028355320
B2344243740561N12229729WA0010100092004003028353290
B2344253740564N12229730WA0010100092004003024341302
B2344263740567N12229731WA0010100093004003021336319
B2344273740570N12229733WA0010200093004003021337302
B2344283740572N12229735WA0010200094004003021330283
B2344293740574N12229737WA0010200094004003021310265
B2344303740575N12229740WA0010300094004003016283281
B2344313740576N12229743WA0010300095004003016289296
B2344323740577N12229746WA0010400096004003016303289
B2344333740578N12229748WA0010500096004003015298263
B2344343740579N12229751WA0010500096004003015276257
B2344353740578N12229754WA0010600097004003015261274
B2344363740578N12229757WA0010600097004003015263267
B2344373740578N12229759WA0010700099004003015279272
B2344383740579N12229762WA0010800099004003013280251
B2344393740579N12229764WA0010800100004003013266245
B2344403740578N12229767WA0010800100004003013247243
B2344413740577N12229769WA0010800100004003014245258
B2344423740576N12229772WA0010900100004003014250252
B2344433740576N12229774WA0010900100004003014244241
B2344443740574N12229776WA0010900100004003014228229
B2344453740573N12229778WA0010900100004003014216232
B2344463740570N12229779WA0010800099004003015204242
B2344473740568N12229781WA0010900100004003018198240
B2344483740565N12229782WA0010900100004003018196234
B2344493740563N12229783WA0010900100004003018200232
B2344503740560N12229784WA0010900100004003017201226
B2344513740558N12229785WA0010900100004003017200224
B2344523740556N12229786WA0010900100004003017199244
B2344533740554N12229787WA0010900100004003010216273
B2344543740554N12229788WA0010900100004003010275283
B2344553740555N12229790WA0010800098004003010314304
B2344563740559N12229792WA0010600097004003014341309
B2344573740562N12229793WA0010500097004003024001319
B2344583740567N12229792WA0010500097004003033014332
B2344593740572N12229790WA0010500098004003033019343
B2345003740576N12229788WA0010500098004003030022347
B2345013740581N12229785WA0010500097004003030023346
B2345023740586N12229783WA0010400095004003032017342
B2345033740591N12229781WA0010300095004003035014331
B2345043740596N12229779WA0010300095004003035012320
B2345053740600N12229778WA0010300095004003033009331
B2345063740604N12229778WA0010300094004003029007327
B2345073740609N12229777WA0010200093005003029004329
B2345083740613N12229777WA0010100093004003031002330
B2345093740618N12229777WA0010000093004003033000317
B2345103740623N12229777WA0010000093004003031359314
B2345113740627N12229777WA0010000093004003031358318
B2345123740631N12229777WA0010000093005003028357322
B2345133740635N12229777WA0010000092004003025351304
B2345143740639N12229778WA0009900092004003025336284
B2345153740641N12229779WA0009800092004003021319274
B2345163740642N12229783WA0009800092004003019295267
B2345173740642N12229787WA0009700091005003016257256
B2345183740641N12229789WA0009700091006003011231236
B2345193740640N12229790WA0009700091004003014194225
B2345203740637N12229790WA0009700091005004014183214
B2345213740634N12229790WA0009600092006004018169196
B2345223740630N12229789WA0009500091005005022152182
B2345233740626N12229786WA0009400090015005033143175
B2345243740622N12229782WA0009400089005005033142191
B2345253740617N12229777WA0009300088004004032149202
B2345263740613N12229775WA0009300086004003028160208
B2345273740610N12229774WA0009200086004004024178217
B2345283740607N12229775WA0009200086004004017213232
B2345293740607N12229778WA0009100085004003017255250
B2345303740608N12229781WA0009100084004003015297267
B2345313740610N12229783WA0009000084004003015323283
B2345323740613N12229785WA0009100084004003019338298
B2345333740616N12229786WA0009100083004003025355315
B2345343740621N12229786WA0009000082004003032003331
B2345353740626N12229785WA0009000081004003032010332
B2345363740631N12229783WA0009000081004003037014344
B2345373740637N12229781WA0009000082004003037021340
B2345383740642N12229778WA0009000082004003035026350
B2345393740646N12229775WA0009000081005003038028352
B2345403740651N12229772WA0009000081005003038021324
B2345413740656N12229770WA0008900081004003038006330
B2345423740661N12229770WA0008900081004003035355322
B2345433740666N12229771WA0008900081004003029354336
B2345443740670N12229772WA0009000081004003029356339
B2345453740674N12229772WA0009000081004003026357309
B2345463740678N12229773WA0008900080004003026354320
B2345473740682N12229773WA0008900080004003028355323
B2345483740687N12229773WA0008900080004003032356321
B2345493740692N12229774WA0008900081004003032354306
B2345503740696N12229775WA0009000082004003030351309
B2345513740700N12229775WA0009100082004003026350328
B2345523740704N12229776WA0009100083004003028351328
B2345533740708N12229777WA0009200083004003029353324
B2345543740712N12229778WA0009200084004003028351314
B2345553740716N12229779WA0009300085004003027348313
B2345563740720N12229780WA0009300085004003025347321
B2345573740723N12229781WA0009300085004003026348326
B2345583740728N12229782WA0009300085004003030350325
B2345593740732N12229782WA0009400085004003030355333
B2346003740738N12229782WA0009400086004003033001339
B2346013740743N12229782WA0009500087004003034004345
B2346023740748N12229781WA0009600088004003034005317
B2346033740753N12229781WA0009700089004003034005319
B2346043740757N12229780WA0009800090004003033005325
B2346053740761N12229780WA0009900092004003030005334
B2346063740765N12229779WA0010000092004003027004327
B2346073740770N12229779WA0010100092004003028003325
B2346083740774N12229779WA0010100093004003030002330
B2346093740779N12229778WA0010200093004003030003327
B2346103740783N12229778WA0010200094004003030006327
B2346113740787N12229777WA0010300095004003029006324
B2346123740792N12229777WA0010300095004003028004328
B2346133740796N12229776WA0010400095004003028003328
B2346143740800N12229776WA0010400095004003028003332
B2346153740804N12229776WA0010400095004003028004326
B2346163740809N12229775WA0010400095004003028004323
B2346173740813N12229775WA0010400096004003030005327
B2346183740818N12229774WA0010500096004003030006323
B2346193740822N12229774WA0010500097004003029004320
B2346203740826N12229774WA0010600097004003029000317
B2346213740830N12229774WA0010600097004003028358320
B2346223740835N12229774WA0010600098004003028359324
B2346233740839N12229774WA0010700098004003029358323
B2346243740843N12229774WA0010700098004003029357327
B2346253740848N12229774WA0010800099004003030359330
B2346263740852N12229774WA0010800099004003030000328
B2346273740857N12229774WA0010800100004003029001320
B2346283740861N12229774WA0010900100004003029000321
B2346293740865N12229774WA0010900099004003029357320
B2346303740870N12229775WA0010900099004003029355318
B2346313740874N12229775WA0010900099004003029354310
B2346323740879N12229776WA0010900100004003028352321
B2346333740883N12229777WA0011000101004003028350328
B2346343740887N12229777WA0011100102004003028352322
B2346353740891N12229778WA0011200103004003028354316
B2346363740895N12229778WA0011200103004003028353307
B2346373740900N12229779WA0011300103004003028352308
B2346383740904N12229780WA0011300104004003028351297
B2346393740907N12229781WA0011400105004003027348319
B2346403740911N12229782WA0011400105004003024343313
B2346413740913N12229783WA0011500105004003022340322
B2346423740916N12229785WA0011500106004003020343315
B2346433740919N12229786WA0011600106004003020343293
B2346443740922N12229787WA0011600107004003019341294
B2346453740924N12229788WA0011700107005003019337282
B2346463740926N12229790WA0011700108004003018327273
B2346473740928N12229791WA0011700108004003013309265
B2346483740929N12229794WA0011700108004003013286261
B2346493740929N12229796WA0011700108004003013267258
B2346503740929N12229799WA0011800109004003013272275
B2346513740929N12229801WA0011800109004003013278256
B2346523740929N12229803WA0011900109004003012272237
B2346533740929N12229806WA0011900109004003014245230
B2346543740928N12229808WA0011900109006003014226230
B2346553740926N12229810WA0011900109004003015214221
B2346563740924N12229811WA0012000110004003016202229
B2346573740921N12229812WA0012100111004003016189204
B2346583740919N12229812WA0012100111004003016181224
B2346593740916N12229812WA0012000111004003016184213
B2347003740914N12229812WA0012000110004003016190223
B2347013740911N12229813WA0012000110004003018188219
B2347023740908N12229814WA0012000111004003017184228
B2347033740906N12229814WA0012000111005003017198241
B2347043740905N12229815WA0012000110004003012214230
B2347053740904N12229816WA0011900110005003012209221
B2347063740901N12229817WA0011800108005003013196216
B2347073740898N12229818WA0011700108004003020191221
B2347083740895N12229819WA0011700108004003020189214
B2347093740893N12229819WA0011700108004003019184201
B2347103740890N12229819WA0011600107004003018174201
B2347113740887N12229818WA0011600106005003018162183
B2347123740883N12229815WA0011500105005003031154201
B2347133740879N12229812WA0011400105004003031150191
B2347143740875N12229810WA0011400105004003031153204
B2347153740871N12229808WA0011300104004003029156197
B2347163740867N12229806WA0011300104004003028156190
B2347173740863N12229803WA0011300104005003029151191
B2347183740860N12229800WA0011400105005003029147208
B2347193740856N12229798WA0011400105005003028146200
B2347203740853N12229795WA0011400105004003025151194
B2347213740850N12229794WA0011300104004003023155205
B2347223740847N12229792WA0011300103004003024161202
B2347233740844N12229791WA0011200102004003025167207
B2347243740840N12229790WA0011100102004003024171205
B2347253740837N12229789WA0011100102004003024167196
B2347263740834N12229788WA0011100103004003022160199
B2347273740831N12229787WA0011100102004003022159202
B2347283740827N12229785WA0011000101004003024164200
B2347293740823N12229784WA0011000101004003024169198
B2347303740819N12229783WA0011000101004003026166198
B2347313740815N12229782WA0011000102004003026159203
B2347323740812N12229780WA0011100102004003024153201
B2347333740809N12229778WA0011100102004003024153205
B2347343740806N12229776WA0011100102004003023157197
B2347353740802N12229774WA0011100102004003023161203
B2347363740799N12229773WA0011100102004003025163205
B2347373740795N12229772WA0011200103004003026163205
B2347383740791N12229771WA0011200104004003026167211
B2347393740788N12229770WA0011300104004003023178221
B2347403740785N12229771WA0011400104005003022192239
B2347413740782N12229772WA0011400104004003021207229
B2347423740780N12229774WA0011500105004003017209220
B2347433740778N12229775WA0011600106004003017197213
B2347443740775N12229776WA0011600106004003015179247
B2347453740773N12229776WA0011600107004003015180238
B2347463740771N12229776WA0011600106004003014194224
B2347473740770N12229777WA0011600106005003013203210
B2347483740767N12229778WA0011600106004003016190208
B2347493740764N12229778WA0011600105004003016174217
B2347503740761N12229777WA0011600106004003021168227
B2347513740758N12229776WA0011600106004003021172212
B2347523740756N12229776WA0011700107004003014180210
B2347533740754N12229776WA0011700107004003015176208
B2347543740751N12229776WA0011700106004003015170211
B2347553740748N12229775WA0011600105004003018170211
B2347563740745N12229774WA0011600105004003021172220
B2347573740742N12229774WA0011600105004003021175211
B2347583740739N12229774WA0011600106004003020174212
B2347593740736N12229773WA0011500105004003020173212
B2348003740733N12229773WA0011500106004003021174224
B2348013740729N12229773WA0011500106004003021177227
B2348023740726N12229773WA0011600106004003021182219
B2348033740723N12229773WA0011600107004003019179206
B2348043740720N12229772WA0011600107004003019173200
B2348053740717N12229772WA0011600107004003024172211
B2348063740713N12229771WA0011600107004003024175214
B2348073740710N12229771WA0011600107004003024176209
B2348083740706N12229771WA0011600107004003023172197
B2348093740703N12229770WA0011600107004003023165197
B2348103740699N12229768WA0011600107004003024164206
B2348113740695N12229767WA0011500106004003026166213
B2348123740692N12229766WA0011500106004003026168212
B2348133740688N12229765WA0011500106004003026168208
B2348143740684N12229764WA0011500107004003025166209
B2348153740681N12229763WA0011600107005003025163210
B2348163740677N12229761WA0011600107004003025164218
B2348173740674N12229760WA0011600107004003025169215
B2348183740670N12229760WA0011500107004003024172208
B2348193740666N12229759WA0011500107004003024169206
B2348203740662N12229758WA0011500107004003026168211
B2348213740659N12229757WA0011500107004003026169221
B2348223740655N12229757WA0011500106004003025175213
B2348233740652N12229756WA0011500106004003024174193
B2348243740648N12229755WA0011500106004003024166187
B2348253740644N12229753WA0011400105005003029159195
B2348263740640N12229751WA0011300104005003030160214
B2348273740635N12229750WA0011200103004003030170206
B2348283740631N12229749WA0011200103005003030177216
B2348293740627N12229749WA0011200104004003029174208
B2348303740622N12229748WA0011200104005003029168212
B2348313740618N12229747WA0011300105004003029170229
B2348323740615N12229747WA0011300105004003026185221
B2348333740612N12229748WA0011400105004003022183195
B2348343740609N12229747WA0011400106004003022166203
B2348353740605N12229745WA0011500106004003026155231
B2348363740602N12229744WA0011500107004003026164228
B2348373740599N12229743WA0011500106004003022198230
B2348383740597N12229746WA0011500106005003019223219
B2348393740596N12229748WA0011600107004003016212219
B2348403740594N12229749WA0011700107004003015182214
B2348413740591N12229748WA0011700107004003016169225
B2348423740589N12229748WA0011700106004003016175230
B2348433740586N12229748WA0011600105004003016190230
B2348443740584N12229749WA0011500104004003017199229
B2348453740582N12229750WA0011400104004003017200225
B2348463740579N12229752WA0011300103004003018200225
B2348473740577N12229753WA0011300103004003018201225
B2348483740574N12229754WA0011300103004003018199227
B2348493740571N12229755WA0011300103004003018199222
B2348503740569N12229756WA0011300104004003018197225
B2348513740566N12229757WA0011400105004003018194218
B2348523740564N12229758WA0011400105004003016192217
B2348533740562N12229758WA0011400104004003016191221
B2348543740559N12229759WA0011300103004003018194215
B2348553740556N12229760WA0011300103004003019192224
B2348563740553N12229761WA0011300103004003019191221
B2348573740551N12229761WA0011200103004003017192228
B2348583740549N12229762WA0011200102005003017193218
B2348593740546N12229763WA0011100101004003017194228
B2349003740543N12229764WA0011100101004003019192219
B2349013740540N12229764WA0011000100004003021193223
B2349023740537N12229765WA0011000100004003021194218
B2349033740534N12229766WA0011000100004003021194220
B2349043740531N12229767WA0011100101004003021190213
B2349053740528N12229768WA0011100101004003019185216
E234906PEVBackground
B2349063740525N12229768WA0011100101004003020184214
B2349073740522N12229768WA0011100102004003020186222
B2349083740519N12229769WA0011100101004003021186227
B2349093740516N12229769WA0011100102004003021182238
B2349103740513N12229769WA0011100102004003019182248
B2349113740510N12229770WA0011100102005003019193240
B2349123740508N12229771WA0011100102004003016202238
B2349133740506N12229772WA0011100102004003014202224
B2349143740504N12229772WA0011100102004003014196226
B2349153740502N12229773WA0011100101004003015193231
B2349163740500N12229774WA0011000101004003015194233
B2349173740499N12229774WA0011000101004003013199226
B2349183740497N12229775WA0011000101004003013195218
B2349193740494N12229775WA0010900100005003013183206
B2349203740492N12229775WA0010900100004003018171206
B2349213740489N12229774WA0010900100004003020163199
B2349223740486N12229773WA0010900099004003020158196
B2349233740483N12229771WA0010800099004003022155199
B2349243740479N12229768WA0010800098005003026154197
B2349253740475N12229766WA0010800099005003026153193
B2349263740472N12229764WA0010800099005003026151197
B2349273740469N12229762WA0010800099005003025151202
B2349283740466N12229760WA0010800099005003024152203
B2349293740463N12229758WA0010800099005003024156207
B2349303740459N12229756WA0010700098004003022160194
B2349313740456N12229755WA0010700098004003022161206
B2349323740453N12229754WA0010700098004003022161209
B2349333740450N12229753WA0010700098005003021165221
B2349343740447N12229752WA0010700098004003021169209
B2349353740444N12229751WA0010700099004003020170214
B2349363740441N12229751WA0010700099004003020171201
B2349373740438N12229750WA0010800099004003019171203
B2349383740435N12229749WA0010800099004003019170206
B2349393740432N12229749WA0010800099005003021168204
B2349403740429N12229748WA0010800099005003024167209
B2349413740425N12229747WA0010900100004003024165214
B2349423740422N12229745WA0010900100004003024162222
B2349433740419N12229744WA0010900100004003022164222
B2349443740416N12229743WA0010900100004003022171221
B2349453740412N12229743WA0010900100004003024178223
B2349463740408N12229743WA0011000101004003024177222
B2349473740405N12229743WA0011100102004003023171214
B2349483740403N12229742WA0011200103004003019166207
B2349493740400N12229741WA0011200103004003018168217
B2349503740397N12229741WA0011300103004003019176210
B2349513740394N12229741WA0011300103004003021182222
B2349523740391N12229742WA0011300103004003021187213
B2349533740388N12229742WA0011300104004003023184225
B2349543740384N12229742WA0011400105004003023180223
B2349553740382N12229742WA0011500105004003017179221
B2349563740380N12229742WA0011500105004003017182224
B2349573740377N12229743WA0011500105004003017187217
B2349583740374N12229743WA0011400104004003018186222
B2349593740371N12229743WA0011300103004003021185231
B2350003740368N12229744WA0011300104004003018188239
B2350013740366N12229744WA0011300104004003018190229
B2350023740363N12229745WA0011300104004003015190226
B2350033740361N12229745WA0011300104004003015189226
B2350043740358N12229746WA0011400104004003020191239
B2350053740355N12229747WA0011400104004003020197233
B2350063740353N12229748WA0011400105004003019202229
B2350073740351N12229749WA0011400105004003016197207
B2350083740348N12229750WA0011400105004003016185209
B2350093740345N12229750WA0011300104004003020182222
B2350103740342N12229750WA0011200103004003020187230
B2350113740339N12229751WA0011200103004003020193238
B2350123740336N12229752WA0011200103004003020194228
B2350133740334N12229753WA0011200102004003018190227
B2350143740331N12229753WA0011100102004003018189220
B2350153740328N12229754WA0011100101004003019192220
B2350163740325N12229755WA0011000100004003019191213
B2350173740322N12229755WA0010900100004003020184202
B2350183740319N12229755WA0010900100004003020171207
B2350193740316N12229754WA0011000100004003021161210
B2350203740313N12229752WA0010900100004003021156215
B2350213740310N12229751WA0010900099004003021160210
B2350223740307N12229750WA0010800098004003021166216
B2350233740304N12229749WA0010700097004003022168213
B2350243740300N12229748WA0010600097004003025168224
B2350253740297N12229747WA0010600097004003025167225
B2350263740294N12229746WA0010600097004003021165229
B2350273740292N12229745WA0010500097004003017165216
B2350283740290N12229744WA0010400095004003017168218
B2350293740287N12229744WA0010300094004003019169217
B2350303740284N12229743WA0010200093004003020174227
B2350313740281N12229743WA0010100092004003020179240
B2350323740279N12229743WA0010000092004003020180266
B2350333740277N12229743WA0010000092004003014179265
B2350343740277N12229743WA0009900090004003002179257
B2350353740277N12229744WA0009800089004003004179257
B2350363740278N12229745WA0009700088004003004315258
B2350373740281N12229747WA0009600087004003012331253
B2350383740283N12229748WA0009600087004003017351250
B2350393740287N12229748WA0009600087004003024006248
B2350403740291N12229747WA0009600087004003027015243
B2350413740295N12229745WA0009600087004003027021240
B2350423740299N12229742WA0009600087004003030023235
B2350433740304N12229740WA0009600087004003031022230
B2350443740308N12229738WA0009600087004003029020227
B2350453740312N12229736WA0009500086004003029016225
B2350463740316N12229735WA0009400086004003029008224
B2350473740321N12229734WA0009300084004003030003223
B2350483740327N12229734WA0009200083004003033000222
B2350493740332N12229734WA0009200084004003036005221
B2350503740337N12229733WA0009200084004003036008220
B2350513740342N12229732WA0009200084004003034010220
B2350523740347N12229731WA0009200083004003034010219
B2350533740352N12229730WA0009100082004003034010219
B2350543740358N12229728WA0009000082005003036010219
B2350553740363N12229727WA0009000083004003037010218
B2350563740369N12229725WA0009000083004003036011218
B2350573740374N12229724WA0009000082004003036011218
B2350583740379N12229723WA0009000083004003035012218
B2350593740384N12229721WA0009000083004003034010218
B2351003740389N12229721WA0009000083004003034007218
B2351013740393N12229720WA0009000082004003032359218
B2351023740397N12229721WA0009000082004003029351218
B2351033740401N12229722WA0009000082004003028348217
B2351043740405N12229723WA0009100083004003027347217
B2351053740409N12229724WA0009100083004003027353217
B2351063740413N12229724WA0009200083004003027356217
B2351073740417N12229725WA0009200084004003027354217
B2351083740421N12229726WA0009200084004003027349217
B2351093740425N12229727WA0009200084004003026345217
B2351103740429N12229728WA0009200084004003027348217
B2351113740433N12229728WA0009200084004003027354217
B2351123740437N12229729WA0009300085004003027359217
B2351133740441N12229729WA0009300084004003028000217
B2351143740446N12229729WA0009200084004003033355217
B2351153740452N12229730WA0009200083004003034348217
B2351163740456N12229731WA0009300084004003033344217
B2351173740461N12229733WA0009400085004003033348217
B2351183740466N12229733WA0009500087004003032356217
B2351193740471N12229733WA0009600087004003034359217
B2351203740476N12229733WA0009700088004003036002217
B2351213740482N12229733WA0009800088004003035001217
B2351223740487N12229733WA0009900089004003035358217
B2351233740491N12229734WA0010000089005003033355217
B2351243740496N12229734WA0010000090004003030353217
B2351253740500N12229735WA0010100090004003031359217
B2351263740505N12229735WA0010100090004003031004217
B2351273740510N12229734WA0010000090004003034007217
B2351283740515N12229733WA0010000090005003034002217
B2351293740519N12229733WA0010000090004003028349217
B2351303740523N12229735WA0010100090004003028345217
B2351313740527N12229736WA0010100091005003028348217
B2351323740531N12229737WA0010200092004003028354217
B2351333740535N12229737WA0010200093004003027357217
B2351343740539N12229738WA0010300093004003027358217
B2351353740544N12229737WA0010300093004003031002217
B2351363740549N12229736WA0010300093004003031010217
B2351373740555N12229735WA0010300094004003038010217
B2351383740560N12229734WA0010400095004003038002217
B2351393740565N12229734WA0010500095004003028354217
B2351403740568N12229736WA0010600096004003028347217
B2351413740571N12229737WA0010600097004003024348217
B2351423740574N12229738WA0010700097004003024348217
B2351433740578N12229739WA0010700098005003023347217
B2351443740581N12229740WA0010700097006003026344217
B2351453740586N12229741WA0010700097004003029346217
B2351463740590N12229743WA0010700097004003029348217
B2351473740595N12229743WA0010700098004003030353217
B2351483740599N12229743WA0010800099004003030002217
B2351493740604N12229742WA0010900099004003031012217
B2351503740608N12229741WA0010900099004003033016217
B2351513740613N12229739WA0010800099004003033014217
B2351523740619N12229738WA0010800098004003035009217
B2351533740624N12229737WA0010800099004003036007217
B2351543740630N12229736WA0010800099004003038007217
B2351553740636N12229735WA0010900100004003038008217
B2351563740641N12229734WA0011000101004003038007217
B2351573740646N12229733WA0011100102004003036006217
B2351583740651N12229732WA0011200103004003034005217
B2351593740656N12229732WA0011200103004003030001217
B2352003740660N12229732WA0011300103004003030357217
B2352013740665N12229733WA0011300103004003030354217
B2352023740669N12229733WA0011300104004003030355217
B2352033740673N12229734WA0011300104004003029358217
B2352043740677N12229734WA0011400105004003028357217
B2352053740682N12229734WA0011400105004003029354217
B2352063740686N12229735WA0011400105004003029352217
B2352073740691N12229736WA0011500106004003030353217
B2352083740695N12229736WA0011600107004003029357217
B2352093740699N12229736WA0011700108004003029357217
B2352103740704N12229737WA0011800109004003029355217
B2352113740708N12229737WA0011900109004003028356217
B2352123740712N12229737WA0012000110004003027357217
B2352133740716N12229738WA0012000111004003027355217
B2352143740720N12229738WA0012200112004003027353217
B2352153740724N12229739WA0012200113004003027353217
B2352163740728N12229739WA0012300114005003026353217
B2352173740732N12229740WA0012400114004003026353217
B2352183740736N12229740WA0012500115004003026354217
B2352193740740N12229741WA0012500115004003028357217
B2352203740744N12229741WA0012600116004003028357217
B2352213740748N12229742WA0012700117004003028355217
B2352223740752N12229742WA0012800117004003026351217
B2352233740756N12229743WA0012900118004003026348217
B2352243740759N12229744WA0013000119004003025344217
B2352253740763N12229745WA0013100120004003023342217
B2352263740766N12229747WA0013200121004003023343217
B2352273740769N12229748WA0013300122004003023347217
B2352283740773N12229749WA0013400123004003024347217
B2352293740777N12229750WA0013500124004003026348217
B2352303740781N12229751WA0013600125004003025350217
B2352313740785N12229751WA0013700126004003026352217
B2352323740788N12229752WA0013700127004003026353217
B2352333740792N12229752WA0013800127004003026354217
B2352343740797N12229753WA0013800127004003027354217
B2352353740801N12229754WA0013800128004003030352217
B2352363740806N12229755WA0013900128004003031349217
B2352373740810N12229755WA0013900128004003030351217
B2352383740814N12229756WA0013900129004003030351217
B2352393740818N12229758WA0013900129004003028344217
B2352403740822N12229759WA0013900129004003023328217
B2352413740824N12229762WA0013900129004003023317217
B2352423740827N12229765WA0013900129004003023318217
B2352433740829N12229767WA0014000130004003022331217
B2352443740832N12229768WA0014000131004003022343217
B2352453740835N12229769WA0014000130004003021343217
B2352463740839N12229771WA0013900129004003024333217
B2352473740842N12229774WA0013900129004003024328217
B2352483740846N12229776WA0013900130004003027330217
B2352493740849N12229778WA0014000131004003027337217
B2352503740852N12229780WA0014000131004003021343217
B2352513740855N12229781WA0014100131004003021346217
B2352523740859N12229782WA0014100131004003021343217
B2352533740862N12229783WA0014000130005003025343217
B2352543740867N12229784WA0014000130004003027344217
B2352553740871N12229786WA0014100131004003030349217
B2352563740875N12229786WA0014100132004003030352217
B2352573740880N12229787WA0014200132004003030356217
B2352583740885N12229787WA0014200132004003030000217
B2352593740889N12229786WA0014200132004003031002217
B2353003740895N12229786WA0014100131004003034002217
B2353013740900N12229786WA0014200131004003035001217
B2353023740905N12229786WA0014200132004003034002217
B2353033740910N12229786WA0014200132004003034001217
B2353043740915N12229785WA0014300133004003032000217
B2353053740919N12229785WA0014300133004003032000217
B2353063740924N12229785WA0014300133004003032000217
B2353073740929N12229785WA0014400134004003032002217
B2353083740934N12229784WA0014500135004003032006217
B2353093740939N12229783WA0014500135004003033010217
B2353103740944N12229782WA0014600136004003035012217
B2353113740949N12229781WA0014600137004003035012217
B2353123740954N12229779WA0014800137004003035010217
B2353133740959N12229778WA0014800137004003033010217
B2353143740963N12229777WA0014900138004003032010217
B2353153740967N12229776WA0014900137004003029009217
B2353163740972N12229775WA0014900137004003032008217
B2353173740977N12229774WA0014900138004003032008217
B2353183740982N12229773WA0015000138004003034009217
B2353193740987N12229772WA0015000139004003034010217
B2353203740991N12229771WA0015100140004003031011217
B2353213740996N12229770WA0015100140004003031009217
B2353223741000N12229770WA0015200141004003030000217
B2353233741004N12229771WA0015300142004003030345217
B2353243741007N12229773WA0015400143004003027332217
B2353253741010N12229775WA0015400144004003021331217
B2353263741013N12229776WA0015500145004003021340217
B2353273741016N12229777WA0015600146005003021345217
B2353283741020N12229779WA0015600146004003023345217
B2353293741024N12229780WA0015600145004003025345217
B2353303741027N12229781WA0015700146005003025349217
B2353313741031N12229782WA0015600146004003027354217
B2353323741035N12229782WA0015700146005003027357217
B2353333741040N12229782WA0015700146005003029358217
B2353343741044N12229783WA0015600146005003029352217
B2353353741047N12229784WA0015600145004003025345217
B2353363741051N12229785WA0015600145004003025344217
B2353373741055N12229786WA0015600146004003025348217
B2353383741058N12229787WA0015600145004003025349217
B2353393741062N12229788WA0015600145004003025352217
B2353403741067N12229788WA0015500145004003029353217
B2353413741071N12229789WA0015500144004003031353217
B2353423741076N12229789WA0015500144004003030351217
B2353433741080N12229790WA0015400144004003031349217
B2353443741085N12229791WA0015400144004003031351217
B2353453741090N12229792WA0015400144004003033356217
B2353463741095N12229792WA0015400144004003033359217
B2353473741099N12229792WA0015400144005003032358217
B2353483741105N12229792WA0015300144004003032356217
B2353493741109N12229793WA0015300144004003033358217
B2353503741115N12229792WA0015300144004003037002217
B2353513741121N12229792WA0015300143005003038004217
B2353523741127N12229791WA0015300143004003038003217
B2353533741132N12229791WA0015300143004003038001217
B2353543741137N12229791WA0015300144004003037358217
B2353553741143N12229791WA0015300144004003035358217
B2353563741147N12229792WA0015400144004003035355217
B2353573741152N12229792WA0015400144004003033355217
B2353583741157N12229793WA0015400144005003033353217
B2353593741162N12229793WA0015400145004003033347217
B2354003741167N12229795WA0015500146005003035341217
B2354013741172N12229798WA0015600147004003035340217
B2354023741176N12229799WA0015700148004003033343217
B2354033741180N12229801WA0015800149004003029348217
B2354043741184N12229802WA0015800149004003028347217
B2354053741188N12229803WA0015800149005003032346217
B2354063741193N12229805WA0015800149005003036347217
B2354073741199N12229806WA0015900150005003035349217
B2354083741204N12229808WA0015900151004003035346217
B2354093741208N12229809WA0016000151004003030341217
B2354103741211N12229811WA0016000151004003026337217
B2354113741215N12229813WA0016000151004003029335217
B2354123741219N12229815WA0016000151004003029340217
B2354133741224N12229817WA0016100152004003029343217
B2354143741228N12229819WA0016100152004003028348217
B2354153741232N12229819WA0016200152004003029354217
B2354163741237N12229819WA0016200152005003029357217
B2354173741242N12229819WA0016200152004003032357217
B2354183741247N12229820WA0016200152005003033350217
B2354193741251N12229821WA0016200152004003032346217
B2354203741256N12229823WA0016300152004003033347217
B2354213741261N12229824WA0016300152004003033349217
B2354223741266N12229825WA0016300153004003034348217
B2354233741271N12229826WA0016300153004003033345217
B2354243741276N12229828WA0016300152004003033345217
B2354253741280N12229829WA0016200152004003030346217
B2354263741284N12229831WA0016200152004003030346217
B2354273741289N12229832WA0016100150004003032342217
B2354283741294N12229835WA0016000149004003032338217
B2354293741298N12229837WA0016000149005003032337217
B2354303741302N12229839WA0015900149004003030339217
B2354313741306N12229841WA0015900149005003028340217
B2354323741309N12229842WA0015800148004003028339217
B2354333741313N12229844WA0015800147004003029338217
B2354343741317N12229846WA0015700147005003029338217
B2354353741322N12229848WA0015700146004003029340217
B2354363741326N12229850WA0015700146004003029343217
B2354373741330N12229852WA0015600146005003030342217
B2354383741335N12229853WA0015600145005003031341217
B2354393741339N12229855WA0015600145004003032343217
B2354403741344N12229857WA0015600145005003032347217
B2354413741349N12229858WA0015500145004003033348217
B2354423741354N12229859WA0015400144004003033346217
B2354433741359N12229861WA0015400144004003033344217
B2354443741364N12229862WA0015300143006003036346217
B2354453741370N12229864WA0015300143004003036350217
B2354463741375N12229865WA0015300143004003038350217
B2354473741381N12229866WA0015200142004003038346217
B2354483741385N12229868WA0015200142004003033344217
B2354493741390N12229869WA0015100141004003035349217
B2354503741396N12229870WA0015000139004003035357217
B2354513741403N12229870WA0014900138004003040002217
B2354523741409N12229869WA0014800137004003041003217
B2354533741415N12229869WA0014700137005003040004217
B2354543741421N12229868WA0014700136004003042007217
B2354553741427N12229867WA0014600136004003041007217
B2354563741433N12229866WA0014500135004003041359217
B2354573741438N12229867WA0014400134004003037352217
B2354583741443N12229868WA0014300134004003035000217
B2354593741449N12229867WA0014300134004003038013217
B2355003741455N12229865WA0014300134004003038014217
B2355013741460N12229864WA0014300133004003038006217
B2355023741466N12229864WA0014300133004003038356217
B2355033741471N12229864WA0014300133004003033354217
B2355043741476N12229865WA0014400134004003033358217
B2355053741480N12229865WA0014400134004003030000217
B2355063741484N12229865WA0014500134004003029354217
B2355073741488N12229866WA0014400134004003027346217
B2355083741492N12229867WA0014400133004003027343217
B2355093741496N12229869WA0014400134004003028346217
B2355103741500N12229870WA0014400134004003027348217
B2355113741504N12229871WA0014400133004003027345217
B2355123741508N12229873WA0014400133004003027343217
B2355133741512N12229874WA0014300133004003029343217
B2355143741516N12229876WA0014300133004003029343217
B2355153741520N12229877WA0014300133004003028345217
B2355163741524N12229878WA0014200132004003028345217
B2355173741528N12229880WA0014100131004003028341217
B2355183741533N12229883WA0014000130005003033335217
B2355193741537N12229885WA0014000130005003033334217
B2355203741542N12229888WA0014100130005003033336217
B2355213741546N12229890WA0014100130005003031337217
B2355223741550N12229892WA0014000130005003031337217
B2355233741555N12229895WA0014000129004003035337217
B2355243741560N12229897WA0013900129004003038341217
B2355253741566N12229899WA0014000129004003038345217
B2355263741572N12229900WA0014000130004003038348217
B2355273741577N12229902WA0014100130004003038350217
B2355283741583N12229903WA0014100130004003038352217
B2355293741589N12229904WA0014100130004003040351217
B2355303741595N12229905WA0014100130005003040349217
B2355313741601N12229906WA0014100130004003040348217
B2355323741606N12229908WA0014100130004003039350217
B2355333741612N12229909WA0014200131005003037351217
B2355343741617N12229910WA0014200131004003037351217
B2355353741623N12229911WA0014200131004003037348217
B2355363741628N12229913WA0014200130004003037346217
B2355373741633N12229914WA0014100130005003037345217
B2355383741639N12229916WA0014200130004003036346217
B2355393741644N12229918WA0014200131005003037344217
B2355403741649N12229920WA0014200130004003037344217
B2355413741655N12229921WA0014200131005003037347217
B2355423741661N12229922WA0014200131005003037350217
B2355433741666N12229924WA0014200131004003039349217
B2355443741672N12229925WA0014200130004003039347217
B2355453741677N12229927WA0014200131004003038347217
B2355463741683N12229928WA0014200131004003036350217
B2355473741688N12229929WA0014200131004003036353217
B2355483741693N12229930WA0014100130004003034351217
B2355493741698N12229931WA0014000129005003034346217
B2355503741702N12229933WA0013900127005003032340217
B2355513741707N12229935WA0013800126005003032341217
B2355523741712N12229936WA0013700125005003032345217
B2355533741717N12229938WA0013600125004003035350217
B2355543741722N12229939WA0013500124004003035349217
B2355553741727N12229940WA0013500123004003034346217
B2355563741732N12229942WA0013300122004003034345217
B2355573741737N12229943WA0013200121004003034347217
B2355583741742N12229944WA0013200120005003037351217
B2355593741748N12229945WA0013100120004003037352217
B2356003741753N12229946WA0013100119004003036354217
B2356013741758N12229946WA0013000119004003034356217
B2356023741764N12229947WA0012900117004003034356217
B2356033741770N12229947WA0012700116004003040356217
B2356043741776N12229947WA0012700115004003041359217
B2356053741782N12229947WA0012600114004003041004217
B2356063741789N12229946WA0012500114004003043008217
B2356073741795N12229944WA0012500113005003044008217
B2356083741802N12229943WA0012400112005003045005217
B2356093741809N12229942WA0012300111005003047003217
B2356103741816N12229942WA0012200110004003047004217
B2356113741823N12229941WA0012200110004003047006217
B2356123741830N12229940WA0012200110004003046006217
B2356133741836N12229939WA0012100109004003043005217
B2356143741843N12229938WA0012100110004003044005217
B2356153741849N12229937WA0012000109004003044007217
B2356163741856N12229936WA0012000108004003045009217
B2356173741863N12229934WA0012000109005003045008217
B2356183741869N12229933WA0012000109005003041006217
B2356193741875N12229933WA0012100110005003041004217
B2356203741880N12229932WA0012100109004003036001217
B2356213741885N12229933WA0012000109005003034357217
B2356223741890N12229933WA0011900108005003034354217
B2356233741895N12229934WA0011900107004003035351217
B2356243741900N12229935WA0011900107004003035352217
B2356253741906N12229936WA0011900107004003035357217
B2356263741911N12229936WA0011900107004003035001217
B2356273741916N12229935WA0011900107004003036002217
B2356283741922N12229935WA0011800107004003036001217
B2356293741927N12229935WA0011800106005003036359217
B2356303741933N12229935WA0011800106005003036356217
B2356313741938N12229936WA0011800106004003037354217
B2356323741943N12229937WA0011800106004003037353217
B2356333741948N12229938WA0011700106005003035353217
B2356343741953N12229938WA0011700106004003034354217
B2356353741959N12229939WA0011700105004003034356217
B2356363741965N12229939WA0011600104004003039357217
B2356373741971N12229939WA0011600104004003041357217
B2356383741977N12229940WA0011600104004003040357217
B2356393741983N12229940WA0011600105005003041357217
B2356403741989N12229940WA0011700104005003041356217
B2356413741996N12229941WA0011700104004003042356217
B2356423742002N12229941WA0011700105004003042356217
B2356433742007N12229942WA0011700105004003039354217
B2356443742011N12229943WA0011700106004003034351217
B2356453742016N12229944WA0011700105004003030348217
B2356463742020N12229945WA0011700105004003031345217
B2356473742025N12229947WA0011700105004003031343217
B2356483742029N12229948WA0011700105004003031344217
B2356493742033N12229950WA0011600105004003029346217
B2356503742037N12229951WA0011600104005003027348217
B2356513742041N12229952WA0011600104005003028347217
B2356523742045N12229953WA0011600104005003029347217
B2356533742049N12229954WA0011500103005003029347217
B2356543742053N12229955WA0011500103005003029348217
B2356553742058N12229956WA0011400102005003029348217
B2356563742062N12229957WA0011300101004003029346217
B2356573742066N12229959WA0011200100004003032345217
B2356583742071N12229960WA0011200099004003032345217
B2356593742076N12229962WA0011100098004003034345217
B2357003742082N12229964WA0011000097004003036344217
B2357013742087N12229966WA0011000097004003034345217
B2357023742092N12229967WA0011000097005003035351217
B2357033742097N12229967WA0011000097004003035356217
B2357043742103N12229967WA0011000097004003036358217
B2357053742108N12229967WA0011000097005003036000217
B2357063742114N12229967WA0010900097004003039002217
B2357073742120N12229966WA0010900096004003042005217
B2357083742126N12229966WA0010800096004003042006217
B2357093742132N12229965WA0010900097005003042005217
B2357103742138N12229964WA0010900098005003040005217
B2357113742143N12229963WA0011000098005003036005217
B2357123742149N12229963WA0011000098004003037006217
B2357133742154N12229962WA0011000098004003036006217
B2357143742159N12229961WA0011100099004003036004217
B2357153742165N12229961WA0011100099005003036004217
B2357163742170N12229960WA0011100100005003034006217
B2357173742175N12229959WA0011100100004003034006217
B2357183742180N12229959WA0011100099004003034003217
B2357193742185N12229959WA0011100099005003034001217
B2357203742190N12229958WA0011200100004003034000217
B2357213742195N12229958WA0011200100004003032359217
B2357223742199N12229959WA0011200100005003032358217
B2357233742204N12229959WA0011200100004003031358217
B2357243742209N12229959WA0011200100005003031358217
B2357253742214N12229959WA0011200100005003033357217
B2357263742219N12229959WA0011200100005003032358217
B2357273742224N12229960WA0011200100005003033358217
B2357283742229N12229960WA0011200100004003033358217
B2357293742234N12229960WA0011200100004003033357217
B2357303742239N12229960WA0011300101004003034354217
B2357313742244N12229961WA0011400102004003033353217
B2357323742248N12229962WA0011500103004003033354217
B2357333742253N12229962WA0011600104004003031356217
B2357343742258N12229962WA0011600104004003031355217
B2357353742263N12229963WA0011700104004003034352217
B2357363742269N12229964WA0011700104004003040351217
B2357373742275N12229965WA0011700105005003040354217
B2357383742281N12229966WA0011900106005003040357217
B2357393742287N12229966WA0011900107004003039359217
B2357403742292N12229966WA0011900107004003038001217
B2357413742298N12229966WA0011800105004003036358217
B2357423742303N12229966WA0011700104004003038353217
B2357433742309N12229967WA0011600102004003038351217
B2357443742315N12229968WA0011600102004003038352217
B2357453742320N12229969WA0011600103004003038358217
B2357463742325N12229969WA0011700105004003032003217
B2357473742330N12229968WA0011800106004003032006217
B2357483742334N12229968WA0011800106004003028002217
B2357493742338N12229968WA0011800105004003028354217
B2357503742342N12229969WA0011700104004003028344217
B2357513742346N12229971WA0011600103004003030339217
B2357523742350N12229973WA0011600103004003030340217
B2357533742355N12229975WA0011600103004003030343217
B2357543742359N12229976WA0011600103004003030345217
B2357553742364N12229978WA0011600103005003032347217
B2357563742369N12229979WA0011600103004003034349217
B2357573742374N12229980WA0011600104004003034350217
B2357583742379N12229981WA0011700105004003034348217
B2357593742384N12229982WA0011800105004003033349217
B2358003742388N12229984WA0011900106005003032349217
B2358013742393N12229985WA0011900106005003031350217
B2358023742397N12229986WA0011900106004003032349217
B2358033742402N12229987WA0011900106004003032348217
B2358043742407N12229988WA0011800105004003033348217
B2358053742412N12229989WA0011800106004003033349217
B2358063742416N12229990WA0011800107004003027350217
B2358073742420N12229991WA0011800106004003028347217
B2358083742424N12229992WA0011800105004003028346217
B2358093742429N12229994WA0011800105005003031344217
B2358103742433N12229996WA0011700105005003031342217
B2358113742437N12229998WA0011700105004003028340217
B2358123742441N12229999WA0011700105004003029341217
B2358133742446N12230001WA0011700104005003029342217
B2358143742450N12230003WA0011700104005003030340217
B2358153742454N12230005WA0011600104005003030337217
B2358163742458N12230007WA0011600104004003028337217
B2358173742462N12230009WA0011600104005003028340217
B2358183742466N12230011WA0011600103004003028340217
B2358193742470N12230012WA0011500103005003029339217
B2358203742474N12230014WA0011500102005003029338217
B2358213742479N12230016WA0011400102004003031340217
B2358223742483N12230018WA0011400101005003032340217
B2358233742488N12230020WA0011300101005003032339217
B2358243742492N12230023WA0011300100004003032337217
B2358253742496N12230025WA0011300100004003031338217
B2358263742501N12230027WA0011300100004003032339217
B2358273742505N12230029WA0011200100004003032341217
B2358283742510N12230031WA0011200099005003032341217
B2358293742514N12230033WA0011200099005003032340217
B2358303742519N12230035WA0011100099004003031340217
B2358313742523N12230037WA0011100098005003032340217
B2358323742528N12230039WA0011200099004003031337217
B2358333742531N12230041WA0011200099005003031326217
B2358343742532N12230044WA0011200100004003014296217
B2358353742532N12230046WA0011200100004003014226217
B2358363742530N12230047WA0011200100004003014181217
B2358373742527N12230046WA0011100100004003016169220
B2358383742524N12230045WA0011100099004003021165219
B2358393742521N12230044WA0011100098004003022172219
B2358403742517N12230044WA0011000096005003022182219
B2358413742514N12230045WA0010900096004003023184219
B2358423742510N12230045WA0010900096004003025181222
B2358433742506N12230045WA0010900096004003023178220
B2358443742503N12230045WA0010900096004003023183220
B2358453742500N12230045WA0010800096004003021187220
B2358463742497N12230046WA0010800095004003021187223
B2358473742494N12230046WA0010700095004003021188223
B2358483742491N12230047WA0010700095004003018199223
B2358493742489N12230049WA0010700095004003018215222
B2358503742487N12230051WA0010700095005003016219219
B2358513742485N12230052WA0010700095005003015204223
B2358523742483N12230053WA0010700095004003015184223
B2358533742480N12230053WA0010600094004003020177223
B2358543742477N12230052WA0010600093004003022175230
B2358553742473N12230052WA0010500092004003022180231
B2358563742470N12230052WA0010400092004003022183228
B2358573742467N12230053WA0010500092004003022177227
B2358583742464N12230052WA0010500093004003023167221
B2358593742460N12230051WA0010500093004003023161231
B2359003742457N12230049WA0010500094004003022166235
B2359013742454N12230049WA0010500093004003021173231
B2359023742451N12230048WA0010500093004003021172218
B2359033742447N12230047WA0010500093004003028167223
B2359043742443N12230046WA0010500093004003029161220
B2359053742439N12230044WA0010600094004003028158234
B2359063742435N12230042WA0010600095004003027159231
B2359073742432N12230040WA0010700096004003024160214
B2359083742429N12230039WA0010700096004003022161244
B2359093742426N12230038WA0010700096004003022163241
B2359103742423N12230037WA0010700095004003021168243
B2359113742419N12230036WA0010700095004003021174241
B2359123742416N12230036WA0010600094004003022176234
B2359133742413N12230036WA0010600094004003021175247
B2359143742410N12230035WA0010600094004003021173244
B2359153742407N12230035WA0010500094004003019170242
B2359163742404N12230034WA0010400092004003019173232
B2359173742401N12230034WA0010300091004003019179229
B2359183742398N12230034WA0010200089004003024177221
B2359193742394N12230033WA0010100089004003027168216
B2359203742390N12230032WA0010000089004003027161220
B2359213742386N12230030WA0010000088004003028159229
B2359223742382N12230028WA0010000088004003028161229
B2359233742378N12230027WA0009900088004003027161221
B2359243742374N12230025WA0009900087004003030157221
B2359253742370N12230022WA0009800086004003030155224
B2359263742365N12230020WA0009700086004003031157229
B2359273742361N12230018WA0009700086004003031159230
B2359283742357N12230016WA0009700085004003028160224
B2359293742353N12230014WA0009700085004003028160239
B2359303742350N12230013WA0009700085004003027164243
B2359313742346N12230012WA0009600085004003026169238
B2359323742342N12230011WA0009600085004003026168230
B2359333742338N12230010WA0009600084004003029165228
B2359343742334N12230008WA0009600084004003029164231
B2359353742330N12230007WA0009600085004003029167234
B2359363742326N12230006WA0009600085004003026164226
B2359373742323N12230004WA0009700086004003025156215
B2359383742319N12230002WA0009800086004003026151247
B2359393742316N12230000WA0009800086004003026155246
B2359403742313N12229999WA0009800086004003025165245
B2359413742310N12229998WA0009800086004003021172232
B2359423742307N12229997WA0009800086004003019164223
B2359433742304N12229996WA0009800086004003022155227
B2359443742301N12229994WA0009700086004003024152240
B2359453742298N12229992WA0009700086004003023164244
B2359463742295N12229992WA0009700085004003023176237
B2359473742292N12229992WA0009800086004003022179242
B2359483742289N12229991WA0009900087004003017170229
B2359493742287N12229991WA0009900087004003017164233
B2359503742284N12229990WA0009900087004003017172229
B2359513742281N12229990WA0009800086004003017178234
B2359523742278N12229990WA0009800086004003021178234
B2359533742274N12229990WA0009900087004003022174238
B2359543742271N12229989WA0009900087004003022166234
B2359553742269N12229988WA0010000088004003020162225
B2359563742265N12229987WA0010000088004003020161224
B2359573742262N12229985WA0010000088004003023162227
B2359583742258N12229984WA0010000087004003028167231
B2359593742254N12229983WA0010000088004003028172239
B0000003742250N12229982WA0010100089004003027174234
B0000013742246N12229982WA0010100090004003026171234
B0000023742242N12229981WA0010200090004003025168232
B0000033742239N12229980WA0010300091004003025167238
B0000043742235N12229979WA0010300091004003025171243
B0000053742232N12229979WA0010300091004003024175241
B0000063742228N12229979WA0010400091004003023176241
B0000073742225N12229978WA0010400092004003023176229
B0000083742221N12229978WA0010400092004003023174227
B0000093742218N12229977WA0010500092004003024169223
B0000103742214N12229976WA0010500092004003024167216
B0000113742210N12229975WA0010500092004003026164214
B0000123742206N12229973WA0010500092004003027161219
B0000133742202N12229972WA0010500093004003029158224
B0000143742198N12229969WA0010600093004003029158225
B0000153742194N12229968WA0010600094004003029161234
B0000163742190N12229966WA0010700095004003029163236
B0000173742185N12229965WA0010800096004003029166236
B0000183742181N12229964WA0011000098004003027171237
B0000193742178N12229963WA0011200100004003027175244
B0000203742175N12229963WA0011400102004003023182257
B0000213742173N12229964WA0011600104005003016215267
B0000223742173N12229966WA0011700104005003012270265
B0000233742174N12229969WA0011700104004003019291255
B0000243742175N12229973WA0011700104004003022291248
B0000253742176N12229976WA0011800105004003021284236
B0000263742177N12229980WA0011900107004003021279234
B0000273742177N12229983WA0012000108004003019283231
B0000283742178N12229986WA0012200110004003016288229
B0000293742179N12229989WA0012300111004003018288227
B0000303742180N12229993WA0012400111004003018280224
B0000313742180N12229996WA0012500112004003019269222
B0000323742179N12230000WA0012600114004003018263222
B0000333742179N12230003WA0012800116004003018264221
B0000343742179N12230006WA0013000118004003016263220
B0000353742179N12230009WA0013100119004003014266220
B0000363742179N12230012WA0013200120004003015271220
B0000373742179N12230015WA0013300120004003017273219
B0000383742179N12230018WA0013300120004003017273219
B0000393742179N12230023WA0013300119004003020269218
B0000403742179N12230027WA0013300120004003024265218
B0000413742178N12230032WA0013400121004003024258218
B0000423742177N12230035WA0013600123004003022244218
B0000433742176N12230038WA0013700124004003018233218
B0000443742174N12230040WA0013700124004003016224218
B0000453742173N12230042WA0013800124004003016221217
B0000463742171N12230044WA0013800124004003018217221
B0000473742168N12230046WA0013700124004003018205224
B0000483742165N12230047WA0013700124004003021193227
B0000493742161N12230048WA0013700124004003025188234
B0000503742157N12230049WA0013700125004003022188233
B0000513742155N12230049WA0013600125005003022190230
B0000523742151N12230050WA0013600124005003021190228
B0000533742148N12230051WA0013500122004003021191225
B0000543742145N12230052WA0013400122004003022194226
B0000553742141N12230053WA0013400121004003023198225
B0000563742138N12230054WA0013300121004003023197223
B0000573742135N12230056WA0013300121004003022195226
B0000583742132N12230056WA0013200120004003020192228
B0000593742129N12230057WA0013100119004003020192230
B0001003742126N12230058WA0013100118004003022194234
B0001013742123N12230059WA0013000117004003023196232
B0001023742119N12230060WA0012900116004003023192233
B0001033742116N12230061WA0012800116004003023188234
B0001043742113N12230062WA0012700115005003023189236
B0001053742109N12230063WA0012700114004003024191234
B0001063742105N12230063WA0012600113004003025191230
B0001073742102N12230064WA0012500113004003025188229
B0001083742098N12230065WA0012500112004003026184226
B0001093742094N12230065WA0012400111004003027181220
B0001103742089N12230065WA0012300111004003029177225
B0001113742085N12230064WA0012300110004003029175231
B0001123742081N12230064WA0012200109004003029176231
B0001133742076N12230064WA0012100109004003029177239
B0001143742072N12230063WA0012000108004003029177228
B0001153742067N12230063WA0012000108004003032177235
B0001163742063N12230063WA0011900108005003032178232
B0001173742058N12230063WA0011900107004003030177232
B0001183742054N12230062WA0011900107004003029176240
B0001193742049N12230062WA0011800107004003029178229
B0001203742045N12230062WA0011800106004003029180232
B0001213742041N12230062WA0011700105004003031178224
B0001223742036N12230062WA0011600105004003031176227
B0001233742031N12230061WA0011500104004003031175229
B0001243742026N12230061WA0011400102004003031176230
B0001253742022N12230060WA0011300101004003030175220
B0001263742017N12230059WA0011200101004003030171220
B0001273742013N12230059WA0011100100004003030170224
B0001283742009N12230058WA0011000099004003030170226
B0001293742004N12230057WA0010800097004003030171223
B0001303742000N12230056WA0010700095004003030171229
B0001313741995N12230055WA0010600094004003031168208
B0001323741991N12230053WA0010400093004003030166227
B0001333741987N12230052WA0010300092004003030164209
B0001343741982N12230050WA0010200091004003030159202
B0001353741978N12230048WA0010000089004003033156214
B0001363741973N12230045WA0009900089004003034158211
B0001373741968N12230043WA0009800089004003034158205
B0001383741964N12230040WA0009600088004003034157208
B0001393741959N12230037WA0009500087004003034152199
B0001403741954N12230034WA0009400086004003033152210
B0001413741950N12230032WA0009300084005003033155207
B0001423741945N12230029WA0009200082004003033156211
B0001433741941N12230026WA0009100081005003033154203
B0001443741936N12230023WA0008900079004003034151203
B0001453741932N12230020WA0008800078004003035152212
B0001463741927N12230017WA0008700077005003035155214
B0001473741923N12230015WA0008600076004003033156205
B0001483741918N12230012WA0008500075005003032154213
B0001493741914N12230009WA0008500074004003032153209
B0001503741910N12230007WA0008400073004003032155215
B0001513741905N12230005WA0008300072005003032158217
B0001523741901N12230003WA0008200072004003031159215
B0001533741897N12230000WA0008200071005003030156213
B0001543741893N12229998WA0008100070004003030157212
B0001553741888N12229996WA0008000069005003031161210
B0001563741884N12229994WA0007900068005003032164210
B0001573741879N12229993WA0007900067004003032161208
B0001583741875N12229990WA0007800067004003033157214
B0001593741870N12229988WA0007900068004003033158218
B0002003741866N12229986WA0007900069005003028162221
B0002013741862N12229985WA0008000069004003028162223
B0002023741858N12229983WA0008000069005003027159224
B0002033741855N12229981WA0008000069004003026162226
B0002043741851N12229981WA0007900068004003025171228
B0002053741847N12229980WA0007800066004003025174217
B0002063741843N12229979WA0007700065004003027168211
B0002073741839N12229977WA0007600064004003027161217
B0002083741835N12229976WA0007500064004003028163223
B0002093741831N12229975WA0007500063004003028167223
B0002103741827N12229974WA0007400063004003028168217
B0002113741823N12229972WA0007400062004003029160222
B0002123741819N12229969WA0007400062005003029149228
B0002133741815N12229966WA0007300062005003029146231
B0002143741812N12229964WA0007200060004003029154240
B0002153741808N12229963WA0007000058004003027167227
B0002163741804N12229962WA0006900056004003030175216
B0002173741799N12229961WA0006800055004003030174219
B0002183741794N12229961WA0006800056004003030174236
B0002193741790N12229960WA0006900058004003030177255
B0002203741788N12229961WA0007000059004003014183242
B0002213741786N12229961WA0007000059004003014177229
B0002223741784N12229960WA0007000059004003014167216
B0002233741780N12229959WA0007000058004003018162224
B0002243741777N12229957WA0006900058004003024164220
B0002253741773N12229956WA0006900058004003026166223
B0002263741769N12229955WA0006900058004003026160220
B0002273741766N12229953WA0006900058004003026151212
B0002283741762N12229950WA0006900058005003026149218
B0002293741759N12229947WA0006800058004003027156227
B0002303741755N12229946WA0006800057005003026165222
B0002313741751N12229945WA0006700057004003026169218
B0002323741747N12229944WA0006700057004003026164217
B0002333741744N12229942WA0006800057005003026158220
B0002343741740N12229940WA0006800058004003025154235
B0002353741738N12229939WA0006800058004003021154219
B0002363741735N12229937WA0006800057004003021156232
B0002373741732N12229935WA0006700056004003021161223
B0002383741728N12229934WA0006600055004003022168234
B0002393741725N12229934WA0006600055004003024173235
B0002403741721N12229933WA0006500055004003024172225
B0002413741718N12229932WA0006400054004003023168215
B0002423741714N12229931WA0006400054004003023163218
B0002433741711N12229930WA0006400053004003023155205
B0002443741707N12229927WA0006300052004003028146193
B0002453741704N12229923WA0006300052005003030140195
B0002463741701N12229920WA0006200052004003029139214
B0002473741697N12229916WA0006200052004003029145213
B0002483741694N12229914WA0006300053004003024149209
B0002493741691N12229912WA0006300054004003024144196
B0002503741689N12229910WA0006400055004003020140226
B0002513741687N12229907WA0006500055004003019144216
B0002523741684N12229906WA0006500054005003019155222
B0002533741681N12229904WA0006500054004003020164224
B0002543741679N12229903WA0006500054004003020164219
B0002553741676N12229903WA0006500054004003019161222
B0002563741673N12229902WA0006500054004003017159229
B0002573741671N12229901WA0006500053005003016163227
B0002583741669N12229900WA0006400053004003018170232
B0002593741666N12229900WA0006400053004003019176239
B0003003741663N12229899WA0006400053004003018173233
B0003013741660N12229899WA0006400053004003018169233
B0003023741658N12229898WA0006400053004003018169228
B0003033741655N12229898WA0006400053005003019174224
B0003043741652N12229897WA0006500054004003019173233
B0003053741650N12229897WA0006600055004003018166243
B0003063741648N12229896WA0006600056004003016160239
B0003073741646N12229895WA0006700056004003014164240
B0003083741644N12229895WA0006700055004003014174225
B0003093741642N12229895WA0006700055004003015177233
B0003103741639N12229894WA0006700055004003015175241
B0003113741637N12229894WA0006700056004003016178249
B0003123741635N12229894WA0006800057004003016175243
B0003133741633N12229894WA0006900057004003010173237
B0003143741632N12229894WA0006800056004003012183233
B0003153741630N12229894WA0006800056004003012188231
B0003163741627N12229894WA0006800056004003015186232
B0003173741624N12229895WA0006800056004003018181236
B0003183741622N12229895WA0006800057004003015177249
B0003193741620N12229895WA0006900058004003015180238
B0003203741618N12229895WA0006900058004003012187239
B0003213741616N12229896WA0006800057004003012189235
B0003223741614N12229896WA0006800057004003015193236
B0003233741612N12229897WA0006900058004003015201245
B0003243741610N12229898WA0006900059004003015214233
B0003253741609N12229900WA0007000059004003012221229
B0003263741608N12229901WA0007000059005003011215226
B0003273741606N12229902WA0007000059004003011215225
B0003283741605N12229904WA0007000059005003016223226
B0003293741603N12229906WA0007000059004003016231226
B0003303741602N12229908WA0007000060004003016221222
B0003313741600N12229909WA0007100060004003014207227
B0003323741599N12229910WA0007100060004003013194224
B0003333741597N12229911WA0007100060004003015185225
B0003343741594N12229911WA0007100060005003017174224
B0003353741591N12229910WA0007100060005003017164216
B0003363741588N12229908WA0007100060004003020156227
B0003373741585N12229907WA0007100060005003021154229
B0003383741582N12229905WA0007100061005003019158229
B0003393741580N12229904WA0007100061004003019163227
B0003403741577N12229903WA0007200061004003019165225
B0003413741574N12229902WA0007200061005003021165227
B0003423741570N12229901WA0007300062005003021158233
B0003433741568N12229899WA0007400064004003017152238
B0003443741566N12229898WA0007400063004003017154238
B0003453741564N12229897WA0007400063004003014167244
B0003463741562N12229897WA0007400063004003014180230
B0003473741559N12229897WA0007400063004003015185242
B0003483741557N12229897WA0007500063004003015180214
B0003493741555N12229897WA0007600065004003015168233
B0003503741553N12229896WA0007700066004003014154239
B0003513741551N12229895WA0007800066004003014147256
B0003523741550N12229894WA0007800067004003012154240
B0003533741549N12229893WA0007800067004003009167241
B0003543741547N12229893WA0007800067004003009174232
B0003553741546N12229893WA0007800067004003009187234
B0003563741545N12229894WA0007800067004003009196229
B0003573741543N12229894WA0007800066004003010200231
B0003583741541N12229895WA0007800066004003013204228
B0003593741540N12229896WA0007800066004003013211229
B0004003741538N12229898WA0007800067004003013220226
B0004013741537N12229899WA0007800067005003011227223
B0004023741536N12229901WA0007800067005003011230222
B0004033741535N12229902WA0007800067004003012230223
B0004043741534N12229904WA0007800067004003012237222
B0004053741533N12229907WA0007800066004003012255222
B0004063741533N12229909WA0007700065004003013266220
B0004073741533N12229912WA0007700065004003014262219
B0004083741532N12229914WA0007700065004003013237220
B0004093741530N12229915WA0007600064004003014201219
B0004103741528N12229915WA0007600064004003014173225
B0004113741526N12229915WA0007600065004003016160234
B0004123741523N12229914WA0007600065004003016160232
B0004133741521N12229913WA0007600064004003016167227
B0004143741518N12229912WA0007500063004003019167219
B0004153741516N12229911WA0007500063004003019156211
B0004163741512N12229909WA0007500063005003022143197
B0004173741509N12229905WA0007400063005003025135197
B0004183741506N12229901WA0007300062004003028134206
B0004193741504N12229898WA0007200061005003028137196
B0004203741500N12229894WA0007100060004003026138221
B0004213741497N12229891WA0007000059005003026141216
B0004223741494N12229888WA0006900059005003026147232
B0004233741491N12229886WA0006900058005003025150208
B0004243741488N12229884WA0006900058004003025151225
B0004253741485N12229882WA0006900058005003024152224
B0004263741482N12229880WA0006800058004003022156236
B0004273741479N12229879WA0006800057005003021161237
B0004283741476N12229877WA0006700057005003023160231
B0004293741473N12229875WA0006700057005003024147225
B0004303741470N12229872WA0006800057005003024141230
B0004313741467N12229869WA0006700056004003025149230
B0004323741463N12229868WA0006600056004003025171236
B0004333741460N12229868WA0006600056004003020184219
B0004343741457N12229868WA0006600056004003020176202
B0004353741455N12229867WA0006700057004003019160216
B0004363741452N12229866WA0006700057005003019151226
B0004373741449N12229864WA0006700057004003020157233
B0004383741446N12229863WA0006700057004003020169242
B0004393741443N12229863WA0006700056004003020181240
B0004403741441N12229863WA0006700057004003020185244
B0004413741438N12229864WA0006800057004003018185250
B0004423741436N12229864WA0006800058004003015189239
B0004433741434N12229865WA0006900058004003015199237
B0004443741431N12229866WA0006900058004003015201238
B0004453741429N12229867WA0007000059004003016195237
B0004463741427N12229868WA0007000060004003016194243
B0004473741425N12229869WA0007100060004003015196239
B0004483741423N12229869WA0007200061004003015196236
B0004493741421N12229870WA0007200061004003015194232
B0004503741418N12229871WA0007200061005003015198230
B0004513741416N12229872WA0007200061004003015202226
B0004523741414N12229873WA0007200061004003015197232
B0004533741412N12229874WA0007200062004003014189228
B0004543741410N12229874WA0007200061004003014189227
B0004553741408N12229875WA0007200061004003013196226
B0004563741406N12229875WA0007200061004003013204224
B0004573741405N12229877WA0007100060004003014212222
B0004583741403N12229878WA0007100060004003013210221
B0004593741401N12229879WA0007100061004003013195224
B0005003741399N12229879WA0007200061004003013178223
B0005013741397N12229879WA0007200061005003015170227
B0005023741395N12229878WA0007200061004003016167233
B0005033741392N12229877WA0007200061004003016165223
B0005043741390N12229877WA0007200061004003016158225
B0005053741388N12229875WA0007200061004003016151220
B0005063741385N12229874WA0007100061005003017151223
B0005073741383N12229872WA0007100060004003019158220
B0005083741380N12229871WA0007100060004003019160234
B0005093741377N12229869WA0007100060005003022156224
B0005103741374N12229868WA0007100060004003022155231
B0005113741371N12229866WA0007100060004003019157229
B0005123741369N12229865WA0007000059005003019159230
B0005133741366N12229864WA0007000059004003019162226
B0005143741363N12229863WA0007000059005003019165225
B0005153741360N12229862WA0006900058004003020169231
B0005163741357N12229861WA0006900058005003020170213
B0005173741354N12229860WA0007000059005003020164213
B0005183741352N12229859WA0007000059005003019156197
B0005193741349N12229857WA0007000059005003019149192
B0005203741346N12229855WA0007000059005003021148192
B0005213741344N12229852WA0007000059005003025141201
B0005223741341N12229849WA0007000059005003026139209
B0005233741337N12229846WA0006900059005003026141216
B0005243741334N12229843WA0006900059005003026145214
B0005253741331N12229840WA0006900058005003026148209
B0005263741327N12229837WA0006900058005003030149203
B0005273741323N12229835WA0006900058005003032151203
B0005283741319N12229832WA0006900058005003032153215
B0005293741315N12229829WA0007100060005003032151219
B0005303741311N12229826WA0007200062004003029146231
B0005313741309N12229824WA0007300062005003024141218
B0005323741306N12229821WA0007300063005003024146228
B0005333741303N12229819WA0007300063004003023155226
B0005343741300N12229818WA0007300063005003022163229
B0005353741296N12229817WA0007400063005003022165232
B0005363741293N12229816WA0007400063005003023167228
B0005373741290N12229815WA0007500064005003023168243
B0005383741286N12229814WA0007600064005003023168230
B0005393741283N12229813WA0007700065004003022166226
B0005403741280N12229812WA0007800066005003021163228
B0005413741277N12229811WA0007800066005003020164234
B0005423741274N12229810WA0007900066005003020176249
B0005433741272N12229811WA0007900066005003018198268
B0005443741270N12229813WA0007900066004003016238279
B0005453741270N12229817WA0007900066005003016288291
B0005463741274N12229820WA0007900066005003030327291
B0005473741279N12229821WA0007900066005003038355154
B0005483741285N12229820WA0008000068005003038009264
B0005493741290N12229819WA0008300071005003038010248
B0005503741294N12229818WA0008500073004003032004240
B0005513741298N12229818WA0008600074004003023356233
B0005523741301N12229819WA0008800076004003023343228
B0005533741303N12229821WA0008800076005003020314222
B0005543741304N12229824WA0008900076005003016271220
B0005553741302N12229827WA0008900076005003016232223
B0005563741300N12229829WA0009000078005003018214229
B0005573741298N12229830WA0009200080004003018206230
B0005583741296N12229831WA0009300080004003015203223
B0005593741294N12229833WA0009400080005003014203223
B0006003741292N12229834WA0009400080004003014200221
B0006013741289N12229835WA0009400081004003020192227
B0006023741286N12229835WA0009500082004003020178225
B0006033741283N12229834WA0009600083004003020167232
B0006043741280N12229833WA0009600084004003020164221
B0006053741278N12229832WA0009700084004003019169218
B0006063741275N12229832WA0009700084004003020170219
B0006073741271N12229831WA0009700083004003025172216
B0006083741267N12229831WA0009600082004003025172225
B0006093741262N12229830WA0009600083004003031176229
B0006103741257N12229830WA0009800086005003031178229
B0006113741254N12229829WA0009900088005003024174219
B0006123741250N12229829WA0010100090004003024164241
B0006133741248N12229828WA0010200091004003021165235
B0006143741244N12229827WA0010200091004003021173236
B0006153741240N12229827WA0010200090004003023182226
B0006163741236N12229827WA0010300091004003030184229
B0006183741231N12229828WA0010400093004003030182230
B0006193741224N12229828WA0010600096004003024182239
B0006203741221N12229828WA0010700096004003023186248
B0006213741217N12229829WA0010800096005003025191244
B0006223741214N12229831WA0010700096004003025199238
B0006233741210N12229832WA0010800097004003025202233
B0006243741207N12229834WA0010900098004003025198228
B0006253741204N12229835WA0011000099004003022193233
B0006263741201N12229836WA0011000099004003022193235
B0006273741198N12229837WA0011100100005003021201231
B0006283741195N12229839WA0011100100004003021206228
B0006293741192N12229841WA0011100100004003021203229
B0006303741189N12229842WA0011200100004003022198231
B0006313741186N12229844WA0011200101005003023197239
B0006323741183N12229845WA0011300101006003022204236
B0006333741180N12229847WA0011300102005003021210232
B0006343741178N12229849WA0011400102004003020210225
B0006353741175N12229850WA0011400102005003020203224
B0006363741172N12229851WA0011400102004003021196228
B0006373741169N12229852WA0011400102004003021192228
B0006383741166N12229853WA0011400102005003022195232
B0006393741163N12229855WA0011400102004003022199234
B0006403741160N12229856WA0011400103005003018196224
B0006413741157N12229856WA0011400103004003020190225
B0006423741154N12229857WA0011400103004003020180228
B0006433741151N12229856WA0011500103004003022172228
B0006443741147N12229855WA0011500104004003023165215
B0006453741144N12229854WA0011500104004003025167225
B0006473741140N12229853WA0011500104004003025172228
B0006483741136N12229853WA0011500104004003025175223
B0006493741133N12229852WA0011500104004003025174215
B0006503741129N12229852WA0011600105005003025170215
B0006513741126N12229851WA0011600105004003025170220
B0006523741122N12229850WA0011600105004003025173229
B0006533741118N12229850WA0011700105005003026177230
B0006543741114N12229850WA0011700106005003026182222
B0006553741110N12229850WA0011700106004003026183233
B0006563741106N12229850WA0011800107004003025180231
B0006573741102N12229850WA0011800107004003025179244
B0006583741099N12229851WA0011800107004003024185245
B0006593741095N12229851WA0011900107004003024190246
B0007003741092N12229852WA0011900108004003024190227
B0007013741089N12229853WA0011900109004003023183229
B0007023741086N12229852WA0012000109004003020174226
B0007033741083N12229852WA0011900108004003020176232
B0007043741080N12229852WA0011800107004003020182228
B0007053741076N12229853WA0011800106004003021185222
B0007063741072N12229853WA0011800106004003024182212
B0007073741069N12229853WA0011800106005003025176212
B0007083741065N12229852WA0011800106004003025168212
B0007093741061N12229851WA0011700106004003025163222
B0007103741058N12229849WA0011700106004003025158211
B0007113741055N12229847WA0011700107004003024155215
B0007123741052N12229845WA0011800107004003024154214
B0007133741048N12229843WA0011800107004003024157218
B0007143741045N12229842WA0011800107004003024159218
B0007153741041N12229840WA0011800107004003025158205
B0007163741037N12229838WA0011700107004003026156213
B0007173741033N12229836WA0011700107005003029157220
B0007183741029N12229834WA0011700107005003029158218
B0007193741026N12229832WA0011700107005003027157219
B0007203741022N12229830WA0011700107004003025155217
B0007213741019N12229828WA0011700107004003025154218
B0007223741015N12229826WA0011600106004003026157221
B0007233741012N12229824WA0011600105005003027160222
B0007243741008N12229823WA0011600105005003026162222
B0007253741004N12229821WA0011500105005003026160216
B0007263741001N12229820WA0011500105005003025158214
B0007273740997N12229818WA0011500104004003025157217
B0007283740994N12229816WA0011400104005003027156215
B0007293740990N12229814WA0011400103004003027156220
B0007303740986N12229812WA0011300103004003028158211
B0007313740982N12229810WA0011300103005003029159223
B0007323740978N12229808WA0011300103005003028157220
B0007333740974N12229806WA0011300103005003028156221
B0007343740971N12229804WA0011300103004003026158238
B0007353740968N12229803WA0011300102004003023169237
B0007363740964N12229803WA0011200102004003022178236
B0007373740961N12229803WA0011200101004003023178227
B0007383740958N12229803WA0011200101004003024174230
B0007393740954N12229802WA0011200101004003023171236
B0007403740952N12229802WA0011200101004003021179235
B0007413740949N12229802WA0011100101004003017184234
B0007423740946N12229802WA0011100100004003020183222
B0007433740943N12229802WA0011000099004003022179228
B0007443740939N12229802WA0010900098004003022179232
B0007453740936N12229803WA0010900098004003022183235
B0007463740933N12229803WA0010900098004003022185233
B0007473740930N12229803WA0010900098004003020181230
B0007483740927N12229803WA0010800097004003022175220
B0007493740924N12229803WA0010800097004003022174220
B0007503740920N12229802WA0010700096004003023173227
B0007513740917N12229802WA0010700096004003023176228
B0007523740913N12229801WA0010700095004003024173224
B0007533740910N12229801WA0010600095004003024171235
B0007543740906N12229800WA0010600095004003024169222
B0007553740903N12229799WA0010600095004003023169226
B0007563740899N12229798WA0010500094004003023167219
B0007573740895N12229797WA0010500094005003026166217
B0007583740892N12229796WA0010500094005003026163223
B0007593740888N12229794WA0010500094005003026161221
B0008003740884N12229793WA0010500093004003026163224
B0008013740880N12229792WA0010400093004003026167224
B0008023740877N12229791WA0010500093004003025169224
B0008033740873N12229790WA0010500093004003025168224
B0008043740870N12229789WA0010500094004003025165228
B0008053740867N12229788WA0010600095004003023161233
B0008063740864N12229787WA0010600096004003020161233
B0008073740861N12229786WA0010600095004003019164225
B0008083740858N12229785WA0010600094005003022168220
B0008093740855N12229784WA0010500093004003022172219
B0008103740851N12229783WA0010500093005003026172213
B0008113740847N12229783WA0010500094004003026169210
B0008123740843N12229781WA0010500094004003026164200
B0008133740839N12229779WA0010600094005003026156197
B0008143740836N12229777WA0010500094005003026151202
B0008153740832N12229774WA0010500094004003028149203
B0008163740828N12229772WA0010500094005003029151211
B0008173740824N12229769WA0010500094004003028154208
B0008183740820N12229767WA0010500093005003028155208
B0008193740817N12229765WA0010400093005003028155213
B0008203740813N12229763WA0010400093005003028156208
B0008213740809N12229761WA0010400093005003028159208
B0008223740805N12229759WA0010400093005003025161208
B0008233740802N12229758WA0010400094004003025158218
B0008243740800N12229756WA0010500095004003022157232
B0008253740797N12229755WA0010500095004003019167229
B0008263740794N12229755WA0010500094005003019180247
B0008273740791N12229755WA0010500094004003022183227
B0008283740788N12229756WA0010500095005003022182248
B0008293740784N12229756WA0010600096004003022182237
B0008303740782N12229756WA0010600096005003020187238
B0008313740779N12229757WA0010700097004003017191230
B0008323740776N12229758WA0010700096005003019190224
B0008333740773N12229759WA0010700097004003021190235
B0008343740770N12229759WA0010800097004003021190242
B0008353740765N12229761WA0010900098004003019198237
B0008363740762N12229762WA0010900098004003018198234
B0008373740759N12229763WA0011000098004003019198237
B0008383740757N12229765WA0011000099004003019198241
B0008393740754N12229766WA0011000099004003019199236
B0008403740752N12229767WA0011000100004003018202236
B0008413740749N12229768WA0011000100004003018202234
B0008423740747N12229770WA0011100101004003018198230
B0008433740744N12229771WA0011100101004003018195239
B0008443740741N12229772WA0011200101004003019194235
B0008453740738N12229773WA0011300102004003019194226
B0008463740736N12229773WA0011300102004003019190226
B0008473740733N12229774WA0011300102005003019183216
B0008483740730N12229773WA0011300102004003019175232
B0008493740726N12229773WA0011300102004003021173226
B0008503740723N12229772WA0011300103004003022174237
B0008513740720N12229772WA0011400103004003021173221
B0008533740717N12229771WA0011500104004003021169222
B0008543740714N12229770WA0011500105004003021163218
B0008553740711N12229769WA0011600105004003022160231
B0008563740708N12229768WA0011700105004003021163224
B0008573740705N12229767WA0011700106005003022167228
B0008583740701N12229766WA0011700106004003022168228
B0008593740697N12229765WA0011800106005003026167221
B0009003740693N12229764WA0011800107005003028164232
B0009013740689N12229762WA0011900107005003028162240
B0009023740685N12229761WA0012000108005003025162241
B0009033740683N12229760WA0012000109005003021164234
B0009043740680N12229759WA0012100109004003019169241
B0009053740677N12229759WA0012100109005003019171237
B0009063740674N12229758WA0012100109004003021174242
B0009073740671N12229757WA0012100110005003021169233
B0009083740667N12229756WA0012200110005003023164231
B0009093740664N12229755WA0012200111004003023162232
B0009103740661N12229754WA0012300112005003020165237
B0009113740659N12229754WA0012300112004003020169240
B0009123740656N12229753WA0012300112004003019174243
B0009133740653N12229753WA0012300111004003019178240
B0009143740649N12229753WA0012300111004003023179244
B0009153740645N12229753WA0012400112005003023180241
B0009163740642N12229753WA0012500112005003023181247
B0009173740639N12229753WA0012500113004003021177236
B0009183740636N12229753WA0012500113004003021177236
B0009193740633N12229753WA0012600113004003021178238
B0009203740630N12229753WA0012700114004003024177240
B0009213740626N12229753WA0012700115004003024177239
B0009223740623N12229752WA0012800116004003024174234
B0009233740620N12229752WA0012900117004003022172236
B0009243740617N12229751WA0012900118004003021170232
B0009253740613N12229750WA0013000118004003023171238
B0009263740609N12229750WA0013000118004003025174225
B0009273740606N12229750WA0013100120004003024173246
B0009283740603N12229749WA0013300122004003024165212
B0009293740600N12229747WA0013400123005003020157249
B0009303740597N12229746WA0013500123004003018157232
B0009313740595N12229745WA0013500123005003018170242
B0009323740592N12229745WA0013500123005003018183228
B0009333740590N12229745WA0013500124004003019185245
B0009343740587N12229746WA0013700125004003019185238
B0009353740585N12229746WA0013700126004003015189241
B0009363740583N12229747WA0013800127005003015195237
B0009373740581N12229748WA0013800126004003013204231
B0009383740579N12229749WA0013800126005003013213234
B0009393740578N12229751WA0013800126005003013224230
B0009403740576N12229753WA0013800127005003013227227
B0009413740575N12229754WA0013900128005003013222225
B0009423740574N12229756WA0013900128004003012214223
B0009433740572N12229757WA0013900128004003012210222
B0009443740571N12229758WA0014000128005003012211221
B0009453740569N12229759WA0014000128005003013212222
B0009463740567N12229761WA0014000129004003013210224
B0009473740565N12229762WA0014000129004003013206229
B0009483740563N12229763WA0014100130004003014202230
B0009493740561N12229764WA0014200130005003015197233
B0009503740560N12229764WA0014200132004003012189233
B0009513740558N12229765WA0014300133004003012182239
B0009523740557N12229765WA0014400133004003008184234
B0009533740556N12229765WA0014400133004003008193235
B0009543740554N12229766WA0014400133004003010199239
B0009553740552N12229767WA0014500134005003014200229
B0009563740550N12229768WA0014600135004003014199229
B0009573740548N12229768WA0014700136004003012195231
B0009583740547N12229769WA0014700137004003012194233
B0009593740545N12229770WA0014800137004003012194232
B0010003740543N12229770WA0014900138004003014193239
B0010013740541N12229771WA0015000139004003014192245
B0010023740539N12229772WA0015100141004003013196244
B0010033740537N12229772WA0015200142004003013202236
B0010043740535N12229773WA0015300143004003013205234
B0010053740534N12229774WA0015400144004003010205228
B0010063740533N12229775WA0015500144004003010203231
B0010073740531N12229776WA0015500145004003010195233
B0010083740529N12229776WA0015500144004003010195234
B0010093740527N12229777WA0015600145004003013194240
B0010103740526N12229778WA0015600146004003012194233
B0010113740524N12229778WA0015700146005003012192237
B0010123740522N12229779WA0015700147004003011187237
B0010133740521N12229779WA0015800147004003011182244
B0010143740519N12229779WA0015800147004003012181239
B0010153740517N12229779WA0015800147004003012183238
B0010163740515N12229779WA0015800147004003012181236
B0010173740513N12229779WA0015800148004003012170217
B0010183740511N12229778WA0015800147004003012165216
B0010193740509N12229777WA0015800147005003014163217
B0010203740507N12229776WA0015800147004003017162225
B0010213740504N12229775WA0015800147004003017163230
B0010223740502N12229775WA0015700146004003017172232
B0010233740499N12229775WA0015600145004003018175234
B0010243740496N12229774WA0015600144005003021172229
B0010253740492N12229773WA0015500144004003021167231
B0010263740490N12229772WA0015500144004003021164240
B0010273740487N12229771WA0015400143004003019166237
B0010283740484N12229771WA0015300143004003018171227
B0010293740482N12229770WA0015200141005003018172218
B0010303740479N12229769WA0015000140005003021164214
B0010313740475N12229767WA0014900140004003023156222
B0010323740472N12229766WA0014800139004003021157244
B0010333740470N12229765WA0014800138004003021166222
B0010343740467N12229764WA0014700137005003019170221
B0010353740464N12229763WA0014600135005003022162219
B0010363740460N12229761WA0014500135005003024153239
B0010373740457N12229759WA0014400135005003022154246
B0010383740452N12229758WA0014200133005003018180230
B0010393740450N12229758WA0014100132005003018175223
B0010403740447N12229757WA0014000131005003019164234
B0010413740444N12229756WA0013900131005003019165237
B0010423740441N12229755WA0013900130005003019172229
B0010433740439N12229755WA0013700128004003018178227
B0010443740436N12229755WA0013600127005003018172214
B0010453740433N12229754WA0013500127005003022162229
B0010463740430N12229752WA0013400126004003022156245
B0010473740427N12229751WA0013300124005003022157238
B0010483740424N12229750WA0013200123004003021165230
B0010493740422N12229749WA0013100121004003017169212
B0010503740419N12229748WA0013000121005003019159208
B0010513740416N12229746WA0012800119005003019151215
B0010523740413N12229744WA0012700117004003023154230
B0010533740410N12229743WA0012600116004003023167216
B0010543740407N12229743WA0012500116005003018184247
B0010553740405N12229743WA0012500117004003018185215
B0010563740403N12229743WA0012500117004003014173239
B0010573740401N12229742WA0012500116004003014168231
B0010593740398N12229742WA0012500115005003019177248
B0011003740395N12229743WA0012400115004003019192234
B0011013740393N12229744WA0012500116004003018202224
B0011023740391N12229744WA0012500116004003016194214
B0011033740389N12229744WA0012600117004003012175219
B0011043740387N12229744WA0012600116005003014166220
B0011053740385N12229743WA0012600116005003014169227
B0011063740383N12229743WA0012500115004003016176229
B0011073740380N12229743WA0012600116005003016178233
B0011083740378N12229743WA0012500116004003012184232
B0011093740377N12229743WA0012500116005003012192236
B0011103740375N12229744WA0012500115004003012194228
B0011113740373N12229744WA0012500115004003013191227
B0011123740371N12229745WA0012500115005003014184225
B0011133740369N12229745WA0012500115004003014176229
B0011143740367N12229745WA0012500115004003012176230
B0011153740365N12229745WA0012500115004003011183229
B0011163740363N12229745WA0012500114006003011186229
B0011173740361N12229745WA0012400113004003014185242
B0011183740359N12229745WA0012400113005003014186246
B0011193740357N12229746WA0012400113004003014194266
B0011203740356N12229748WA0012300113004003013251278
B0011213740356N12229750WA0012200112006003013303280
B0011223740360N12229753WA0012000109004003031324277
B0011233740364N12229757WA0011800109006003039344271
B0011243740371N12229758WA0011700109006003039356262
B0011253740377N12229757WA0011700109006003039002248
B0011263740383N12229757WA0011700109006003038003244
B0011273740389N12229756WA0011600108004003040359239
B0011283740395N12229756WA0011600108004003045358237
B0011293740402N12229757WA0011600108006003045000232
B0011303740409N12229756WA0011600108004003045005228
B0011313740415N12229755WA0011700109004003043005226
B0011323740421N12229755WA0011700108006003037354224
B0011333740427N12229756WA0011600105004003042348224
B0011343740434N12229758WA0011500104004003042350223
B0011353740441N12229759WA0011400104004003048356222
B0011363740448N12229759WA0011400104006003048000221
B0011373740455N12229758WA0011400105006003041001220
B0011383740460N12229759WA0011400105006003041359220
B0011393740466N12229759WA0011300104006003039359219
B0011403740473N12229759WA0011100102004003039000219
B0011413740480N12229758WA0011000102004003045002219
B0011423740489N12229758WA0010900102004003051358218
B0011433740496N12229759WA0010900102006003051354218
B0011443740503N12229759WA0010900102006003048356218
B0011453740509N12229759WA0010900102004003044001218
B0011463740515N12229759WA0010900101006003042003218
B0011473740522N12229759WA0010900100006003044358218
B0011483740528N12229760WA0010800099006003046354218
B0011493740535N12229760WA0010700098006003046354218
B0011503740542N12229761WA0010700098006003046356218
B0011513740549N12229762WA0010700098006003046357217
B0011523740555N12229762WA0010700098006003042356217
B0011533740562N12229763WA0010700097006003043354217
B0011543740568N12229764WA0010600096006003043354217
B0011553740575N12229764WA0010600096006003043356217
B0011563740581N12229765WA0010600096006003043356217
B0011573740587N12229765WA0010600096004003041356217
B0011583740594N12229766WA0010700097005003041357217
B0011593740600N12229766WA0010800098006003041359217
B0012003740606N12229766WA0010900099006003042001217
B0012013740613N12229765WA0011000100006003043002217
B0012023740619N12229765WA0011100100004003042003217
B0012033740625N12229765WA0011200101005003042001217
B0012043740631N12229765WA0011200101004003039354217
B0012053740636N12229766WA0011200101006003038349217
B0012063740642N12229768WA0011300102006003038347217
B0012073740647N12229769WA0011300102006003036347217
B0012083740652N12229771WA0011400102006003036346217
B0012093740657N12229773WA0011400102006003034340217
B0012103740662N12229776WA0011400101006003034332217
B0012113740666N12229779WA0011300101004003034330217
B0012123740671N12229782WA0011400102005003036334217
B0012133740676N12229785WA0011400103005003036339217
B0012143740680N12229787WA0011400103004003034338217
B0012153740684N12229789WA0011400103006003030335217
B0012163740688N12229791WA0011400102005003030335217
B0012173740693N12229794WA0011400101006003033339217
B0012183740697N12229796WA0011300102005003036341217
B0012193740703N12229798WA0011400102006003036339217
B0012203740708N12229801WA0011500103004003037338217
B0012213740713N12229803WA0011600104005003037343217
B0012223740718N12229804WA0011600105006003035349217
B0012233740724N12229805WA0011700105005003035351217
B0012243740729N12229806WA0011700104006003035350217
B0012253740735N12229808WA0011600103006003036348217
B0012263740741N12229809WA0011600103005003039349217
B0012273740747N12229810WA0011600103005003039351217
B0012283740752N12229811WA0011500103005003039352217
B0012293740757N12229812WA0011500103006003036351217
B0012303740763N12229813WA0011500103005003036352217
B0012313740769N12229814WA0011400102006003038354217
B0012323740775N12229814WA0011400102005003040357217
B0012333740781N12229814WA0011300101005003040357217
B0012343740787N12229815WA0011200101005003040357217
B0012353740793N12229815WA0011200100005003040359217
B0012363740799N12229815WA0011100100005003041001217
B0012373740806N12229814WA0011100099004003044003217
B0012383740812N12229814WA0011100099005003044004217
B0012393740819N12229813WA0011100100006003043004217
B0012403740825N12229812WA0011100099005003042006217
B0012413740831N12229811WA0011100099004003041006217
B0012423740837N12229810WA0011000099005003042006217
B0012433740850N12229809WA0010900098005003043004217
B0012443740856N12229808WA0010900098005003043005217
B0012453740863N12229807WA0010900098004003043005217
B0012463740869N12229806WA0010800097005003041005217
B0012473740875N12229806WA0010800097005003041005217
B0012483740882N12229805WA0010700096005003041006217
B0012493740888N12229804WA0010700096005003044009217
B0012503740895N12229802WA0010700096004003044009217
B0012513740901N12229800WA0010700097005003042009217
B0012523740907N12229799WA0010700096005003042008217
B0012533740913N12229798WA0010600095005003041006217
B0012543740919N12229797WA0010500094005003041007217
B0012553740926N12229796WA0010400094005003042009217
B0012563740932N12229795WA0010400094005003043011217
B0012573740938N12229793WA0010400094005003043012217
B0012583740945N12229791WA0010300093006003043010217
B0012593740952N12229790WA0010100091005003045010217
B0013003740959N12229788WA0010100090005003048009217
B0013013740967N12229786WA0010000090004003049009217
B0013023740974N12229785WA0010100090005003049009217
B0013033740980N12229783WA0010100090006003047009217
B0013053740987N12229782WA0010100090005003044008217
B0013063740993N12229781WA0010100089006003043004217
B0013073740999N12229781WA0010000089006003044001217
B0013083741006N12229781WA0010000089005003044000217
B0013093741013N12229781WA0010100090005003045000217
B0013103741019N12229781WA0010100090006003045358217
B0013113741026N12229781WA0010200090006003043356217
B0013123741032N12229782WA0010300091005003043357217
B0013133741039N12229782WA0010400092006003042000217
B0013143741045N12229782WA0010600092006003042002217
B0013153741050N12229782WA0010700094006003038001217
B0013163741056N12229782WA0010700094005003038000217
B0013173741061N12229782WA0010700094005003036358217
B0013183741067N12229782WA0010700094004003036358217
B0013193741073N12229782WA0010600093005003038357217
B0013203741079N12229782WA0010600093006003043356217
B0013213741085N12229783WA0010600094005003043356217
B0013223741092N12229783WA0010700094005003043356217
B0013233741098N12229783WA0010700094004003040356217
B0013243741104N12229784WA0010700093005003040356217
B0013253741110N12229785WA0010800093006003042352217
B0013263741116N12229786WA0010800094006003042352217
B0013273741122N12229787WA0010800095006003041353217
B0013283741128N12229788WA0010800095006003041352217
B0013293741134N12229789WA0010900096006003041351217
B0013303741140N12229790WA0011000097005003040352217
B0013313741146N12229791WA0011000097006003041354217
B0013323741153N12229792WA0011100098006003041357217
B0013333741159N12229792WA0011100099006003042357217
B0013343741165N12229793WA0011200099006003042355217
B0013353741171N12229793WA0011200100005003042354217
B0013363741178N12229794WA0011200100006003042353217
B0013373741184N12229795WA0011300100006003042353217
B0013383741190N12229796WA0011300100006003042352217
B0013393741196N12229798WA0011300100006003042347217
B0013403741202N12229800WA0011200100006003040343217
B0013413741208N12229802WA0011200099006003040340217
B0013423741213N12229805WA0011200100006003040338217
B0013433741219N12229808WA0011200100005003040338217
B0013443741225N12229810WA0011300100005003041340217
B0013453741231N12229813WA0011300101005003042343217
B0013463741237N12229815WA0011400102005003042345217
B0013473741243N12229816WA0011500103005003041346217
B0013483741249N12229818WA0011500103005003041348217
B0013493741255N12229819WA0011500103005003041349217
B0013503741262N12229821WA0011500102005003044349217
B0013513741268N12229822WA0011400102005003045348217
B0013523741275N12229824WA0011400102005003045350217
B0013533741282N12229825WA0011500103005003046354217
B0013543741289N12229825WA0011500103005003046356217
B0013553741296N12229826WA0011600104005003045354217
B0013563741302N12229827WA0011600104005003045352217
B0013573741309N12229828WA0011700105005003045354217
B0013583741316N12229828WA0011800106005003046357217
B0013593741323N12229829WA0011900107005003046356217
B0014003741329N12229830WA0011900107005003043349217
B0014013741335N12229832WA0012000108004003043346217
B0014023741342N12229834WA0012100109005003043348217
B0014033741348N12229835WA0012200110005003044352217
B0014043741355N12229836WA0012300111005003044350217
B0014053741361N12229838WA0012400112004003041345217
B0014063741367N12229840WA0012500112005003041343217
B0014073741373N12229843WA0012500113005003041345217
B0014083741379N12229844WA0012600113005003043347217
B0014093741386N12229846WA0012700114005003044346217
B0014103741392N12229849WA0012700115005003043343217
B0014113741398N12229851WA0012800115005003043342217
B0014123741404N12229853WA0012800116005003042343217
B0014133741410N12229855WA0012900116004003042346217
B0014143741417N12229857WA0012900117005003043349217
B0014153741423N12229858WA0013000117005003044352217
B0014163741430N12229859WA0013000118005003045353217
B0014173741437N12229860WA0013100118005003045352217
B0014183741443N12229861WA0013100119005003045353217
B0014193741450N12229862WA0013200119005003044354217
B0014203741456N12229863WA0013300120005003043353217
B0014213741463N12229864WA0013300120005003043352217
B0014223741469N12229865WA0013300121005003043350217
B0014233741476N12229867WA0013400121005003044348217
B0014243741482N12229868WA0013500122005003044346217
B0014253741489N12229871WA0013500122005003043343217
B0014263741495N12229873WA0013600123005003043342217
B0014273741501N12229876WA0013600123004003042344217
B0014283741507N12229878WA0013600123005003042344217
B0014293741513N12229880WA0013600123005003044343217
B0014303741520N12229883WA0013600123005003044341217
B0014313741526N12229885WA0013700124005003045343217
B0014323741532N12229887WA0013700124005003045346217
B0014333741539N12229889WA0013800124005003045346217
B0014343741545N12229891WA0013800124005003044346217
B0014353741552N12229893WA0013900124005003043344217
B0014363741558N12229895WA0013900124005004043343217
B0014373741564N12229897WA0013800125005003043345217
B0014383741570N12229900WA0013700124004003043343217
B0014393741576N12229902WA0013600124005003041335217
B0014403741581N12229905WA0013600123005003038335217
B0014413741587N12229908WA0013600123005003039340217
B0014423741593N12229910WA0013500123005003039347217
B0014433741599N12229911WA0013500123005003042350217
B0014443741605N12229912WA0013500123005003042352217
B0014453741618N12229914WA0013300121005003046354217
B0014463741625N12229915WA0013300120005003046353217
B0014473741632N12229916WA0013200120005003046350217
B0014483741638N12229918WA0013200119005003045347217
B0014493741644N12229920WA0013100119005003041346217
B0014503741650N12229921WA0013100119005003041346217
B0014513741657N12229923WA0013100119005003041345217
B0014523741662N12229926WA0013200119005003041342217
B0014533741668N12229928WA0013100119005003040339217
B0014543741674N12229931WA0013200119005003039339217
B0014553741679N12229933WA0013200120005003041345217
B0014563741685N12229934WA0013300120005003041354217
B0014573741691N12229935WA0013300120005003041355217
B0014583741697N12229936WA0013300120005003039350217
B0014593741703N12229937WA0013200118005003042345217
B0015003741709N12229939WA0013100117005003044345217
B0015013741716N12229941WA0013000117005003044349217
B0015023741722N12229942WA0013000118005003044353217
B0015033741729N12229943WA0013000118005003044354217
B0015043741735N12229944WA0013000117005003040354217
B0015053741741N12229944WA0012900116005003042355217
B0015063741747N12229945WA0012700114005003042355217
B0015073741754N12229945WA0012600113005003044354217
B0015083741761N12229946WA0012600112005003046354217
B0015093741768N12229947WA0012500112005003046355217
B0015113741775N12229947WA0012500113005003046359217
B0015123741782N12229947WA0012500113005003046002217
B0015133741788N12229947WA0012500113005003045003217
B0015143741795N12229946WA0012500113004003044003217
B0015153741801N12229946WA0012500113004003045003217
B0015163741808N12229945WA0012500112005003045003217
B0015173741815N12229944WA0012500112005003046003217
B0015183741822N12229944WA0012600113005003046002217
B0015193741829N12229944WA0012600113005003046001217
B0015203741835N12229944WA0012700114005003042002217
B0015213741841N12229943WA0012700115005003040002217
B0015223741847N12229943WA0012700114005003040001217
B0015233741853N12229943WA0012700114005003040357217
B0015243741858N12229944WA0012700114005003040353217
B0015253741864N12229945WA0012700115005003038352217
B0015263741869N12229945WA0012700115005003037354217
B0015273741874N12229946WA0012800116005003035356217
B0015283741880N12229946WA0012800116004003033356217
B0015293741885N12229947WA0012800115005003035355217
B0015303741890N12229948WA0012700114005003035351217
B0015313741896N12229949WA0012700114005003037347217
B0015323741901N12229950WA0012800115004003037349217
B0015333741905N12229951WA0013000118005003029351217
B0015343741909N12229952WA0013100119004003029354217
B0015353741913N12229952WA0013200119004003028358217
B0015363741918N12229952WA0013200119005003028359217
B0015373741922N12229953WA0013100119005003030354217
B0015383741927N12229954WA0013100119005003033346217
B0015393741932N12229956WA0013200119005003034342217
B0015403741937N12229957WA0013300120005003033344217
B0015413741941N12229959WA0013300121005003032349217
B0015423741946N12229960WA0013300122005003032352217
B0015433741951N12229960WA0013300121005003034351217
B0015443741956N12229961WA0013300121005003035350217
B0015453741962N12229963WA0013300120005003035350217
B0015463741967N12229964WA0013300121005003036351217
B0015473741972N12229964WA0013300121005003036353217
B0015483741978N12229965WA0013400122005003035355217
B0015493741983N12229965WA0013400122005003035357217
B0015503741988N12229966WA0013400121005003035356217
B0015513741994N12229966WA0013400121005003036355217
B0015523742000N12229967WA0013300120005003037353217
B0015533742005N12229968WA0013300120005003037351217
B0015543742011N12229969WA0013200119004003037353217
B0015553742016N12229969WA0013200120005003037356217
B0015563742021N12229970WA0013200119005003036355217
B0015573742026N12229971WA0013100119005003034351217
B0015583742031N12229972WA0013100118005003034349217
B0015593742037N12229973WA0013000117005003036351217
B0016003742042N12229973WA0013000117005003036354217
B0016013742048N12229974WA0013000117005003037353217
B0016023742053N12229975WA0013000117005003037352217
B0016033742058N12229976WA0012900117005003035352217
B0016043742064N12229977WA0012900117005003035352217
B0016053742069N12229978WA0012900117004003035353217
B0016063742074N12229979WA0012900117005003035352217
B0016073742079N12229979WA0012900117005003035353217
B0016083742084N12229980WA0012900116005003034353217
B0016093742089N12229981WA0012800116005003034349217
B0016103742094N12229982WA0012800115005003034344217
B0016113742099N12229984WA0012800115005003034342217
B0016123742104N12229986WA0012800116005003034343217
B0016133742109N12229988WA0012900117005003031347217
B0016143742113N12229989WA0012900117005003031350217
B0016153742117N12229990WA0012900116005003031349217
B0016163742122N12229991WA0012800115005003031344217
B0016173742127N12229993WA0012700114005003032341217
B0016183742131N12229995WA0012700114004003033342217
B0016193742136N12229997WA0012600113005003033341217
B0016203742141N12229999WA0012600113005003032343217
B0016213742145N12230000WA0012600113005003031344217
B0016223742149N12230002WA0012500112005003030342217
B0016233742153N12230004WA0012400112005003031339217
B0016243742158N12230006WA0012300110005003032339217
B0016253742163N12230008WA0012200110005003032338217
B0016263742167N12230010WA0012100109005003032338217
B0016273742171N12230013WA0012100109005003032337217
B0016283742175N12230015WA0012000109005003031338217
B0016293742180N12230017WA0011900108005003031336217
B0016303742184N12230019WA0011900107004003030331217
B0016313742187N12230023WA0011800106005003030324217
B0016323742191N12230026WA0011700105005003030322217
B0016333742195N12230029WA0011700104004003030324217
B0016343742198N12230033WA0011700104004003030323217
B0016353742201N12230036WA0011600103004003028312217
B0016363742203N12230039WA0011500103005003025300217
B0016373742203N12230043WA0011400101004003022271217
B0016383742202N12230047WA0011300101004003020250217
B0016393742200N12230050WA0011300100004003021221218
B0016403742197N12230051WA0011200099005003021196222
B0016413742193N12230052WA0011100098004003023187224
B0016423742189N12230053WA0011000098005003027186224
B0016433742185N12230053WA0010900097004003027183222
B0016443742180N12230053WA0010700096004003030173216
B0016453742175N12230051WA0010700096004003030166219
B0016463742171N12230050WA0010600095004003033164219
B0016473742166N12230048WA0010600094004003033164217
B0016483742161N12230046WA0010500093004003033162215
B0016493742156N12230044WA0010400093004003034158213
B0016503742151N12230041WA0010300093005003034157208
B0016513742146N12230039WA0010300092004003034159231
B0016523742138N12230036WA0010300092005003025162236
B0016533742135N12230034WA0010200092004003025158224
B0016543742131N12230032WA0010200091005003025156241
B0016553742127N12230030WA0010200090004003027163241
B0016563742123N12230030WA0010200089005003027180249
B0016573742120N12230031WA0010100089004003020203248
B0016583742119N12230034WA0010100089004003020231252
B0016593742118N12230036WA0010000089004003016266252
B0017003742119N12230039WA0010000088004003016299250
B0017013742122N12230041WA0009900087005003016322248
B0017023742125N12230043WA0009800086005003026336246
B0017033742129N12230045WA0009700086005003030344241
B0017043742134N12230046WA0009500085005003030347233
B0017053742139N12230048WA0009400084005003033345229
B0017063742144N12230049WA0009400084005003033343227
B0017073742148N12230051WA0009400084005003030346226
B0017083742153N12230052WA0009400083005003030349224
B0017093742157N12230053WA0009400083005003030349223
B0017103742161N12230054WA0009300082005003029344222
B0017113742166N12230056WA0009200081005003029342221
B0017123742170N12230058WA0009200081005003032344220
B0017133742175N12230059WA0009200080005003032346220
B0017143742179N12230061WA0009100080005003032345219
B0017153742184N12230062WA0009000079005003031341219
B0017173742188N12230064WA0008900078005003031341219
B0017183742193N12230066WA0008900077005003033346219
B0017193742198N12230067WA0008800077005003033349218
B0017203742203N12230068WA0008800077005003034349218
B0017213742208N12230069WA0008800077005003034348218
B0017223742212N12230071WA0008800077005003032347218
B0017233742217N12230072WA0008800076005003032348218
B0017243742222N12230073WA0008700076005003032351218
B0017253742228N12230074WA0008700075005003036352218
B0017263742234N12230075WA0008700075005003037352218
B0017273742239N12230076WA0008700075004003037351218
B0017283742245N12230076WA0008700075005003036354217
B0017293742250N12230077WA0008700075005003036356217
B0017303742256N12230077WA0008600074005003038357217
B0017313742261N12230078WA0008600074005003038353217
B0017323742267N12230079WA0008600074005003038351217
B0017333742272N12230080WA0008600074005003036359217
B0017343742277N12230079WA0008600074004003035004217
B0017353742282N12230079WA0008500074004003034358217
B0017363742287N12230079WA0008500073005003034349217
B0017373742293N12230080WA0008500073005003034350217
B0017383742299N12230081WA0008500073005003037000217
B0017393742304N12230081WA0008500073005003037004217
B0017403742310N12230080WA0008500074004003033002217
B0017413742314N12230081WA0008500074004003033355217
B0017423742318N12230081WA0008500073005003029352217
B0017433742322N12230082WA0008500073004003027355217
B0017443742326N12230082WA0008500073005003027359217
B0017453742330N12230082WA0008400073004003026356217
B0017463742334N12230083WA0008400072004003026350217
B0017473742338N12230084WA0008300071004003025345217
B0017483742341N12230085WA0008200071004003025345217
B0017493742345N12230086WA0008200071004003025349217
B0017503742348N12230087WA0008200070004003025355217
B0017513742352N12230087WA0008200070005003027001217
B0017523742357N12230086WA0008100069005003027010217
B0017533742362N12230084WA0008000068005003032019217
B0017543742368N12230081WA0008000068004003038027217
B0017553742373N12230077WA0008000068004003040034217
B0017563742378N12230072WA0008000068004003040037217
B0017573742383N12230067WA0008000068004003040039217
B0017583742387N12230062WA0008100068004003040036217
B0017593742392N12230059WA0008100068004003040027217
B0018003742397N12230056WA0008100068004003031004217
B0018013742401N12230057WA0008000067005003031335217
B0018023742403N12230060WA0008000066005003024296218
B0018033742402N12230064WA0007900066004003019236214
B0018043742399N12230066WA0007800066004003019180207
B0018053742395N12230065WA0007800067005003028150226
B0018063742392N12230061WA0007900069004003028141231
B0018073742390N12230059WA0008000070004003023147232
B0018083742388N12230058WA0008000069004003016166223
B0018093742386N12230058WA0007900067004003016177211
B0018103742382N12230057WA0007800066004003023171212
B0018113742379N12230056WA0007800066004003025164211
B0018123742375N12230055WA0007800067004003024159228
B0018133742372N12230053WA0007800067004003024157228
B0018143742369N12230052WA0007800067004003020158221
B0018153742366N12230050WA0007800066004003020162214
B0018163742363N12230049WA0007800066004003021166223
B0018173742360N12230048WA0007800065004003020168220
B0018183742358N12230048WA0007800066004003020172225
B0018193742355N12230047WA0007800066004003018171221
B0018203742353N12230047WA0007800066005003017171215
B0018213742350N12230046WA0007700065005003017172222
B0018223742347N12230046WA0007700065005003017176223
B0018233742345N12230046WA0007700064004003017179228
B0018243742342N12230046WA0007700065004003017172213
B0018253742340N12230045WA0007700065004003017162212
B0018263742337N12230044WA0007600064004003018162212
B0018273742335N12230043WA0007500063004003018169222
B0018283742332N12230042WA0007500063004003019174230
B0018293742329N12230042WA0007500063004003019176222
B0018303742327N12230042WA0007500063004003016173229
B0018313742324N12230042WA0007500063004003017170220
B0018323742321N12230041WA0007400063004003017170221
B0018333742318N12230041WA0007500063004003020175236
B0018343742315N12230041WA0007500063004003021183222
B0018353742312N12230041WA0007600064004003021183237
B0018363742309N12230041WA0007600065004003021175230
B0018373742306N12230040WA0007700065004003021168223
B0018383742303N12230039WA0007700065004003021168236
B0018393742300N12230039WA0007700064004003021173229
B0018403742296N12230039WA0007600064004003025178225
B0018413742292N12230039WA0007600064004003026178226
B0018423742288N12230038WA0007700065004003025175212
B0018433742285N12230038WA0007800067004003023170229
B0018443742283N12230037WA0007900067004003019167229
B0018453742280N12230036WA0007900067004003019172221
B0018463742277N12230036WA0007900067004003023176224
B0018473742273N12230036WA0007900067004003023177215
B0018483742270N12230035WA0008000068004003025171218
B0018493742266N12230035WA0008100068004003025163222
B0018503742260N12230032WA0008200069004003023163224
B0018513742257N12230031WA0008200068004003023171222
B0018523742253N12230030WA0008200069004003023173215
B0018533742249N12230029WA0008200069004003026168220
B0018543742245N12230028WA0008300069004003026165225
B0018553742241N12230027WA0008300070004003026166227
B0018563742237N12230026WA0008300070004003024168220
B0018573742234N12230025WA0008300070004003024167217
B0018583742229N12230024WA0008300070004003026163208
B0018593742225N12230022WA0008400071004003029159226
B0019003742222N12230020WA0008500072004003029158226
B0019013742218N12230018WA0008600073005003027159231
B0019023742215N12230017WA0008600073004003025158225
B0019033742212N12230015WA0008700073004003023159219
B0019043742209N12230013WA0008600073004003025159217
B0019053742205N12230012WA0008700073004003027159224
B0019063742201N12230010WA0008700074004003026160230
B0019073742198N12230008WA0008700074004003026160227
B0019083742194N12230007WA0008800075004003024161220
B0019093742191N12230005WA0008800076005003025161214
B0019103742187N12230004WA0008900076004003027157217
B0019113742183N12230002WA0008900076004003027157225
B0019123742179N12230000WA0009000077004003027159223
B0019133742176N12229998WA0009000077004003027161226
B0019143742172N12229997WA0009000078004003025161220
B0019153742168N12229995WA0009100079004003026159235
B0019163742165N12229993WA0009200079005003025160243
B0019173742162N12229992WA0009300080004003025167248
B0019183742159N12229992WA0009400080004003022172241
B0019193742156N12229992WA0009400081004003016178242
B0019203742154N12229992WA0009400081004003016182236
B0019213742152N12229992WA0009400081004003016185230
B0019233742149N12229992WA0009400081004003016185227
B0019243742147N12229993WA0009400081004003016184224
B0019253742145N12229993WA0009400081004003016185230
B0019263742142N12229993WA0009400081005003016181229
B0019273742139N12229993WA0009400081005003017180232
B0019283742136N12229993WA0009400081005003018181236
B0019293742133N12229993WA0009400082004003018181238
B0019303742131N12229993WA0009500082004003019182243
B0019313742128N12229993WA0009500082004003018182243
B0019323742126N12229994WA0009600083004003018183242
B0019333742124N12229994WA0009600083004003012193233
B0019343742122N12229994WA0009600083005003013196227
B0019353742120N12229995WA0009600083004003013192221
B0019363742118N12229995WA0009700084005003014179227
B0019373742116N12229995WA0009700084004003017175214
B0019383742113N12229995WA0009800085004003018175237
B0019393742110N12229994WA0009800085004003018175217
B0019403742107N12229994WA0009800086004003019175237
B0019413742104N12229994WA0009900086004003020175223
B0019423742101N12229994WA0009900087005003021176241
B0019433742098N12229993WA0010000087004003021179236
B0019443742095N12229994WA0010100088005003018178224
B0019453742093N12229993WA0010200089004003017176228
B0019463742090N12229993WA0010200089004003017177237
B0019473742087N12229993WA0010200089005003018181248
B0019483742085N12229994WA0010200089004003018194255
B0019493742083N12229995WA0010200089005003016211241
B0019503742081N12229996WA0010200090004003014208231
B0019513742079N12229997WA0010300090004003014194213
B0019523742076N12229998WA0010300090004003019183227
B0019533742074N12229998WA0010300091004003019180222
B0019543742071N12229998WA0010300092004003019184236
B0019553742068N12229998WA0010400092004003017183216
B0019563742066N12229998WA0010500093005003017176219
B0019573742063N12229997WA0010500093004003020169203
B0019583742059N12229996WA0010600093004003022166231
B0019593742056N12229995WA0010600093004003022168243
B0020003742053N12229995WA0010700093005003022175241
B0020013742050N12229995WA0010700094005003022185254
B0020023742047N12229996WA0010700094005003019204254
B0020033742045N12229998WA0010700095005003019222244
B0020043742043N12230001WA0010900096005003018228233
B0020053742041N12230003WA0011000098005003017222236
B0020063742040N12230004WA0011100099005003014222233
B0020073742039N12230006WA0011100099005003011243233
B0020083742039N12230008WA0011100099004003015254227
B0020093742038N12230011WA0011200098004003015251227
B0020103742037N12230015WA0011200099005003017254227
B0020113742037N12230017WA0011300100005003017270225
B0020123742037N12230020WA0011300100005003015281222
B0020133742038N12230023WA0011400101005003015279221
B0020143742037N12230025WA0011400101007003015265219
B0020153742037N12230028WA0011400101004003015256220
B0020163742036N12230031WA0011500102005003015255219
B0020173742036N12230033WA0011600103005003012261219
B0020183742036N12230036WA0011700104005003012269219
B0020193742036N12230038WA0011700104005003012273219
B0020203742037N12230041WA0011800104005003013287219
B0020213742038N12230044WA0011800104005003016307219
B0020223742040N12230046WA0011900106005003020326219
B0020233742043N12230048WA0012000107005003020340218
B0020243742046N12230049WA0012000108005003020349218
B0020253742049N12230049WA0012000108005003020350218
B0020263742052N12230050WA0012000108005003022345218
B0020273742055N12230051WA0012000108005003023338218
B0020283742059N12230053WA0012100108005003023332218
B0020293742062N12230055WA0012100108004003023338218
B0020303742066N12230056WA0012100109005003025349218
B0020313742070N12230057WA0012100109004003027352218
B0020323742074N12230058WA0012200110005003025347217
B0020333742078N12230059WA0012200110005003025345217
B0020343742082N12230060WA0012100109005003025350217
B0020353742086N12230061WA0012100110005003027001217
B0020363742090N12230060WA0012200110005003029012217
B0020373742095N12230058WA0012200110005003030025217
B0020383742099N12230054WA0012100109004003036036217
B0020393742104N12230049WA0012000107005003036043217
B0020403742108N12230042WA0011900106004003043056217
B0020413742112N12230034WA0011800106005003048078217
B0020423742111N12230024WA0011700105006003050092217
B0020433742110N12230015WA0011700106004003050107216
B0020443742107N12230008WA0011700105004003043124216
B0020453742103N12230004WA0011700106004003034131217
B0020463742100N12230000WA0011800106005003028134208
B0020473742096N12229997WA0011800107005003029138212
B0020483742093N12229993WA0011900107005003031142204
B0020493742089N12229990WA0011900107005003031145208
B0020503742084N12229986WA0012000108005003033147202
B0020513742080N12229983WA0012100109005003033147206
B0020523742077N12229980WA0012200110004003029145207
B0020533742073N12229977WA0012200110004003029143211
B0020543742070N12229974WA0012200110004003027147205
B0020553742066N12229972WA0012200110005003027154208
B0020563742062N12229970WA0012200110004003027158221
B0020573742059N12229968WA0012300110004003027159218
B0020583742052N12229965WA0012500114004003025162225
B0020593742049N12229964WA0012700115005003022161222
B0021003742047N12229963WA0012800115005003018162234
B0021013742045N12229962WA0012800116004003016166234
B0021023742042N12229962WA0012900116004003019173227
B0021033742039N12229962WA0013000116004003019178236
B0021043742037N12229962WA0013100118005003019180252
B0021053742036N12229962WA0013100118004003013188258
B0021063742036N12229962WA0013100118004003004229249
B0021073742036N12229964WA0013200118005003009278249
B0021083742036N12229966WA0013200118005003009287240
B0021093742037N12229967WA0013200119004003009299238
B0021103742037N12229969WA0013300120005003008316232
B0021113742038N12229970WA0013400121005003010322232
B0021123742039N12229971WA0013500121005003012315228
B0021133742041N12229973WA0013500121005003012307226
B0021143742042N12229975WA0013500121005003013295224
B0021153742042N12229977WA0013500122005003013286222
B0021163742043N12229979WA0013600122005003008284221
B0021173742043N12229980WA0013600122005003008282221
B0021183742043N12229982WA0013700122005003008282220
B0021193742043N12229983WA0013700122005003008279220
B0021203742043N12229985WA0013700122005003009270219
B0021213742043N12229987WA0013800123005003009258219
B0021223742043N12229988WA0013800123005003009247218
B0021233742042N12229990WA0013800124005003008254218
B0021243742042N12229991WA0013800124005003008269218
B0021253742042N12229993WA0013900124004003008277218
B0021263742043N12229994WA0013900124005003009279218
B0021283742043N12229996WA0013900124005003009282218
B0021293742043N12229998WA0013900125005003009291218
B0021303742044N12229999WA0013900125005003009304218
B0021313742045N12230001WA0013900125005003014322218
B0021323742047N12230002WA0013900124005003016335218
B0021333742050N12230003WA0013900124005003016342218
B0021343742053N12230004WA0013900124004003018349218
B0021353742056N12230005WA0013900124004003023353218
B0021363742059N12230005WA0013900124004003023354217
B0021373742063N12230006WA0013900125004003022349217
B0021383742065N12230007WA0013900125004003021343217
B0021393742068N12230008WA0013900125004003019341217
B0021403742071N12230009WA0014000125004003020347217
B0021413742074N12230009WA0014000125005003020350217
B0021423742077N12230010WA0014000125005003020346217
B0021433742079N12230011WA0014000125004003018338217
B0021443742082N12230012WA0014000125005003018333217
B0021453742084N12230013WA0014000125005003019340217
B0021463742087N12230014WA0014000126005003020347217
B0021473742090N12230015WA0014000126005003020352217
B0021483742093N12230016WA0014100126004003020353217
B0021493742097N12230016WA0014100126005003020352217
B0021503742100N12230017WA0014000126005003021346217
B0021513742103N12230018WA0014000125005003022337217
B0021523742106N12230020WA0013900124005003022334217
B0021533742109N12230022WA0013900124004003022334217
B0021543742112N12230023WA0013900124005003021337217
B0021553742114N12230025WA0013800123005003014338217
B0021563742115N12230025WA0013600121005003014340217
B0021573742117N12230026WA0013500120005003013324217
B0021583742119N12230028WA0013400118005003013318217
B0021593742120N12230030WA0013300117005003013315217
B0022003742122N12230031WA0013200117005003011312217
B0022013742122N12230033WA0013100116005003011305217
B0022023742123N12230034WA0013000115005003009294217
B0022033742123N12230036WA0012900113005003009281217
B0022043742124N12230038WA0012800112005003011272217
B0022053742123N12230040WA0012800112004003010270217
B0022063742123N12230042WA0012800112005003010278217
B0022073742124N12230042WA0012700112005003007291217
B0022083742124N12230043WA0012700111005003005297217
B0022093742124N12230044WA0012600111005003005271217
B0022103742124N12230046WA0012600110004003011249218
B0022113742123N12230048WA0012400109005003013227224
B0022123742121N12230050WA0012300108005003013218229
B0022133742120N12230052WA0012300108004003014221229
B0022143742118N12230054WA0012200108004003014232225
B0022153742118N12230055WA0012100107005003011231224
B0022163742116N12230057WA0012100106005003012225223
B0022173742115N12230059WA0012000105005003012217225
B0022183742113N12230061WA0011900104004003014218223
B0022193742111N12230062WA0011800103007003014219223
B0022203742109N12230064WA0011800103004003013213221
B0022213742108N12230065WA0011700103005003014205223
B0022223742106N12230066WA0011600102005003014202227
B0022233742104N12230067WA0011600101005003015201228
B0022243742102N12230068WA0011600101005003015204230
B0022253742101N12230069WA0011600101005003007236231
B0022263742101N12230070WA0011600101005003008299230
B0022273742102N12230071WA0011600100005003008326228
B0022283742104N12230072WA0011500100005003012340227
B0022293742107N12230073WA0011400099005003016349225
B0022303742110N12230073WA0011400099005003019355224
B0022313742113N12230074WA0011300099005003022000224
B0022323742117N12230073WA0011200098005003022006223
B0022333742121N12230072WA0011200097005003026013222
B0022343742126N12230070WA0011100096004003030019221
B0022353742131N12230067WA0011000096004003037024221
B0022363742136N12230063WA0011000095004003039029220
B0022373742141N12230060WA0011000095005003039034220
B0022383742146N12230055WA0010900094004003040033219
B0022393742151N12230051WA0010800093004003041026219
B0022403742157N12230049WA0010700092005003042018218
B0022413742163N12230046WA0010700093005003042017218
B0022423742169N12230044WA0010800093004003041021218
B0022433742174N12230041WA0010800094005003040023218
B0022443742179N12230038WA0010800094004003038021218
B0022453742184N12230036WA0010800094005003035018218
B0022463742189N12230034WA0010900094004003035017218
B0022473742193N12230032WA0010900095005003032018217
B0022483742195N12230032WA0010900094004003024007217
B0022493742196N12230032WA0010800094005003015298217
B0022503742196N12230034WA0010700092005003011221219
B0022513742193N12230035WA0010600091004003017191213
B0022523742191N12230035WA0010600092004003017167219
B0022533742188N12230033WA0010600092004003021155233
B0022543742185N12230032WA0010600093004003021160239
B0022553742183N12230031WA0010600092004003011186237
B0022563742182N12230032WA0010600092005003011228236
B0022573742181N12230034WA0010600092005003010258235
B0022583742181N12230036WA0010700093005003010275232
B0022593742182N12230038WA0010800094005003009289229
B0023003742182N12230039WA0010800095005003007305229
B0023013742183N12230040WA0010900095005003009318227
B0023023742184N12230041WA0010800095005003009324226
B0023033742186N12230043WA0010900095005003013330224
B0023043742189N12230044WA0010900095005003016337223
B0023053742191N12230045WA0010900096005003015342222
B0023063742195N12230047WA0011000096005003015345220
B0023073742197N12230048WA0011000096005003015337219
B0023083742199N12230049WA0011000096005003013327219
B0023093742200N12230050WA0011000096004003012312218
B0023103742201N12230052WA0011000096005003012285218
B0023113742201N12230054WA0011000095005003012259218
B0023123742201N12230057WA0011000096005003012259218
B0023133742201N12230059WA0011100097004003012273218
B0023143742201N12230061WA0011100097005003010280218
B0023153742201N12230063WA0011100097005003010266218
B0023163742200N12230064WA0011100097005003010249217
B0023173742200N12230066WA0011100096005003011244217
B0023183742199N12230068WA0011100096005003011247217
B0023193742198N12230070WA0011100096004003011251217
B0023203742198N12230072WA0011000094004003011240219
B0023213742196N12230073WA0010800092005003011212223
B0023223742194N12230074WA0010600090005003012197227
B0023233742191N12230075WA0010400088005003018193232
B0023243742188N12230076WA0010200088005003017202233
B0023253742186N12230078WA0010100088005003017212222
B0023263742185N12230079WA0010100087005003015216228
B0023273742183N12230081WA0010100087005003015202219
B0023283742181N12230081WA0010100087004003015184220
B0023293742178N12230081WA0010000087005003019172222
B0023303742175N12230080WA0010000086004003019172244
B0023313742173N12230080WA0009900085004003018181247
B0023323742171N12230080WA0009900084005003016228260
B0023343742171N12230082WA0009800082005003012300260
B0023353742173N12230084WA0009600082005003021332256
B0023363742177N12230085WA0009600082005003021353252
B0023373742182N12230085WA0009500082005003026006245
B0023383742185N12230084WA0009400082004003025014236
B0023393742189N12230083WA0009300081005003025011231
B0023403742193N12230082WA0009300080005003024358228
B0023413742197N12230083WA0009200079004003024351226
B0023423742200N12230084WA0009100078004003025347224
B0023433742204N12230085WA0009100078004003021346222
B0023443742207N12230086WA0009100078005003021344221
B0023453742209N12230087WA0009100078004003017338220
B0023463742210N12230088WA0009000077005003014326219
B0023473742211N12230089WA0008900076005003010307219
B0023483742212N12230091WA0008800075005003010291218
B0023493742212N12230092WA0008800075005003009274218
B0023503742212N12230094WA0008700074005003008248218
B0023513742211N12230095WA0008700074004003008214218
B0023523742210N12230096WA0008600073005003010201223
B0023533742208N12230096WA0008500073005003012190221
B0023543742206N12230096WA0008400072004003012178223
B0023553742204N12230096WA0008400072005003014169222
B0023563742202N12230095WA0008300071005003015167226
B0023573742199N12230094WA0008200070004003017166229
B0023583742197N12230093WA0008200069004003018164230
B0023593742194N12230092WA0008100068004003018162229
B0024003742191N12230091WA0008000068004003019161226
B0024013742188N12230090WA0008000067004003019160235
B0024023742186N12230089WA0007900067004003018156229
B0024033742183N12230087WA0007900066005003018155229
B0024043742181N12230086WA0007800065004003018155222
B0024053742178N12230084WA0007700064004003019156219
B0024063742175N12230082WA0007600063005003021154218
B0024073742172N12230080WA0007600063004003022149218
B0024083742169N12230078WA0007500062004003022148222
B0024093742166N12230076WA0007500061004003022147222
B0024103742164N12230074WA0007400060004003022148216
B0024113742161N12230072WA0007300059004003022152218
B0024123742158N12230070WA0007200058004003024152215
B0024133742154N12230068WA0007200057004003025150216
B0024143742151N12230065WA0007100057004003025150217
B0024153742148N12230063WA0007000056004003025153215
B0024163742144N12230061WA0007000055004003025154207
B0024173742141N12230059WA0006900055005003028151208
B0024183742137N12230056WA0006900054005003029148207
B0024193742133N12230053WA0006800054004003028148215
B0024203742130N12230050WA0006800054004003029152219
B0024213742126N12230048WA0006700053004003028158212
B0024223742122N12230046WA0006700053004003026166210
B0024233742118N12230046WA0006700053004003026168215
B0024243742114N12230044WA0006700053004003026161196
B0024253742111N12230042WA0006600052005003026156199
B0024263742107N12230040WA0006600052004003028154215
B0024273742102N12230037WA0006600052005003031155201
B0024283742098N12230035WA0006600052005003032151194
B0024293742094N12230031WA0006600052005003032147186
B0024303742090N12230028WA0006600052004003032147206
B0024313742086N12230025WA0006600052004003031148196
B0024323742082N12230022WA0006600052005003030145194
B0024333742079N12230018WA0006500052005003033140199
B0024343742075N12230013WA0006500051004003033137199
B0024353742070N12230009WA0006500051004003037139210
B0024363742066N12230004WA0006500051005003037142215
B0024373742062N12230000WA0006500051005003033143214
B0024383742058N12229997WA0006500051004003033145216
B0024393742054N12229994WA0006500051004003030147208
B0024403742051N12229991WA0006500051004003030150216
B0024413742047N12229988WA0006600052004003030151211
B0024423742043N12229986WA0006600052004003030149211
B0024433742039N12229982WA0006700052004003030147217
B0024443742035N12229979WA0006700053005003030145212
B0024453742031N12229976WA0006800053004003031148221
B0024463742027N12229973WA0006800054004003031151218
B0024473742023N12229971WA0006900055004003028150233
B0024483742019N12229968WA0006900055004003028149217
B0024493742016N12229966WA0007000055004003027152247
B0024503742013N12229964WA0007000056004003025158242
B0024513742010N12229963WA0007100056004003024164242
B0024523742006N12229962WA0007100056004003023166229
B0024533742003N12229961WA0007200056005003023167241
B0024543742000N12229960WA0007300056005003020169244
B0024553741998N12229960WA0007300057005003017183242
B0024563741996N12229961WA0007400057004003015193233
B0024573741994N12229962WA0007500058005003014187226
B0024583741993N12229962WA0007500059004003016175229
B0024593741990N12229961WA0007600059004003016169232
B0025003741987N12229961WA0007700060004003018170236
B0025013741984N12229960WA0007700061004003019171234
B0025023741982N12229959WA0007800061004003019165221
B0025033741979N12229958WA0007800062004003020160227
B0025043741976N12229957WA0007900063004003020162223
B0025053741972N12229956WA0008000063004003022166245
B0025063741969N12229955WA0008100064004003022174245
B0025073741967N12229955WA0008100066004003018176235
B0025083741964N12229955WA0008200067004003019171232
B0025093741961N12229954WA0008400067004003019165222
B0025103741955N12229952WA0008600068004003022172237
B0025113741952N12229952WA0008600069004003017183236
B0025123741949N12229952WA0008600069004003018178239
B0025133741946N12229952WA0008700070004003018173227
B0025143741943N12229951WA0008800072004003022172236
B0025153741940N12229951WA0009000073004003022172237
B0025163741937N12229950WA0009200075004003020170224
B0025173741934N12229950WA0009300076004003020168216
B0025183741931N12229949WA0009400078004003020169221
B0025193741928N12229948WA0009500078004003020174225
B0025203741924N12229948WA0009600079004003020178227
B0025213741921N12229948WA0009700080004003024170227
B0025223741917N12229947WA0009800082004003024162229
B0025233741914N12229945WA0009900084004003024160215
B0025243741912N12229944WA0010000085004003020162219
B0025253741909N12229943WA0010100085005003020158219
B0025263741905N12229940WA0010100085004003030152212
B0025273741901N12229938WA0010200086005003030152246
B0025283741897N12229936WA0010300087005003029155245
B0025293741894N12229934WA0010400088004003024154239
B0025303741892N12229933WA0010400088004003018151226
B0025313741890N12229932WA0010400088004003016154218
B0025323741888N12229930WA0010400087004003019159221
B0025333741885N12229929WA0010400087004003019160238
B0025343741882N12229928WA0010400087004003019160243
B0025353741880N12229927WA0010400087004003017158241
B0025363741879N12229927WA0010400088004003008159244
B0025373741878N12229926WA0010400088004003008169242
B0025383741877N12229926WA0010400087004003008179236
B0025403741876N12229926WA0010300087004003009178237
B0025413741874N12229926WA0010300087004003009178244
B0025423741873N12229926WA0010300087004003009189242
B0025433741872N12229926WA0010300087004003007203250
B0025443741872N12229927WA0010300087005003005235238
B0025453741872N12229928WA0010400087005003005265239
B0025463741872N12229930WA0010400088005003007280234
B0025473741872N12229931WA0010400089005003007284231
B0025483741873N12229932WA0010500089004003006297229
B0025493741873N12229933WA0010500089005003006302228
B0025503741874N12229935WA0010500090005003008303226
B0025513741875N12229936WA0010600090005003009305224
B0025523741876N12229937WA0010600091005003009311223
B0025533741877N12229938WA0010600091005003008320222
B0025543741878N12229939WA0010600091005003008318220
B0025553741878N12229941WA0010700091004003008302220
B0025563741879N12229942WA0010700092004003009286219
B0025573741879N12229944WA0010800092005003010274219
B0025583741879N12229946WA0010800093005003010263219
B0025593741879N12229948WA0010900093005003010253218
B0026003741878N12229949WA0010900094004003009239215
B0026013741877N12229951WA0011000095004003009219210
B0026023741876N12229951WA0011000096004003009196207
B0026033741875N12229952WA0011100096004003009185202
B0026043741873N12229952WA0011100096004003010177201
B0026053741871N12229951WA0011100096004003012171197
B0026063741868N12229951WA0011200097004003017162198
B0026073741866N12229950WA0011200097005003017152203
B0026083741864N12229948WA0011300098005003017146203
B0026093741862N12229946WA0011300098005003017141205
B0026103741860N12229944WA0011400099005003017142206
B0026113741858N12229942WA0011400099004003018145210
B0026123741855N12229940WA0011400099005003018149212
B0026133741853N12229939WA0011400099004003017150214
B0026143741852N12229937WA0011500100004003015127213
B0026153741851N12229936WA0011600101004003011106205
B0026163741851N12229934WA0011500100004003009142203
B0026173741849N12229934WA0011400098005003015174201
B0026183741846N12229933WA0011400099005003014167214
B0026193741845N12229933WA0011500099005003014147210
B0026203741844N12229932WA0011500099005003008148202
B0026213741844N12229931WA0011400099005003010181196
B0026223741842N12229931WA0011400098004003013175195
B0026233741840N12229931WA0011500099005003010151206
B0026243741839N12229930WA0011500098005003010154208
B0026253741838N12229930WA0011500098005003010177206
B0026263741836N12229929WA0011600099005003008160203
B0026273741836N12229928WA0011700101004003008114209
B0026283741835N12229927WA0011700100005003007142215
B0026293741835N12229927WA0011600100004003007192210
B0026303741833N12229927WA0011600101005003007185219
B0026313741833N12229927WA0011700102005003004161224
B0026323741832N12229927WA0011600101004003004177218
B0026333741831N12229927WA0011600101005003004208219
B0026343741830N12229928WA0011700101005003007201221
B0026353741829N12229928WA0011800103005003007201230
B0026363741829N12229927WA0011800103005003002201225
B0026373741829N12229927WA0011800102005003005259222
B0026383741829N12229929WA0011800102005003005252220
B0026393741829N12229930WA0011800103005003005252233
B0026403741829N12229930WA0011900104005003001252228
B0026413741829N12229930WA0011900103005003004283222
B0026423741829N12229931WA0011900103004003006286248
B0026433741830N12229932WA0012000104005003005344227
B0026443741831N12229932WA0012000103005003005332235
B0026453741831N12229933WA0012000103005003005289230
B0026463741830N12229934WA0012000102005003008235212
B0026473741830N12229935WA0012000103005003009218200
B0026483741828N12229936WA0012000104005003009183179
B0026493741826N12229935WA0012000104005003010162181
B0026503741823N12229934WA0012000104005003017154182
B0026513741820N12229931WA0012100104005003027147188
B0026523741816N12229928WA0012200105005003027138193
B0026533741814N12229925WA0012200105005003027133207
B0026543741811N12229921WA0012300106004003025134207
B0026553741809N12229919WA0012300107005003023142211
B0026563741806N12229917WA0012400107004003019151207
B0026573741804N12229916WA0012400107004003019166216
B0026583741802N12229916WA0012400107005003015183224
B0026593741801N12229916WA0012400108005003011205218
B0027003741800N12229917WA0012500108005003008207225
B0027013741800N12229917WA0012500109004003004191223
B0027023741799N12229917WA0012500109004003004191231
B0027033741799N12229917WA0012400108004003003191232
B0027043741799N12229918WA0012400107005003003191247
B0027053741799N12229918WA0012300108005003003319251
B0027063741800N12229919WA0012300107005003012350258
B0027073741803N12229919WA0012300107005003021356244
B0027083741807N12229919WA0012200107005003021357236
B0027093741811N12229919WA0012300107004003027359236
B0027103741816N12229919WA0012300107005003030358229
B0027113741820N12229920WA0012400109004003028356225
B0027123741824N12229920WA0012600110004003028355222
B0027133741826N12229920WA0012700111005003021002226
B0027143741827N12229920WA0012700111004003013348230
B0027153741830N12229923WA0012600110005003018317234
B0027163741833N12229926WA0012500110005003019329224
B0027173741835N12229927WA0012600112005003018337228
B0027183741837N12229928WA0012700112004003017331224
B0027193741839N12229930WA0012700112005003013307228
B0027203741839N12229932WA0012700112005003011296229
B0027213741840N12229933WA0012800113005003011278229
B0027223741840N12229935WA0012800113005003008261227
B0027233741839N12229936WA0012900114005003007257235
B0027243741839N12229936WA0013000115005003006257229
B0027253741840N12229936WA0013100115005003003257238
B0027263741840N12229936WA0013100114005003005273227
B0027273741840N12229938WA0013100113005003005252222
B0027283741840N12229939WA0013100114005003005213237
B0027293741839N12229939WA0013200114005003005213228
B0027303741839N12229939WA0013200113004003005237234
B0027313741838N12229941WA0013100113005003011250227
B0027323741838N12229943WA0013100114004003010247209
B0027333741838N12229944WA0013200115005003010247231
B0027343741837N12229944WA0013200115005003003247229
B0027353741837N12229945WA0013100114005003014258226
B0027363741837N12229948WA0013100115005003015257223
B0027373741837N12229950WA0013300116005003014257210
B0027383741837N12229950WA0013300116005003004257210
B0027393741836N12229949WA0013300115005003003257222
B0027403741835N12229950WA0013300114005003010238228
B0027413741835N12229952WA0013300115005003010250253
B0027423741834N12229953WA0013400116005003008250239
B0027433741835N12229953WA0013400116005003003250238
B0027443741835N12229954WA0013300116005003003278228
B0027463741835N12229956WA0013200116005003013264230
B0027473741835N12229958WA0013200117005003013275250
B0027483741836N12229958WA0013300119005003007317238
B0027493741836N12229958WA0013200117005003005336233
B0027503741837N12229959WA0013100116005003010280228
B0027513741837N12229962WA0013000114005003015266227
B0027523741837N12229964WA0013000115004003010263199
B0027533741837N12229964WA0013000116005003006263210
B0027543741837N12229965WA0013000114005003005275230
B0027553741836N12229967WA0012900112005003013253215
B0027563741836N12229970WA0012800113005003013252250
B0027573741835N12229971WA0012900114005003013252256
B0027583741836N12229970WA0012900113007003006009240
B0027593741837N12229970WA0012900112005003006305228
B0028003741837N12229973WA0012700109004003013276221
B0028013741837N12229976WA0012600110005003013264226
B0028023741837N12229976WA0012600111005003010275239
B0028033741837N12229977WA0012600110005003005303232
B0028043741838N12229978WA0012400108005003005279229
B0028053741838N12229980WA0012300108005003015269223
B0028063741838N12229983WA0012300109005003015275243
B0028073741838N12229983WA0012300110007003006321250
B0028083741839N12229984WA0012200109005003006308231
B0028093741839N12229986WA0012100107005003007283231
B0028103741839N12229988WA0012000106005003013264204
B0028113741839N12229990WA0012000105005003013219188
B0028123741836N12229990WA0012000105005003013171182
B0028133741834N12229989WA0012000105005003016152182
B0028143741829N12229985WA0011900104005003029141179
B0028153741826N12229980WA0011900105005003036132189
B0028163741822N12229975WA0011900106005003036126200
B0028173741819N12229970WA0012000106005003035126204
B0028183741816N12229965WA0012000106005003032135210
B0028193741813N12229962WA0012000106005003027144211
B0028203741810N12229960WA0012000105005003026147211
B0028213741806N12229957WA0012000106004003028147212
B0028223741803N12229954WA0012100106005003028146215
B0028233741800N12229952WA0012200108005003028149222
B0028243741798N12229951WA0012300109005003022173231
B0028253741798N12229952WA0012200107005003013309236
B0028263741802N12229954WA0012100104005003031338236
B0028273741808N12229956WA0012100105005003031005241
B0028283741815N12229954WA0012100106005003042021227
B0028293741821N12229951WA0012200107004003042027221
B0028303741824N12229949WA0012200103005003018354218
B0028313741826N12229949WA0011900101005003019291220
B0028323741826N12229954WA0011700104005003019261213
B0028333741825N12229958WA0011800107005003019256222
B0028343741824N12229960WA0012000106005003016256226
B0028353741824N12229960WA0012100105005003003256201
B0028363741824N12229959WA0012100105004003004126197
B0028373741823N12229958WA0012100104005003004175195
B0028383741819N12229958WA0012000103004003012174199
B0028393741816N12229957WA0012000104005003020164204
B0028403741813N12229956WA0012100106004003021152209
B0028413741810N12229954WA0012200107004003021147210
B0028423741808N12229952WA0012200107005003019151208
B0028433741806N12229951WA0012300107005003016159213
B0028443741804N12229950WA0012300107004003013165208
B0028453741803N12229950WA0012200107005003011175209
B0028463741801N12229950WA0012200106004003012181202
B0028473741799N12229950WA0012200106004003012177210
B0028483741797N12229950WA0012300107005003012163207
B0028493741796N12229949WA0012300108005003010150210
B0028503741795N12229948WA0012200107005003009150202
B0028513741793N12229947WA0012200106004003012162199
B0028523741791N12229947WA0012100105004003012168193
B0028533741789N12229946WA0012100105005003014168199
B0028543741787N12229946WA0012100106004003014168207
B0028553741785N12229945WA0012100106005003011168206
B0028563741784N12229945WA0012200107005003011161206
B0028573741782N12229944WA0012200107005003011154191
B0028583741781N12229943WA0012200107005003011148182
B0028593741779N12229941WA0012200106005003014144182
B0029003741776N12229939WA0012100106005003021141195
B0029013741774N12229936WA0012100106005003021143202
B0029023741771N12229934WA0012100106005003020149204
B0029033741769N12229933WA0012100106005003017150210
B0029043741768N12229932WA0012000106005003014148197
B0029053741766N12229931WA0012000105004003012146196
B0029063741765N12229929WA0011900104004003015144184
B0029073741763N12229927WA0011900104004003015138186
B0029083741760N12229924WA0011800103005003019129180
B0029093741758N12229920WA0011700102005003024122181
B0029103741755N12229914WA0011600102005003037112186
B0029113741754N12229907WA0011600101005003041107197
B0029123741752N12229899WA0011600101005003041107205
B0029133741748N12229887WA0011600101005003034117210
B0029143741746N12229884WA0011600101005003022126210
B0029153741744N12229881WA0011500100005003023132202
B0029163741742N12229877WA0011500100004003023136202
B0029173741739N12229874WA0011500100004003025138203
B0029183741736N12229871WA0011400100004003025138198
B0029193741734N12229869WA0011500101005003019132198
B0029203741732N12229866WA0011500101004003019128196
B0029213741731N12229864WA0011500101004003018135199
B0029223741728N12229862WA0011500100004003018145200
B0029233741726N12229860WA0011600101004003018150196
B0029243741724N12229858WA0011700102004003014145195
B0029253741723N12229857WA0011800104004003014135198
B0029263741721N12229855WA0012000106004003014134210
B0029273741720N12229854WA0012100107004003013143217
B0029283741719N12229853WA0012300108004003010157231
B0029293741718N12229853WA0012500110004003004178254
B0029303741717N12229853WA0012600111004003004178257
B0029313741718N12229854WA0012800113004003004322257
B0029323741721N12229855WA0013000115004003012341254
B0029333741723N12229856WA0013200117004003015354241
B0029343741725N12229856WA0013300119004003014353228
B0029353741728N12229857WA0013400119004003015348229
B0029363741730N12229858WA0013400120004003015340228
B0029373741733N12229859WA0013500120004003017341227
B0029383741736N12229860WA0013600121004003019344225
B0029393741739N12229861WA0013600122004003020350223
B0029403741741N12229861WA0013700122004003020351221
B0029413741744N12229862WA0013700122004003018350221
B0029423741746N12229863WA0013700121004003016346219
B0029433741748N12229863WA0013700121004003015344220
B0029443741750N12229864WA0013700121004003011342220
B0029453741751N12229865WA0013600121004003011334217
B0029463741752N12229865WA0013700121004003009325229
B0029473741753N12229866WA0013700122004003007329230
B0029483741753N12229866WA0013800123004003006352232
B0029493741754N12229866WA0013800123004003004023228
B0029503741754N12229866WA0013700122004003004023231
B0029523741754N12229866WA0013700122004003002023222
B0029533741754N12229866WA0013600121004003002259234
B0029543741754N12229868WA0013600121004003006251227
B0029553741754N12229868WA0013600121004003006240231
B0029563741753N12229869WA0013700121004003006232224
B0029573741753N12229870WA0013700122004003004232229
B0029583741752N12229870WA0013700122004003004209206
B0029593741752N12229870WA0013700122004003005186212
B0030003741750N12229870WA0013700121004003010167212
B0030013741749N12229869WA0013700121004003010169203
B0030023741747N12229869WA0013700121004003011175210
B0030033741745N12229869WA0013700122004003011173195
B0030043741743N12229868WA0013700122004003014165194
B0030053741741N12229868WA0013700122004003017161197
B0030063741738N12229867WA0013700121004003017165205
B0030073741736N12229865WA0013700122004003019163212
B0030083741733N12229864WA0013800122004003020162206
B0030093741730N12229863WA0013900124004003019161217
B0030103741727N12229862WA0014000125004003019158195
B0030113741726N12229861WA0014100127004003015156187
B0030123741724N12229860WA0014200127004003015156193
B0030133741721N12229859WA0014300128004003016161191
B0030143741718N12229858WA0014400128004003023162197
B0030153741714N12229856WA0014500130004003024159191
B0030163741711N12229854WA0014700132004003023153199
B0030173741708N12229852WA0014900134004003022150190
B0030183741706N12229850WA0015100136004003022150193
B0030193741702N12229848WA0015200137004003027150194
B0030203741699N12229845WA0015300137004003030148206
B0030213741695N12229842WA0015500139004003030147209
B0030223741691N12229839WA0015700141004003030150217
B0030233741689N12229838WA0015800143004003025149217
B0030243741686N12229836WA0015900143004003018148209
B0030253741684N12229834WA0016000143004003019152211
B0030263741681N12229832WA0016000143004003019160218
B0030273741678N12229831WA0016100144004003019171235
B0030283741676N12229831WA0016100145004003018192244
B0030293741675N12229832WA0016200146004003007217233
B0030303741674N12229833WA0016300146004003008213223
B0030313741673N12229834WA0016400146004003008196227
B0030323741672N12229835WA0016400147004003009199235
B0030333741670N12229835WA0016500147004003009237249
B0030343741670N12229837WA0016600149004003008276244
B0030353741671N12229838WA0016700150004003008296243
B0030363741671N12229839WA0016800152004003007306235
B0030373741672N12229840WA0016900153004003007318232
B0030383741673N12229841WA0016900153004003008313228
B0030393741674N12229843WA0016900152004003011298228
B0030403741674N12229845WA0016900151004003011278229
B0030413741674N12229846WA0016900151004003010276235
B0030423741675N12229848WA0016800152004003010302238
B0030433741676N12229850WA0016800151004003010319233
B0030443741678N12229852WA0016800151004003019324227
B0030453741681N12229854WA0016700151004003019317225
B0030463741682N12229856WA0016700151004003017306224
B0030473741683N12229858WA0016700151004003011315226
B0030483741684N12229859WA0016700151004003011334225
B0030493741687N12229860WA0016600149004003022343220
B0030503741691N12229862WA0016400147004003022337219
B0030513741692N12229864WA0016200145004003021311220
B0030523741693N12229865WA0016000145004003014297231
B0030533741694N12229868WA0015900144004003014310239
B0030543741696N12229870WA0015800144004003022336226
B0030553741700N12229871WA0015700143004003026351221
B0030563741704N12229871WA0015700142004003022341226
B0030573741705N12229872WA0015600142004003013300236
B0030583741705N12229873WA0015500141004003007296235
B0030593741706N12229874WA0015500141004003013327238
B0031003741709N12229876WA0015500141004003020341230
B0031013741712N12229877WA0015500141004003020347225
B0031023741714N12229877WA0015500140004003020342222
B0031033741716N12229878WA0015400140004003017331222
B0031043741718N12229880WA0015400139004003013322222
B0031053741719N12229881WA0015300139004003014330221
B0031063741722N12229883WA0015300140005003014340220
B0031073741724N12229883WA0015300140004003014340219
B0031083741725N12229885WA0015300139004003014332220
B0031093741727N12229886WA0015300139004003012329219
B0031103741729N12229887WA0015300139004003012335219
B0031113741732N12229889WA0015200138004003012326218
B0031123741734N12229891WA0015100136004003013315218
B0031133741735N12229893WA0015100135004003016302219
B0031143741736N12229895WA0015000136004003016302222
B0031153741738N12229897WA0015100137004003014316226
B0031163741739N12229898WA0015100137004003012328233
B0031173741741N12229900WA0015100136004003012328222
B0031183741743N12229901WA0015000136004003015319225
B0031193741744N12229903WA0015000135004003016311220
B0031203741746N12229906WA0015000135004003016309228
B0031213741747N12229908WA0015000135004003016314231
B0031223741749N12229910WA0015000135004003014319234
B0031233741750N12229912WA0014900135004003016322237
B0031243741753N12229914WA0014900134004003018320238
B0031253741755N12229916WA0014800133004003018320235
B0031263741757N12229918WA0014800133004003019319226
B0031273741759N12229920WA0014900134004003019319226
B0031283741761N12229922WA0014900134004003015319242
B0031293741763N12229924WA0014900134004003016322229
B0031303741765N12229926WA0014800134004003016323237
B0031313741767N12229928WA0014800133004003018322225
B0031323741769N12229931WA0014700133004003020320221
B0031333741771N12229933WA0014700132004003018316216
B0031343741773N12229935WA0014600132004003018314216
B0031353741775N12229937WA0014600131004003016313217
B0031363741776N12229939WA0014500130004003015305218
B0031373741777N12229942WA0014400129004003014293214
B0031383741778N12229944WA0014400128004003014284211
B0031393741778N12229947WA0014300128004003014281215
B0031403741778N12229949WA0014300127004003013283214
B0031413741779N12229951WA0014200127004003012281226
B0031423741779N12229953WA0014100126004003012277224
B0031433741779N12229956WA0014100125004003013277236
B0031443741779N12229958WA0014000125004003014279233
B0031453741780N12229961WA0014000124004003014283226
B0031463741780N12229963WA0014000124004003014285225
B0031473741781N12229966WA0013900124004003014281218
B0031483741781N12229968WA0013900124004003012277228
B0031493741781N12229970WA0013900124004003012275225
B0031503741782N12229972WA0013900123004003012276233
B0031513741782N12229975WA0013800122004003012276230
B0031523741782N12229977WA0013700122004003013277229
B0031533741782N12229980WA0013700121004003014275223
B0031543741782N12229982WA0013600121004003014272222
B0031553741782N12229985WA0013600120004003013272224
B0031573741783N12229987WA0013500120004003013267226
B0031583741782N12229990WA0013500119004003014263225
B0031593741782N12229992WA0013400119004003014263219
B0032003741782N12229994WA0013400119004003013264217
B0032013741782N12229997WA0013300118004003012264223
B0032023741782N12229999WA0013300118004003012263217
B0032033741781N12230001WA0013300118004003010258224
B0032043741781N12230003WA0013200117004003010258226
B0032053741781N12230004WA0013200117004003010264238
B0032063741781N12230006WA0013100116004003010274229
B0032073741781N12230009WA0013000115004003011277225
B0032083741781N12230010WA0012900114004003010269222
B0032093741781N12230012WA0012800113004003010264225
B0032103741781N12230014WA0012700112004003010271233
B0032113741781N12230016WA0012600112004003011280222
B0032123741782N12230018WA0012600111004003010286216
B0032133741782N12230019WA0012500111004003010281203
B0032143741781N12230019WA0012500111004003006281179
B0032153741781N12230018WA0012400110004003006155184
B0032163741778N12230017WA0012200108004003011158178
B0032173741775N12230015WA0012000106004003023151182
B0032183741773N12230012WA0011900106004003026137180
B0032193741770N12230008WA0011800105004003026124179
B0032203741768N12230002WA0011700103004003030113181
B0032213741766N12229994WA0011600101004003037103182
B0032223741765N12229986WA0011400100004003049092185
B0032233741766N12229976WA0011300099004003050080239
B0032243741769N12229967WA0011200098004003049066233
B0032253741773N12229960WA0011100097004003049053229
B0032263741778N12229953WA0011000096004003048044228
B0032273741783N12229947WA0010900095004003047041226
B0032283741788N12229941WA0010900095004003047043225
B0032293741793N12229935WA0010900094004003047045223
B0032303741798N12229929WA0010800093004003047043222
B0032313741804N12229923WA0010700092004003049040221
B0032323741809N12229917WA0010700092004003047038220
B0032333741814N12229912WA0010700093004003047038219
B0032343741819N12229907WA0010800094004003044036219
B0032353741824N12229903WA0010900094004003040033219
B0032363741829N12229899WA0010900095004003038029218
B0032373741833N12229897WA0010900095004003033021218
B0032383741837N12229896WA0010900094004003033006219
B0032393741841N12229896WA0010900095004003027341219
B0032403741843N12229898WA0011000095004003019324218
B0032413741843N12229899WA0011000096004003014302215
B0032423741844N12229900WA0011100097004003004299219
B0032433741844N12229900WA0011100097004003000299211
B0032443741843N12229900WA0011100096004003001299218
B0032453741843N12229900WA0011000095004003001299221
B0032463741843N12229901WA0011000095004003002233218
B0032473741842N12229902WA0010900095004003006224209
B0032483741841N12229903WA0010900095004003008212212
B0032493741840N12229903WA0010900095004003008208216
B0032503741839N12229904WA0011000095004003009207209
B0032513741838N12229905WA0011000096004003009207213
B0032523741837N12229905WA0011100096004003006203207
B0032533741836N12229906WA0011100097004003006188204
B0032543741836N12229905WA0011100097004003005173202
B0032553741835N12229905WA0011100097004003005178199
B0032563741834N12229906WA0011100096004003005187205
B0032573741833N12229906WA0011100097004003008182205
B0032583741831N12229906WA0011100097004003008169208
B0032593741830N12229905WA0011200098004003008157213
B0033003741830N12229905WA0011200098004003007154216
B0033013741829N12229905WA0011200098005003006174219
B0033023741828N12229905WA0011200098005003005210226
B0033033741828N12229905WA0011200098006003005214222
B0033043741827N12229906WA0011200098004003004214219
B0033053741827N12229906WA0011300099004003003214215
B0033063741827N12229906WA0011300099004003002214216
B0033073741827N12229906WA0011300099004003002214211
B0033083741827N12229907WA0011300099005003003214211
B0033093741826N12229907WA0011300098004003004176221
B0033103741825N12229907WA0011300098004003004176223
B0033113741825N12229907WA0011300098004003002176221
B0033123741825N12229907WA0011300098004003002176218
B0033133741825N12229908WA0011300098004003002176221
B0033143741825N12229908WA0011300098004003002176213
B0033153741824N12229908WA0011300098004003002231204
B0033163741824N12229909WA0011200097004003009210187
B0033173741822N12229910WA0011200097004003013186179
B0033183741819N12229909WA0011200098004003013163176
B0033193741816N12229907WA0011300098004003019149183
B0033203741813N12229904WA0011300098004003024140193
B0033213741810N12229901WA0011400098004003028136198
B0033223741807N12229898WA0011400098004003028137205
B0033233741804N12229894WA0011400098004003027141208
B0033243741801N12229892WA0011400098004003025143209
B0033253741799N12229889WA0011400098004003023142209
B0033263741796N12229887WA0011400099004003021139212
B0033273741794N12229884WA0011500099004003021140212
B0033283741792N12229882WA0011500099004003018148214
B0033293741790N12229882WA0011500099004003014165224
B0033303741789N12229881WA0011500099004003010165225
B0033313741790N12229882WA0011500099004003005310237
B0033323741792N12229883WA0011500099004003014341241
B0033333741794N12229884WA0011500099004003014354231
B0033343741798N12229884WA0011500100004003021002228
B0033353741801N12229884WA0011600100004003021004222
B0033363741805N12229884WA0011600100004003020001226
B0033373741807N12229884WA0011600100004003020355209
B0033383741809N12229884WA0011600100004003017344197
B0033393741811N12229885WA0011600100004003012311194
B0033403741811N12229886WA0011600100004003007270200
B0033413741810N12229888WA0011600101004003008238204
B0033423741809N12229889WA0011600102004003008212194
B0033433741808N12229889WA0011700102004003008179192
B0033443741806N12229888WA0011700102005003008166196
B0033453741804N12229888WA0011700102004003014165202
B0033463741801N12229887WA0011700102004003018170212
B0033473741799N12229887WA0011800102004003018172201
B0033483741797N12229886WA0011800104004003015160208
B0033493741794N12229884WA0011900104004003015147205
B0033503741792N12229881WA0011900103004003018144210
B0033513741788N12229879WA0011900103004003027147212
B0033523741785N12229876WA0011900104004003027150213
B0033533741781N12229874WA0012000105004003027148214
B0033543741779N12229872WA0012100106004003024143214
B0033553741776N12229869WA0012000106004003021144215
B0033563741774N12229868WA0012000105004003020153215
B0033573741771N12229866WA0012000104004003022163215
B0033583741767N12229865WA0012000105004003021161216
B0033593741765N12229864WA0012200106004003021153216
B0034003741763N12229862WA0012200107004003017145217
B0034013741761N12229861WA0012200107004003013140217
B0034033741759N12229860WA0012200106004003014157217
B0034043741757N12229859WA0012100106004003014176217
B0034053741754N12229859WA0012000106004003019178217
B0034063741751N12229859WA0012000106004003019164217
B0034073741748N12229857WA0012100107004003019153217
B0034083741746N12229856WA0012100106004003019156217
B0034093741744N12229855WA0012000106004003018171217
B0034103741741N12229854WA0011900105004003018185217
B0034113741738N12229855WA0011900105004003019187217
B0034123741735N12229856WA0012000106004003018187217
B0034133741733N12229856WA0012000106004003018186214
B0034143741730N12229856WA0012000106004003016196218
B0034153741729N12229857WA0012000105004003013220218
B0034163741727N12229860WA0011900104004003016228206
B0034173741725N12229862WA0011900103004003016221210
B0034183741723N12229865WA0011900104004003020218213
B0034193741720N12229867WA0012000105004003020215211
B0034203741718N12229869WA0012100106004003017216212
B0034213741717N12229871WA0012100107005003017214209
B0034223741715N12229872WA0012200107004003016208204
B0034233741713N12229873WA0012200106004003016207211
B0034243741710N12229875WA0012200106005003017211216
B0034253741708N12229877WA0012200106005003020208204
B0034263741705N12229879WA0012200107005003021198195
B0034273741702N12229879WA0012200107005003021190203
B0034283741699N12229880WA0012200107004003021190209
B0034293741696N12229881WA0012200107004003021198215
B0034303741693N12229883WA0012200106004003020204210
B0034313741690N12229884WA0012200106004003021201200
B0034323741687N12229885WA0012200106004003021196199
B0034333741684N12229886WA0012200106004003022193204
B0034343741680N12229887WA0012200107004003022194207
B0034353741677N12229889WA0012200107005003021199205
B0034363741674N12229890WA0012300107004003021199202
B0034373741671N12229891WA0012300107004003021192192
B0034383741668N12229892WA0012200106004003022187195
B0034393741664N12229892WA0012200106004003024187205
B0034403741661N12229893WA0012200106004003023194205
B0034413741657N12229895WA0012200105004003023202204
B0034423741654N12229896WA0012100105004003023202191
B0034433741651N12229898WA0012100105004003023197195
B0034443741647N12229899WA0012100105004003024193193
B0034453741644N12229900WA0012100105004003024192192
B0034463741640N12229901WA0012100104004003024192194
B0034473741637N12229902WA0012000104004003024192192
B0034483741633N12229903WA0012000104004003024191190
B0034493741630N12229903WA0012000104004003024189192
B0034503741627N12229904WA0012000104004003022188193
B0034513741623N12229905WA0011900103004003022188189
B0034523741620N12229905WA0011800102004003022188189
B0034533741616N12229906WA0011800101004003024188188
B0034543741613N12229907WA0011700101004003024188195
B0034553741610N12229907WA0011700101004003021185184
B0034563741606N12229907WA0011600101004003022180192
B0034573741603N12229907WA0011600100004003022176197
B0034583741599N12229907WA0011500099004003023177204
B0034593741595N12229907WA0011500098004003025178204
B0035003741592N12229907WA0011400098004003024182202
B0035013741588N12229907WA0011300098004003024185200
B0035023741584N12229908WA0011300097004003024185199
B0035033741581N12229908WA0011200096004003024186199
B0035043741577N12229909WA0011200096004003025190200
B0035053741573N12229910WA0011200096004003025194206
B0035063741570N12229911WA0011200095004003025193199
B0035073741566N12229912WA0011100095004003023191195
B0035083741563N12229913WA0011100094004003023189194
B0035093741559N12229913WA0011000094004003023190193
B0035103741551N12229916WA0011000093004003028191194
B0035113741547N12229916WA0011000094004003028184189
B0035123741543N12229916WA0011100095004003028178198
B0035133741540N12229916WA0011100096004003026174199
B0035143741536N12229916WA0011100095004003024174203
B0035153741532N12229915WA0011000094004003026175204
B0035163741528N12229915WA0010900093004003026175206
B0035173741524N12229914WA0010900092004003029174208
B0035183741519N12229914WA0010800092004003030172210
B0035193741515N12229913WA0010800092004003029169211
B0035203741511N12229911WA0010800093004003029167213
B0035213741507N12229910WA0010800092004003027168214
B0035223741503N12229909WA0010800092004003027171214
B0035233741499N12229909WA0010700091004003027172215
B0035243741495N12229908WA0010700091004003029172215
B0035253741490N12229907WA0010700091004003029170216
B0035263741486N12229906WA0010700091004003028169216
B0035273741482N12229905WA0010700091004003028171216
B0035283741478N12229905WA0010700092004003027173216
B0035293741474N12229904WA0010800092004003028174217
B0035303741470N12229904WA0010800093004003028173217
B0035313741467N12229903WA0010900094004003026174217
B0035323741463N12229903WA0010900094004003023177213
B0035333741460N12229903WA0010900093004003021178208
B0035343741457N12229903WA0010900093004003024179210
B0035353741453N12229903WA0010900092004003026179209
B0035363741449N12229903WA0010900093004003024180206
B0035373741445N12229903WA0010900093004003024178204
B0035383741442N12229903WA0010900094004003022174204
B0035393741439N12229902WA0010900094004003022171205
B0035403741435N12229901WA0010900093004003024172208
B0035413741432N12229901WA0010900092004003024175211
B0035423741428N12229901WA0010900092004003025177210
B0035433741425N12229900WA0010800092004003025175207
B0035443741421N12229900WA0010800092004003023174207
B0035453741418N12229900WA0010800092004003023177208
B0035463741414N12229900WA0010700092004003023180210
B0035473741411N12229900WA0010700092004003023182211
B0035483741408N12229900WA0010700092004003023179204
B0035493741404N12229899WA0010700092004003022174204
B0035503741401N12229899WA0010700093004003022173211
B0035513741398N12229899WA0010800093004003021176202
B0035523741395N12229899WA0010800093004003021182204
B0035533741392N12229899WA0010800093004003021184204
B0035543741388N12229899WA0010800093004003024182205
B0035553741384N12229900WA0010800093004003024182208
B0035563741381N12229900WA0010800093004003023181207
B0035573741378N12229900WA0010800093004003021178208
B0035583741375N12229899WA0010800092004003021176210
B0035593741371N12229899WA0010700091004003027174211
B0036003741367N12229899WA0010700091004003028173214
B0036013741363N12229898WA0010700092004003027172214
B0036023741359N12229897WA0010800093004003026167215
B0036033741356N12229896WA0010800093004003024167215
B0036043741352N12229895WA0010700092004003024172215
B0036053741349N12229895WA0010700091004003025176216
B0036063741345N12229894WA0010600090004003025175216
B0036073741341N12229894WA0010600090004003025172216
B0036093741338N12229893WA0010500090004003024169216
B0036103741334N12229892WA0010500089004003024169217
B0036113741331N12229891WA0010400088004003024170217
B0036123741327N12229891WA0010300087004003024170217
B0036133741323N12229890WA0010200086004003028168217
B0036143741318N12229888WA0010200086004003029162217
B0036153741315N12229886WA0010100086004003028160217
B0036163741311N12229885WA0010100085004003028161217
B0036173741307N12229883WA0010000084004003025161217
B0036183741304N12229882WA0009900083004003026160217
B0036193741300N12229880WA0009700081004003027160217
B0036203741296N12229878WA0009600081004003026166217
B0036213741292N12229878WA0009500080004003026176214
B0036223741289N12229878WA0009400080004003024183210
B0036233741286N12229878WA0009400079004003019184205
B0036243741284N12229878WA0009300079004003019183204
B0036253741281N12229879WA0009300078004003018190206
B0036263741278N12229880WA0009200077004003018203209
B0036273741276N12229882WA0009100077004003019208199
B0036283741273N12229883WA0009000076004003021190181
B0036293741269N12229882WA0008900075004003025162191
B0036303741265N12229879WA0008900075004003025142197
B0036313741262N12229875WA0008800075004003030133200
B0036323741259N12229871WA0008800075004003030134206
B0036333741256N12229867WA0008800074004003028138207
B0036343741252N12229864WA0008700073004003030141210
B0036353741249N12229860WA0008600072004003029143212
B0036363741245N12229857WA0008600072004003029146213
B0036373741242N12229854WA0008600072004003028149213
B0036383741239N12229852WA0008600072004003026150214
B0036393741235N12229849WA0008600072004003026148214
B0036403741232N12229847WA0008500072004003026147215
B0036413741229N12229844WA0008500072004003026148215
B0036423741225N12229841WA0008500071004003026150216
B0036433741222N12229839WA0008500071004003026151216
B0036443741218N12229837WA0008500071004003027151216
B0036453741215N12229834WA0008500071004003027151217
B0036463741211N12229832WA0008500071004003027152217
B0036473741208N12229830WA0008500071004003026154217
B0036483741204N12229828WA0008500070004003025155217
B0036493741201N12229826WA0008500070004003025157217
B0036503741197N12229824WA0008500070004003025158215
B0036513741194N12229823WA0008500070004003025159215
B0036523741190N12229821WA0008500070004003025162210
B0036533741187N12229820WA0008500070004003025165208
B0036543741183N12229819WA0008600070004003025166205
B0036553741179N12229818WA0008600070004003025169205
B0036563741175N12229817WA0008600070005003025175214
B0036573741172N12229817WA0008700070004003025186216
B0036583741169N12229818WA0008600071004003022191208
B0036593741166N12229819WA0008600071004003022189214
B0037003741162N12229819WA0008700072004003021184226
B0037013741159N12229820WA0008700072004003021186201
B0037023741156N12229820WA0008700072004003020196209
B0037033741153N12229822WA0008700072004003021196197
B0037043741150N12229822WA0008700072004003023187188
B0037053741146N12229823WA0008700071004003023180200
B0037063741143N12229823WA0008700071004003025181205
B0037073741139N12229823WA0008700072004003025183198
B0037083741136N12229823WA0008800073004003022178191
B0037093741132N12229822WA0008800073004003022167199
B0037103741129N12229821WA0008800073004003022162199
B0037113741125N12229820WA0008700072004003024169206
B0037123741121N12229819WA0008700072004003026176203
B0037133741117N12229819WA0008700072004003028173194
B0037143741109N12229816WA0008700072004003028154205
B0037153741106N12229814WA0008600072004003026156208
B0037163741102N12229812WA0008600071004003026167205
B0037173741098N12229811WA0008500070004003028173199
B0037183741094N12229810WA0008400069004003030170203
B0037193741089N12229809WA0008400069005003030166206
B0037203741085N12229808WA0008400069004003030166210
B0037213741080N12229807WA0008400070004003030173212
B0037223741076N12229807WA0008400070004003026177205
B0037233741072N12229806WA0008400070004003026175197
B0037243741069N12229806WA0008400070004003026170200
B0037253741065N12229805WA0008400070004003027170201
B0037263741061N12229804WA0008400070004003027173202
B0037273741057N12229804WA0008400070004003026176197
B0037283741053N12229803WA0008400070004003026175193
B0037293741049N12229803WA0008500070004003026172195
B0037303741045N12229802WA0008500070005003026170200
B0037313741041N12229801WA0008500070004003026173203
B0037323741037N12229801WA0008600071004003025175206
B0037333741034N12229801WA0008600072005003025175213
B0037343741031N12229800WA0008700072004003023176210
B0037353741028N12229800WA0008700073004003021182217
B0037363741025N12229801WA0008700072004003019186213
B0037373741022N12229801WA0008700072005003020186206
B0037383741019N12229801WA0008600071004003021183206
B0037393741016N12229802WA0008600071004003021181208
B0037403741013N12229802WA0008500070005003021182193
B0037413741010N12229802WA0008500070005003021181196
B0037423741006N12229802WA0008400069004003022177190
B0037433741003N12229801WA0008400069005003023172190
B0037443741000N12229801WA0008300068004003023171198
B0037453740996N12229800WA0008300068004003023172195
B0037463740992N12229799WA0008300068004003023173199
B0037473740989N12229799WA0008200067004003024169198
B0037483740985N12229798WA0008200067004003024168201
B0037493740982N12229797WA0008200067005003024169201
B0037503740979N12229796WA0008200066004003023172198
B0037513740975N12229796WA0008100066004003023170195
B0037523740972N12229795WA0008100066005003023163194
B0037533740969N12229793WA0008100066004003023166201
B0037543740965N12229793WA0008100066004003023172195
B0037553740962N12229792WA0008100066004003024174197
B0037563740958N12229791WA0008100066004003024167193
B0037573740954N12229790WA0008100067004003025157188
B0037583740951N12229788WA0008100067004003026151204
B0037593740948N12229785WA0008100066004003025151209
B0038003740944N12229783WA0008000065005003025152190
B0038013740941N12229781WA0008000065005003025153205
B0038023740938N12229779WA0007900064004003026157199
B0038033740934N12229777WA0007800063004003026161202
B0038043740930N12229776WA0007700063004003026164197
B0038053740927N12229775WA0007600062004003026166206
B0038063740923N12229774WA0007600062005003025164200
B0038073740920N12229772WA0007600061004003023166201
B0038083740917N12229771WA0007500061005003023166200
B0038093740913N12229770WA0007400060004003023167200
B0038103740909N12229770WA0007400060004003024171203
B0038113740906N12229769WA0007400059004003024172197
B0038123740902N12229768WA0007400059004003024169197
B0038133740899N12229767WA0007400059004003024169197
B0038153740895N12229767WA0007400059004003023171194
B0038163740892N12229766WA0007400059004003023173196
B0038173740889N12229766WA0007400059004003022172197
B0038183740885N12229765WA0007400059004003022173206
B0038193740882N12229765WA0007400059004003022178199
B0038203740879N12229765WA0007400059004003022177202
B0038213740875N12229765WA0007400059004003022175196
B0038223740872N12229764WA0007400059004003022169197
B0038233740869N12229763WA0007400060004003022169202
B0038243740865N12229762WA0007400060005003022170196
B0038253740862N12229762WA0007400059004003022170202
B0038263740859N12229761WA0007400059004003023168196
B0038273740855N12229760WA0007400060005003024168205
B0038283740852N12229759WA0007500060004003024174207
B0038293740849N12229759WA0007500060005003023179207
B0038303740845N12229759WA0007500061004003021181207
B0038313740842N12229759WA0007600061004003021180205
B0038323740839N12229759WA0007600062005003019183212
B0038333740837N12229760WA0007700063004003019184207
B0038343740834N12229760WA0007700063004003019183204
B0038353740830N12229760WA0007700063004003020182210
B0038363740827N12229760WA0007700063004003021181214
B0038373740824N12229761WA0007700063004003020184211
B0038383740821N12229761WA0007700062004003020186210
B0038393740818N12229761WA0007700062005003020188216
B0038403740815N12229762WA0007700062004003021189200
B0038413740811N12229763WA0007700062004003023190203
B0038423740808N12229764WA0007800063004003022188202
B0038433740805N12229764WA0008000065004003022178206
B0038443740802N12229763WA0008000066004003021168225
B0038453740799N12229763WA0008100067004003019171210
B0038463740797N12229763WA0008100067004003017182214
B0038473740794N12229763WA0008100066004003020185211
B0038483740791N12229763WA0008000065004003024186215
B0038493740787N12229764WA0008000065004003024186214
B0038503740783N12229764WA0008100066004003024182208
B0038513740780N12229764WA0008100066004003023178207
B0038523740777N12229764WA0008100066004003022173204
B0038533740773N12229764WA0008100066004003023174203
B0038543740770N12229763WA0008100065004003023176203
B0038553740766N12229763WA0008100066004003025176195
B0038563740762N12229762WA0008200066004003026171194
B0038573740758N12229761WA0008200067004003026167203
B0038583740754N12229760WA0008300068004003026162204
B0038593740751N12229759WA0008300068004003025161202
B0039003740748N12229757WA0008400068004003024166209
B0039013740744N12229757WA0008300068004003024173204
B0039023740740N12229756WA0008400068004003027174177
B0039033740736N12229755WA0008500069004003027166186
B0039043740733N12229754WA0008500070004003026158197
B0039053740729N12229752WA0008600071004003025163208
B0039063740726N12229752WA0008700072004003022175204
B0039073740723N12229752WA0008700072004003021182193
B0039083740720N12229752WA0008800073004003022176197
B0039093740717N12229751WA0008800074004003021169206
B0039103740714N12229751WA0008900075004003020174211
B0039113740710N12229752WA0009100076004003014197205
B0039123740708N12229752WA0009100076004003015196204
B0039133740705N12229753WA0009200077004003015188203
B0039143740703N12229753WA0009300078004003016183207
B0039153740701N12229754WA0009400079004003016188207
B0039163740699N12229754WA0009500080004003014203210
B0039173740697N12229756WA0009600081004003016215206
B0039183740695N12229758WA0009700082004003016214205
B0039193740693N12229759WA0009800082004003017201195
B0039203740690N12229760WA0009900083004003017189198
B0039213740687N12229760WA0010000085004003019179193
B0039223740685N12229760WA0010200086004003019173206
B0039233740683N12229760WA0010300087004003015174201
B0039243740681N12229760WA0010300087005003011182202
B0039253740679N12229760WA0010300087004003011188202
B0039263740677N12229760WA0010300087004003018190197
B0039273740674N12229761WA0010400088004003019190203
B0039283740672N12229761WA0010500089004003018186205
B0039293740670N12229762WA0010500090004003014184200
B0039303740668N12229762WA0010600090004003014185199
B0039313740666N12229762WA0010600090004003016189199
B0039323740664N12229763WA0010600090004003017190198
B0039333740661N12229763WA0010600091004003016187203
B0039343740659N12229764WA0010700092004003015181201
B0039353740658N12229764WA0010700092004003012178197
B0039363740656N12229764WA0010600091004003014181194
B0039373740653N12229764WA0010600091004003016186195
B0039383740651N12229764WA0010600090004003016185198
B0039393740648N12229764WA0010600090004003016182200
B0039403740646N12229764WA0010500090004003016179197
B0039413740644N12229764WA0010500090004003015178196
B0039423740641N12229764WA0010500090004003016177196
B0039433740639N12229764WA0010400089004003016178193
B0039443740636N12229764WA0010300088004003018184202
B0039453740633N12229765WA0010400088004003019187182
B0039463740631N12229765WA0010400089004003016190208
B0039473740629N12229766WA0010400090004003016189183
B0039483740626N12229766WA0010400089004003016180199
B0039493740624N12229766WA0010400089004003016170192
B0039503740621N12229765WA0010400089004003019167200
B0039513740618N12229765WA0010400090005003020177205
B0039523740615N12229765WA0010500090006004020182209
B0039533740613N12229765WA0010600090006004015194200
B0039543740611N12229766WA0010600090006004012198206
B0039553740609N12229766WA0010600090006004012195193
B0039563740607N12229766WA0010500089006004016179197
B0039573740605N12229766WA0010500089006004019161192
B0039583740602N12229765WA0010500089006005019156199
B0039593740599N12229763WA0010400089006005019160203
B0040003740596N12229762WA0010400089007005019164202
B0040013740594N12229762WA0010400089004004018171198
B0040023740591N12229761WA0010300088004004018169198
B0040033740589N12229760WA0010200088004003018165202
B0040043740586N12229759WA0010200088004003019162206
B0040053740584N12229758WA0010200088004003019162210
B0040063740582N12229758WA0010300088004003013167207
B0040073740580N12229757WA0010200088004003013172202
B0040083740578N12229757WA0010200087004003013175203
B0040093740575N12229757WA0010100086004003015176201
B0040103740572N12229757WA0010100085004003018181205
B0040113740570N12229757WA0010000085004003019183201
B0040123740567N12229757WA0010000085004003019184202
B0040133740564N12229757WA0010000085004003018177194
B0040143740562N12229757WA0010000084004003016179190
B0040153740560N12229757WA0009900083005003016180194
B0040163740557N12229757WA0009800083004003020178191
B0040173740554N12229756WA0009800083004003020172196
B0040183740551N12229756WA0009800083004003020166202
B0040193740548N12229755WA0009800083004003019165203
B0040213740546N12229754WA0009800083004003018168202
B0040223740543N12229753WA0009700083004003019170205
B0040233740540N12229753WA0009700082004003019170200
B0040243740537N12229752WA0009700082004003019169202
B0040253740535N12229751WA0009800083004003018165203
B0040263740532N12229750WA0009800083004003017162204
B0040273740530N12229749WA0009700083004003018162205
B0040283740527N12229748WA0009700082004003018168201
B0040293740525N12229748WA0009700082004003018174201
B0040303740522N12229747WA0009600081004003019172197
B0040313740519N12229747WA0009600081004003019167198
B0040323740516N12229746WA0009600081004003018166196
B0040333740514N12229745WA0009600081005003018168199
B0040343740511N12229745WA0009600081005003018168197
B0040353740509N12229744WA0009600081004003018168193
B0040363740506N12229743WA0009600081004003017169195
B0040373740503N12229743WA0009500080004003017171192
B0040383740501N12229742WA0009500080005003018173190
B0040393740498N12229742WA0009500080004003019169193
B0040403740495N12229741WA0009500080005003019165189
B0040413740492N12229740WA0009400080004003018168199
B0040423740490N12229740WA0009400079004003018175192
B0040433740487N12229739WA0009400079005003017176194
B0040443740485N12229739WA0009400079004003018170194
B0040453740482N12229738WA0009400079004003018168197
B0040463740480N12229738WA0009400080005003018172202
B0040473740477N12229738WA0009500080004003017172203
B0040483740474N12229737WA0009500080005003017162206
B0040493740472N12229736WA0009500080004003020157208
B0040503740469N12229734WA0009500080004003020160212
B0040513740466N12229733WA0009500080005003019164212
B0040523740464N12229732WA0009500080004003019163213
B0040533740461N12229731WA0009500080004003019162213
B0040543740458N12229730WA0009500080004003018159215
B0040553740455N12229729WA0009500080004003018158211
B0040563740453N12229728WA0009400079004003018161212
B0040573740450N12229727WA0009300078004003019166213
B0040583740447N12229726WA0009300078005003021172210
B0040593740444N12229725WA0009300078004003020171205
B0041003740441N12229724WA0009300078004003020165202
B0041013740438N12229724WA0009300078004003019165202
B0041023740435N12229723WA0009300078004003019173202
B0041033740430N12229722WA0009300078004003019174198
B0041043740427N12229722WA0009300078004003019166194
B0041053740424N12229721WA0009300078004003018163200
B0041063740422N12229720WA0009300078004003018163202
B0041073740419N12229719WA0009300078005003018166202
B0041083740416N12229718WA0009300077004003019166204
B0041093740413N12229717WA0009200077005003020166206
B0041103740410N12229716WA0009200077004003020160208
B0041113740407N12229714WA0009200077004003021158207
B0041123740405N12229713WA0009200077004003021157205
B0041133740402N12229712WA0009200077004003016160200
B0041143740400N12229711WA0009200077004003018162202
B0041153740397N12229710WA0009100076004003018160205
B0041163740394N12229708WA0009100076004003021161208
B0041173740391N12229707WA0009100076004003021164206
B0041183740388N12229707WA0009100076004003017168204
B0041193740386N12229706WA0009100076004003019168196
B0041203740383N12229705WA0009100076004003019166196
B0041213740380N12229704WA0009100076004003021158198
B0041223740377N12229702WA0009200077004003021152202
B0041233740375N12229700WA0009200077004003019147201
B0041243740372N12229698WA0009200077004003020142202
B0041253740370N12229695WA0009200077004003020137205
B0041263740367N12229692WA0009200077004003021135208
B0041273740365N12229689WA0009200077004003024131210
B0041283740362N12229685WA0009200078004003027129213
B0041293740360N12229681WA0009300078004003027130214
B0041303740357N12229677WA0009200078004003026132214
B0041313740354N12229674WA0009200077004003026134215
B0041323740351N12229670WA0009100076005003028140215
B0041333740347N12229666WA0009200076004003030145216
B0041343740343N12229664WA0009200077004003030150216
B0041353740340N12229661WA0009300078004003028149216
B0041363740337N12229659WA0009500079004003027149216
B0041373740334N12229657WA0009600081005003024147217
B0041383740331N12229654WA0009800082004003025141217
B0041393740328N12229651WA0009900083004003027140216
B0041403740325N12229648WA0009900083004003025146214
B0041413740322N12229645WA0009900083004003025150215
B0041423740319N12229643WA0010000084004003023145215
B0041433740316N12229641WA0010100084004003022140215
B0041443740314N12229638WA0010100084004003022145213
B0041453740311N12229637WA0010000083004003022167210
B0041463740308N12229637WA0010000083004003021181202
B0041473740304N12229637WA0010000084004003021176202
B0041483740301N12229636WA0010200086004003021161212
B0041493740299N12229634WA0010300087004003021155220
B0041503740296N12229634WA0010300087004003018184223
B0041513740295N12229634WA0010300087004003013217202
B0041523740293N12229636WA0010300087004003013211196
B0041533740290N12229637WA0010300087004003019180185
B0041543740287N12229636WA0010300088004003023163192
B0041553740284N12229635WA0010400088004003020166198
B0041563740281N12229635WA0010400089004003020179203
B0041573740279N12229635WA0010400089004003016179202
B0041583740277N12229635WA0010400089004003017174209
B0041593740274N12229634WA0010400089004003018169213
B0042003740271N12229634WA0010400089004003018174218
B0042013740269N12229634WA0010400089004003018191224
B0042023740267N12229636WA0010400089004003015211218
B0042033740265N12229637WA0010400089004003014223221
B0042043740264N12229639WA0010500089004003014224210
B0042053740263N12229640WA0010500090004003011221232
B0042063740262N12229641WA0010500090004003010223230
B0042073740261N12229643WA0010500090004003010233243
B0042083740260N12229645WA0010500090004003011245232
B0042093740260N12229647WA0010600090004003012250229
B0042103740259N12229649WA0010600090004003012246223
B0042113740258N12229651WA0010600091004003013238214
B0042123740257N12229653WA0010700092004003013232213
B0042133740256N12229655WA0010800092004003009224200
B0042143740255N12229655WA0010800093004003009210207
B0042153740254N12229656WA0010800092004003009209205
B0042163740252N12229658WA0010800092004003010217215
B0042173740251N12229659WA0010800092004003011222217
B0042183740250N12229660WA0010800092004003008228220
B0042193740249N12229661WA0010800092004003008220219
B0042203740248N12229662WA0010700091004003008211222
B0042213740247N12229663WA0010600090004003009214221
B0042223740245N12229665WA0010500089004003011219214
B0042233740243N12229666WA0010400088004003014216206
B0042243740242N12229667WA0010400088004003014193176
B0042253740240N12229667WA0010400088004003014150174
B0042263740238N12229665WA0010300087004003014136173
B0042273740235N12229661WA0010200085004003027136187
B0042283740232N12229657WA0010000084004003030137196
B0042293740228N12229654WA0009900083004003030139199
B0042303740225N12229650WA0009900083004003030137199
B0042313740222N12229646WA0009800083004003029132203
B0042323740219N12229641WA0009800082004003031128205
B0042333740216N12229637WA0009700081004003031128209
B0042343740213N12229632WA0009600080004003031129210
B0042353740210N12229627WA0009500079004003031129211
B0042363740207N12229623WA0009500079004003031128213
B0042373740204N12229618WA0009400079004003031129213
B0042393740201N12229613WA0009400079004003031132215
B0042403740198N12229609WA0009300078004003031135215
B0042413740195N12229605WA0009300078004003029136216
B0042423740192N12229602WA0009300077004003029138216
B0042433740189N12229598WA0009200077004003029139216
B0042443740185N12229595WA0009100077004003028139216
B0042453740182N12229591WA0009100076004003028139217
B0042463740179N12229588WA0009000076004003028143217
B0042473740175N12229585WA0009000076004003028148217
B0042483740172N12229583WA0009000076004003028150215
B0042493740169N12229580WA0009000076004003026149212
B0042503740163N12229576WA0009000076004003020161217
B0042513740161N12229576WA0008900076004003020185227
B0042523740159N12229577WA0008900075004003015228234
B0042533740158N12229579WA0008800075004003013262227
B0042543740158N12229582WA0008800074004003011258214
B0042553740157N12229583WA0008700074004003009223203
B0042563740156N12229584WA0008700074004003013185200
B0042573740154N12229584WA0008600073004003013168200
B0042583740151N12229583WA0008500072004003017162204
B0042593740148N12229581WA0008500072004003020163212
B0043003740145N12229580WA0008500072004003020166225
B0043013740143N12229580WA0008500072004003020179231
B0043023740141N12229580WA0008500071004003015210218
B0043033740139N12229582WA0008500071004003015225234
B0043043740137N12229585WA0008600072004003016220213
B0043053740136N12229586WA0008600072004003013209246
B0043063740135N12229587WA0008500072005003013228231
B0043073740134N12229589WA0008500071004003012259241
B0043083740134N12229592WA0008400069004003012268228
B0043093740134N12229595WA0008300068004003014262226
B0043103740133N12229598WA0008200067005003016253226
B0043113740132N12229601WA0008100067004003016248230
B0043123740131N12229603WA0008100066004003016249239
B0043133740131N12229606WA0008000066004003015251236
B0043143740130N12229608WA0008000066004003013258230
B0043153740130N12229610WA0007900065004003013263233
B0043163740130N12229613WA0007800064004003015262244
B0043173740129N12229616WA0007800063004003015260245
B0043183740129N12229619WA0007700063004003015262242
B0043193740129N12229622WA0007700063004003015271242
B0043203740129N12229624WA0007600062004003012280237
B0043213740130N12229626WA0007600060004003012282237
B0043223740130N12229628WA0007400060004003012280232
B0043233740131N12229631WA0007300059004003014282230
B0043243740131N12229634WA0007200059004003014278226
B0043253740131N12229636WA0007100058004003013266234
B0043263740131N12229639WA0007000057004003014259238
B0043273740130N12229642WA0007000056005003014268240
B0043283740131N12229645WA0006900055004003016281235
B0043293740131N12229647WA0006900055004003016294231
B0043303740132N12229649WA0006800055004003013302227
B0043313740133N12229651WA0006800054004003013300231
B0043323740134N12229653WA0006700054004003013297231
B0043333740135N12229656WA0006500052004003013295239
B0043343740136N12229658WA0006400052004003014292235
B0043353740137N12229660WA0006300051004003013289232
B0043363740138N12229663WA0006200049004003013290228
B0043373740138N12229665WA0006000048004003013294227
B0043383740139N12229668WA0005900047004003015291227
B0043393740140N12229671WA0005800046004003016285226
B0043403740141N12229674WA0005800045004003016285225
B0043413740142N12229676WA0005800046004003016305224
B0043423740143N12229678WA0005900046004003015326223
B0043433740145N12229679WA0005900046004003014331221
B0043443740147N12229681WA0005800046004003014311220
B0043453740147N12229682WA0005700045004003010290219
B0043463740148N12229684WA0005600043005003011288219
B0043473740149N12229686WA0005600043004003011305219
B0043483740150N12229688WA0005600043004003014320219
B0043493740152N12229690WA0005500043004003016327219
B0043503740155N12229692WA0005500042004003017329218
B0043513740157N12229693WA0005500042004003017326218
B0043523740159N12229695WA0005400041004003017323218
B0043533740161N12229697WA0005400041004003018325218
B0043543740164N12229699WA0005400041004003018326218
B0043553740166N12229701WA0005300040004003016322218
B0043563740167N12229703WA0005300040005003016307218
B0043573740167N12229705WA0005200039005003012282218
B0043583740168N12229708WA0005100038005003012273217
B0043593740168N12229711WA0005100037004003015279217
B0044003740168N12229714WA0005100038004003012280221
B0044013740169N12229715WA0005100037004003012260224
B0044023740168N12229717WA0005000036004003011241223
B0044033740167N12229719WA0004900034004003011244229
B0044043740166N12229722WA0004800033004003015247228
B0044053740165N12229725WA0004700033004003013248214
B0044063740164N12229727WA0004700033004003013239210
B0044073740163N12229728WA0004700032004003012221203
B0044083740161N12229730WA0004600030004003012203203
B0044093740159N12229730WA0004400029004003014192212
B0044103740156N12229731WA0004400028004003017188217
B0044113740154N12229732WA0004400028004003017198219
B0044123740152N12229733WA0004300028004003017211228
B0044133740150N12229735WA0004300028004003016209224
B0044143740148N12229736WA0004300028004003015198232
B0044153740146N12229737WA0004300029004003011195232
B0044163740145N12229737WA0004400029004003011220242
B0044173740145N12229739WA0004400029004003008270259
B0044183740145N12229741WA0004300029004003008295255
B0044193740147N12229743WA0004200027004003013310264
B0044203740150N12229746WA0004100026004003028325265
B0044213740155N12229749WA0004000025004003037336256
B0044223740160N12229751WA0004000025004003037346250
B0044233740165N12229752WA0004100027004003037353236
B0044243740170N12229753WA0004200028004003035357231
B0044253740174N12229753WA0004200028004003028000233
B0044263740179N12229752WA0004100027004003032000231
B0044273740184N12229752WA0004000025004003032359229
B0044283740191N12229752WA0003900023004003037358227
B0044293740197N12229753WA0003800023004003041358225
B0044303740203N12229753WA0003800023004003039359225
B0044313740209N12229752WA0003800024004003039000223
B0044323740214N12229752WA0003800024004003038002221
B0044333740220N12229752WA0003900024004003038005221
B0044343740225N12229751WA0003900024004003037005220
B0044353740231N12229750WA0003800024004003037005219
B0044363740236N12229750WA0003800024004003037004219
B0044373740242N12229749WA0003800023004003037358219
B0044383740247N12229750WA0003700022004003038350218
B0044393740253N12229752WA0003600022004003041349218
B0044403740260N12229752WA0003600021004003041354218
B0044413740266N12229753WA0003500021004003042358218
B0044423740272N12229753WA0003500022004003040356218
B0044433740278N12229754WA0003500022004003040355218
B0044443740284N12229754WA0003500021004003040356218
B0044453740290N12229754WA0003400020004003040003218
B0044463740297N12229753WA0003400020004003045008218
B0044473740303N12229752WA0003300020004003045012218
B0044483740309N12229749WA0003300020004003043016218
B0044493740315N12229747WA0003300019004003042016217
B0044503740322N12229745WA0003200018004003042014217
B0044513740328N12229743WA0003100017004003047012217
B0044523740335N12229740WA0003000016004003047015217
B0044533740341N12229738WA0003000016005003045019217
B0044543740347N12229735WA0002900016005003043020217
B0044553740353N12229733WA0002800015005003043016217
B0044563740360N12229731WA0002800014005003044012217
B0044573740366N12229729WA0002700013005003044012217
B0044583740373N12229727WA0002600013005003044011217
B0044593740379N12229725WA0002500012005003044011217
B0045003740386N12229724WA0002400012005003044009217
B0045013740392N12229723WA0002300012005003045006217
B0045023740399N12229722WA0002200011005003045005217
B0045033740405N12229721WA0002200011005003044005217
B0045043740411N12229721WA0002200010005003041005217
B0045053740417N12229720WA0002100010005003038004217
B0045063740423N12229720WA0002100009005003039000217
B0045073740429N12229720WA0002000008005003040358217
B0045083740435N12229720WA0002000008005003040359217
B0045093740440N12229720WA0002000008004003040003217
B0045103740445N12229719WA0001900008005003037006217
B0045113740450N12229719WA0001900008005003032003217
B0045123740455N12229718WA0001900007005003032000217
B0045133740460N12229719WA0001900006005003032359217
B0045143740465N12229719WA0001800005005003032358217
B0045153740470N12229719WA0001700005005003034356217
B0045163740475N12229720WA0001700004005003034355217
B0045173740480N12229720WA0001600004005003034358217
B0045183740485N12229720WA0001600003005003032003217
B0045193740489N12229720WA0001500003005003032012217
B0045203740493N12229718WA0001500003005003031016217
B0045213740495N12229718WA0001500003005003006005217
B0045223740495N12229718WA0001400002005003007332217
B0045233740496N12229719WA0001500003005003006344217
B0045243740496N12229719WA0001500003005003004344217
B0045253740496N12229719WA0001500003005003001344217
B0045263740496N12229719WA0001500003005003001344217
B0045273740495N12229719WA0001500003005003001344217
B0045283740495N12229720WA0001500003005003001344217
B0045293740495N12229720WA0001500002005003001344217
B0045303740495N12229720WA0001500003005003001344217
B0045313740495N12229720WA0001500003005003001344217
B0045323740495N12229720WA0001500002005003001344217
B0045333740495N12229720WA0001500002005003000344217
B0045343740495N12229720WA0001500002005003000344217
B0045353740495N12229720WA0001500002005003000344217
B0045363740495N12229720WA0001500002005003000344217
B0045373740495N12229720WA0001500002005003000344217
B0045383740495N12229720WA0001500002005003000344217
B0045393740495N12229720WA0001500002005003000344217
B0045403740495N12229720WA0001500002006003000344217
B0045413740495N12229720WA0001500002005003000344217
B0045423740495N12229720WA0001500002005003000344217
B0045433740495N12229720WA0001500002005003000344217
B0045443740495N12229720WA0001500002005003000344217
B0045453740495N12229720WA0001500002005003000344217
B0045463740496N12229720WA0001500002005003000344217
B0045473740495N12229720WA0001500001005003000344217
B0045483740495N12229720WA0001500001005003000344217
B0045493740495N12229720WA0001500001005003000344217
B0045503740496N12229720WA0001500001005003000344217
B0045513740496N12229720WA0001500001005003002344217
B0045523740496N12229720WA0001500002005003002344217
B0045533740496N12229720WA0001500001005003002344217
B0045543740497N12229720WA0001500002005003002344217
B0045553740497N12229720WA0001500002005003002344217
B0045563740498N12229719WA0001500002005003003344217
B0045573740498N12229719WA0001500002005003003344217
GSKN8/lcUF/BrRf9e8tzQvhFqA6gpG7iP+ZMjwzUr7p3kXAGOXzxPSvbD25VZ0iT8
Gn1LsXZxsw+eyIwbwTdjUPXn+/sz3pDHTLWOheQmFP5PAyi8ENZbuxqE8TzzF8FGM
G4mt8smEWKMHXLO9M922JVMyXd6qRCh58D7H5Lm/7YwE=
